,rank-title,rank-sub,price,discount,selling_proposition,goods-title-link
0,#10 Best Sellers,in Other Body Care Machines,2.7,0,0,"4pcs Makeup Sponge Beauty Egg Set - Makeup Sponge For Foundation Blending With Egg Holder, Perfectly Used For Cream, Powder, Blush, Concealer, And Liquid"
1,#1 Best Sellers,in Hair Dryers,4.38,32,0,1pc Salon Tools Black Pink Universal Silicone Hair Dryer Diffuser Hood Adjustable Temperature Dispersion Resistant Drying Hair Dryer
2,#2 Best Sellers,in Electric Nose & Ear Trimmers,2.86,25,0,Portable Lithium Battery Powered Hair Trimmer & Nose Hair Trimmer
3,#7 Best Sellers,in Juicer & Food Processor,3.46,51,0,"Multifunctional Manual Food Chopper, Kitchen Vegetable Fruit Onion Garlic Nuts Herb Slicer, Hand-Powered Mixing Cutter, Green"
4,#7 Best Sellers,in Cleaning Appliance Parts,2.4,0,0,"1 Set Of 2 Portable Fan Cleaning Brushes, Household Multi-Purpose Keyboard And Gap Cleaning Small Brush - Deep Into The Gap, Easily Remove Dust."
5,#8 Best Sellers,in Electric Toothbrushes,2.6,0,0,"Smart Electric Toothbrush With 6 Modes 42000vpm & Smart Timer - Effectively Cleans Teeth & Gums, Rechargeable USB Electric Toothbrush With 4/8 Replacement Head, Electric Toothbrush For Adults, Available In 3 Colors, Great Gift Father's Day Gift"
6,#5 Best Sellers,in Electric Nose & Ear Trimmers,2.1,46,0,1pc 12.7cm Aluminum Metal Electric Battery Type Eyebrow Shaver Nose Hair Trimmer
7,Unranked(New),General Application,35.0,0,0,"Professional Curler, Electrically Heated Automatic Curler, Negative Ion Electric Clip Curler, Portable Heated Hair Styling Tool For Home Use, Salon, Hair Salon, Mother's Day Gift"
8,#9 Best Sellers,in Specialty Kitchen Appliances,4.4,0,0,"1pc Mini Bag Sealer, Rechargeable Portable Sealing Machine, Handheld Plastic Vacuum Sealer For Kitchen Packaging"
9,Unranked(New),General Application,2.95,16,100.0,"New Mini Nail Lamp Portable Led Uv Lamp Usb Nail Dryer For Gel Polish, Single Finger Curing"
10,#3 Best Sellers,in Refrigerators & Freezers,34.99,54,0,"Reemix Mini Fridge, 3.7 Liter/6 Can Portable Cooler And Warmer Personal Refrigerator For Skin Care, Cosmetics, Beverage, Food,Great For Bedroom, Office, Car, Freon-Free"
11,Unranked(New),General Application,5.31,44,10.0,"1pc Smart Stainless Steel Mug With Mixing Rod, Self-Stirring Cup Coffee Milk Mixer, Warm Bottle Full Automatic Mixing Cup Rotating Water Cup Electric Coffee Cup Lazy Portable Milk Stainless Steel Cup"
12,Unranked(New),General Application,4.0,5,0,"1 Set Of 100 Sheets Rectangular Parchment Paper For Baking, Siliconized Greaseproof Paper For BBQ & Steaming, Tray Absorbent Oil Blotting Pads"
13,Unranked(New),General Application,6.37,41,400.0,"USB Rechargeable Electric Milk Frother, Powerful Handheld Milk Frother, Mini Milk Foamer,Coffee Stirrer, Stainless Steel Drink Mixer For Coffee, Lattes, Cappuccino,Matcha,Hot Chocolate, Portable Foam Maker,Electric Wireless Blender Mini Coffee Maker"
14,#1 Best Sellers,in Led Makeup Mirror,4.8,4,0,"Portable Led Lighted Magnifying Travel Makeup Mirror 1X/3X Magnification Folding Dual Sided Compact Handheld Illuminated Mirror For Home Tabletop Decoration, Bathroom, Dresser Vanity & Countertop Bedroom Travel Dormitory Mirror Women Gift"
15,#1 Best Sellers,in Heater & Cooler,3.0,0,0,"1pc Handheld Portable Fan With Hand Rope And Self-Installed Battery, 1 Speed"
16,#4 Best Sellers,in Electric Space Heater,10.88,15,0,"1 Pc Menstrual Heating Pad  Uterine Warmer Hot Massage Stomach Heating Pad For Ladies And Girls Multi-Speed Adjustable Abdominal Heating MassageR,Portable Cordless Heating Pad, Electric Waist Belt Device"
17,Unranked(New),General Application,19.78,27,0,1PC Travel Electric Kettle Small Stainless Steel Portable Electric Kettle For Boiling Water Travel Tea Kettle Automatic Shut-Off Dry Protection 4 Preset Heating Settings 500ml Kettle For Coffee(White)
18,Unranked(New),General Application,1.56,71,20.0,"1pc 500ml/1000ml Clear Milk Carton Water Bottles,Can Be Reused,Leakproof Cute Square Portable Juice Bottle For Outdoor Sports Travel Camping School Activities"
19,Unranked(New),General Application,1.9,0,0,"1pc High-Quality Heat-Resistant Slotted Spoon - Extra-Long Handle For Safe Cooking And Serving, Large Drainage Slot For Dumplings, Noodles, And More, Easy To Clean - Durable Ergonomic Design For Various Kitchen Tasks"
20,#9 Best Sellers,in Juicer Machines,11.6,0,0,"1pc 300ml Electric Portable Juicer, USB Rechargeable Mini Fruit Juicer, Wireless Electric Juicer Personal Size Blender For Smoothies And Shakes, 1200mAh Super Long Battery Life, Home Fruit Blender For Sports, Kitchen, Home, Travel,Vegetable Fruit Tools,Kitchen Items,Cutter,Food,Salad,Decor,Storage,Party,Birthday,Camping,Summer Beach."
21,Unranked(New),General Application,2.9,0,200.0,"1pc Black Baking Tray With Special Barbecue Design For Air Fryer, Made Of Thickened Silicone With Anti-stick Mat, Reusable And Durable"
22,#5 Best Sellers,in Men Shave & Hair Removal Appliances,2.99,35,0,"Teckwe Multifunctional Electric Shaver For Men,USB Rechargeable Clippers For Beard Shaver With Guide Combs,Dragon & Phoenix Carving Mens Suitable For Home And Professional Barber Shop Use,Grooming Kit Valentine's Day Gift"
23,Unranked(New),General Application,2.07,10,10000.0,"Electric Nose Hair Trimmer, Unisex Nose Hair Cleaning Tool, Black Color Ear & Nose Hair Clipper, Personal Care Tool"
24,Unranked(New),General Application,19.99,50,80.0,"Sandwich Maker, Toaster And Electric Panini Grill With Non-Stick Coating Plate, Easy To Clean, Heating Up Fast, Built In Indicator Lights, Black"
25,Unranked(New),General Application,5.3,4,20.0,"Professional Teeth Whitening Kit - LED Light And Gel Strips Teeth Whitening Agent For A Brighter Smile, Suitable For Sensitive Teeth And Orthodontic Care"
26,Unranked(New),General Application,2.4,17,400.0,50pcs Air Fryer Disposable Paper Parchment Wood Pulp Steamer Cheesecake Air Fryer Accessories Baking Paper For Air Fryer
27,Unranked(New),General Application,21.4,0,0,"BEBIRD Ear Wax Removal Tool - R1 Upgraded Ear Cleaner With 1080P Camera,Comes With Two Replacement Heads,Ear Cleaner With Camera,Safer Ear Canal Cleaning"
28,#1 Best Sellers,in Personal Size Blenders,8.8,0,0,"Personal Portable Blender,Mini Juice Blender, USB Rechargeable Small Size Blender For Smoothies And Shakes,Mini Juicer Cup Travel 380ml, Juice, Milk,5Colors Available"
29,Unranked(New),General Application,7.0,7,300.0,"Battery Powered Black Folding Led Makeup Mirror With 8 Lights For Girl's Portable Dressing Mirror, Desk/Table Top Design With High-End Feeling For Home Tabletop, Bathroom, Dresser Vanity & Countertop Bedroom Travel Dormitory Mirror Women Gift"
30,Unranked(New),General Application,1.9,0,10.0,"Disposable Toilet Brush, Household Cleaning Tool For Toilet With No Dead Ends"
31,Unranked(New),General Application,9.2,0,900.0,10pcs Fridge Freezer Storage Container Food Classification Grids Ice Cream Sealed Refrigerator Box Without Cross-flavor
32,Unranked(New),General Application,1.9,0,0,8pcs+4pcs Kitchen Sponge Dishwashing Cloth Double-Sided Cleaning Scrubbing Household Cleaning Cloth Kitchenware Dishwashing
33,#8 Best Sellers,in Men Shave & Hair Removal Appliances,1.67,30,0,"Nose Hair Trimmer, 1PC Electric Nose Hair Trimmer, Professional Painless Nose And Ear Hair Trimmer For Women Men Waterproof Stainless Steel Head Dual Edge Blades Nose Hair Remover Mute Efficient Battery-Operated Easy Cleansing, For Eyebrows, Neckline, Nose & Ear Hair, Precision Detail Trimming"
34,Unranked(New),General Application,2.68,29,600.0,"1pc 250ml Humidifier, Cute Cartoon Cat Design Mini Desktop Atomizer Hydrating Device For Bedroom"
35,#9 Best Sellers,in Kitchen Appliance Parts,1.7,60,0,"1PC/2PCS Quick-Dry Coffee Mat - Large Absorbent Draining Pad For Dishes, Bathroom, And Kitchen"
36,Unranked(New),General Application,4.02,18,0,1pc Kitchen Mechanical Timer Egg Shaped Reminder For Baking & Cooking
37,Unranked(New),General Application,69.26,5,70.0,"CHEFTRONIC Stand Mixer, , 3.8 Qt Tilt-Head Electric Household Stand Mixer - 300W 6+P Speed, Multifunctional Kitchen Stand Up Mixer With Dough Hook, Whisk, Food Beater And Butter Beater"
38,#7 Best Sellers,in Personal Care Appliance Accessories,3.9,0,0,1pc Portable Mini Electrostatic Dry Cleaning Brush Clothes Dust Remover Hair Lint Sticky Roller For Clothes And Sofa
39,Unranked(New),General Application,4.45,50,0,"1PC Glass Honey Jar,  Honey Container With Wooden Scoop And Lid, Honey Jar With Wooden Plunger For Home Kitchen Storage Of Honey Syrup Hive Honey"
40,#8 Best Sellers,in Car Vacuum Cleaner,5.96,37,0,"1pc Small Portable Car Vacuum Cleaner With Strong Suction, Multipurpose And Convenient For Multiple Scenarios"
41,Unranked(New),General Application,0.87,49,40.0,"Heart-Shaped Scraping Board, Imitation Jade/Pink Crystal/Plastic Crystal Scraping Board"
42,#6 Best Sellers,in Kitchen Appliance Parts,2.1,0,0,"1pc, Abs Utensil Rest With Drip Pad, Kitchen Utensil Holder For Spoons, Ladles, Tongs, Spatulas And More, Kitchen Gadgets, Kitchen Stuff, Kitchen Accessories, Home Kitchen Items"
43,#3 Best Sellers,in Power Toothbrushes,7.4,16,0,"1Pc Electric Toothbrush With 6 Replaceable Brush Heads, Usb Rechargeable, 5 Cleaning Modes, With Bathroom Wall-Mounted Toothbrush Holder Storage Rack And Travel Toothbrush Head Cover (Portable Protective Cap), Sonic Intelligent Toothbrush Ipx7 Full Body Waterproof For Home Bathroom Travel"
44,#1 Best Sellers,in Curling Tongs & Curling Wands,11.49,35,0,"Teckwe 22mm Curling Iron,Triple Tube Hair Curler,3 Barrel Curling Iron Wand,Egg Roll Hair Curler Water Ripples,Water Ripples,Egg Rolls,Straight Hair And Bouncy Curly Hair,Fast Heat Up & Dual Voltage Crimp For Women Girls Home - US Plug"
45,Unranked(New),General Application,4.3,0,0,"Black Satin Diffuser Cap | Enhance Hair Drying, Reduce Frizz"
46,Unranked(New),General Application,26.99,50,70.0,"Cozeemax Panini Press Grill, Compact Size, Gourmet Sandwich maker with Non-Stick Coating Plate, Opens 180 Degrees, Black"
47,Unranked(New),General Application,20.7,0,0,"XLIFE X1+  Ear Wax Removal Tool - Spade Ear Cleaner With Ear Camera, Oral Examination Accessory, Nasal Examination Accessory Included,1080P Ear Scope, Earwax Remover Picker With 6 Replacement"
48,#9 Best Sellers,in Other Household Appliances,3.3,0,0,Light Up Your Home With 1pc Motion Sensor Cabinet Light - USB Rechargeable & Battery Powered!
49,Unranked(New),General Application,4.9,0,20.0,"1pc Silicone Ice Cube Mould,  Cylinder 3D Ice Cube Maker,Simple Bucket Design Ice Cube Maker Tray With Lid For Kitchen Seafood Sashimi, Back To School Supplies"
50,Unranked(New),General Application,8.1,0,300.0,1Pc 2023 New Mini Neck Fan Portable Bladeless Hanging Neck Rechargeable Air Cooler 3 Speed Mini Summer Sports Fans
51,#2 Best Sellers,in Water Treatment Appliances,7.3,0,0,"1pc USB Rechargeable Electric Water Pump, Compact And Exquisite Design, Easy Installation, Convenient And Practical, One-Button Operation, Blue Light Display. Fully Charged To Pump About 6 Barrels Of 19L Bottled Water, Motor-Driven."
52,Unranked(New),General Application,3.1,0,0,"6pcs/Set Silicone Stretch Lids,6 Pack Reusable Silicone Lids,Durable Food Storage Silicone Covers For Bowl, To Keep Food Fresh,For Can, Cup And Glass Jars"
53,Unranked(New),General Application,3.3,0,300.0,"1pc+oil Sprayer+kitchen Oil Sprayer+camping Utensils And Tools+bbq Utensils+olive Oil Sprayer+creative Oil Sprayer Bottle+salad Barbeque Kitchen Baking Baking Household Oil Sprayer+glass Bottle+kitchen Supplies+kitchen Gadgets+help Oil Control, Hygiene And Health"
54,Unranked(New),General Application,2.05,69,200.0,"Kitchen Items,1pc Microwave Bacon Maker Microwavable Bacon Grill, Bacon Tray, Pizza Tray, Sauce Tray, Microwave Oven Cooker"
55,#5 Best Sellers,in Personal Size Blenders,10.99,27,0,"JMMO Electric Portable Juicer,Portable Blender Juicer,Personal Size Blender Smoothies And Shakes,Mini Blender USB Rechargeable,Handheld Blender Sports,High Speed & Long Battery Life For Travel Home 300ML"
56,#9 Best Sellers,in Hair Styling Care Appliances,14.4,4,0,"Portable Automatic Hair Curler, Wireless Rechargeable Curling Iron Ideal Hair Curling Iron Wand Curling Iron For Travel, Home And Various Occasions Gift For Women"
57,Unranked(New),General Application,21.8,0,0,"XLIFE Q3 Cartoon Ear Wax Removal Tool - Spade Ear Cleaner With Ear Camera, Oral Examination Accessory, Nasal Examination Accessory Included,1080P Ear Scope, Earwax Remover Picker With 6 Replacement Tips Ear Pick With 6 LED Light For Earwax Cleaning, Support IPhone"
58,#5 Best Sellers,in Other Household Appliances,1.69,71,0,"Night Lights Note Board Creative Led Night Light USB Message Board Holiday Light With Pen Gift For Children Girlfriend Decoration Night Lamp (Emitting Color : Blank Board-1 Pen), Multicolor"
59,Unranked(New),General Application,4.0,0,0,"1/2pcs Reusable Silicone Air Fryer Liners For Air Fryer And Baking Tray, Air Fryer Accessories For Home Kitchen"
60,#3 Best Sellers,in Cleaning Appliances,2.7,52,0,Portable Mini Battery Powered Car & Desktop & Keyboard Vacuum Cleaner For Home Office Cleaning
61,#3 Best Sellers,in Electric Hair Clippers,2.8,3,0,"Hair Clipper, Men's Trimmer, Abs Body, Golden Color, Dragon Pattern, Mens Grooming Kit"
62,Unranked(New),General Application,1.74,21,1800.0,1pc Stainless Steel  Mini Electric Coffee Blender Handheld Eggbeater Bubble Drink Stir Bar Household Kitchen
63,Unranked(New),General Application,1.3,50,100.0,1PC Epilator Face Hair Lipstick Shaver Electric Eyebrow Trimmer Women's Painless Hair Removal Remover Mini Shaver Epilator For Women
64,#2 Best Sellers,in Led Makeup Mirror,4.52,40,0,"Led Makeup Mirror With Touch Screen, 3 Light Modes, Portable Stand And Foldable Compact Mirror ,Lighted Travel Makeup Mirror,  Vanity Cosmetic Mirror With Lights, Rechargeable 1500mAh Battery, 3- Color Light Modes Dimming LED Light Up Mirror , Travel Accessories For Makeup"
65,Unranked(New),General Application,2.33,37,10.0,"1pc-Handmade Grass Broom, Small Handmade Dust Broom, Cleaning Tools, For Housekeeping Services Offices Hotels"
66,Unranked(New),General Application,2.82,40,10.0,"1pc Refrigerator Drawer Type Egg Fruit Storage Box, Kitchen Accessories Organizer, Shelf Fridge Storage Shelf (26*18*5cm/10.2*7.1*1.9in)"
67,Unranked(New),General Application,67.1,0,0,"1pc IPL Hair Removal Device, Hair Remover, Laser Hair Removal Equipment, Dual Purpose Hair Removal & Skin Rejuvenation, 990,000 Flashes, 9 Energy Levels, The Higher The Level, The Greater The Energy, For Home Use Permanent Hair Removal"
68,Unranked(New),General Application,10.3,4,5000.0,Hair Curling Iron Professional Mini Hair Straightener Curler 2 In 1 Flat Iron Small Thin Plate Hair Straightening Curling Styling Tools Heated Styling Iron Brush
69,Unranked(New),General Application,1.4,0,200.0,"1pc Leaf-Shaped Self Draining Soap Bar Holder With Suction Cup, Soap Box Shelf, Decorative Plastic Soap Tray, Concentrated Drainage Design"
70,Unranked(New),General Application,2.7,34,400.0,"1 Pc Stainless Steel Multi-Functional Frying Clip For Steak, Fish, Meat, AndTNoodles -Ldeal For Barbecues And Baking - Easy To Use And Durable"
71,#10 Best Sellers,in Environmental Appliances,2.34,22,0,"Face Mister Mini Handy Rechargeable Cute Rabbit Design Face Humidifier Facial Sprayer Moisturizing For Face, Daily Makeup, Skin Care, Holiday Gift Christmas Gift"
72,Unranked(New),General Application,11.4,40,40.0,"Wit Water Flosser,Portable Oral Irrigator With 3 Modes, Nasal Washer, 4 Replaceable Nozzles, Rechargeable Waterproof Tooth Cleaner, For Home And Travel, Removable Large Water Tank"
73,Unranked(New),General Application,3.2,20,30.0,"3pcs Silicone Drain Covers, Hair Filter Anti-Clogging Tool For Home Bathroom Floor Drain"
74,#4 Best Sellers,in Other Household Appliances,16.87,20,0,"1pc Shoe Dryer, Shoe Warmer, Can Be Used For Shoes, Socks, Gloves, To Quickly Dry And Deodorize, Foldable, Easy To Store, Easy To Use, And Easy To Carry In Winter And Rainy Season, Suitable For All Types Of Shoes"
75,Unranked(New),General Application,2.4,0,100.0,"Water Bottles With Straw, Motivational Sport Water Bottles With Time Maker,  Leakproof Half Gallon"
76,#2 Best Sellers,in Personal Care Appliance Accessories,1.9,0,0,Reusable Eyebrow Stamp Stencil Kit - 3 Minute Makeup With Strap - Perfect For Most People - Eyebrow Shaper Template For Flawless Brows(24 Piece Set)
77,Unranked(New),General Application,97.83,10,10.0,"CHEFTRONIC Stand Mixer, 7 Qt Tilt-Head Electric Household Stand Mixer - 650W 6-P Speed, Multifunctional Kitchen Stand Up Mixer With Dough Hook, Whisk, Food Beater And Butter Beater"
78,#6 Best Sellers,in Kitchen Appliances,3.46,51,0,"1pc Household Garlic Masher, Manual Garlic Press With Pull-Out Design, Small-Sized And 900ml Capacity Garlic Chopper"
79,#2 Best Sellers,in Hand Blenders,3.6,0,0,"Milk Frother Handheld Battery Operated Electric Foam Maker, Milk Frother For Coffee, Handheld Battery Operated Electric Milk Frother For Coffee, Latte, Hot Chocolate, Macha, Portable Mini Drink Mixer Blender With Stainless Steel"
80,Unranked(New),General Application,1.66,70,50.0,"Stainless Steel Multi-Layered Scissors For Chopping Vegetables And Meat, Food Preparation And Office Use, Random Color"
81,#9 Best Sellers,in Milk Frothers,2.36,2,0,"1pc Battery-Powered Mini Handheld Electric Milk Frother For Home Use, Kitchen Tool (Battery Not Included)"
82,#7 Best Sellers,in Electric Toothbrushes,8.9,0,0,"Electric Toothbrush For Adults,  Electric Toothbrush With 4 Brush Heads, 6 Modes Rechargeable USB Extra Soft Toothbrush For Sensitive Gums Men Women Gift Father's Day Gift"
83,#8 Best Sellers,in Kitchen Appliance Parts,2.0,0,0,"1pc, Strawberry Huller Stem Remover, Pitter Tool, Creative Cherry Pitter, Strawberry Huller With Stainless Steel Blade For Kitchen, Strawberry Core Removal Tool, Kitchen Stuff, Kitchen Gadgets"
84,Unranked(New),General Application,16.2,2,1100.0,"16pcs/Set, HQ Vegetable Chopper, Multifunctional Fruit Slicer, Handle Food Grater, Vegetable Slicer, Cutter With Container, Onion Mincer Chopper With Multiple Interchangeable Blades, Household Potato Shredder, Kitchen Stuff, Kitchen Gadgets"
85,Unranked(New),General Application,1.95,50,30.0,"1pc Portable Mini Air Humidifier,Premium Humidifier,Natural Home Fragrance Aroma Diffuser,Family Mist Spray Device For Bedroom, Car, Office - Super Quiet"
86,Unranked(New),General Application,2.0,0,400.0,"30/50/100pcs Air Fryer Non-Stick Liners - Disposable, Oil & Water-Resistant Parchment Paper - Essential Kitchen Accessory For Healthy Cooking, Perfect For Birthday & Wedding Celebrations, Summer Parties"
87,Unranked(New),General Application,11.0,0,30.0,"Multi-Functional Simple White Egg Steamer For Home Use, Quick Breakfast Egg Cooker"
88,#3 Best Sellers,in Personal Care Appliance Accessories,1.36,50,0,"1pc Wrist Support Brace With Magnets For Heating & Compression, Suitable For Both Men & Women, Protective Gear For Tomalin Tendons, Outdoor Activities, Students, And Fitness"
89,#4 Best Sellers,in Personal Care Appliance Accessories,0.5,71,0,"1pc Shoe Brush With Liquid Holder, Multifunctional Shoe Brush, Household Shoe Washing Brush, Press Type Cleaning Brush Long Handle Shoe Brush, Soft Bristles Shoe Tools"
90,Unranked(New),General Application,3.7,8,2000.0,"1 Pc Drain Mat, Coffee Machine Drain Mat,  Soft Diatom Water-Absorbent Quick-Drying Mat, Bar Counter No-Wash Anti-Stain Plate Mat"
91,Unranked(New),General Application,1.4,0,400.0,1pc Stainless Steel Whisk
92,Unranked(New),General Application,10.49,36,0,"Teckwe Electric Spin Scrubber,4 Replaceable Cleaning Heads,Cordless Electric Cleaning Brush For Power Shower Scrubber For Bathroom/Floor/Sink/Window"
93,#4 Best Sellers,in Other Styling Tools,1.9,0,0,Rejuvenate Yourself With This Portable Handheld Head Massage Comb - Perfect For Silicone Shampoo Brush!
94,Unranked(New),General Application,7.7,3,600.0,"1pc Mini Powerful Car Vacuum Cleaner, Portable Wireless Home Cleaning Robot, Vacuum & Blower 2in1, Suitable For Cleaning Home, Keyboard, Sofa And Wet & Dry Vacuuming With Vacuum Accessories And Cleaning Products Small Appliances"
95,#5 Best Sellers,in Other Kitchen Appliances,2.9,0,0,"1pc Stainless Steel Probe Digital Food Thermometer, Modern Black Liquid Crystal Digital Display With Instant Read Function, Kitchen Liquid/Oil Temperature Sensor For Cooking/Baking/Grilling/Meat/Rice"
96,Unranked(New),General Application,2.0,0,0,1pc Egg Beater Mixer For Cream And Egg
97,Unranked(New),General Application,1.28,61,20.0,"3pcs, Clothes Anti-Static Laundry Drying Balls, Reusable Softener, Wool Drying Balls, Washing Machine Accessories, DIY Felt Ball Pendant,Wool Dryer Ball -Softener Ball For Sensitive Skin - Cute Laundry Accessory For Anti-Static Cause Reduces Creases On Clothes, Save Drying Time Laundry Reusable"
98,#10 Best Sellers,in Men Shave & Hair Removal Appliances,1.26,48,0,Water Resistant Nose Hair Trimmer For Men And Women - Painless Ear And Facial Hair Removal With Dual Edge Blades And Mute Motor
99,Unranked(New),General Application,14.1,3,10.0,"New Ceramic Cooling Neck Hanging Fan, Super Cool Air Conditioning Neck Hanging Fan, Portable Bladeless Turbine Silent Charging Neck Hanging Fan (3000mAh) With Ultra-Long Endurance"
100,#9 Best Sellers,in Humidifier,6.25,36,0,1pc Crystal Shaped Usb Mini Portable Bedroom Humidifier With Large Spray And Rgb Colorful Light
101,#6 Best Sellers,in Major Appliances Parts,3.6,0,0,"Car Wash Towels Cleaning Cloths For Cars Interior Detailing, Super Absorbent, No Scratches, Lint-free, Thickened Washable Kitchen Towels For Home Cleaning"
102,Unranked(New),General Application,5.1,0,400.0,2pcs Black Stove Sealing Strip
103,Unranked(New),General Application,2.2,0,400.0,"Burger Press Hamburger Press Patty Maker Mold Perfectly Sized Burger Mold Rings Easy Release Hamburger Patty Press For BBQ Grill Accessories Kitchen Tools, DIY Hamburger Patty Press, Meat Press - Perfectly Shaped Burgers for BBQ and Grilling - Easy to Use Meat Mold"
104,Unranked(New),General Application,5.9,17,500.0,1pc Rechargeable Portable Hands-Free Cap Fan With 3 Speed Settings
105,Unranked(New),General Application,3.16,1,70.0,1pc 500mAh Lithium Battery Rechargeable Portable Handheld Mini Fan With Three Speeds And USB Charging Cable And Lanyard
106,Unranked(New),General Application,3.2,0,200.0,"1pc Air Fryer Cheat Sheet Magnets Cooking Guide Booklet, Air Fryer Magnetic Cheat Sheet Set Cooking Times Chart, Cookbooks Instant Air Fryer Accessories Oven Cooking Pot Temp Guide Kitchen Conversion"
107,#9 Best Sellers,in Wax Heaters,11.25,10,0,"1pc Wax Heater Kit For Hair Removal With Large Capacity Wax Warmer Machine, Unisex"
108,Unranked(New),General Application,4.5,0,60.0,1pc Household Multi-Functional Diamond And Tungsten Steel Grinding Knife Sharpener
109,Unranked(New),General Application,7.0,0,300.0,"1pc Silicone Faucet Mat, Upgraded Kitchen Sink Splash Guard, 5°Slope Anti-Slip Silicone Faucet Handle Drip Catcher Tray, 17""*5.9"" Sink Protector For Kitchen Bathroom & RV Accessories"
110,Unranked(New),General Application,5.6,2,400.0,1pc Rechargeable Handheld Portable Mini Coffee & Milk Frother Mixer & Egg Beater With Charging Cable
111,Unranked(New),General Application,5.06,51,200.0,"1 Moka Pot, Stove Top Espresso Maker And Coffee Machine, Suitable For Classic Italian And Coffee Brewing, Buffet Restaurant"
112,Unranked(New),General Application,28.7,14,10.0,"Makeup Bag With LED Mirror & Cosmetics Organizer, Ins Style Portable Travel Toiletry Bag With Adjustable LED Light, Large Capacity And Detachable, Rechargeable LED Mirror With Three Modes, High-End Design"
113,#1 Best Sellers,in Other Household Appliances,9.84,20,0,"1pc ABS Power Socket, Modern Black Socket For Home"
114,Unranked(New),General Application,3.27,58,10.0,"1PC Black Plastic Modern Clear Oil Sprayer 470ML , Oil Spray Bottle For Kitchen, For Camping Barbecue, Salad, Roasting, Cooking, Frying, Baking, Party"
115,Unranked(New),General Application,2.7,0,70.0,"1pc,The Air Fryer Baking Tray: Special Barbecue Tray,  Reusable Bowl, Anti-Stick Mat & Thickened Silicone Baking Tray - Perfect For Reheating & Baking!7.87**1.97inch"
116,Unranked(New),General Application,6.4,0,100.0,"1pc, Multifunctional Luncheon Meat Cutter, Stainless Steel Egg Cutter, Cutting 10 Pieces For Fruit Onion Soft Food Roast Legs, Egg Slicer Luncheon Meat Slicer - Egg Cutter Multipurpose Dinner Breakfast Stainless Steel Wire Slicer,Uniform Slice For Fruit,Onions,Banana,Pitaya,Soft Food And ,Simple Use And Easy Cleaning, Spam Slicer, Kitchen Tools"
117,Unranked(New),General Application,2.89,58,300.0,"1Set Baby Multifunctional Safe Nail File Electric For Infant Toddler Kids, 6 Grinding Heads, 5 Speeds, Toes Fingernails Care Safe"
118,#2 Best Sellers,in Massage & Relaxation Tools,1.6,6,0,1 Pcs Bear Claw Telescoping Back Scratcher - Back With Rubber Handled Metal Telescopic Backscratcher - Perfect Gift For Men And Women
119,Unranked(New),General Application,1.6,0,0,Silicone Hair Catcher Drain Cover For Shower & Sink - Square Anti-Clog Strainer With Suction Cup - Tub & Floor Drain Plugs For Bathroom & Kitchen - Deodorizer Tool (1pc)
120,Unranked(New),General Application,2.6,0,40.0,"Silicone Mini Ice Cube Trays, 160 Grids Small Ice Cube Molds Easy Release Crushed Ice Cube For Chilling Whiskey Cocktail,  Flexible Stackable And Durable Soft Mold Storage Containers"
121,#4 Best Sellers,in Electric Grills & Electric Griddles,40.31,28,0,"Indoor Grills Electric Smokeless, Indoor Grills For Kitchen With Non-Stick Cooking Removable Plate, Portable Korean BBQ Grill With Removable Temperature Control, Dishwasher Safe, 1500W"
122,Unranked(New),General Application,12.1,4,50.0,"Teeth Whitening Kit For Oral Care, Home Teeth Whitening Set With Blue Light Accelerator LED, Personal Hygiene, And Whitening Teeth, Suitable For Household Use"
123,Unranked(New),General Application,2.28,38,300.0,1pc Usb Rechargeable Foldable Handheld Fan With 3 Modes
124,Unranked(New),General Application,1.2,0,80.0,"1pc Cartoon Desktop Chair Shaped Phone Holder, Foldable Stand"
125,Unranked(New),General Application,2.7,0,0,"Home-Use Manual Nano Hair Removal Tool, Painless Crystal Glass Hair Remover, Shaver For Leg And Arm Hair - A Magical Beauty Tool"
126,#6 Best Sellers,in Other Kitchen Appliances,5.7,0,0,"Rechargeable Flameless Plasma Windproof USB Lighter - Upgraded LED Battery Display, Safety Switch, Pocket Size for Candle, Cooking, BBQs and Fireworks"
127,Unranked(New),General Application,54.07,28,0,Electric Chocolate Melting Pot | 110v Electric Chocolate Melting Pot Single Pot | Long Handle Commercial Heating Candy Wax Kitchen Tool DIY Scented Candle Butter
128,Unranked(New),General Application,4.56,19,90.0,"1Pc Square-Shaped Acrylic Board Night Light, With Switch (Including Base, USB Cable, Stylus, And Acrylic Board), Message Board With Erasable Function And Handwriting Lighting Function"
129,Unranked(New),General Application,3.3,0,200.0,1pc+2-in-1 Steak & Egg Shovel+multi-functional Kitchen Shovel+fry Bread+pp Flipper +kitchen Essential
130,Unranked(New),General Application,4.0,0,400.0,"Dishwasher Clean And Dirty Magnet Sign, Optional Adhesive, Magnetic, Easy Read, Non-Scratch, Heavy Duty Shutter Slide Magnets For Dishwasher, Kitchen Accessories, Silvery 7in/2in"
131,Unranked(New),General Application,16.9,3,0,"Laser Permanent Hair Removal Device Handset At Home Women Epilator For Airmpit Bikini Line, Body Hair Remove"
132,#1 Best Sellers,in Personal Care Appliance Accessories,2.4,0,0,Foot Callus Remover Stainless Steel Coarse File Foot Rasp Foot Scrubber Dead Skin Remover Pedicure Tools
133,#1 Best Sellers,in Portable Refrigerator,44.6,0,0,"Mirror Beauty Refrigerator, Mini Fridge With LED Lighting, Hot And Cold Storage Portable LED Mini Refrigerator, Quiet, Compact, Portable Refrigerator For Cosmetic Bottles, Beverages, Milk, Medical Supplies, Fruit And Breast Milk 4L Valentine's Day Gift"
134,Unranked(New),General Application,2.3,0,100.0,1pc Adjustable Stainless Steel Cake Cutter - Ideal For Diy Cake Decoration & Baking - Kitchen Cooking Tool
135,#6 Best Sellers,in Other Household Appliances,8.7,0,0,1pc 3-In-1 Mosquito Zapper Camping Usb Rechargeable Night Light With Outdoor Lighting Function. 1st Gear: Purple Light Mosquito Killing Function.2nd Gear: Night Light Function. Long Press Switch: Outdoor Lighting Function
136,Unranked(New),General Application,8.2,0,200.0,"Battery Powered Personal Fan With Lanyard, Cools Face And Neck"
137,Unranked(New),General Application,3.78,31,70.0,"1pc Portable Lint Remover Usb Powered With 3-Watt Output And Stainless Steel Blades, 1pc Usb Cable And G1 Blade"
138,Unranked(New),General Application,11.1,14,10.0,"1 Piece Flame Air Aromatherapy Humidifier, Colorful Gradient Flame Noiseless Essential Oil Diffuser, Suitable For Home, Office, Yoga, With Automatic Shut-Off Protection"
139,Unranked(New),General Application,3.17,35,100.0,"Stainless Steel Measuring Cup And Spoon Set, Suitable For Dry And Liquid Ingredients, Kitchen Utensils, Kitchen Accessories, Home Kitchen Supplies"
140,#1 Best Sellers,in Epilators,3.2,0,0,Portable Battery-operated Red Shaver Electric Hair Removal Machine Eyebrow Trimmer For Women Mini Facial Hair Remover And Face Shaving Device
141,Unranked(New),General Application,7.83,10,60.0,"1pc Rechargable Sealing Machine, Mini Chip Bag Sealer, Storage Bag Plastic Package Snack Sealer Clip Bag Handheld Heat Sealer, Bag Heat Sealer Thermal for Food Storage"
142,#2 Best Sellers,in Men Shave & Hair Removal Appliances,2.79,10,0,"A Portable Electric Nose Hair Trimmer With Nose & Ear Hair Cleaning System For Men & Women, Rechargeable Nose Hair Clipper, New Travel Version, Cross-Border Electric Nose Hair Cutter, Washable, For Eyebrows, Neckline, Nose & Ear Hair, Precision Detail Trimming"
143,#5 Best Sellers,in Electric Hair Clippers,3.4,3,0,"Multifunctional Electric Shaver For Men, With Razor, Beard Trimmer, Lcd Display, 3 Shaving Heads And Car Usb Charger Mens Grooming Kit"
144,Unranked(New),General Application,2.9,12,0,"Space-Saving Silicone Funnel: Multi-Functional, Foldable, And Easy To Clean - The Perfect Kitchen Companion For All Liquids"
145,Unranked(New),General Application,2.2,0,800.0,"5/10/20pcs Multi-Purpose Double-Faced Dishwashing Sponge Scouring Pads Dish Washing Scrub Sponge, Heavy Duty Stains Removing Cleaning Scrubber Brush For Kitchen Garage Bathroom 3.94""*2.76""  - Get Cleaner Kitchen & Bathroom Dishes With These Tough Scouring Pads!Magic Dishwashing Pot, Pot Brush, Bowl Sponge, Kitchen Sponge"
146,Unranked(New),General Application,2.0,0,200.0,"Effortlessly Peel Fruits and Vegetables with our Stainless Steel Finger Palm Peelers Handheld Peeler - Fruit and Vegetable Peeler, Silicone Veggie Peeler with Comfortable Rubber Finger Grip - Easy Peeling for Potatoes, Carrots, and MorePerfect Kitchen Accessory for Quick Meal Prep- Green"
147,Unranked(New),General Application,11.97,10,30.0,"1pc Smart Magnetic Automatic Stirring Cup, Portable & Rechargeable Coffee Mug 380ml For Home And Office Use"
148,Unranked(New),General Application,3.7,3,2200.0,"Multifunctional Electric Shaver For Men, With Razor, Professional Hair Clippers For Men Electric Haircut Kit Hair Trimmer Grooming Close Cutting T Blade Trimmer USB Rechargeable Clippers For Beard Shaver With Guide Combs, Mens Grooming Kit"
149,Unranked(New),General Application,12.1,0,200.0,Home Ice Hockey Maker Ice Cube Tray With Lid Large Capacity Ice Ball Shaped Ice Cube Maker Trendy Diy Ice Cube Tool
150,Unranked(New),General Application,2.9,0,100.0,"Aa Battery-Powered Handheld Mini Milk Frother, Whisk & Egg Beater For Coffee, Portable"
151,Unranked(New),General Application,8.2,50,10.0,"1pc USB Rechargeable Electric Massage Scraper, Home Massage Instrument With Deep Tissue Massage And Lymphatic Drainage, Meridian Brush And Exhaust Function, Ideal For Massage And Gifting"
152,Unranked(New),General Application,2.7,0,400.0,"50/100pcs Multi-Size Disposable Square Air Fryer Liners - Non-Stick, Heat-Resistant, Perfect For Baking, Roasting, And Cooking - Essential Kitchen Accessory"
153,Unranked(New),General Application,2.3,0,50.0,1pc Led Lighted Stainless Steel Eyebrow Tweezer With Arrow Pattern - Beauty Tool For Perfect Makeup
154,Unranked(New),General Application,1.5,0,300.0,Bear Claw Meat Splitter Barbecue Meat Splitter High Temperature Resistant Meat Tearing Insulation Anti Scalding Bear Claw Fork
155,#2 Best Sellers,in Electronic Foot Files,6.7,0,0,"1PC New Electric Foot Grinder For Removing Dead Skin, Charge 500aMh,Calluses, And Feet. Household Exfoliation And Foot Grinding M"
156,Unranked(New),General Application,2.7,0,10.0,"1 Set Transparent Glass Straws, Heat Reusable Clear Glass Straws For Smoothies, Cocktails, And Drinks - Healthy - Includes Cleaning Brush"
157,Unranked(New),General Application,2.3,50,0,"1pc Meat Tenderizer, Stainless Steel Needle Ultra Sharp 24 Blades Meat Tenderizer Tool For Tenderizing Chicken, Beef, Steak And Pork"
158,Unranked(New),General Application,4.3,4,1500.0,"1pc Rechargeable Handheld Portable Fan With 500mah Battery, Hand Strap And 3 Speed Settings"
159,Unranked(New),General Application,2.6,0,200.0,"Creative Donut Mold Cutter For Perfectly Shaped Desserts And Easy Decorating, 1pc Cookie Cake Donut Mold, Kitchen Cutter Stencil, Doughnut Maker Mould, Desserts Bread Patisserie Bakery Baking Tools. Donut Maker Cutter, Creative Reusable Non-stick Doughnut Molds, DIY Donut Mold, Round Shaped Donut Cutters, Fondant Cake Bread Dessert Bakery Mould, Biscuit Stamp Mould, Home Kitchen DIY Baking Tool."
160,#3 Best Sellers,in Coffee & Tea Appliances,2.4,0,0,"1pc 2 Aa Battery Operated Electric Milk Frother, Portable Mini Milk Foamer, Handheld Coffee Blender Whisk, Electric Egg Beater, Kitchen Gadget (Battery Not Included)"
161,Unranked(New),General Application,17.7,4,300.0,"Portable Led Makeup Mirror With 1X2X3 Magnification, Touch Control, And Dual Power Supply - Perfect For Women On The Go Complimentary X10 Magnification Small Circular Mirror Vanity Mirror For Home Tabletop Decoration, Bathroom, Dresser Vanity & Countertop Bedroom Travel Dormitory Hotel Mirror Women Gift"
162,Unranked(New),General Application,1.88,1,1200.0,"3Pcs Cord Organizer for Appliance - Kitchen Appliance Cord Organizer Stick On, Cord Wrapper Winder Holder for Appliance, Adhesive Cord Keeper for Blender Mixer, Coffee Maker, Air Fryer,Kitchen Accessories"
163,Unranked(New),General Application,4.1,2,20.0,"1pc Teeth Whitening LED Light Accelerator, With Powerful Blue LED Light, Teeth Whitening Booster Light, Must-Have For Home Use"
164,Unranked(New),General Application,2.52,0,600.0,"The Ultimate Kitchen Gadget: Plastic Bag Holder, Sandwich Holder, Food Storage Bag Clip, and More! 1pc Adjustable Baggy Rack Stand With Rubber Base For Food Prep Bag, Bags Holder, Food Storage Bags Clip, Plastic Freezer Storage Bags Open Hands-Free To Pour Leftovers, Snacks And Meal Prep Ingredients With No Food Spills- Green"
165,#3 Best Sellers,in Men Shave & Hair Removal Appliances,3.5,3,0,"T9 Men's Hair Clippers And Trimmers Set, Cordless Hair Clippers For Men, With Guide Comb, Professional Beard Trimmer, Haircut Kit, Usb Rechargeable Metal Haircutting Machine"
166,Unranked(New),General Application,9.5,12,0,Coffee Art Tool - Multiple Colors Available Latte Art Frothing Pitcher For Cappuccino & Espresso
167,Unranked(New),General Application,2.97,10,600.0,"1pc/2pcs Circular Silicone Air Fryer Liners For 4-7QT, Restaurant 8 Inches Silicone Air Fryer Liners Pot, Food Safe Air Fryer Oven Accessories, Replacement Of Parchment Paper, Reusable Air Fryer Silicone Inserts"
168,Unranked(New),General Application,2.7,0,200.0,"1/2/3pcs Air Fryer Silicone Liners Pot For 3 To 5 QT,Air Fryer Silicone Basket Bowl,Replacement Of Flammable Parchment Paper,Reusable Baking Tray Oven Accessories, Round+Red+Blue+Green"
169,Unranked(New),General Application,1.4,0,40.0,"1pc 5inch/6inch/7inch Reusable Stainless Steel Spring Whisk,Daily Solid Quick Egg Whisk For Kitchen"
170,Unranked(New),General Application,6.9,0,80.0,"Portable Handheld Misting Fan,Rechargeable Travel Mister Fan,  Battery Operated Personal Fan With Mist, 6 Speeds,LED Display,90°Foldable Cooling Fan For Camping Outdoor, Home, Office Purple"
171,Unranked(New),General Application,3.1,0,80.0,"1pc Black 2-In-1 Steak And Egg Spatula, Multifunctional Kitchen Turner, Bread & Egg Flipper, High Temperature Resistance, A Must-Have In Kitchen"
172,Unranked(New),General Application,1.46,39,100.0,"3pcs/Pack Wire Manager With Adhesive Back For Power Cords, Charging Cables, USB, Small Black Cable Ties"
173,Unranked(New),General Application,8.82,40,0,"1pc, Electric Fly Swatter, Intelligent Insect Killer And USB Charging, Powerful Mosquito Trap Light With 3-Layer Safety Net For Home, Bedroom, Kitchen, Courtyard, And Outdoor Use, Pest Control, Summer Essentials, Back To School Supplies"
174,#3 Best Sellers,in Kitchen Appliance Parts,1.2,0,0,"Reusable Magic Sponge Cleaning Brush - Multifunctional Sponge Cleaning Brush - Powerful Stain Remover - Easy-To-Clean And Decontaminate - Clean Tool For Sinks, Pots, Dishes - Washroom Scrubber"
175,Unranked(New),General Application,2.7,0,1100.0,"One Air Fryer Baking Pan Special Plate,  Reusable Bowl Baking Non-Stick Mat Thickened Baking Pan"
176,Unranked(New),General Application,14.92,34,0,"Multi-Functional Ceramic Heating Straightening Brush For Anti-Scald Beard & Hair Straightening Comb, Gift For Mom, Boyfriend, Valentine's Day, St. Patrick's Day (Pink)"
177,Unranked(New),General Application,99.99,50,0,"VEVOR Gumball Machine, 25"" Height Home Vending Machine, PS Bouncy Balls Dispenser, Hold 230 Capsule Toys, Rectangle Bubble Gum Machine For Game Stores, Coin Operated Gumball Bank, Blue"
178,#4 Best Sellers,in Kitchen Appliance Parts,1.3,0,0,"2024 New Multipurpose Wire Dishwashing Rags, 3/10pcs Premium Metal Wire Dishwashing Cloth Non-Scratch Scrubbing Cleans For Wet And Dry, Scrubbing Wire Dishwashing Rags Non-Scratch Wire Dishcloth For House Kitchen,Dishes, Sinks, Stove Tops, Easy Rinsing, Mesh Dishcloth For Kitchen Stove Dishwashing And Pot Washing, Grid Non-Stick Oil Oil-Free Kitchen Cleaning Cloth, Kitchen Stove Range Hood Pot Dish Sink Cleaning Cloth, Stains Dirts Removal Cloth, Cleaning Supplies"
179,Unranked(New),General Application,2.2,0,300.0,100pcs Air Fryer Silicone Oil-Absorbing Paper - Healthier Cooking With Less Oil
180,Unranked(New),General Application,1.93,31,300.0,Organize Your Kitchen Sink with the Sink Sider Faucet Caddy Sponge Holder!
181,#3 Best Sellers,in Juicer Machines,9.0,0,0,"1pc Portable And Rechargeable Battery Juicer, Personal Size Blender With USB Rechargeable, Mini Juice Extractor For Smoothies And Shakes, Travel Blender For Milkshake And Frozen Drink,Kitchen Portable Fruit Machine,Portable Juicer And Blender,Juice,Lemon."
182,Unranked(New),General Application,11.95,36,20.0,"1 Smart LED Electronic Scale With Mobile Application, Without Battery"
183,Unranked(New),General Application,15.05,50,30.0,"3pcs/Set Men's Professional Hair Clippers Set, T-Shaped Blade Trimmer With USB Charging, Electric Hair Clipper Beard Shaver, USB Rechargeable Barber Trimming Machine Set, Beard Beauty Kit"
184,#5 Best Sellers,in Oximeter & Blood Pressure Meter,2.4,0,0,Portable Finger Clip Heart Rate Meter Measure Fingertip Oximetry PI Value Monitor Pulse Oximeter Heart Rate Monitor Monitor
185,Unranked(New),General Application,1.9,0,100.0,"10pcs Adhesive Cable Ties, Cord Organizer For Appliances, Premium Appliance Cord Organizer, Cord Holder For Mixer, Coffee Maker, Blender, Air Fryer, Pressure Cooker And Other Kitchen Appliances For Home And Office"
186,Unranked(New),General Application,67.99,28,0,Electric Mini Home DIy Marshmallow Machine
187,#6 Best Sellers,in Led Makeup Mirror,9.0,6,0,"Vanity Lights Usb Tricolor Light Foldable Makeup Mirror Vanity Mirror Magnifying Mirror For Home Tabletop Decoration, Bathroom, Dresser Vanity & Countertop Bedroom Travel Dormitory Mirror Women Gift"
188,Unranked(New),General Application,4.3,0,70.0,"A hanging garbage bag holder, garbage rack, cabinet storage, cloth hook, garbage bin, kitchen accessories, small tools"
189,Unranked(New),General Application,4.0,0,100.0,"1pc Refrigerator Drip Tray Collector, Non-Slip Cuttable Refrigerator Drip Tray, Silicone Fridge Splash Pad For Refrigerator, Ice And Water Dispenser"
190,Unranked(New),General Application,4.0,2,10.0,"1pc Teeth Whitening LED Light Accelerator With Strong Blue LED Light For Home Use, Tooth Whitening Enhancer"
191,#10 Best Sellers,in Digital Kitchen Scales,3.59,12,0,"1pc Black/White Spoon Food Coffee Kitchen Scale 001, Long Type, Suitable For Home Kitchen Cooking Use (Battery Not Included)"
192,Unranked(New),General Application,2.4,11,200.0,"1pc Anti-Leak Stainless Steel Tea Infuser And Strainer For Soup, Hotpot And Kitchen Use, Kitchen Accessories, Cooking Tools"
193,Unranked(New),General Application,1.26,52,10.0,"50/100pcs Air Fryer Special Fryer Paper, Greaseproof Paper, Round/Square Oil-Absorbing Paper, Baking Paper, Kitchen Greaseproof Baking Tray Paper Plate"
194,Unranked(New),General Application,1.5,0,200.0,"1pc Multifunctional Garlic Masher, Ginger And Garlic Grinder, Colorful Stainless Steel Garlic Press and Ginger Cutter - Easy to Use and Durable Kitchen Tool for Grinding, Grating, and Planing. Multi-Functional Slicer, Cutter, Kitchen Grater Grinder Grinding Tool"
195,#8 Best Sellers,in Measuring Tools,3.49,50,0,"1pc,500g/0.01g, Digital Gram Scale, Jewelry Mini Stainless Steel Electronic Scale, Digital Pocket Scale, Golden Gram Balance Weight Scale, Portable Pocket Scale, Smart Scale For Powder, Coins, Herbs, Food, LCD Display, Kitchen Supplies, Batteries Not Included"
196,Unranked(New),General Application,17.2,3,0,"Automatic Hair Repair Split End Remover Trimmer, Hair Styling Beauty Tool Suitable For Dry, Splitting, Damaged And Brittle Split Ends, Both Men And Women"
197,#10 Best Sellers,in Hair Straightening Irons,10.9,0,0,"Ionic Hair Styler, Electric Ionic Hair Styler, Professional Mini Hair Straightener & Curler 2-In-1 Flat Iron With Small Thin Plate For Hair Straightening And Curling, Professional Hair Beauty Tool"
198,#1 Best Sellers,in Digital Thermometers & Timers,2.4,0,0,"1pc Kitchen Storable Digital Thermometer,Temperature Sensor Meter For Cooking Food,Kitchen Food And Meat"
199,Unranked(New),General Application,3.0,0,600.0,"Fly-Proof Foldable Mesh Food Covers: Keep Flies & Mosquitoes Away From Your Meal! Pop-Up Lace Mesh Food Covers - Perfect For Outdoor, Parties,Camping, Picnics, BBQs, And More! Food Umbrella Pop Up Mesh Screen Food Covers Up Mesh Screen Protect Food Cover Tent Dome Net Umbrella Picnic Food Protector Practical And Airy, Food Nets, Kitchen Tools"
200,Unranked(New),General Application,4.56,40,100.0,Stay Cool On-The-Go: Small Handheld USB Fan - Portable & Charging For Students & Office Desk
201,Unranked(New),General Application,2.2,0,400.0,"Oven Liner, Non-Stick Reusable Bottom Sheet Liner For Electric & Gas Oven, Bread Toaster, Grill, Kitchen Accessories, Keep Your Oven Clean, Fiberglass Baking Pad, Bbq Accessories"
202,Unranked(New),General Application,11.5,0,1300.0,"1PC Rechargeable 2000mAh Adjustable Hanging Neck Fan Wearable Fan Portable Cooler Fan Rechargeable Air Cooler Portable Air Conditioner With LED Digital Display Screen, Five Gears Adjustment, Three Colors Available"
203,Unranked(New),General Application,2.29,38,40.0,"Transparent Crystal Desktop Hand-Held Dual-Use Small Fan, With Mobile Phone Support Function, Three-Speed Wind, Unique Creative Modeling, Summer Gifts"
204,#9 Best Sellers,in Cooking Appliances,25.7,0,0,"1pc Dark Green Electric Lunch Box Food Warmer For Car & Home- Detachable Stainless Steel Truck Driver Leak-proof Lunch Heater Microwave Oven 3 In 1, 110v/12v/24v"
205,#7 Best Sellers,in Kitchen Appliances,2.5,0,0,"1pc, Abs Utensil Rest With Drip Pad, Kitchen Utensil Holder For Spoons, Ladles, Tongs, Spatulas And More, Kitchen Gadgets, Kitchen Stuff, Kitchen Accessories, Home Kitchen Items"
206,Unranked(New),General Application,3.05,50,0,"10-Pack Body Warmer Patch For Hands, Feet, Waist And Back, 18 Hours Heating Time, Winter Warm-Up Essential"
207,Unranked(New),General Application,2.3,4,90.0,1pc Stainless Steel Silver Barbecue Meat Clip Restaurant BarbecueFood Clip Food Clip Anti-Scald Clip Carbon Barbecue Meat Clip
208,Unranked(New),General Application,1.6,0,300.0,"1pc Crevice Brush For Cleaning Dead Corners In Toilet, Kitchen, Tiles, Washing Machine And Windows With Multi-Functional Design To Sweep Dirt In Grooves"
209,Unranked(New),General Application,2.22,26,50.0,"1Pc Air Fryer Silicone Egg Pan, Reusable Egg Mold, Non-Stick Air Fryer Baking Pan, 3 Cavity Muffin Pans , For Sandwiches, Hamburger Buns Pan, Air Fryer Accessories"
210,Unranked(New),General Application,8.3,0,0,"12-Digit Solar Powered Calculator In Dopamine Color Palette, With Flexible Keyboard, Ideal For Students, Financial Accounting And Office Use, With 1pc Solar Calculator Included"
211,Unranked(New),General Application,4.7,0,100.0,"1pc Stainless Steel Fried Corn Cake Rack, Taco Holder, Tray, Mexican Wrap Stand For Baking 4 Fried Cornbread At Once, Kitchen Gadget"
212,Unranked(New),General Application,2.1,0,400.0,"1pc, Stainless Steel Corn Cob Stripper - Multifunctional Peeler for Kitchen - Vegetable Peeler - Creative Corn Stripper - Reusable Corn Thresher - Household Corn Planer -Creative Corn Stripper, Multifunctional Peeler For Kitchen, Corn Cobber Tools, Vegetable Peeler, Kitchen Stuff, Kitchen Gadgets"
213,Unranked(New),General Application,7.8,1,600.0,"Hands-Free Fan Necklace Portable Neck Fan With 3 Speeds For Outdoor Sports, Traveling, Office, Home Use"
214,Unranked(New),General Application,2.8,0,100.0,"10pcs/Pack Cable Organizer For Appliances, Including Blender, Coffee Maker, Mixer, Air Fryer, Pressure Cooker And Other Kitchen Appliances, Kitchen Accessories"
215,#5 Best Sellers,in Cleaning Appliances,26.0,0,0,"1pc Home Handheld Electric Mites Vacuum Cleaner With Charging Function, Suitable For Household Use"
216,Unranked(New),General Application,120.2,0,0,"Mini Blender Mixer, Small Soymilk Maker, Cold & Hot Crushing, One-button Cleaning, 420ml"
217,Unranked(New),General Application,1.3,0,0,"Multifunctional Cleaning Sponge, Double-Sided Scouring Pad For Household Cleaning, Dishwashing Sponge, Premium Kitchen Sponge, Durable Non-Scratch Sponge Wipe, Super Absorbent, Cleaning Supplies, Cleaning Tool, Ready For School"
218,Unranked(New),General Application,1.9,0,500.0,"1pc-green-3-in-1 Avocado Slicer: Peel, Core, and Slice Hass Avocados Effortlessly!"
219,Unranked(New),General Application,9.8,0,60.0,"1PC USB Three Temperature Adjustable Electric Ergonomic Heating Neck Brace Cervical Vertebra Strap Massage , Neck Strap Care Tool Neck Stretcher , HEATING NECK WARMER , Portable Electric Heating Pad For Arms/Legs/Neck, Quick Heating, Birthday Gift, Valentine's Day, Mother's Day Gift"
220,#8 Best Sellers,in Coffee & Tea Appliances,2.7,10,0,1pc 2 Batteries Operated Handheld Mini Milk Frother For Quick Foam Maker
221,Unranked(New),General Application,1.7,0,200.0,"1/5pcs LED Mosquito Repellent Night Light, Small And Portable, Suitable For Indoor, Outdoor, Camping, Traveling, Night Time Mosquito Repellent"
222,Unranked(New),General Application,1.9,10,20.0,"1pc Mini Cute Calculator For Students, With Transparent Casing And Silent Button, High-Value And Portable"
223,#2 Best Sellers,in Electric Blade Grinders,10.99,35,0,"Teckwe Household Grinding Machine,Grinding Machine,2nd Generation Meat Grinder,Quick Grinding & Overload Protection,Four-Blade Blade Home Coffee Grinder For Bean Powder For Coffee Bean Powder,Nuts,Herbs,Meat -US Plug"
224,#10 Best Sellers,in Household Appliances,7.6,4,0,"New Portable Leafless Halter Neck Fan, Third Generation Slouchy USB Rechargeable Small Fan, Vortex Air Outlet, Three-Speed Adjustment"
225,Unranked(New),General Application,3.1,0,100.0,"Kitchen Funnel Set 3 Pack, S/M/L, Kitchen Gadgets Accessories Foldable Silicone Collapsible Funnels for Filling Water Bottle Liquid /Powder Transfer , Funnels for Filling Bottles, Silicone Collapsible Funnel for Jars, Foldable Large Canning Jar Funnel for Wide Mouth and Regular Jars(Black+White+Grey)"
226,#9 Best Sellers,in Electric Salt & Pepper Grinders,13.37,55,0,"1 Set, Pepper Grinder, Sea Salt Ginder With LED Light, Electric Adjustable Spice Grinder, Automatic Sea Salt Mill With Adjustable Coarseness, Kitchen Utensils, College Dorm Essentials, Halloween/Christmas Gift, Back To School Supplies"
227,#1 Best Sellers,in Blenders,2.24,67,0,"1pc 500ml Green Manual Garlic Press Mini Chopper With Pull Cord Handle, Suitable For Chopping Garlic, Onion, Ginger And Chili, Etc."
228,#2 Best Sellers,in Other Household Appliances,4.2,0,0,"1pc 4-in-1 Multifunctional Jar Opener for  Hands and Weak Hands - Easy to Use Lid Opener, Can Opener, and Bottle Opener - Perfect for Seniors with Arthritis"
229,Unranked(New),General Application,1.5,0,40.0,1pc Stainless Steel Round Egg Cooker Mold
230,Unranked(New),General Application,11.0,0,200.0,"New Portable Bladeless Neck Fan And Handheld Fan, 360° Cooling Wearable Personal Fan, For Traveling And Outdoor Activities"
231,Unranked(New),General Application,8.0,4,1600.0,"1pc Square Desktop Detachable Makeup Mirror With Light For Dormitory/Hotel/Skincare, Led Princess Mirror"
232,Unranked(New),General Application,4.88,54,300.0,"1pc ABS Electric Egg Whisk, Modern Multifunctional Egg Beater For Kitchen"
233,Unranked(New),General Application,3.2,0,100.0,1pc Meat Tenderizer Needle & Pork Shredder & Stainless Steel Meat Pounder Tool For Kitchen Bbq Steak & Chicken Airgoon
234,Unranked(New),General Application,8.7,0,400.0,"3 In 1 Suction And Blowing Integrated Car Vacuum Cleaner USB Charging Car And Household Vacuum Cleaner Fully Automatic High-Power Small Car Powerful Cleaning Car Mounted Vacuum Cleaner, Super Strong, High-Power, High Suction, Dry And Wet Dual-Purpose Sedan, Small, Mini, Handheld, Multifunctional, Portable"
235,Unranked(New),General Application,3.2,0,80.0,"6Pcs Cord Organizer For Appliance - Kitchen Appliance Cord Organizer Stick On, Cord Wrapper Winder Holder For Appliance, Adhesive Cord Keeper For Blender Mixer, Coffee Maker, Air Fryer,Kitchen Accessories"
236,Unranked(New),General Application,66.82,28,0,Electric Chocolate Melting Pot | 110v Electric Chocolate Melting Pot Double Pot | Long Handle Commercial Heating Candy Wax Kitchen Tool DIY Scented Candle Butter
237,Unranked(New),General Application,2.6,0,100.0,"50/100pcs Non-Stick Air Fryer Liners- 6.3-7.9 Inch Fits 2-8 Qt Air Fryers, For Frying, Baking, Cooking, Roasting And Microwaving, Oil-Proof, Silicone Coated, Must-Have For Kitchen"
238,Unranked(New),General Application,12.57,26,100.0,1pc Hanging Neck Fan Adjustable Turbo Blades Without Blades Bladeless Neckband Fan Portable Mini Air Cooler USB Rechargeable Fan
239,Unranked(New),General Application,2.8,0,300.0,"1pc Kitchen Fine Mesh Strainer, Food Strainer, Juice Flour Tea Soy Milk Filter, Apartment & Dorm Room Essential, Back To Campus, 3 Sizes Available (xxl Actual Size 26.8cm/10.55in)"
240,#1 Best Sellers,in Waffle Makers,12.34,26,0,1pc Mini Waffle Maker Household Bread Machine Pancake Maker Baking Cake Sandwich Breakfast Machine
241,Unranked(New),General Application,10.9,0,40.0,6-Mode 12-Speed Rechargeable V-Face Instrument: Get Rid of Double Chin & Facial Lifting Instantly
242,#5 Best Sellers,in Kitchen Timers,2.4,0,0,"1pc Cute Egg Timer, Hard and Soft Boiled Egg Timer, Color-changing Egg Timer, With Sensitive Indicator, Kawaii Egg Timer, Observe Egg Maturity Peeler, Home Kitchen Egg Timer, Small Kitchen Tools, RV Gadgets, Christmas Gifts"
243,Unranked(New),General Application,2.8,0,70.0,"Spray Bottle - Ultra-Fine Continuous Water Mister, For Hair Styling, Cleaning, Plants, Misting And Skin Care,Room,Home,Bedroom,Bathroom,House,Pink Room,Living Room Decor,Travel Stuff,Gift Bag,Gifts For Mom,Dad,Men,Friends,Teacher,Birthday,Wedding,Desk,Shelves,Accessories,Gift Boxes,Funny Gift,Storage"
244,#5 Best Sellers,in Kitchen Appliance Parts,4.5,0,0,"1pc Professional Kitchen Knife Sharpener, Tungsten, Diamond, Ceramic Sharpening Stone Tool"
245,#4 Best Sellers,in Digital Thermometers & Timers,2.3,0,0,"1pc Mini Cherry Blossom Portable Digital Stopwatch Kitchen Timer For Cooking, Beauty, Silent Student Timer, Count Down Timer"
246,Unranked(New),General Application,94.8,0,0,Square Home Use High-End Food Dehydrator Mini Fruit Dryer Vegetable Pet Snacks Dehydration Air Dryer
247,Unranked(New),General Application,1.9,0,900.0,"1pc Stainless Steel Tongs, Multifunctional Metal Tongs, Easy To Clean Cooking Tongs Stainless Steel, Frying Tools Extrude Excess Grease From Food, 11in (About 27.9cm)"
248,Unranked(New),General Application,9.1,0,60.0,"1 Pc Household Handheld Egg Beater, Wireless Electric Charging Mixer, Small Automatic Adjustable Gear Beater"
249,Unranked(New),General Application,1.7,0,200.0,Large Surface Cleaning Sponge for Descaling Pot Teapot - Scrub and Clean with Ease
250,Unranked(New),General Application,2.1,0,90.0,"1pc Finger Vegetable Peeler, Creative Stainless Steel Peeler, Palm Vegetable Peeler, For Fruits, Potatoes, Carrots, Cucumbers And Pumpkins, Comfortable Rubber Finger, Kitchen Accessories"
251,Unranked(New),General Application,15.1,0,3400.0,"2-Tier Stackable Drawer Type Egg Storage Container: Clear Plastic Egg Holder, Can Be Placed In Refrigerator!"
252,Unranked(New),General Application,5.1,0,40.0,"1pc Rechargeable Portable Handheld Fruit-Shaped Mini Fan With Mobile Phone Stand Function,New Mini Portable Handheld Fan For Girls With Fresh Flower Pattern, Rechargeable With Usb Cable, Perfect For Summer Travelling And Heat Dissipation"
253,Unranked(New),General Application,1.96,27,100.0,"1pc, Durable Stainless Steel Skimmer Spoon With Comfortable Handle - Ideal For Frying, Hot Pot, And Cooking - Effortlessly Prep Your Food"
254,#4 Best Sellers,in Electric Hair Clippers,3.1,11,0,Hair Clipper Electric Pusher Haircut Machine Electric Clipper Oil Head Carving Razor For Bald Head Haircut
255,Unranked(New),General Application,16.2,0,90.0,1pc+Rechargable+1800mAh+Heat+Knee Massager+WRHX-001
256,Unranked(New),General Application,39.2,0,0,1pc USB Charging Portable Outdoor Party Bar Gift Red Wine Bottle Opener
257,Unranked(New),General Application,4.6,4,700.0,Three Level Dimming Portable Flip Cover Circular Folding Led Makeup Mirror With One Side Enlarged 2X Beauty Mini Usb Light Emitting Charging Small Mirror Compact Mirror Travel Dormitory Mirror Women Gift
258,Unranked(New),General Application,3.72,52,40.0,"1pc 2-In-1 Salt And Pepper Grinder Set, Dual Head Spice Grinder, Kitchen Sea Salt Grinder, Manual Spice Grinder, Stainless Steel Pepper Grinder, Kitchen Grinding Machine, Kitchen Tool Set, Herb Grinding Machine, Reusable Spice Bottle For Barbecue, Picnic, And Camping, In-Room Necessities, Back-To-School Supplies And Gifts"
259,Unranked(New),General Application,3.6,0,2400.0,1pc Handheld Fan 3 Speeds Quiet Usb Rechargeable Portable Mini Electric Fan
260,Unranked(New),General Application,4.3,0,30.0,"50pcs/100pcs Non-Stick Air Fryer Disposable Parchment Liners – Oil & Water Resistant, Rectangular Fit For  Dual Fryer, Kitchen Must-Have For Healthy Cooking"
261,Unranked(New),General Application,4.1,0,6300.0,"1pc Rechargeable 500mAh Battery Portable Handheld LED Light & Mini Fan With Three Speed Modes For Outdoor Use, Cat Ear Design, Includes Charging Cable"
262,Unranked(New),General Application,2.9,0,400.0,"1/2/3pcs Air Fryer Silicone Liners Pot For 3 To 5 QT,Air Fryer Silicone Basket Bowl,Replacement Of Flammable Parchment Paper,Reusable Baking Tray Oven Accessories,Red+Blue+Green"
263,Unranked(New),General Application,3.5,0,10.0,"Kitchen Square Pendulum Timer 60 Minute Timer Reminder Mechanical Timer,Kitchen,Summer Beach Party,Food,Camping,Organizer,Room Decor,Kitchen Items."
264,Unranked(New),General Application,2.4,4,40.0,Electric Eyebrow Trimmer Lady's Eyebrow Trimmer Automatic Eyebrow Trimmer Hair Trimmer Hair Removal Beauty Trimmer
265,Unranked(New),General Application,89.64,10,0,"CHEFTRONIC Stand Mixer, 5.5 Qt Tilt-Head Electric Household Stand Mixer - 500W 6+P Speed, Multifunctional Kitchen Stand Up Mixer With Dough Hook, Whisk, Food Beater And Butter Beater"
266,Unranked(New),General Application,8.2,0,100.0,USB Slouchy Neck Hanging Fan Portable Neck Hanging Mini Foldable Desktop Small Rechargeable Fan
267,Unranked(New),General Application,1.09,58,100.0,"1pc Mini Simple Kitchen Timer, Easy To Operate"
268,#2 Best Sellers,in Other Kitchen Appliances,2.4,0,0,"1pc Kitchen Oil Temperature Thermometer, Bbq Baking Temperature Measurer, Electronic Food & Liquid Temperature Gauge Pen (Random Color)"
269,Unranked(New),General Application,1.8,0,60.0,"SHEIN 1pc Silicone Egg Poacher Cup, Egg Boiler Mold Cup, Egg Poaching Cup"
270,Unranked(New),General Application,3.78,33,100.0,"Usb Powered Fabric Shaver Lint Remover, Portable Clothes Defuzzer For , Pants, And Furniture"
271,#10 Best Sellers,in Led Makeup Mirror,4.7,2,0,"Pocket Mirror, 1X/2X Magnification LED Compact Travel Makeup Mirror With Light For Purse, 2-Sided, Portable, Folding, Handheld, Small Lighted Mirror For Gift  Cute Portable Led Lighted Magnifying Travel Makeup Mirror 1X/2X Magnification Folding Dual Sided Compact Handheld Illuminated Mirror For Home Tabletop Decoration, Bathroom, Dresser Vanity & Countertop Bedroom Travel Dormitory Mirror Women GiftCountertop Bedroom Travel Dormitory Mirror Women Gift"
272,#6 Best Sellers,in Digital Kitchen Scales,3.97,49,0,"1pc Household Kitchen Round Platform Electronic Baking Scale, Super High-Definition Display Screen, Can Switch Units, Suitable For Tea, Food Weighing"
273,Unranked(New),General Application,2.9,0,20.0,1 Roll Self-Adhesive Clear Caulk Strip For Kitchen Countertop Sink - Easy To Install And Waterproof
274,Unranked(New),General Application,6.5,0,800.0,"100-200pcs Disposable Paper Liners For Air Fryers, Kitchen Accessories, Oil-Proof And Water-Proof, Suitable For Baking And Microwave Cooking"
275,Unranked(New),General Application,13.1,0,0,"Ear Wax Removal, Ear Wax Removal Tool With 1080P HD Camera And Light, Ear Wax Removal Kit With 7 Pcs Ear Set, 2pcs Goose Feather Ear Picker, 12pcs Replaceable Ear Spoon Sets ,Ear Cleaner Kit For IOS And Android,"
276,Unranked(New),General Application,4.5,0,200.0,"1pc Upgraded Thickened Version Large Capacity Air Fryer & Oven Liner, Kitchen Tool, Air Fryer & Oven Accessory, Easy To Clean Unfoldable Air Fryer Basket Liner, Reusable & Food-Safe Air Fryer & Oven Accessory With Parchment Paper Replacement, Silicone Basket & Bowl, Baking Tool, Household Kitchenware"
277,Unranked(New),General Application,2.8,7,100.0,Portable Electric Hair Trimmer For Women With Lipstick Design
278,Unranked(New),General Application,21.2,0,400.0,"A Neck-Hanging Air-Conditioning Fan With Usb Charging, Portable, Wearable, Bladeless, Quiet, Semiconductor Cooling, High Wind Power, Suitable For Outdoor, Kitchen, Camping To Reduce Temperature"
279,Unranked(New),General Application,3.8,0,10.0,"1pc Creative New Wind-Up Chef Timer, Mechanical Kitchen Countdown Time Management Tool For Cooking Soup And Dish, Home Kitchen Gadgets"
280,Unranked(New),General Application,48.65,23,0,YONGSTYLE USB Mini Fge Freezer Refrigerator Cooler And Warmer USB Powered Cooler Personal Refrigerator Portable For Home Office Car Boat
281,#3 Best Sellers,in Led Makeup Mirror,3.1,3,0,"1Pc Mini Makeup Mirror With Light, Portable Pocket Folding Double-Sided Mirror, Gift (Battery Not Included, Needs To Be Purchased Separately) For Home Tabletop Decoration, Bathroom, Dresser Vanity & Countertop Bedroom Travel Dormitory Mirror Women Gift"
282,Unranked(New),General Application,7.1,0,800.0,1pc Portable Electric Fan
283,Unranked(New),General Application,10.49,36,600.0,"Teckwe LED Makeup Mirror With Light,Desktop Rotatable 16Lights Touch Switch Travel Makeup Mirror"
284,Unranked(New),General Application,80.37,5,20.0,"CHEFTRONIC Stand Mixer, 4.5 Qt Tilt-Head Electric Household Stand Mixer - 500W 6+P Speed, Multifunctional Kitchen Stand Up Mixer With Dough Hook, Whisk, Food Beater And Butter Beater"
285,Unranked(New),General Application,8.45,17,60.0,1pc Glass Water Bottle 47.34 Oz Large-Capacity Glass Bottle With Handle Household Glass Cooler High-Temperature-Resistant Cold Water Jug Glass Glass Cup Juice Jug Cooler Cup Summer Winter Drinkware Home Kitchen Items Back To School Supplies
286,Unranked(New),General Application,1.2,40,100.0,SHEIN BASIC LIVING 1pc Stainless Steel Frother Milk Wand
287,Unranked(New),General Application,3.9,3,300.0,"Nose Hair Trimmer, Men's Rechargeable Ear And Nose Hair Trimmer, Women's Usb Electric Nose Hair Trimmer, Painless Eyebrow, Facial Hair And Nose Trimming Clipper, For Eyebrows, Neckline, Nose & Ear Hair, Precision Detail Trimming"
288,Unranked(New),General Application,7.9,0,200.0,"1pc Bladeless Portable Neck Hanging Fan For Students, Sports & Slouchy People With Great Wind Power"
289,Unranked(New),General Application,6.3,5,10.0,"Non-Contact Thermometer, 1 Piece Infrared Digital Thermometer, Non-Contact Forehead Thermometer, Large LED Numbers, With Fever Alarm And Memory Function. (Battery Not Included)"
290,Unranked(New),General Application,3.5,0,30.0,"1pc Stainless Steel Whisk, Multifunction Egg Beater For Kitchen"
291,Unranked(New),General Application,2.8,0,100.0,"Simple preading Magic Butter Knife Spreader and Curler - Complete Your Kitchen Knives Set, Curl Your Butter with Ease 3 Different Ways. Butter Knife Spreader Long - Butter Spreader Knife Stainless Steel Butter Knife for Cold Butter Kitchen Accessories - 3 In 1 Butter Knife Serrated Knife Kitchen Gadgets Cheese Butter Mill Tool. Butter Knife, Thickened Butter Knife, Stainless Steel Butter Knife, Household Cheese Knife, Creative Cheese Knife, Chocolate Knife For Baking, Multifunctional Chocolate Knife For Party Wedding, Kitchen Supplies"
292,#10 Best Sellers,in Vacuum Food Sealers,2.03,22,0,Food Plastic Bag Plastic Sealing Machine Household Small Hand Pressure Heat Sealer Sealing Machine Portable Mini Sealer Machine
293,Unranked(New),General Application,2.4,4,100.0,"Electric Nose Hair Trimmer, Professional Eyebrow & Facial Hair Trimmer Black For Men And Women Available With Low Noise High Torque High Speed Motor Washable Nasal Hair"
294,Unranked(New),General Application,25.69,28,0,TA-001 360 ° Rotating UV Dual Section 45-230MHz/470-860MHz 15-22dB Outdoor Antenna Black 12m Cable
295,Unranked(New),General Application,13.3,0,100.0,1pc Smart Warm Belt Fast Heating Belly Wrap Belt Back or Belly Heating Pad Heating and Vibration Massage Belt
296,Unranked(New),General Application,7.53,43,10.0,"3pcs, Blender,Juicer Optional Double Cup Portable USB Charging Juice Cup Student Home Multifunctional Juicer Complementary Food Cup"
297,Unranked(New),General Application,6.82,64,100.0,Massage Gun Muscle Relaxation Massager For Body Neck Back Relaxation Fitness Portable Massage Device
298,Unranked(New),General Application,2.3,0,10.0,"1 Pc Stainless Steel Thickened Leakproof Oil Strainer With Pointed End, Oil Separator, Available In 2 Sizes: M/L"
299,Unranked(New),General Application,8.6,0,100.0,"Handheld Wireless Vacuum Cleaner - Rechargeable, Powerful Suction, Long Battery Life, USB Charging, Washable Filter, Ideal For Car Cleaning"
300,Unranked(New),General Application,6.84,40,100.0,"3-Tier Bar Glass Rimmer Bartender Tool With Sponge, 3-Tray Black Plastic Glass  For Cocktails Margaritas Bloody Marys And Gimlets, Margarita Cocktail Salt And Sugar Glass Rimmer,Bartender Tool, Bar Salt And Sugar Rimmer For Drinks, Bar Accessories For Bloody Mary"
301,Unranked(New),General Application,1.77,37,60.0,"Smart GPS Tracker Keychain: Anti-Loss Device For Pets & Valuables, Wireless Battery-Powered Locator"
302,Unranked(New),General Application,10.47,40,100.0,1 Set 4 In 1 Vegetable Cutter Rotary Cheese Grater Cheese Shredder - Round Mandoline Slicer Vegetable Slicer With Strong-Hold Suction Cup Base
303,#10 Best Sellers,in Personal Care Appliances,6.37,65,0,"Massage Gun, Fascia Electric Massager Gun, Deep Tissue Percussion Electric Muscle Massager, 4 Replaceable Massage Heads Portable Handheld For Men And Women"
304,Unranked(New),General Application,10.49,19,0,CROWNFUL Ice Cups Accessory for Shaved Ice Machine
305,Unranked(New),General Application,1.9,0,500.0,"1pc, Microwave Dust Cover - Oil Smoke Proof, Kitchen Oven Cover Towel, Heat-Resistant Waterproof Dust-Proof Microwave Oven Grill Cover Protector - Dust Cover Case Protections For Toaster Oven- - Home Textile Decoration - Plastic Hanging Bag, Kitchen Accessories"
306,#5 Best Sellers,in Major Appliances Parts,8.22,30,0,"A US To EU Plug Adapter, Suitable For Most European Countries During Travel, Equipped With 3 USB Ports And 1 Type-C Port, 6 AC Power Output Ports, A Wall-Mounted Extension Power Strip Charger, Suitable For Home, Office, And Travel Use, With Surge Protection."
307,Unranked(New),General Application,6.7,3,60.0,"1pc Rechargeable 800mAh Battery Portable Lint Remover, Electric Fabric Shaver Without Harming Clothes"
308,Unranked(New),General Application,6.9,0,50.0,"1pc Solar Powered Outdoor Sun Protection Hat With Built-In Fan, Women"
309,Unranked(New),General Application,2.86,18,100.0,"Portable Battery Powered Nose & Hair Trimmer For Men, Convenient & Easy To Carry"
310,Unranked(New),General Application,23.9,20,20.0,"Sejoy Oral Irrigator With 4 Cleaning Pressure Setting Modes, Equipped With 6 Different Functional Nozzles, Strong Battery Life, Ultra Long Use, USB Rechargeable, IPX7 Waterproof, Can Deeply Clean And Improve Oral Health, Gently And Effectively Clean Teeth, Remove Food Residue And Plaque"
311,#2 Best Sellers,in Ultrasonic Cleaners,13.2,0,0,"Ultrasonic Cleaner | 48KHz, Rechargeable Battery-Powered | Multi-Purpose Wash For Jewelry, Glasses, Watches & More"
312,#5 Best Sellers,in Juicer Machines,9.0,0,0,"1pc Portable Blender Cup, USB Electric Juicer, Mini Portable Mixer, For Smoothies And Shakes, Juice, With Six Blades Suitable For Mixing,Kitchen Portable Fruit Machine,Portable Juicer And Blender,Juice,Lemon."
313,Unranked(New),General Application,8.4,2,40.0,"1pc ABS Electric Whisk Baking Tool, Modern Whipped Egg White Cream Cake Blender For Kitchen"
314,Unranked(New),General Application,49.6,0,20.0,"Tattoo Kit POSEIDON Rotary Tattoo Pen Kit For Beginners Tattoo Machine Kit With Power Supply And 20 Pcs Tattoo Cartridge Needles, 6 Color Tattoo Inks With Foot Pedal Tattoo Gun For Artists(TK019)"
315,Unranked(New),General Application,4.99,35,800.0,"Teckwe Touch Control LED Cosmetic Mirror,Mirror With Vanity Light,3 Colors Adjustable & Foldable Storage Rechargeable,Tabletop LED Folding Cosmetic Vanity Mirror For Dormitory Use"
316,Unranked(New),General Application,9.3,0,20.0,"1set, Magic Brush, 5-In-1Multifunctional Electric Cleaning Brush Usb Charging Bathroom Wash Brush Kitchen Cleaning Tool Dishwashing Brush Bathtub"
317,#1 Best Sellers,in Refrigerators,189.99,41,0,WANAI Compact Refrigerator 3.5 CU.FT Double Door Mini Fridge With Freezer Small Refrigerator With 7 Adjustable Temperature Side Door Wire Rack Suit For Dorm Office Apartment Black
318,Unranked(New),General Application,4.2,0,2600.0,"1pc Portable Handheld Fan With Hanging Rope, Usb Rechargeable Battery, 3-speed, Powerful Personal Desk Fan In Lotus Pink, Suitable For Women Men Home Office Makeup Outdoor Travel"
319,Unranked(New),General Application,5.15,50,20.0,"Aluminum Coffee Maker, Durable Moka Cafeteira Expresso Percolator Pot, Practical Moka Coffee Pot, Makes Delicious Coffee, Easy To Operate & Quick Cleanup Pot"
320,Unranked(New),General Application,2.9,0,100.0,"0.2mm Gas Stove Protector Liner Bumper Guard & Burner Cover (10.6"" X 10.6""), Black Gas Cooktop Protection Pad, Anti-Oil & Anti-Stain Cleaning Mat, High Temperature Resistance, Safe & Easy To Clean, Reusable, Non-Stick, Quick Cleaning Kitchen/Cooking Inner Lining, Kitchen Gadgets, Cooking Accessories, Home Kitchen Supplies."
321,Unranked(New),General Application,2.3,0,10.0,"1pc Compressor, Stainless Steel"
322,Unranked(New),General Application,3.0,3,60.0,"LARGNER T9 Hair Clippers For Men, Hair Cutting Machine Men's Electric Shaver Rechargeable Hair Trimmer Beard Clipper Barber Hair"
323,Unranked(New),General Application,1.7,0,60.0,1pc Stainless Steel Back Scratcher - Telescopic Massager For Itch Relief & Happy Health Products Hackle Handicrafts
324,Unranked(New),General Application,16.25,5,0,"720 LCD Fascia Massage Gun, Upgraded Muscle Relaxation Massager Machine With 4 Massage Heads And 6 Speeds, Touch Buttons, 1200mAh USB Rechargeable, Suitable For Office Workers, Athletes, Fitness Enthusiasts For Post-Workout Recovery"
325,Unranked(New),General Application,14.1,0,100.0,"Sonic Skin Scrubber Skin Spatula Peeling Machine Blackhead Remover With 4 Modes, Ultrasonic Pore Spatula For Face, Facial Spatula For Deep Cleansing"
326,Unranked(New),General Application,4.46,26,100.0,"Soft Abdominal Instrument - Massager - Five Iron Hand-Held Ball Massage Tools - Universal - For Parents, Friends Of The Exquisite Gift"
327,Unranked(New),General Application,2.22,15,100.0,"10pcs Appliance Slider For Kitchen Appliances, Self-Adhesive DIY Small Kitchen Appliance Slider For Most Countertop Coffee Maker, Air Fryer, Pressure Cooker, Deep Fryer"
328,Unranked(New),General Application,1.8,5,100.0,1pc Men's Nose Hair Trimmer Stainless Steel Manual Nose Hair Trimmer Razor Washable Portable Nose Hair Trimmer
329,#4 Best Sellers,in Laundry Appliances,32.99,35,0,"Teckwe 3 In 1 Steam Cleaner For Home Iron Clothes,Vertical Steam Iron,Portable Travel Garment Steamer,Handheld Fabric Steamer,300ml Large Capacity & 15s Fast Heating,Automatic Power-Off Suitable For Home & Travel - US Plug"
330,#10 Best Sellers,in Personal Care Appliance Accessories,2.1,0,0,"1pc Plastic Travel Storage Bottle For Home, Simple Transparent Container, White"
331,Unranked(New),General Application,2.22,47,0,"50pcs/100pcs Disposable Cream Pastry Bags, Piping Bags For Cake Decoration And Desserts, Baking Tool"
332,#8 Best Sellers,in Electric Nose & Ear Trimmers,11.0,0,0,"Earwax Removal Kit With 5 Ear Scoops, Camera & 1080p Ear Cleaning Tool, Rechargeable Wax Remover For Kids & Adults"
333,Unranked(New),General Application,25.5,0,0,2-In-1 Electric Hair Straightener & Curler Heated Styling Brush
334,Unranked(New),General Application,11.0,0,40.0,"1pc+Eu Plug+ Mini Breakfast Maker Egg Cooker For Small Kitchen Appliances+ Chick (Note: The Egg Tray And Color & Shape Of The Chick Are Sent Randomly Based On Production Batches, So Slight Differences May Exist.)"
335,Unranked(New),General Application,2.1,0,0,"Boiled Egg Timer, Kitchen Gadget Egg Timer, Eggs Cooking Observing Tool"
336,Unranked(New),General Application,6.21,10,70.0,"1pc 2000ml/64oz Acrylic Bottle Cover(Without Water Bottle), Black Pocket Detail Tumbler Sleeve For Kitchen, Back To School Supplies"
337,Unranked(New),General Application,2.0,0,90.0,"1pc Kitchen Pastry Cutter, Pizza Crust Rolling Cutter, Baking Rolling Pin, Manual Dough Cutter For Bread, Croissant, Pastry"
338,Unranked(New),General Application,6.4,0,40.0,"1pc Timer 3*8cm, Round Magnetic Rotating Lcd Timer Tire Timer Kitchen Timer Home Outdoor Baking Study"
339,Unranked(New),General Application,8.16,20,400.0,"1pc 16led Usb/Battery Dual Power Makeup Mirror Light, Desktop Rotatable Touch Screen Mirror Light With 3-Mode Dimmable Brightness For Portable Dorm Bedroom Makeup Mirror With Light, Upgraded Double Bubble Bag Packaging To Prevent Damages, A Good Gift Choice"
340,Unranked(New),General Application,2.5,7,200.0,Women's Electric Eyebrow Shaper Portable Mini Electric Eyebrow Shaper New Shaver Battery Eyebrow Shaper
341,Unranked(New),General Application,2.8,0,20.0,"1pc Semi-automatic Rotary Egg Beater, Stainless Steel Whisk, Kitchen Tool"
342,#3 Best Sellers,in Women Electric Shavers,14.9,4,0,"Blue Electric Razors Shaver For Women, 2-IN-1 Womens Electric Razor For Leg Arm Face Pubic Area, Cordless Bikini Trimmer Hair Removal For Women With Detachable Head, Painless,IPX7 Waterproof,Wet & Dry"
343,Unranked(New),General Application,14.04,40,0,"1pc Electric Toothbrush For Adults, 8 Brush Heads Sonicare Electric Toothbrush With 40000 VPM Deep Clean 5 Modes, Rechargeable Toothbrushes Fast Charge 4 Hours Last 30 Days,, Father's Day Gifts"
344,#4 Best Sellers,in Food Processors,10.96,33,0,"Multifunctional Manual Vegetable Slicer With Roller Blade For Home Kitchen, Hand-Cranked Drum-Type Shred Slicer"
345,Unranked(New),General Application,0.9,50,0,"2pcs Reusable Flowers Shaped Straw Tip Covers, Cute Silicone Soft Straw Plugs For 10mm Straws, Cup Accessories"
346,Unranked(New),General Application,6.3,0,40.0,"1pc Egg Storage Box,  Fresh-Keeping Egg Holder For Refrigerator, Anti-Fall Egg Box, Egg Compartment Basket Holder (For 24 Eggs Storage)"
347,#2 Best Sellers,in Oral Care Appliances,3.4,0,0,1pc Rechargeable/battery-powered Electric Toothbrush With 6-speed Adjustable Option And 6 Replacement Heads
348,Unranked(New),General Application,3.6,0,20.0,"1pc Reusable Silicone Air Fryer Liners For  Dual Air Fryer, Heat Resistant Air Fryer Accessories  For Air Fryer, Oven, Microwave"
349,Unranked(New),General Application,1.99,59,3800.0,"1pc Rechargeable Portable Handheld Flower Shaped Mini Fan, Comes With Hanging Strap"
350,#1 Best Sellers,in Major Appliances Parts,3.3,25,0,"1 Pack Ceiling Fan Pull Chain Extender, 24-inch Extra Long with Decorative Frosted Glass Bulb and Fan Cord, Fit All Standard 3mm Diameter Ceiling Fans and Light Fixtures Factory Pull"
351,#2 Best Sellers,in Garment Steamers,17.97,16,0,"1pc PANCERKA Upgraded Model Steam Garment Steamer, Clothes Portable Handheld Design, 180ML Big Capacily With 10 Steam Vent Strong Penetrating Steam, Fast Emoves Wrinke For Home, Travel."
352,#2 Best Sellers,in Electronic Beauty Instruments,6.88,20,0,"1pc Rechargeable 1.5w 300ma Ultrasonic Skin Cleansing Device For Deep Cleansing And Removing Dirt Residues, Suitable For All Seasons, Home And Travel Use"
353,Unranked(New),General Application,64.1,0,0,"1pc Madame Smith 800ml Electric Mini Full-Automatic Smart Broken-Wall Cooking Soy Milk Maker Multifunctional Home Appliance No Need Straining, Suitable For 1-4 People"
354,Unranked(New),General Application,2.39,20,400.0,"1pc Dustproof Cover For Toaster,Dust Cover For 2 Slice,Silicone Toster Lid,,Food Safety,Protecting Toaster From Dust,Dirt,Spills,Splash,Smudges And Bugs,Toaster Top Cover,Kitchen Appliances Protector,Toaster Accessories"
355,Unranked(New),General Application,2.15,45,100.0,"Compact & Cute USB Rechargeable Fan - Adjustable Speed, Portable Cooling For Home, Office, Travel & Outdoor Activities"
356,Unranked(New),General Application,45.99,23,10.0,"Mini Fridge, 4 Liter/6 Can Portable Cooler and Warmer Personal Refrigerator for Skin Care, Cosmetics, Beverage, Food"
357,Unranked(New),General Application,6.5,0,400.0,"Handheld Fan, 6-Speed Variable Speed, Battery Display"
358,#3 Best Sellers,in Women Shave & Hair Removal Appliances,17.9,4,0,"1pc Painless IPL Hair Removal Device For Home Use, Cute And Portable, Up To 999999 Flashes For Women And Men, Permanent Laser Hair Removal On Armpits Back Legs Arms Face Bikini Line, 5 Different Modes, Holiday Gift"
359,Unranked(New),General Application,8.7,4,400.0,"4-In-1 Multi-Functional Usb Rechargeable Nose Hair Trimmer, Beard, Shaver, Hair Clipper, For Men & Women"
360,#8 Best Sellers,in Waffle Makers,49.99,55,0,"Yabano Belgian Waffle Maker, Classic Rotating Waffle Iron With Nonstick Plates, Removable Drip Tray And Cool Touch Handles, Double Flip Waffle, Rotating Belgium Waflera Maker, Brushed Stainless"
361,#2 Best Sellers,in Electric Lunch Boxes,7.6,0,0,"1pc Instant Noodle Bowl With Tableware, Stainless Steel Large Capacity Bowl With Lid, Bento Box, Lunch Box With Handle, Fruit Salad Box, For Teenagers And Workers At School, Canteen, Back School, For Camping And Picnic, Home Kitchen Supplies"
362,Unranked(New),General Application,2.6,0,0,"VE Sport Liposuction Machine - Portable Body Shaping Massage Fitness Device For Men And Women - Burns Belly, Arm, And Leg Fat - Daily Body Building Tool"
363,Unranked(New),General Application,49.99,29,0,"Shaved Ice Attachment For KitchenAid Stand Mixer, Ice Shaver Attachment For KitchenAid, Attachment For KitchenAid Mixers. Snow Cone Maker, White(Machine/Mixer Not Included)"
364,#2 Best Sellers,in Portable Refrigerator,34.99,56,0,"Reemix Mini Fridge, 3.7 Liter/6 Can Portable Cooler And Warmer Personal Refrigerator For Skin Care, Cosmetics, Beverage, Food,Great For Bedroom, Office, Car"
365,Unranked(New),General Application,9.4,0,0,"Portable Air Conditioner Fan, Handheld Fan, Spray Fan, Desk Cooler, USB Rechargeable Mini Handheld Fan, 3 Speeds, Ultra-Quiet, For Home Office Travel Outdoor"
366,Unranked(New),General Application,1.9,0,40.0,"1pcs Grout Cleaning Brushe – Deep Cleaner Small Multi-Purpose Scrub Brush Set with Stiff Nylon Bristles to Clean Corners, Spaces, Tile, Shower, Window, Door Track, Floors"
367,Unranked(New),General Application,5.8,0,100.0,"1pc Rechargable 2 In 1 Mini Sealing Machine, Storage Bag Plastic Package Snack Sealer Clip Bag Handheld Heat Sealer, Bag Heat Sealer Thermal For Food Storage"
368,Unranked(New),General Application,1.2,40,60.0,"8pcs Set Cake Decorating Kit, Cookie Press Gun Set For Baking, Cake Decorating Pens With Piping Nozzles, Icing Decoration Gun Set, Dessert Decorator With 8pcs Pipping Tips, Clear Icing Decoration Spritz Cookie Press Kit, Baking Tools, Kitchen Gadgets, Kitchen Accessories, Home Kitchen Items"
369,Unranked(New),General Application,5.47,22,50.0,1pc 360° Roller Leg Massager For Muscle Relaxation And Improved Blood Circulation
370,Unranked(New),General Application,10.9,0,100.0,"Portable Silent Mini Bladeless Electric Fan, Adjustable 3-Speed Suspended Waist Fan, Rotating Body Fan, Suitable For Outdoor"
371,#2 Best Sellers,in Electric Kettles,17.97,34,0,"Electric Tea Kettle For Boiling Water, Stainless Steel Inner Lid & Filter, 2L/1000W, Hot Water Boiler, Wide Opening & Automatic Shut Off,"
372,Unranked(New),General Application,8.2,0,20.0,Mini Portable Car Vacuum Cleaner
373,Unranked(New),General Application,29.7,0,0,"1pc Oral B Rechargeable Electric Toothbrush, D12 Clean Type, Daily Oral Cleaning, Round Brush Head, Romantic Couples Birthday Gift For Men And Women"
374,Unranked(New),General Application,1.06,50,0,1pc Stainless Steel Coconut Shaver And Fish Scale Scraper - Multi-Purpose Kitchen Tool For Easy Cleaning And Preparation
375,#1 Best Sellers,in Personal Care Appliance,2.76,8,0,"Multifunctional Electric Shaver For Men, With Razor, Hair Clipper, Men's Trimmer, Abs Body, Black, With Dragon Pattern, Mens Grooming Kit"
376,#4 Best Sellers,in Hair Dryers,16.1,0,0,"1pc Hair Dryer With Constant Temperature To Protect Hair, Quick-Drying Ionic Blow Dryer, Suitable For Home Salon And Travel"
377,Unranked(New),General Application,5.1,0,0,"Household Semi-Automatic Rotating Egg Beater,304 Stainless Self Turning Cream Utensil Whisk,Manual Mixer Kitchen Tool"
378,Unranked(New),General Application,4.8,0,100.0,"Blue Portable Handheld Fan With Usb Charging Battery, Personal Desktop Fan With Stand, Small Travel Pocket Fan Suitable For Home Office School Vacation Outdoor Use, Powerful Wind With Slide Opening, Detachable Base"
379,Unranked(New),General Application,4.14,40,10.0,"1pc Vegetable Preservation Refrigerator, Leaf Preservation Pod,Vegetable Preservation Bottle, Fresh Food Preservation Coriander, MintParsley, Asparagus, Vanilla Keep-Fresh Cup, Kitchen Stuff"
380,Unranked(New),General Application,1.5,0,400.0,"10pcs Creative Garbage Barrel Clip, Garbage Bag Holder, Anti Slip Trash Can Garbage Bag Fixed Clip, Small Divider Side Clip, Home Supplies"
381,#7 Best Sellers,in Table Fans,16.5,0,0,"1PC Portable Air Conditioner, 400ML Cooling Fan Air Conditioner With Remote,3 Wind Speed & 7 LED Light,3 Cool Mist& 1-3H Timer, Removable Personal Air Conditioner Evaporative Air Cooler For Room/Office"
382,Unranked(New),General Application,3.3,40,10.0,"1pc 600ml/20.29oz Portable Cartoon Design Water Bottle,PC Sport Water Bottle, Cartoon Cute Water Bottle For Outdoor"
383,Unranked(New),General Application,111.99,0,0,"Mini Portable Single Tub Washing Machine - Compact 2-IN-1 Design 5.7lbs Capacity Semi-Automatic Washer With Timer Control Spin Cycle Basket, Translucent Tub"
384,Unranked(New),General Application,7.8,0,90.0,"Small Handheld Fan With Base, Portable Neck Hanging Fan, Personal Small Fan, Travel Hand Held Fan Rechargeable Desk Fan, 1800mAh, 5-Gear Adjustable, For Office, Commute, Camping, Picnic, Hiking, Beach, Backpacking"
385,#2 Best Sellers,in Personal Size Blenders,37.99,62,0,"Juicer Machines, Juilist 3"" Wide Mouth Juicer Extractor, For Vegetable And Fruit With 3-Speed Setting, 400W Motor, Easy To Clean"
386,#6 Best Sellers,in Electric Hair Clippers,1.7,51,0,Portable Lithium Battery Hair Clipper Electric Clipper T9 Hair Clipper Engraving Oil Head Shaver Bald Head Household Electric Clipper Haircut Machine
387,#3 Best Sellers,in Refrigerators,169.99,24,0,"WANAI Mini Fridge 3.2 Cu.Ft Single Door Compact Refrigerator with Freezer, 5 Level Adjustable Thermostat, Small Fridge for Dorm Office Bedroom LED Light & Removable Glass Shelves"
388,Unranked(New),General Application,1.84,20,300.0,"1pc Electric Nose Hair Trimmer, Nose Hair Clippers, Nose Hair Removal Tool"
389,Unranked(New),General Application,0.74,47,100.0,"50PC-Sink Filter Bag, Sink Filter, Kitchen Leftover Sink Filter, Side Sink Filter, Kitchen Sink Corner Sink Filter, Sink Mesh Bag, Kitchen Supplies"
390,#3 Best Sellers,in Air Fryers,59.97,28,0,"Air Fryer 6.2 Quart, 6L Electric Hot Oven, Oilless Multifunctional Cooker,   With 10 Cooking Presets, Digital LED Touchscreen, Viewing Window, Low Noise, Nonstick Dishwasher-Safe Basket"
391,#10 Best Sellers,in Refrigerators,79.99,0,0,"Cooluli 10L Mini Fridge For Bedroom - Car, Office Desk & Dorm Room - 12v Portable Cooler"
392,Unranked(New),General Application,1.45,46,20.0,"1pc Multi-Function Electronic Timer, Magnetic Digital Timers, Big LCD Display The Loud/Silent Switch Countdown Timer, Extensively Use In Break Time, Cooking, Gym, Meeting, Classroom, Timer Gift, Apartment Essentials, College Dorm Essentials"
393,Unranked(New),General Application,21.3,0,0,"Vgr Haircut Electric Clippers, Professional Vintage Oil Head Haircut Clippers, Barber Shop Electric Hair Clipper"
394,#7 Best Sellers,in Other Body Care Machines,12.8,0,0,"Light Therapy & Anti-Wrinkle Neck Massager, Neck Care Tool For Firming And Lifting, Reducing Wrinkle & Fine Lines And Promoting Skincare Absorption"
395,Unranked(New),General Application,15.7,0,500.0,Portable Electric/Handheld Multifunctional Mini Sewing Machine For Household Use
396,Unranked(New),General Application,1.96,44,40.0,"LED Wardrobe Light With Motion Sensor, Cabinet Light Battery Operated, Magnetic Under Cabinet Light & Wireless Sticky Night Light Strip For Hallways & Stairs"
397,Unranked(New),General Application,18.5,0,200.0,"3pcs Fly Repellent Fans For Tables, Soft Blade Fly-Control Fan Keeps Flies Away, Portable For Picnic, Bbq, Party (Batteries Not Included)"
398,Unranked(New),General Application,4.56,40,10.0,"1PC Battery Portable Electric Toothbrush, Two Gears With Travel Toothbrush Storage Box With Two Brush Heads"
399,#3 Best Sellers,in Digital Thermometers & Timers,10.0,0,0,"1pc Visual Timer Vt03 Green Color, Ideal For Learning, Kitchen, Office, Etc."
400,Unranked(New),General Application,6.4,0,20.0,"1 Piece Of Electronic Measuring Spoon Kitchen Scale, Accurate To 0.1g, Comes With Battery And Measuring Ruler, Supports Four Measurement Units Of Grams, Ounces, Grains And Carats"
401,Unranked(New),General Application,10.6,0,50.0,"Migraine Headache Relief Cap Massager, Hot & Cold Therapy Hat, Cool Gel Head Wrap, Headache Cap Ice Pack Mask, Cold Compress Migraine Relief Products Device For Tension"
402,Unranked(New),General Application,5.2,0,0,"1pc Mini Electronic Portable Plastic Sealing Machine, Suitable For Thin Plastic Package And Bags"
403,Unranked(New),General Application,39.4,28,0,"28-36dB 360° UV Dual-Band Outdoor Antenna With Stand Black Light Weight, Compact Structure, Easy To Carry, Easy To Use"
404,Unranked(New),General Application,4.49,50,60.0,1pc Electric Makeup Brush Cleaner & Dryer With Multi-Functional Cleaning Modes
405,Unranked(New),General Application,11.9,4,20.0,"LED Teeth Whitening Kit With 6% Hydrogen Peroxide 3X3ml Whitening Gel. Suitable For Sensitive Teeth, Gum & Orthodontic Care. 16X LED Lights For Rapid Teeth Whitening."
406,Unranked(New),General Application,5.7,3,600.0,"Pocket Mirror, 1X/2X Magnification LED Compact Travel Makeup Mirror With Light For Purse, 2-Sided, Portable, Folding, Handheld, Small Lighted Mirror For Gift, Pink Y2k Mom Gifts Valentines Gift Boyfriend Gifts Valentine Day Gifts Pink Cute St Patrick's Day"
407,Unranked(New),General Application,1.6,0,50.0,"1pc Universal Manual Toothpaste Squeezer Dispenser, Creative Toothpaste Clip, Toothpaste Holder, Toothpaste And Cosmetics Roller Squeezer, Bathroom Accessories, Bathroom Supplies"
408,#9 Best Sellers,in Electric Nose & Ear Trimmers,2.4,4,0,Electric Nose Hair Trimmer Nose Hair Trimmer Men's Nose Hair Shaver Nose Hair Scissors
409,#5 Best Sellers,in Food Processors,19.99,55,0,"Reemix 1.5-Cup One-Touch Electric Food Chopper, 100W Mini Food Processor Meat Grinder, Mix, Chop, Mince and Blend Vegetables, Fruits, Nuts, Meats, Stainless Steel Blade"
410,Unranked(New),General Application,7.98,40,0,"2024 Upgraded 6-Blade Powerful Mini Juice Mixer, Portable Milkshake And Smoothie Mixer, 18Oz Type-C USB Rechargeable Personal Mixer, 6-Blade Powerful Mini Juice Mixer, Suitable For Outdoor Travel, Picnics, Sports Kitchens,Kitchen Portable Fruit Machine,Portable Juicer And Blender,Juice,Lemon."
411,Unranked(New),General Application,19.5,40,30.0,Rapid Electric Egg Cooker 14/7 Eggs Capacity For Hard Boiled Eggs Poached Eggs Scrambled Eggs
412,Unranked(New),General Application,15.6,0,2100.0,"1Set Vegetable Onion Chopper, Kitchen 14 In 1 Food Chopper 8 Blades Cutter With Container"
413,Unranked(New),General Application,46.6,50,0,At-Home LPL Hair Removal For Women And En Permanent Laser Hair Removal 999900 Flashes With Lce Cooling Care Function 9 Energy Levels Hair Removal Handset For Face Bikini Line Armpit Leg Back
414,Unranked(New),General Application,34.6,4,300.0,"3PCS Professional Men's Electric Hair Clipper, USB Rechargeable Cordless Hair Clipper, Beard Trimmer Edger, Suitable For Barbers And Stylists, Gift For Men's Hair Cutting Machine"
415,Unranked(New),General Application,10.7,0,200.0,"Portable Bladeless Neck Fan - 360° Cooling Wearable Personal Fan For Travel And Outdoor Sports - Digital Display, Rechargeable, USB-Powered - 5 Speeds, Multi-Color -High Battery Life, Use For 3-5 Hours  - Perfect Gift For Birthdays And Holidays"
416,Unranked(New),General Application,9.0,33,30.0,"1 PC USB Interface Plug -In Flame Humidifier, Constant Temperature, Anti -True Flame Atmosphere, Colorful Atmosphere Light, Five -Gear Adjustment. Improve Room Comfort And Decoration."
417,#4 Best Sellers,in Other Kitchen Appliances,2.0,0,0,"1pc Stainless Steel Probe Digital Food Thermometer Modern Black Liquid Crystal Display Instant Read Kitchen Liquid/Oil Temperature Sensor, For Cooking/Baking/Grilling/Meat/Rice"
418,Unranked(New),General Application,7.2,1,50.0,"1pc Rechargeable 500mAh Wall-Mounted/Desk 3-Speed Adjustable Mini Fan With Charging Cable, Simple Style"
419,Unranked(New),General Application,14.8,0,20.0,"Neck Fan, Portable Neck Fan, Hands Free, Bladeless Personal Fan, Battery Powered,  USB Rechargeable Personal Fan, 5 Speeds Operated Adjustable"
420,Unranked(New),General Application,12.39,35,10.0,"Hand-held Heat Sealer for Food Plastic Bags, Portable Mini Sealing Machine for Mylar Aluminum Foil Packaging Bag"
421,#8 Best Sellers,in Digital Thermometers & Timers,4.93,51,0,"1pc Visual Timer Vt03 Purple Color, Suitable For Study, Kitchen, Office And More"
422,Unranked(New),General Application,1.4,0,10.0,1pc Multifunction Manual Whisk
423,Unranked(New),General Application,10.29,45,10.0,"Hair Curling Wands,284°F,320°F,356°F,392°F, 60 Minute Timed Shutdown,4 Gear Temperature Regulation(1.25IN)"
424,#8 Best Sellers,in Health & Wellness Monitors,4.6,0,0,"1pc Portable + Rechargeable + 116 Smart Bracelet With Health Monitoring Function, Colored Screen, Exercise Tracker, Suitable For Men, Women, Elderly, Children, With Pedometer, Bluetooth Reminder, Heart Rate And Blood Pressure Monitoring"
425,Unranked(New),General Application,2.6,0,60.0,"1pc, Multifunctional Stainless Steel Grater, Scallion Separator, For Scallion And Onion, Garlic Fruit And Vegetable, Portable With Protective Cover Kitchen Cooking Tool, Kitchen Green Onion Slicer Stainless Steel Scallion Cutter Vegetable Onion Garlic Cutter Manual Green Onion Cutter Slicer For Kitchen Restaurant Hotel"
426,Unranked(New),General Application,7.3,0,200.0,"1pc, Stand Mixer Dust-Proof Cover, Mixer Cover With Organizer Bag For KitchenAid, Fits All Tilt Head & Bowl Lift Models, Kitchen Appliance Protector Cover"
427,#2 Best Sellers,in Ice Crushers & Shavers,31.99,54,0,"Reemix Shaved Ice Machine Snow Cone Machine,Slushie Machine for Snow Cone, Snowballs, Frozen Cocktails and More, Easy to DIY with Snow Cone Syrup at Home"
428,#10 Best Sellers,in Juicer Machines,9.1,0,0,"1pc Wireless Portable Blender, Six-Leaf Blade USB Rechargeable Mini Juice Blender Suitable For Juice Shakes And Smoothies, Juice, Milk, Fruit And Vegetable Mini Juicing Cups,Kitchen Portable Fruit Machine,Portable Juicer And Blender,Juice,Lemon."
429,Unranked(New),General Application,12.6,5,10.0,"2024 New Smart Slide Speed Control Neck Fan.TYPE-C Fast Charging, Long Battery Life And LED Display Non-Blade Neck Fan, Portable USB Mini Fan, Silent Large Wind Power, Suitable For Students And Outdoor Activities Like Shopping, Home Use, Office, Travel And Fishing."
430,Unranked(New),General Application,3.1,0,0,"A Timer Which Can Count Up Or Down, Has Memory Function And Mute Mode, Suitable For Kitchen, Study, Sport, Sleep, Etc. With Bracket And Hanging Hole Design."
431,#8 Best Sellers,in Handle Fans,3.8,17,0,"USB Rechargeable Handheld Fan With Long Battery Life, Mini Cartoon Student Portable Fan, Gift, Suitable For Desktop Use"
432,Unranked(New),General Application,4.1,5,1000.0,"1pc Rechargeable Handheld Fan With 500mah Battery, Portable Carabiner, 3 Speeds"
433,Unranked(New),General Application,15.9,0,20.0,"1pc Rotating Power Cord Hair Curler With Temperature Control, Various Hair Styles Available Cone-Shaped 25-13mm Curling Iron"
434,Unranked(New),General Application,6.6,40,10.0,"1pc Portable Juicer - Mini Electric Juicer Cups For Making Fruit And Vegetable Juices Anytime, Anywhere"
435,#4 Best Sellers,in Massage Tools & Equipment,2.7,4,0,"1pc Usb Rechargeable Mini Pulse Massage Sticker Muscle Massager For Neck, Shoulder, Cervical Spine"
436,Unranked(New),General Application,1.2,40,0,"3pcs/Set Top Lid,Soda Can Lids,Silicone Soda Saver,Soda Beverage Beer Can Lids Can Covers,Cans Mark Protector For Standard Cover,Tools For Drinking"
437,Unranked(New),General Application,2.1,0,60.0,"1pc Makeup Brush Cleaning Pad Silicone Portable Dry Cleaning Tool With Suction Cup, Suitable For Makeup Brush, Sponge, Puff Black Friday"
438,#1 Best Sellers,in Temperature Gauges,1.7,0,0,5pcs Forehead Head Strip Thermometer Water Milk Thermometer Baby Child Kid Test Temperature Sticker Baby Care
439,Unranked(New),General Application,23.99,20,10.0,"PUSEE Large Candle Warmer Plate With 2 Temp Settings, 6H Auto Shut Off & Electric Gravity Auto On/Off Candle Wax Melt Warmer For Scented Candles, Fragrance Warmer Safely Releases Scents Without Flame."
440,Unranked(New),General Application,64.99,55,30.0,"VEVOR Juicer Machine, 850W Motor Centrifugal Juice Extractor, Easy Clean Centrifugal Juicers, Big Mouth Large 3"" Feed Chute For Fruits And Vegetables, 5 Speeds Juice Maker, Stainless Steel"
441,Unranked(New),General Application,8.08,17,200.0,"Usb Charging Led Travel Makeup Mirror With 3 Lighting Colors, Polished Surface, Foldable Portable For Makeup Table, Rechargeable Lithium Battery, Glass Compatible, Odorless"
442,Unranked(New),General Application,5.1,0,100.0,"2PCS,Revolutionize Your Cooking Experience With An Air Fryer Mat"
443,Unranked(New),General Application,65.3,0,0,"1pc SMFM Plug-In 800ml Multifunctional Mini Automatic Intelligent Broken Wall Cooking Soymilk Maker For Home, Without Filtering, Suitable For 1-4 People"
444,Unranked(New),General Application,1.25,46,60.0,"1pc Shrimp Deveiner Tool, Stainless Steel Shrimp Cleaner Knife, Prawn Peeler, Seafood Peeler, Premium Ergonomic Handle Peeler, Shrimp Deveiner, Kitchen Tools, Kitchen Stuff, Kitchen Gadgets"
445,Unranked(New),General Application,9.0,7,100.0,"Portable Led Makeup Mirror With Touch Screen Dimming And 3 Levels Of Light Vanity Mirror- Perfect For Home Tabletop Decoration, Bathroom, Dresser Vanity & Countertop Bedroom Travel Dormitory Hotel Mirror Women Gift"
446,#8 Best Sellers,in Led Makeup Mirror,9.8,5,0,"LED Makeup Mirror Portable Travel Lighted Beauty Mirror, 3 Color Lighting, Dimmable Touch Screen, Rechargeable Tabletop LED Folding Cosmetic Vanity Mirror"
447,Unranked(New),General Application,6.1,0,90.0,"Simple And Personalized Luminous Digital Clock, Acrylic Silent Wall Clock, Study, Living Room, Bedroom, Wall Sticker, Creative Clock"
448,Unranked(New),General Application,11.1,0,400.0,"1pc Usb Rechargeable Neck Hanging Fan/ 5 Wind Speed Settings Displayed On Led/ Adjustable Neck Silicone Pad/ Long Battery Life/ Hands-Free Experience/ Neck Cooler/ Ideal For Home, Sports, Camping, Tent, Office, Fishing/ Cool And Comfortable/ Birthday Gift"
449,Unranked(New),General Application,10.7,0,0,"1pc Portable Neck Hanging Fan, Compact Handheld Fan With Adjustable Lanyard And Stand, USB Rechargeable Bladeless Mini Fan With 3 Speeds For Women Kids Outdoor Travel"
450,Unranked(New),General Application,2.9,3,10.0,"1pc Portable Electric Nose Hair Trimmer,Women's Lipstick Portable Electric Shaver -White And Red;Nose Hair Trimmer Portable Electric Nose Hair Shears -Black And Blue"
451,Unranked(New),General Application,2.6,4,0,"Facial Hair Removal For Women,Painless Hair Shaver Put In The Battery Use,Lady Face Electric Razor For Lip, Chin,Arms,The Best Female Mustache Remover"
452,#8 Best Sellers,in Women Electric Shavers,5.22,10,0,"Rechargeable 3-In-1 Electric Razor For Women - Painless Hair Trimmer For Face, Nose, Eyebrows, Beard, Mustache, Arm, Leg, Armpit, And Bikini - Portable Body Shavers Set Rechargeable Grooming Kit Holiday Gift"
453,Unranked(New),General Application,14.1,28,0,Professional Hair Clippers Cordless Trimmer Shaving Machine Cutting Barber Beard Designed With Wired/Cordless Charging For Easy Haircuts
454,Unranked(New),General Application,2.16,40,0,1pc Electric Water Replenishment Instrument
455,Unranked(New),General Application,4.4,4,300.0,"Mini Electric Shaver,Small And Compact Efficient Shaving, Dual Ring Blade Net, Intelligent Digital Display, Detachable Blade Head, Easy Cleaning, Type-C, High-Speed Charging, Worry Free Boarding"
456,Unranked(New),General Application,11.4,3,50.0,"1pc Teeth Whitening LED Light Accelerator, With Blue-Light LED Light, Tooth Whitening Enhancer Light, Home Essential"
457,Unranked(New),General Application,20.9,0,40.0,"1pc Rechargeable Automatic Foam Soap Dispenser, Non-Contact Wall-Mounted Foam Machine For Home, Bathroom, Kitchen, Hotel"
458,Unranked(New),General Application,12.66,40,0,The New 1PC Rechargeable Electric Toothbrush Hand-Held Dental Cleaner Large Capacity Water Tank Dental Cleaner Water Dental Floss Device With 2 Sprinklers
459,#10 Best Sellers,in Electronic Nail Art Equipment,8.1,0,0,LED/UV Lamp With 3 Timers And LED Display - Perfect For Nail Polish Polishing And Drying - USB Interface For Convenient Use
460,Unranked(New),General Application,17.17,67,0,Rice Container Rice Bucket - Insect-Proof Moisture-Proof Sealed Household Grain Storage Box - Grain Storage Rice Tank Rice Box Flour
461,Unranked(New),General Application,3.1,0,30.0,"Portable Mini Reusable Crystal Epilator, A Safe And Easy Method For Painlessly Removing Body Hair, Easy To Clean After Use"
462,Unranked(New),General Application,4.8,0,10.0,"3pcs/Set Manual Convenient Meridian Stretching Massage Stick, Facial Massage Scraper Plate - Deep Relaxation, Fatigue Relief"
463,Unranked(New),General Application,45.0,0,10.0,"1.75inch Wide Flat Iron Professional 480°F Negative Ion Hair Straightener, 2-In-1 Straightener & Curler, Infused With Keratin To Nourish Hair, Long-Lasting Hair Straightening, Suitable For Home, Travel, Salon Use, Comes With 2 Hair Clips, 2 Hair Ties, 1 Heat-Resistant Glove, A Comb"
464,Unranked(New),General Application,9.3,50,0,"1pc+USB Cable+150ml+Ultrasonic+Aromatherapy Diffuser+DQ709+7-Color Flame Effect+Essential Oil Diffusing/Atomization Support, 3-Level Timer & Auto Shutdown With Built-In Smart Chip, Water Shortage Protection With Auto Power Off Function"
465,#5 Best Sellers,in Handle Fans,13.8,0,0,"Portable Air Conditioner Handheld Folding Fan With Digital Display, Desktop Cooling Fan, 5000mAh Long Lasting Battery, USB Rechargeable, Strong Wind, Suitable For Mobile Power, Summer Cooling Fan"
466,Unranked(New),General Application,9.9,0,100.0,"1pc Rechargeable 500mAh Electric Fly Swatter Bug Zapper, Mosquito Killer, High Voltage Handheld Mosquito Swatter, Wasp, Fruit Fly, Insect Rat Swatter For Indoor, Travel, Camping And Outdoor Control, Portable Fly Zapper"
467,#7 Best Sellers,in Aroma Diffuser,6.6,0,0,"1pc Automatic Essential Oil Diffuser For Home And Hotel, Air Freshener For Toilet And Bathroom, Aromatherapy Machine For Scenting Room, Fragrance Sprayer For Aromatic Impact"
468,Unranked(New),General Application,15.7,4,4700.0,"Pink 2Nd Gen Rechargeable Hair Trimmer & Split Ends Hair Clipper, Household 2-In-1 Portable Haircut Tool, Electric Hair Clipper Haircut Machine"
469,Unranked(New),General Application,25.9,0,80.0,High Frequency Facial Machine - TUMAKOU Portable Handheld High Frequency Facial Skin Wand Machine with 4 Different Tubes
470,Unranked(New),General Application,6.6,0,60.0,"1pc Black/White Safety Lock Buckle For Windows, Refrigerators, High-Rise Anti-Fall Windows, Household Lock Buckle Tools"
471,Unranked(New),General Application,79.99,38,0,"Air Purifiers For Home Large Room - Up to 880 Ft², H13 True Hepa Filter 3-Stage Filtration, 24 db Low Noise, Afloia Air Filter Removes Smoke Pets Odors Dust Pollen Mold, Night Light, FILLO"
472,Unranked(New),General Application,8.08,16,700.0,"1pc Portable Foldable LED Makeup Mirror With 1200mAh USB Rechargeable Battery, 3-Light Mode (Cool White, Warm White, And Yellow), Touch Control, Square Shape, In Pink Or White Color For Home, Dorm, And Travel"
473,Unranked(New),General Application,9.5,0,10.0,"2024 Rechargeable Bladeless Neck Fan - 3 Speed Portable Hands-Free Cooler, Perfect For Sport, Outdoor Activities & Gifts"
474,Unranked(New),General Application,10.3,0,100.0,"1pc Ems Foot Massage Mat + 2 Pads & Remote Control, Electric Pulse Foot Massager For Leg Muscle, Home Office Use"
475,Unranked(New),General Application,3.2,0,2900.0,"1pc 500mAh Rechargeable Lithium Battery Portable Handheld Mini Fan With 3 Speed Settings, USB Charging Cable, And Hanging Strap"
476,Unranked(New),General Application,2.3,0,100.0,"Mini Handheld Coffee Milk Frother, Home Baking Cream Foaming Machine, Wireless Handheld Mixer, Eggbeater"
477,#8 Best Sellers,in Personal Care Appliance,3.1,9,0,Portable Lithium Battery Hair Clipper Electric Clipper T9 Hair Clipper Engraving Oil Head Shaver Bald Head Household Electric Clipper Haircut Machine
478,Unranked(New),General Application,4.5,0,100.0,1pc Multifunction Portable Humidifier
479,Unranked(New),General Application,11.7,0,100.0,1pc USB 7 Color Lights Light Grain Ultrasonic Essential Oil Diffuser Humidifier For Small Room
480,Unranked(New),General Application,4.6,4,20.0,XFU Electric Toothbrush Sonic Toothbrush Portable For Travel Blue And Orange Color 120 Days Battery Powered IPX7 Waterproof 18000 Vibrations Per Minutes With Replacement Brush Heads Dense Bristles SG-557 Orange
481,Unranked(New),General Application,10.02,40,10.0,"Pet Odor Eliminator, Deodorizer For Cat Litter Box, Air Purifier For Dogs/cats Odor Removal, For Fresh Air"
482,Unranked(New),General Application,4.83,30,600.0,"1pc Mini Portable Fan, Battery Operated Clip On Fan, Rechargeable 360° Rotate Flexible Tripod Handheld Cooling Fan For Car Seat Treadmill Travel,Black"
483,Unranked(New),General Application,9.5,0,50.0,"Universal High-grade Dishwasher Cutlery Basket Tray With Removable Handle, Dishwasher Storage Box, 240*135*120mm"
484,Unranked(New),General Application,4.1,2,0,"New Facial Steamer, USB Rechargeable With Cold Spray Function, Portable & Convenient Mini Face Mist Sprayer For Moisturizing And Humidifying"
485,Unranked(New),General Application,17.0,71,90.0,"Negative Ions Do Not Damage Hair, Curling And Straightening Dual-Purpose Lazy Hair Straightening Comb, Mother's Day, Halloween, Thanksgiving, Christmas And Holiday Gifts"
486,#2 Best Sellers,in Waffle Makers,16.9,0,0,1PC Wall Plug 350-watt 4-inch Mini Non-stick Pink Heart Waffle Maker
487,#8 Best Sellers,in Oral Care Appliances,23.6,0,0,"Water Flosser,1pc Usb Portable Electric Dental Water Flosser For Home Teeth Cleaning With 4 Level Water Pressure, 4 Interchangeable Nozzles"
488,#10 Best Sellers,in Water and Ice Dispensers,6.7,0,0,1pc Electric Portable Water Dispenser Pump For 5 Gallon Bottle Usb Charge With Extension Hose Barreled Tools
489,Unranked(New),General Application,4.59,10,100.0,"Rechargeable Electric Razor For Women - Face, Nose, Legs, Underarms, Bikini Trimmer - Wet & Dry, Painless, Portable & Easy To Use"
490,Unranked(New),General Application,7.3,0,100.0,"Portable Neck Fan, Hands-Free Bladeless Fan, Battery Powered Wearable Personal Fan, 3 Adjustable Speed Usb Neck Hanging Fan, Must-Have For Summer Cooling, Suitable For Home, Office, Outdoor, Sports, Beach, Travel, Random Charge Port."
491,Unranked(New),General Application,13.4,18,0,"Ear And Forehead Dual Mode Non-Contact Adult Thermometer, 1 Piece Medical Thermometer, Infrared Digital LCD Body Measurement Fever Infrared Thermometer(Batteries Not Included)"
492,Unranked(New),General Application,2.0,0,10.0,"1pc Colorful Mini Calculator Watch With Stopwatch Function, Creative 8-Digit Computer Watch"
493,#6 Best Sellers,in Electric Hair Brushes,35.5,49,0,5 In 1 Multifunctional Hair Dryer Brush Set 60000RPM Hair Styling Tools Curling Wand Hot Air Styler
494,Unranked(New),General Application,2.8,0,0,"A New 3D Moon Lamp (Including Bracket) With 1pc Shein Battery Model, Featuring Painted LED Night Lights, Handcrafted Studio Moon Lamp Decoration, Hand Painted Moon Lamp Office Desk, Valentine's Day Gift, New Year Gift"
495,#7 Best Sellers,in Men Shave & Hair Removal Appliances,8.7,4,0,Kemei Brand Electric Nose Ear Hair Trimmer  Men's Face Hair Trimmer Set 4 IN 1 Rechargeable Face Sideburns Hair Trimmer Beard Shaver Razor Clean Hair Remove Machine Kit KM-6630
496,#3 Best Sellers,in Rice Cookers,46.16,32,0,"YONGSTYLE Rice Cooker, 4-Cup Uncooked 2.5 Quart, Professional Version"
497,Unranked(New),General Application,11.5,0,70.0,"1pc 130ml Flame Ultrasonic Aroma Diffuser, 7 Colors Lighting Aromatherapy Diffuser Machine, Portable USB Essential Oil Desktop Diffuser Air Humidifier"
498,Unranked(New),General Application,2.5,0,0,"2024 New Multipurpose Double Side Wire Dishwashing Sponges, 1/3pcs Premium Metal Wire Dishwashing Cloth Non-Scratch Scrubbing Cleans For Wet And Dry, Scrubbing Wire Dishwashing Rags Non-Scratch Wire Dishcloth For House Kitchen,Dishes, Sinks, Stove Tops, Easy Rinsing, Mesh Dishcloth For Kitchen Stove Dishwashing And Pot Washing, Grid Non-Stick Oil Oil-Free Kitchen Cleaning Cloth, Kitchen Stove Range Hood Pot Dish Sink Cleaning Cloth, Stains Dirts Removal Cloth, Cleaning Supplies, Scrub Sponges, Washing Sponge, Washing Sponge Brush, Durable Double-Sided Dishwashing Sponge, Reusable Sponge Pad, Washing Scrubber Brush, Kitchen Tools"
499,Unranked(New),General Application,2.82,40,40.0,"USB Charging Automatic Electric Toothbrush 3Multifunctional Electric Toothbrush For Adults, With 3 Brush Heads, Tooth Care Artifact Deep Cleaning IPX7 Waterproof Travel  Toothbrush"
500,#3 Best Sellers,in Portable Refrigerator,39.99,33,0,"JOYSTAR 6 Liter/10 Liter Mini Fridge With Glass Door For Bedroom, Office, Dorm & Car, Personal Small Refrigerator For Skincare, Makeup, Beverage, Drinks, Portable Thermoelectric Cooler & Warmer, Pink"
501,Unranked(New),General Application,13.37,45,20.0,"Electric Head Hair Shaver - Ultimate Mens Cordless Rechargeable Wet/Dry Skull & Bald Head Waterproof Razor With Rotary Blades, Clippers, Nose Trimmer, Brush, Massager"
502,#4 Best Sellers,in Electronic Beauty Instruments,12.8,0,0,"Portable Vibrating Facial And Eye Massager - USB Rechargeable Handheld Tool To Tighten Muscles, Reduce Dark Circles Under The Eyes, And Make You Look Younger And More Beautiful"
503,Unranked(New),General Application,11.2,0,20.0,"Portable Rechargeable Neck Fan For Outdoor, Handheld & Waist Clip Design With 3 Adjustable Speeds, Bladeless Personal Fan Powered By 2000mAh Battery, USB Charging And Up To 10 Hours Working Time, Perfect Gift For Home, Office And Travel"
504,#6 Best Sellers,in Electric Toothbrushes,9.8,0,0,1PC U-Shape Electric Toothbrush For 2-7 Years Old Smart 360 Degrees Toothbrushes Ultrasonic Teeth Whitening Clean Brush IPX7 Waterproof
505,Unranked(New),General Application,7.0,3,100.0,"Led Makeup Mirror Touch Screen 3 Light Portable Standing Folding Vanity Cosmetics Mirror Rechargeable Vanity Mirror For Home Tabletop Decoration, Bathroom, Dresser Vanity & Countertop Bedroom Travel Dormitory Mirror Women Gift"
506,Unranked(New),General Application,38.99,30,300.0,"ThinkLearn Car Vacuum Detailing Kit, Interior Car Cleaning Kit With High Power Handheld Vacuum And 7Pcs Detailing Brush Set, Well-Designed Women's Pink Car Accessories Bag"
507,Unranked(New),General Application,46.99,53,300.0,"KNQZE Collapsible Foot Spa With Heat, 16 Massage Rollers & Bubble, Electric Pedicure Foot Spa Massager With Pumice Stone, Foot Soaker Tub, Remote Control"
508,#1 Best Sellers,in Electric Salt & Pepper Grinders,10.9,0,0,"1pc/2pcs Electric Salt And Pepper Grinder Set, Salt Or Pepper Grinder, Adjustable Coarseness, Battery Operated, With LED Light, One-Hand Automatic Operation, Stainless Steel"
509,#2 Best Sellers,in Cleaning Appliance Parts,3.7,20,0,1 Pack Dryer Vent Cleaner Kit Dryer Lint Brush Vent Cleaner Long Flexible Refrigerator Dryer Lint Vent Trap Brush Gas Electric Fire Prevention Exhaust
510,#1 Best Sellers,in Coffee & Tea Appliances,3.4,0,0,"1pc Electric Milk Frother Kitchen Drink Foamer Whisk Mixer Stirrer Coffee Cappuccino Creamer Whisk Frothy Blend Whisker Egg Beater, Without Battery(You Need To Purchase The Battery Yourself)"
511,Unranked(New),General Application,108.1,0,0,"1pc High-Speed Titanium Gray Hair Dryer, Quick Drying, Comfortable, Travel & Family Gift"
512,#1 Best Sellers,in Cleaning Appliance Parts,1.9,0,0,"1 Pc Multifunctional Plus Fluid Shoe Brush, Home Soft Bristle Laundry Brush, Special Hurtless Shoe Brush"
513,#10 Best Sellers,in Specialty Kitchen Appliances,2.2,0,0,1 Pc Upgrade Your Kitchen With This Premium Stainless Steel Vegetable Grater & Peeler For Hotel/Commercial
514,#3 Best Sellers,in Specialty Kitchen Appliances,0.66,85,0,"1pc + Sharpening Stone + Handheld, High-Carbon Stainless Steel + Msd01 + 4 Stages, Can Enhance Scissors And Knives"
515,#2 Best Sellers,in Electric Eyebrow Trimmer,1.4,0,0,Safe Eyebrow Trimmer Makeup Tools Stainless Steel Eyebrow Scissors With Comb Hair Removal Shaver Eyebrows Shaping Makeup Tools
516,#2 Best Sellers,in Specialty Kitchen Appliances,1.9,0,0,1pc Stainless Steel Corn Cob Peeler- Multifunctional Vegetable Fruit Peeler- Creative Corn Peeler- Reusable Corn Cob Kernel Remover- Kitchen Gadget
517,Unranked(New),General Application,2.4,0,100.0,"1pc Mesh Laundry Bag For Shoes & , Durable Travel Shoe Bag For Washing Machine, Shoe Laundry Bag With Zipper For s, Bra, Lingerie, Stocking, Multiple Protection For Travel And Home Use"
518,#4 Best Sellers,in Electronic Nail Art Equipment,13.5,0,0,Electric Nail Art Manicure Pedicure Drill Pen Style Nail Polisher Machine Tool Kit With Low Noise Cutters & Nail Files
519,Unranked(New),General Application,3.6,0,1900.0,1pc Electric Cordless Hair Cutting Machine Hair Clippers For Men Professional Hair Barber Trimmer For Men Clipper Beard Shaver With 4 Guide Combs 1 Cleaning Brush
520,Unranked(New),General Application,6.2,0,200.0,One Portable Electric Lint Remover With Two 5th Size Batteries
521,Unranked(New),General Application,14.3,0,10.0,Wireless Vacuum Cleaner
522,#5 Best Sellers,in Egg Tools,1.2,0,0,1pc Plain Egg Separator
523,#8 Best Sellers,in Power Toothbrushes,4.52,13,0,"Portable Multifunctional Electric Toothbrush, Usb Rechargeable Sonic Toothbrush With 30s Area Switch Reminder, 2min Timer, Whitening Toothbrush, 6 Replacement Heads, Waterproof Oral Care Toothbrush, Ideal Choice For Men & Women Home Travel Use, Gift"
524,#2 Best Sellers,in Humidifier,2.9,0,0,1pc USB Charger 220ml Home/car Large Fog Volume Humidifier Office Bedroom Mini Small Air Mute Humidifier
525,Unranked(New),General Application,10.2,0,5400.0,"Portable Electric Water Flosser With 4 Nozzles, Usb Charging & 3 Smart Modes, Fully Automatic Handheld Oral Irrigator For Teeth Cleaning And Home Dental Care"
526,Unranked(New),General Application,24.9,0,800.0,Air Conditioner Air Cooler Fan Water Cooling Fan Air Conditioning For Room Office Portable Air Conditioner Cars
527,Unranked(New),General Application,2.2,0,300.0,"1pc Multifunction Electric Whisk, For smoothies, lattes, matcha - Upgraded mini milk bubble for perfectly frothy milk"
528,#1 Best Sellers,in Aromatherapy,10.9,4,0,"1pc Colorful Humidifier With Sound Sensor, Large-Capacity And High-Mist Output, Suitable For Home Or Office Use, Can Be Used As Air Fresher"
529,Unranked(New),General Application,4.1,2,80.0,"Teeth Whitening Light With LED Light, Home Teeth Whitening Device, Includes 1 Oral Tray"
530,Unranked(New),General Application,18.6,0,0,"2024 New Bathroom Cleaner Brush, Shower Scrubber With Long Handle &  Heads Replacement, Cleaning Supplies For Tub Shower Tile Floor"
531,Unranked(New),General Application,49.99,77,0,"Juicer Machines, HOUSNAT Professional Celery Slow Masticating Juicer Extractor Easy to Clean, Cold Press Juicer with Quiet Motor and Reverse Function for Fruit & Vegetable, Brushes & Recipes Included, Black"
532,#8 Best Sellers,in Other Styling Tools,3.1,0,0,"6pcs Pink Alligator Clips For Hair Styling Salon Hair Clip Professional Clips Alligator Hair Clip Cute Pink Hair Clip Styling Accessories For Makeup Removal, Makeup And Facial Washing"
533,Unranked(New),General Application,6.59,35,100.0,"Teckwe Electric Fabric Shave,Lint Remover,Rechargeable Portable Lint Remover For Clothes Easy Remove Fuzz,Lint Balls,Bobbles"
534,#10 Best Sellers,in Kitchen Appliances,6.45,23,0,"Electric Garlic Masher, Portable Mini Garlic Chopper, Garlic Blender, Household Electric Garlic Press, Wireless Garlic Mincer, Garlic Slicer, Portable & Compact Design, Easy To Use Kitchen Tool"
535,Unranked(New),General Application,6.7,0,100.0,"1pc PP Water Jug Pump, USB Charging Automatic Drinking Water Pump"
536,#6 Best Sellers,in Electronic Foot Files,14.9,0,0,"Electric Callus Remover For Feet (with Dander Vacuum Cleaner), Rechargeable Foot Callus Remover Pedicure Tools Foot File, Professional Foot Care Kit Dead skin Remover With 3Heads&2Speed,LCD Display Foot Massager"
537,#5 Best Sellers,in Ultrasonic Cleaners,12.2,5,0,"Multifunctional Cleaner, (350ML) Jewelry Cleaning Machine, Portable Professional Jewelry Cleaning Machine, Multi-Purpose Cleaning Machine, Suitable For Glasses, Rings, Earrings, Necklaces, Watch Straps, Makeup Brushes(USB Charging Version)"
538,Unranked(New),General Application,1.3,0,600.0,"1pc False Eyelashes Applicator Tool For Wear Eyelashes, Eyelashes Extension Apply Clip, Lashes Buddy Makeup Tools More Convenient To Wear Lashes"
539,#9 Best Sellers,in Summer Travel Bestsellers,2.8,0,0,"1pc Mini Fan With One Wind Speed And Hanging Rope - Party Gift (Batteries Not Included, Need To Be Purchased Separately)"
540,#10 Best Sellers,in Electronic Beauty Instruments,18.5,0,0,1pc 7 Color LED Facial Covering For Clear Skin & Wrinkle Free Beauty
541,Unranked(New),General Application,297.99,24,0,"Havato Electric Fireplace Mantel Package Wood Surround Firebox Freestanding Corner Fireplace,Available in winter, Infrared Quartz Heater Adjustable Led Flame, w/Logs, Remote Control, 750W-1501W"
542,#4 Best Sellers,in Electric Hair Brushes,14.41,21,0,Hair Dryer Brush Hot Air Brush Multi-Function Hair Dryer Straightener Curler Comb Professional Salon Hair Styler Equipment
543,#1 Best Sellers,in Juicer & Food Processor,18.8,0,0,"16pcs/Set, Vegetable Chopper, Multifunctional Fruit Slicer, veggie slicer, Vegetable Slicer, Cutter With Container, Onion Mincer Chopper With Multiple Interchangeable Blades, Household Potato Shredder, Kitchen Stuff, Kitchen Gadgets"
544,Unranked(New),General Application,2.3,0,0,"1pc,Heatless Hair Curlers For Long Hair - No Heat Curling Rod Headband For Sleeping And DIY Lazy Hair Styling - Create Beautiful Curls Without Damaging Your Hair"
545,Unranked(New),General Application,3.92,20,3200.0,"1pc Battery Portable Shaver Underarm Private Body Shaver HBN-01 Household Razor, Product Without Battery"
546,Unranked(New),General Application,11.4,0,7800.0,"1pc Cordless Heating Pad With 1800mah Battery, 3 Heat Levels And 4 Massage Modes For Fast And Effective Back Or Abdominal Heating, Comfortable Warming Pad For Women And Girls"
547,#1 Best Sellers,in Egg Cookers,3.5,0,0,"1pc Portable Detachable Electric Milk Frother & Egg Beater, Battery-Operated (AA Batteries Not Included)"
548,Unranked(New),General Application,1.9,0,90.0,3-in-1 Avocado Slicer Shea Corer Butter Fruit Peeler Cutter Pulp Separator Plastic Knife Kitchen Vegetable Tools Home Accessory
549,#1 Best Sellers,in Environmental Appliances,1.7,15,0,10pcs Long-Lasting Air Humidifier Filter Replacement Sponge For Home And Office Aroma Diffusers - Refreshing And Moisturizing Benefits
550,#6 Best Sellers,in Coffee & Tea Appliances,9.9,0,0,"Electric Wine Opener, Battery Operated Wine Bottle Openers , One-Click Button Reusable Automatic Wine Corkscrew Remover For Wine Lovers Gift Home Kitchen Party Bar Wedding,Electric Wine Bottle Openers, Wine Electric Opener,Wine Opener Battery Operated To Best Gift For Friends (Black- Wine Bottle Openers)"
551,Unranked(New),General Application,14.3,0,0,Wireless Car Vacuum Cleaner
552,Unranked(New),General Application,6.37,43,200.0,"Ultra-Long Endurance Portable Hanging Neck Fan - USB Charging, 5 Gear Leafless, Quiet, Rechargeable, Perfect For Kitchen, Outdoor, Office, And More - Great Boyfriend/Girlfriend Gift"
553,Unranked(New),General Application,2.1,0,40.0,1pc Lemon Zester Grater Stainless Steel Peeler Kitchen Stuff Kitchen Accessories Kitchen Gadgets
554,#1 Best Sellers,in Handle Fans,6.4,4,0,"1pc Portable Handheld Spray Fan,Low Noise Water Spray Mist Fan,Desktop Student Dormitory Mini Fan,Summer Supplies, Cooling Tools,Outdoor Travel Small Fan,USB Power Cord"
555,#7 Best Sellers,in Humidifier,2.17,32,0,"1pc Portable Cool Mist Humidifier, 7-Color Light, And Auto Shut-Off - Perfect For Travel, Home, And Bedroom"
556,Unranked(New),General Application,3.2,0,10.0,1 Set Body Fat Caliper & Tape Measure - Handheld BMI Body Fat Measuring Device - 3D Measurements For Arms/Waist/Chest/Hips/Legs - Skin Fold Thickness Caliper For Measuring Men And Women Body Fat
557,#4 Best Sellers,in Styling Tools & Appliances,10.3,0,0,"Electric Hair Straightening Brush, Hot Comb, Curling Comb, 2-In-1 Hair Straightening And Curling Comb For Wet And Dry Hair, Electric Curling Iron Comb, Hair Styling Tool, Gift For Home Dormitory And Salon Use."
558,#2 Best Sellers,in Coffee & Tea Appliances,4.0,0,0,"1pc 2*AA Batteries Powerful Milk Frother Handheld Foam Maker For Lattes - Whisk Drink Mixer For Coffee, Mini Foamer For Cappuccino, Frappe, Matcha, Hot Chocolate,With Stand,Father's Day, Mother's Day, Christmas, Thanksgiving, Halloween, Valentine's Day Gifts"
559,#1 Best Sellers,in Car Electronics,21.0,0,0,Au Wireless Pink Handheld Vacuum Cleaner With Strong Suction Power For Home And Car
560,Unranked(New),General Application,9.6,0,40.0,1pc Refrigerator Storage Side Door Triple-Layer Auto-Pop-Up Egg Tray Holder For Home
561,Unranked(New),General Application,26.1,0,0,1pc Mini USB Rechargeable Portable Outdoor Party Bar Gift Wine Opener For Grape And Red Wine
562,Unranked(New),General Application,1.3,0,40.0,Elastic Hair Band Cutters Disposable Rubber Band Remover Hair Ties Removing Tool Styling Accessories Prevent Hair Pulling Scalp
563,#3 Best Sellers,in Electronic Beauty Instruments,3.2,0,0,"Mini Facial Steamer, Portable Handheld USB Facial Humidifier,Cold Water Spray Hydrating Beauty Device For Face Hydrating, Skin Care, Makeup"
564,#9 Best Sellers,in Aroma Diffuser,12.6,0,0,"1pc 500ml Pure White Color Usb Powered Aromatherapy Diffuser SQ5, Essential Oil Aroma Diffuser Designed With Auto Shut Off (When Water Run Out) And 7 Color Atmosphere Lights, Comes With A Remote Control, Suitable For Room, Office, Spa Aromatherapy Fragrance"
565,#4 Best Sellers,in Specialty Kitchen Appliances,1.9,0,0,1pc Fish Scales Graters Scraper Fish Cleaning Tool Scraping Scales Device With Cover Home Kitchen Cooking Fish Tool Kitchen Tools
566,#7 Best Sellers,in Other Styling Tools,4.9,0,0,Hair Dryer Cap Warm Air Drying Baked Oil Cap Household Hat
567,#5 Best Sellers,in Laundry Appliances,5.8,0,0,"1pc Usb-Powered Lint Trimmer, Electric Sweater Shaver, Mini Portable Fabric Shaver For Daily Clothes Fuzz Removing"
568,Unranked(New),General Application,13.0,0,200.0,"1pc Electric Wine Opener Set - Perfect For Parties And Wine Lovers – Kitchen Accessories Gift For Opening, Pouring And Preserving Wine, With All-In-One Functionality And Stylish Base For Easy Storage. Battery-Powered Opener Comes With Electric Corkscrew Drill, Foil Cutter, Wine Stopper For Home Gathering, Wedding, Or Father's Day Present. Quick And Fun Way To Open Wine Bottles While Keeping Your Wine Fresh And Preserved. Set Includes 4 Battery Powered Corkscrew Screws And Accessories Like Foil Cutter, Pour Spout And Vacuum Seal, All In Sleek Black Design."
569,#2 Best Sellers,in Women Shave & Hair Removal Appliances,2.07,10,0,"Electric Nose Hair Trimmer & Shaver For Men & Women, Ear, Neck & Eyebrow Trimming, Hair Clean Shaving, Grooming Kit 4-In-1 Electric Razor"
570,Unranked(New),General Application,4.7,0,100.0,Knife Sharpener 4 Stages Professional Kitchen Sharpening Stone Grinder Knives Whetstone Tungsten Diamond Ceramic Sharpener Tool
571,Unranked(New),General Application,69.8,0,0,"Oral B Pro4000 3D Clean Rechargeable Electric Toothbrush, 1 Handle+1 Power Source+2 Brush Heads, Round Brush Head, 4 Brushing Modes, Pressure Sensor, IPX7 Waterproof, Couple Toothbrush, Gift For Boyfriend, Girlfriend"
572,Unranked(New),General Application,2.84,14,10.0,"1pc/Set, Cleaning Scraper, Multipurpose Scraper With Blade, Paint Scraper, Oil Dirt Cleaner, Kitchen Cleaner For Ceramic Induction Cooktops, Cleaning Tool, Cleaning Supplies, Ready For School, Apartment Essentials"
573,Unranked(New),General Application,6.2,9,800.0,Portable Household Travel Lint Remover With Rechargeable Lithium Battery Portable Fabric Shaver For Clothes And Furniture Adapter Or Sweater Shaver Removing Fleece Fuzz
574,#4 Best Sellers,in Cleaning Appliance Parts,4.0,0,0,"1pc Ultifunctional Glass Wiper With Watering Can - Perfect ForCleaning Mirrors, Windows, And Cars - Includes Bathroom Accessories"
575,#1 Best Sellers,in Hot Tea Makers,6.9,0,0,1 Cup Warmer to Keep Drinks Warm Non-Slip Safe Winter Electric Heated Coasters Office Cup Warmer Keeps your coffee and tea warm all day long!
576,#2 Best Sellers,in Environmental Appliances,6.0,0,0,"200ml Portable Mini Colorful Air Humidifier With Ultrasonic Cool Mist, Family Mist Spray Device For Bedroom, Car, Office - Super Quiet (Plug-In Type)"
577,#1 Best Sellers,in Electric Nose & Ear Trimmers,4.2,0,0,Ear And Nose Hair Trimmer For Men Rechargeable USB Electric Nose Hair Trimmer For Men Painless Eyebrow Facial Hair Removal Nose Clipper
578,#10 Best Sellers,in Other Styling Tools,2.6,0,0,DIY Hairdressing Cloak Umbrella Cloak  Shaving Cover Hairdressing Apron Household Cleaning Protective
579,Unranked(New),General Application,9.2,3,20.0,"Men's Body Trimmer, Electric Shaver, Electric Inguinal And Pubic Hair Trimmer, Ceramic Blade Male Hygiene Shaver Trimmer, Full Body Beauty"
580,Unranked(New),General Application,7.5,0,300.0,Pore Blackhead Cleaner Set
581,Unranked(New),General Application,219.99,70,0,"Auertech 1.5 Cu.Ft Portable Clothes Dryer, 850W Compact Laundry Dryers Front Load Electric Dryers Machine With Stainless Steel Tub LCD Display"
582,#4 Best Sellers,in Juicer Machines,12.7,4,0,"1pc 400ml Wireless Portable Electric Juicer, USB C Rechargeable Mini Fruit Juicer With 6 Blades And Dual Cup, Multi-Functional Juice Cup Blender Mixer, Perfect For Vegetables, Fruits, And Milkshakes"
583,Unranked(New),General Application,2.4,0,100.0,"1pc Stainless Steel Long Handle Egg Separator, Yolk & White Separator With Filter"
584,Unranked(New),General Application,3.4,6,500.0,"Lint Remover, Mini Fabric Shaver, Portable Fabric Defuzzer For Clothes And Furniture Adapter Or Sweater Shaver Removing Fleece Fuzz"
585,Unranked(New),General Application,1.9,0,300.0,"1pc Stainless Steel Egg Whisk, Daily Silver Long Handle Egg Beater For Kitchen"
586,#1 Best Sellers,in Other Body Care Machines,4.6,0,0,"1pc Micro-Vibration Face Lifting & Firming Massager, Portable Dolphin Tail Shaped Beauty Device For Facial And Neck, Home And Professional Use"
587,#3 Best Sellers,in Humidifier,3.1,0,0,"1pc Usb-powered 220ml Mini Droplet-shaped Portable Air Humidifier & Essential Oil Diffuser, Car & Home Use, Suitable For Office & Home"
588,#4 Best Sellers,in Kitchen Timers,2.1,0,0,1pc Mini Egg Timer
589,Unranked(New),General Application,2.5,0,1000.0,"1pc Mini Eggshell Nail Lamp, Professional Curing UV/LED Phototherapy Glue, Nail Polish Glue, USB Power Supply, Compact And Portable, Ready For Manicure At Any Time"
590,#3 Best Sellers,in Ultrasonic Cleaners,5.03,48,0,1pc Multi-Functional Makeup Brush Cleaning Tool With Automatic Electric Design
591,Unranked(New),General Application,108.8,0,0,"Twin-Spiral Slow Juicer Matte Black Juicer With 5.1"" Wide Feeding Chute Cold Press Juicer For Vegetables And Fruits With Brush For Easy Cleaning Fruit Juice Cap And Coarse Filter Press Tofu Includes Two Juice Cups"
592,#4 Best Sellers,in Electric Nose & Ear Trimmers,3.2,0,0,1pc Portable Electric Nose Hair Trimmer
593,#4 Best Sellers,in Other Body Care Machines,3.6,0,0,Women Hair Removal Epilator Mini Facial Hair Remover Spring Threading Face Defeatherer For Cheeks Eyebrow DIY Makeup Beauty Tool
594,Unranked(New),General Application,4.0,0,70.0,"Stainless Steel Dumpling Maker Press, Easy-tool For Dumpling Wrapper Dough Stamp Cutter Pastry Pie Making"
595,#8 Best Sellers,in Massage Tools & Equipment,13.8,0,0,"1PC Portable Electric Waist Massager for Abdominal Fitness Training - For Waist, Arms, Hips, Legs and Total Body Exercise"
596,Unranked(New),General Application,3.6,10,200.0,"Electric Eyebrow Trimmer Personal Trimmer & Detailer For Hygienic Grooming For Women, Rechargeable Hair Cutting Shaver With Charging Function"
597,#7 Best Sellers,in Electronic Foot Files,7.2,0,0,1pc UV LED Nail Lamp Dryer For Manicure Gel Lamps Set Sun Light Drying Curing Nails Varnish Polish Hybrid Machine
598,Unranked(New),General Application,7.6,0,1000.0,Stay Cool On-The-Go: Small Handheld USB Fan - Portable & Charging For Students & Office Desk
599,Unranked(New),General Application,1.3,0,400.0,"1pc False Eyelashes Applicator Tool For Wear Eyelashes, Eyelashes Extension Apply Clip, Lashes Buddy Makeup Tools More Convenient To Wear Lashes"
600,Unranked(New),General Application,2.3,0,100.0,1pc Letter Graphic Egg Timer
601,Unranked(New),General Application,42.2,0,0,KM-1763 Kemei/KEMEI New USB Fast Charging Adjustable Knife Head Electric Pusher LED Digital Display
602,Unranked(New),General Application,1.1,0,1000.0,"Stem Egg Separator, White and Yolk Filter, Kitchen Baking Separator Tool"
603,#8 Best Sellers,in Egg Cookers,2.0,0,0,"1PC, Cute egg timer, Hard and soft Egg timer, Color-changing egg timer, with sensitive indicator, Kawaii Egg timer, watch egg ripener egg peeler, Home kitchen Egg timer, kitchen gadgets, RV gadgets, reusable, Christmas gift"
604,#6 Best Sellers,in Cleaning Appliance Parts,1.9,0,0,"2pc V-Shaped Toilet Brush, Small Toilet Brush, No Dead Corner Cleaning Brush, The Household Bathroom Artifact, Can Turn The Toilet Elbow To Hang On The Wall"
605,#9 Best Sellers,in Massage Tools & Equipment,11.44,20,0,"1 Pc Rechargeable Menstrual Heating Pad, Cycle Cordless Heating Pad For Cramps, Hot Massage Stomach Heating Pad With 3-Speed Temperature Adjustment And 4-Speed Massage Modes, Portable Electric Heating Belly Wrap Belt For Women And Girls' Gift"
606,#9 Best Sellers,in Egg Cookers,1.8,0,0,"1pc Stainless Steel Egg Separator, Yolk White Divider, Egg Yolk Separator Tool, Kitchen Tool"
607,Unranked(New),General Application,3.25,52,1400.0,Portable Rechargeable Handheld Misting Fan - Battery Operated Mini Face Steamer For Travel & Outdoors(Long Press The Power Switch Is Required To Start The Fan)
608,Unranked(New),General Application,8.1,0,7000.0,1 Rechargeable 1800 MAh Portable Handheld Mini Fan N15 Five Wind Mute Foldable Suitable For Outing Play Desktop Office Use
609,Unranked(New),General Application,9.7,0,300.0,"1pc+Rechargeable+2000mAh+Portable Mini Fan For Outdoor Use In Summer, 3 Wind Speeds Adjustable, Compact & Delicate, Multi-Scenario Usages, Can Be Hung On Neck & Waist Or Put On Desktop"
610,#6 Best Sellers,in Environmental Appliances,2.9,0,0,"Water Drop Shaped Mini Humidifier For Home/Office/Car/Desk/Dormitory, Cute Design, Quiet Operation"
611,Unranked(New),General Application,28.5,0,0,"1pc High-Quality Silver Aluminum Alloy Electric Wine Opener For Charging, Portable Outdoor Party Gift"
612,Unranked(New),General Application,5.2,13,500.0,"1pc Colorful 300ml Ultrasonic Humidifier-Usb Powered-Aromatherapy Essential Oil Diffuser For Room, Office, Desk, Home, Car -Air Purifier And Back-To-School Supplies"
613,#3 Best Sellers,in Meat & Poultry Tools,4.8,0,0,"1pc Manual Chicken Shredder And Beef Mincer - Reusable And Washable Kitchen Gadget, Can Quickly Shred Chicken Breast, Vegetable Slicer, Potato Masher, Minced Meat Separator"
614,#2 Best Sellers,in Power Toothbrushes,6.7,3,0,"Usb Rechargeable 6-Mode Electric Toothbrush, Sonic Automatic Toothbrush For Adult, With 4/8 Soft Brush Heads, Ideal Choice For Whitening Oral Health & Sensitive Gums, Waterproof Toothbrush For Home Travel, Gift Idea For Men And Women"
615,#8 Best Sellers,in Household Appliances,3.57,6,0,1pc Handheld Rechargeable Portable Mini Fan With 400mah Lithium Battery
616,#1 Best Sellers,in Kitchen Timers,2.8,0,0,1pc Color Changing Egg Timer - Accurately Measure Hard And Soft Boiled Eggs With Sensitive Indicator
617,Unranked(New),General Application,8.4,0,100.0,"1pc Usb Rechargeable Handheld Electric Milk Frother & Egg Beater With 2 Stainless Steel Attachments, 3 Speeds, Perfect For Coffee, Matcha Latte, Cappuccino And Hot Chocolate"
618,Unranked(New),General Application,1.1,0,0,"Odor Neutralizing Balls - Fresh Scents For Shoes, Gym Bags & Lockers - Multi-Use Air Freshener For Home, Office, Car"
619,#2 Best Sellers,in Vacuum Food Sealers,1.27,25,0,"5pcs Universal Food Clip, Stylish And Practical Household Sealing Clip, Keeping Purchased Products Fresh And Organized, Snack Bag Sealing Machine, Kitchen Tool"
620,Unranked(New),General Application,7.49,38,600.0,"Teckwe Car Vacuum Cleaner,Wireless Handheld Household Car Vacuum Cleaner,Mini Dust Blower For Home & Auto,Strong Suction & Rechargeable 12000Pa Including 6 Accessories"
621,Unranked(New),General Application,58.1,0,0,Original Kemei Kits De Combinação De Metal Completo Aparador Cabelo Para Homens Barbeiro Profissional Máquina Cortar Cabelo Barba Elétrica Máquina Corte Cabelo
622,#1 Best Sellers,in Digital Kitchen Scales,8.1,0,0,"1 Piece Small Stainless Steel Digital Kitchen Scale, 3000g, Multifunctional Pocket Cooking Scale, Mini Food Scale, Professional Electronic Jewelry Scale, With Backlit LCD Display, Tare And PCS Function, Stainless Steel (Battery Excluded)"
623,Unranked(New),General Application,7.4,15,300.0,"1 Portable Handheld Fan With LED Power Display Screen, Mini Handheld Fan, USB Charging Mini Pocket Handheld Fan, 90 ° Folding Electric Small Fan, Powerful Personal Handheld Fan, Suitable For Travel, Camping, Outdoor Office, And Home"
624,Unranked(New),General Application,2.5,0,20.0,"Portable Mini Battery Operated Milk Frother - Handheld Blender and Foam Maker for Coffee, Cappuccino, Latte, Matcha, Hot Chocolate - Stainless Steel Whisk - Easy to Use and Travel-Friendly"
625,#9 Best Sellers,in Egg Tools,1.8,0,0,"1pc Small And Large Size 2-in-1 Egg Slicer For Peeling And Cutting Eggs, And Cheese"
626,Unranked(New),General Application,2.4,0,200.0,"1pc Stainless Steel Kitchen Tool, Egg Slicer, Egg Cutter"
627,Unranked(New),General Application,2.5,0,100.0,1pc Egg Shaped Egg Timer
628,Unranked(New),General Application,3.1,0,100.0,"1pc Stainless Steel Egg Slicer, White 2 In 1 Egg Cutter For Kitchen"
629,Unranked(New),General Application,2.1,25,100.0,SHEIN Basic living 1pc Hand Press Whisk
630,Unranked(New),General Application,5.45,21,200.0,"1pc Home Mini Kitchen Electronic Scale High Precision Baking, Medicinal Materials, Liquid Scale Table, Electronic Scale"
631,Unranked(New),General Application,32.7,0,0,Kemei Rechargeable Electric Hair Clipper	KM-1998  Fast Charging Long Time Working Metal Casing Salonprofessional Trimmer
632,#4 Best Sellers,in Kitchen Meat Grinders,6.4,0,0,"1pc Hand-Operated Meat Grinder Multi-Functional Garlic Masher, Vegetable Chopper, Fruit Crusher, Kitchen Tool, Apartment Essential"
633,#10 Best Sellers,in Laundry Appliances,7.86,14,0,"1 Piece Clothes Ball Remover, Rechargeable Ball Remover, Lint Trimmer Razor, Hair Ball Shaving Machine, Clothes Ball Remover"
634,#2 Best Sellers,in Kitchen Timers,2.9,0,0,Timer Children Student Special Portable Visual Time Management Electronic Stopwatch Timer Kitchen Timer Reminder
635,#4 Best Sellers,in Coffee & Tea Appliances,3.9,0,0,"Stainless Steel Handheld Milk Frother For Coffee, Cappuccino, And Chocolate - Perfect For Latte, Cream, And Foam Making No Battery"
636,#8 Best Sellers,in Digital Kitchen Scales,6.3,0,0,Digital Luggage Scale Electronic Portable Suitcase Travel Weighs With Back Light Electronic Travel Hanging Scales
637,Unranked(New),General Application,2.7,0,200.0,"1pc Stainless Steel Eggshell Cutter, Silver Egg Topper For Kitchen"
638,Unranked(New),General Application,8.2,2,300.0,"One Rechargeable Bladeless Neck Hanging Fan, Portable Mini Fan Usb Charging And Foldable"
639,#1 Best Sellers,in Electric Space Heater,13.8,0,0,"1pc Rechargeable Warm Palace Pad With 3 Heating Levels & 4 Vibration Modes,keep Warm & Relieve Menstrual Cramps,great For Girlfriend Or Mother's Day Gift"
640,#3 Best Sellers,in Kitchen Meat Grinders,4.7,0,0,1pc Handheld Meat Chopper Grinder Mixer Shovel For Rice Stirring & Meat Mashing
641,Unranked(New),General Application,42.7,0,0,1pc Rechargeable S2508 Electric Shaver Three-Dimensional Floating Cutterhead 1 Hour Fast Charging 50-Minute Battery Life
642,Unranked(New),General Application,6.2,0,100.0,"1pc Nail Lamp, UV LED Nail Dryer Light 18pcs Nail Lamp Beads Portable Professional Curing Lamp For Gel Nails Polish 3 Timers Nail Art Tools Auto Sensor USB Plug"
643,Unranked(New),General Application,2.9,0,40.0,1pc Stainless Steel Egg Divider
644,#9 Best Sellers,in Women Shave & Hair Removal Appliances,2.79,10,0,"1pc Battery-Operated Electric Brow Shaver, Women's Eyebrow Trimmer, Nose Hair Clippers, Remover, Multi-Functional Body Hair Shaver, Depilatory Pen, Lipstick Shape, For Trimming Eyebrows And Facial Hair Razor"
645,Unranked(New),General Application,10.5,0,30.0,"1pc Electric Heated Shoulder Massager With Heat Function For Neck & Joint Pain Relief, Winter"
646,Unranked(New),General Application,2.59,35,70.0,"Teckwe Ear & Nose Hair Trimmer Clipper,Electric Nose Hair Trimmer,Battery-Operated Trimmer & Waterproof,Painless Eyebrow & Facial Hair Trimmer For Men Women"
647,#5 Best Sellers,in Epilators,5.9,0,0,Electric Shaver For Women Electric Razor For Womens Bikini Legs Underarm Public Hairs Portable Trimmer With Detachable Head Cordless Wet Dry Use
648,Unranked(New),General Application,9.63,10,10.0,"1pc Rechargeable Fashionable Neck Hanging Fan, Silent And Long-Lasting Waist Hanging Fan, Adjustable Wind Speed In 3 Gears,With Neck Rope"
649,Unranked(New),General Application,1.62,68,1200.0,"Silently Cool The Air Anywhere: Portable, Durable Mini Fan With High Performance USB Rechargeable Battery - Your Convenient Cool Companion"
650,#4 Best Sellers,in Water Treatment Appliances,9.1,0,0,"Water dispenser portable water bottle pump is applicable to universal 3, 4 and 5 gallon with USB charging and automatic shutdown switch"
651,Unranked(New),General Application,12.3,0,0,"1pc  Battery-Powered Electric Toothbrush, Includes AA Battery, Cartoon Waterproof Soft Toothbrush, Specially Designed For Children's Teeth, Ideal Gift For Girls And Boys"
652,Unranked(New),General Application,2.9,0,200.0,Mini Portable Pocket Facial Spray Usb Nano Misting Humidifier Oem Face Steamer Ionic Abs Charging
653,Unranked(New),General Application,3.28,9,5100.0,Stay Cool On-The-Go: 1pc Portable USB Mini Fan
654,#1 Best Sellers,in Other Styling Tools,3.0,9,0,"1pc Rib Shaped Comb, Large Curved Comb, Hair Styling Comb For Women With Curly & Straight Hair, Hair Massage Comb And Fluffy Hair Comb"
655,#4 Best Sellers,in Car Electronics,18.1,0,0,"Car & Home Wired Vacuum Cleaner, Handheld Mini Dust Remover With Powerful Suction And Crevice Tool"
656,#3 Best Sellers,in Kitchen Timers,2.4,0,0,"1pc Kitchen Electronic Learning Timer, Multifunctional Count Up & Count Down Timer, Reminder For Baking, Electronic Timer"
657,Unranked(New),General Application,8.6,0,200.0,1pc Portable Neck Fan
658,#7 Best Sellers,in Women Electric Shavers,10.1,4,0,"Electric Razor Foe Women, 4 In 1 Womens Shaver For Pubic Hair Wet & Dry Cordless Hair Remover For Eyebrow, Nose, Face, Legs, Underarms Portable Bikini Trimmer Rechargeable For Lady Hair Shaving, Hair Removal Set, Usb Rechargeable, Including Eyebrow Trimmer, Suitable For All Body Parts"
659,Unranked(New),General Application,2.3,0,10.0,"Wet & Dry Gentle Detangling Hair Brush With Scalp-Massaging Bristles For Healthy, Shiny Hair"
660,Unranked(New),General Application,2.9,0,700.0,"1pc Nano Facial Steamer, Handy Mini Mister, USB Rechargeable Mist Sprayer, 30ml Visual Water Tank Moisturizing&Hydrating For Face, Daily Makeup, Skin Care, Eyelash Extensions"
661,Unranked(New),General Application,329.9,34,0,"Smart Function WiFi Portable AC with Remote Control - Cooling Only, UL Certified - Choose from DOE 10000 BTU - Compatible with Alexa Voice Control"
662,#1 Best Sellers,in Oral Care Appliances,6.2,0,0,1pc Rechargeable Electric Toothbrush With 6 Adjustable Modes And 4 Brush Heads
663,#2 Best Sellers,in Kitchen Meat Grinders,14.6,0,0,"1-Pack Chicken Chopper Meat Chopper Tool Swivel With Clear Cover, Ergonomic Handle And Non-Slip Base. Suitable For Pulled Pork, Beef, Chicken, Salads,"
664,Unranked(New),General Application,1.48,51,100.0,Multifunctional Wooden Hand Massager With Acupressure Points And Pure Wooden Massage Roller
665,Unranked(New),General Application,17.09,72,100.0,"KIPOZI Teeth Whitening Kit, LED Teeth Whitening Light With 6 X 3ml Carbamide Peroxide Teeth Whitening Gel, Included 2 Mouth Trays & Tray Case And Brush, Safe Enamel, Fast And Gentle Teeth Whitening"
666,Unranked(New),General Application,1.7,0,200.0,"1pc White Egg Whisk, Simple White Silicone Egg Beater For Kitchen"
667,Unranked(New),General Application,16.7,0,70.0,"1pc Cross-Border Smart Remote Controlled Led Ceiling Fan Light With Aromatherapy And Fan Functions, 30w"
668,#1 Best Sellers,in Electronic Beauty Instruments,15.5,0,0,"Gua Sha Facial Tools,Remove Puffiness, Anti-Wrinkle,Anti-Aging, Electric Gua Sha Skin Beautifying Scraping Massage Tool, Heated Vibration Facial Massage Device"
669,Unranked(New),General Application,10.5,0,40.0,Portable Juicer Cup With Safety Lock - Suitable For Students And Sports Enthusiasts - Multifunctional And Rechargeable
670,Unranked(New),General Application,6.25,40,100.0,USB 3-Head Electric Mixer Charging Egg Beater Portable Cream Frother Milk Coffee Whisk Kitchen & Home Tools
671,Unranked(New),General Application,28.2,0,0,HD11 Electric Shaver
672,Unranked(New),General Application,8.4,7,100.0,"1pc Rechargeable 1800mah Battery Digital Display Mini Portable Fan, Foldable Desktop/Handheld/Neck-Hanging Fan, 5-Speed, 5-Blade, Quiet"
673,#1 Best Sellers,in Electric Hair Brushes,9.7,0,0,"Electric Straightening Brush, Hair Straightener Brush For All Hair Types, Hot Pressing Comb, Curling Comb, Wet And Dry Straightening Brush, Suitable For Beard Straightening And Hair Styling"
674,#3 Best Sellers,in Hand Blenders,3.33,59,0,"1pc Portable USB-Charged Electric Milk Frother: Handheld, 3-Speed6000 RPM With 2 Whisks-Compact Coffee Foamer"
675,Unranked(New),General Application,1.74,52,10000.0,1pc Usb Charging Hair Trimmer With Data Cable
676,Unranked(New),General Application,4.7,0,400.0,"2pcs/set Non-stick Egg Frying Pan, Stainless Steel Egg Ring, Round Cooking Mold, Plastic Egg Shaper, Pancake Ring Maker For Home Breakfast Cooking Tools"
677,Unranked(New),General Application,2.4,0,100.0,1pc Egg Poacher  Microwave Egg Steamer  Round Shape Plastic Egg Omelette Tools  Kitchen Supplies  DIY Egg Tool Baking Tool
678,#1 Best Sellers,in Electric Eyebrow Trimmer,2.9,0,0,1pc ABS Portable Electric Eyebrow Trimmer
679,Unranked(New),General Application,1.6,0,90.0,"Soft Silicone Massage Shampoo Brush, 1pc Multicolor Manual Head Massager Bath Use Scalp Massager, Hair Brush/Hair Comb Black Friday"
680,#4 Best Sellers,in Hair Styling Care Appliances,9.12,35,0,"Teckwe Hot Comb Straightener,Multi-Functional Hair Styling Tool For Family Daily Use,Quick And Easy,Copper Hair Straightening Comb For American African Hair,Ceramic Electric Hot Comb For Women Hair - US Plug"
681,Unranked(New),General Application,9.3,19,0,"Home Personal Care Electronic LCD Digital Arm Blood Pressure Monitor, Electronic Blood Pressure Monitor, Large Screen Arm English Blood Pressure Measurement, Essential For Home Testing(Product Does Not Contain Batteries)"
682,#2 Best Sellers,in Cleaning Appliances,8.5,0,0,"Rechargeble Handheld Wireless Vacuum Cleaner, 1200mAH Battery, USB Charging, Reusable Filter Cartridge, For Car Cleaning"
683,Unranked(New),General Application,8.63,25,50.0,"1pc Portable Neck Fan, Hands Free Bladeless Fan, Leafless, Rechargeable, Headphone Design, USB Powered Desk Fan,3 Speeds"
684,Unranked(New),General Application,2.7,0,300.0,1pc Geometric Shaped Silicone Egg Ring
685,#1 Best Sellers,in Electric Cleaning Brushes,8.8,0,0,"1pc White Multifunctional Electric Cleaning Brush, Portable Wireless Powerful Cleaning Brush, Replaceable Brush Head Handheld Electric Cleaning Brush, Suitable For Kitchen, Bathroom"
686,Unranked(New),General Application,2.1,0,200.0,1pc Stainless Steel  Mini Electric Coffee Blender Handheld Eggbeater Bubble Drink Stir Bar Household Kitchen
687,#8 Best Sellers,in Milk Frothers,8.5,0,0,"3pcs Household Stainless Steel Milk Frother Mixer Set, Including A Body, A Mixing Head, A Whisk Head And A Stand To Meet Different Needs"
688,Unranked(New),General Application,5.3,0,2200.0,"Chicken Chopper With Handle, Meat Chopper For Shredding Pork, Beef And Chicken, 1pc. Chicken Chopper Tool For Dicing And Shredding Chicken Breast, Chicken Stripper Tool"
689,Unranked(New),General Application,6.7,4,100.0,"4 In 1 Facial Electric Shaver For Women, Full Body Epilator Rechargeable Eyebrow Nose Bikini Hair Trimmer"
690,Unranked(New),General Application,5.7,19,800.0,Mini USB Fan Portable Fans Metal Cooler Cooling 4 Blades Desktop Mute Fans Silent Universal For Car Notebook Computer Desk Fan
691,Unranked(New),General Application,23.2,0,0,KEmei Shaver KM-8512 Double-Layer Reciprocating Full Body Washing LED LCD Digital Display Electric Shaver
692,Unranked(New),General Application,3.7,0,0,Mini Handheld Fan Battery Operated Small Personal Portable Fan Speed Adjustable USB Rechargeable Fan Cute Design Powerful Eyelash Fan For Home Office Car Outdoor Travel
693,#4 Best Sellers,in Hair Straightening Irons,9.5,3,0,2-In-1 Hair Straightener And Curler Comb Hair Straightener Curling Iron Hot Tools Curling Iron Heated Styling Iron Brush Gift For Women Travel Home Salon
694,Unranked(New),General Application,23.1,0,50.0,"800ml Anti-Gravity Humidifier With Reverse Water Dropping For Office, Home, Bedroom, Silent Large Mist Small Spray Humidifier"
695,#4 Best Sellers,in Epilators,12.3,0,0,"Portable 4-in-1 Women's Electric Shaver For Shaping Eyebrows, Removing Hair From Temple, Underarm And Legs With Usb Charging"
696,Unranked(New),General Application,9.4,0,100.0,"1PC Portable Wireless Handheld Car Vacuum Cleaner, Mini, For Home And Car Use"
697,#7 Best Sellers,in Dehumidifiers,3.9,0,0,"1pc/4pcs/6pcs Portable Hanging Humidity Box Set Combination, Moisture-Proof Bag Moisture-Proof Box Set, Effectively Absorb Excess Moisture, Wardrobe Dehumidification And Deodorization, Suitable For Closets, Wardrobes, Bedrooms"
698,#9 Best Sellers,in Kitchen Appliances,14.8,0,0,"1pc Ice Shaver And Snow Cone Machine, Portable Ice Crusher And Shaved Ice Machine With Free Ice Cube Trays,"
699,Unranked(New),General Application,10.9,5,10.0,"1pc Stainless Steel Kitchen Electronic Scale, 22lb/10kg Electric Digital Food Scale, 1g/0.04oz High Precision Measuring Scale For Weight Loss, Baking, Cooking, Kitchen Scale, Kitchen Gadgets, Kitchen Supplies"
700,Unranked(New),General Application,2.9,0,10.0,"Colorful Mini Humidifier, Compact, USB-Powered For Home, Car And Desktop Use"
701,Unranked(New),General Application,13.9,0,0,"A Liushu Toilet Cleaner, Intelligent Toilet Cleaner, Toilet Accessory, Intelligent Induction Toilet Deodorizer For Removing Odor In Bathroom"
702,Unranked(New),General Application,6.9,0,40.0,"Handheld Fan, Portabe Fan Battery Powered Fan With LED, Small Personal Usb Folding Skincare Little Wireless Cooling Powerful Quiet Hand Fans, Mini Fan Handheld"
703,Unranked(New),General Application,4.6,0,6900.0,"Mini Handheld Fan USB Charging Ultra-Quiet Lightweight And Portable Desk Cooler, Portable Air Conditioner For Home Office Travel Outdoor, Aire Aconditionado"
704,Unranked(New),General Application,23.6,0,70.0,Electric Toothbrush 5 Modes 8 Replacement Brush Heads Wireless Charging Ipx7 Grade Waterproof Includes Travel Casual Box Ideal Gift For Home And Traveling Adults To Protect Oral Health With Teeth Whitening
705,#5 Best Sellers,in Vacuum Food Sealers,5.4,0,0,"1pc Mini Portable Plastic Sealing Machine For Thin Plastic Bags/Packaging, 2xAA Battery Powered Small Sealer (Battery Not Included)"
706,Unranked(New),General Application,3.0,0,100.0,3pcs/6pcs/Set New Egglettes Egg Cooker Silicone Steamer Mini Steamer Egg Cup
707,#5 Best Sellers,in Digital Kitchen Scales,1.61,62,0,"1pc LCD Display Measuring Spoon Scale, Adjustable Volume Digital Spoon Scale, Handheld Accessory Scale For Food Measuring, Suitable For Coffee And Milk Tea (Without Battery)"
708,Unranked(New),General Application,13.1,0,400.0,"1pc Usb Rechargeable Portable Neck Fan With 5 Modes, Digital Display, Led Lighting And Battery Indicator. Suitable For Home/Travel/Camping/Office/Exercise/Work/Night Running. Hands-Free, Keeping Cool And Comfortable"
709,Unranked(New),General Application,4.4,0,100.0,"Mini Handheld Fan, 3 Speed USB Desk Fan, Lightweight Makeup USB Fan Small Personal Portable Table Fan With USB Rechargeable Battery Operated Cooling Folding Electric Fan For Travel Office Room Household"
710,#7 Best Sellers,in Electronic Nail Art Equipment,10.4,0,0,"1pc LED Nail Lamp, Nail Dryer Gel Nail Polish Curing LED UV Light, With 4 Timers Automatic Sensor LCD Display Professional Nail Art Tool, Accessories For Fingernail Toenail Salon"
711,Unranked(New),General Application,19.2,0,0,1pc Battery Operated Portable Outdoor Party Bar Gift Wine Opener
712,Unranked(New),General Application,2.24,20,600.0,"1pc 2*AA Batteries Powerful Electric Milk Frother Handheld Foam Maker For Lattes - Whisk Drink Mixer For Coffee, Mini Foamer For Cappuccino, Frappe, Matcha, Hot Chocolate"
713,Unranked(New),General Application,14.3,0,200.0,"360° High-Velocity Dual-Head USB Fan - Portable, Quiet Cooling With Touch Control, Perfect For Home & Car"
714,Unranked(New),General Application,6.0,0,70.0,"1pc Rechargeable Mini Portable Sealer With Opening Function, 2-in-1 Sealer For Thin Plastic Bags And Packets"
715,Unranked(New),General Application,10.8,0,200.0,"1pc Car Seat Cooling Fan, USB Interface Electric Car Fan, Multi-Functional Rear Seat Rear Fan, Strong Wind, Small And Portable Fan"
716,Unranked(New),General Application,10.4,0,1000.0,Pink New Desktop/Wall Mounted Usb Electric Fan For Household/Student Dormitory/Bedroom/Office With Mini Portable Size
717,#8 Best Sellers,in Specialty Kitchen Appliances,1.7,0,0,"1 fish scale remover, made of PP, easy to handle, easy to clean, non-slip and durable, suitable for kitchen Blue/Green/Beige"
718,#5 Best Sellers,in Air Fryers,5.0,0,0,"100pcs Disposable Air Fryer Liners, Kitchen Accessories, Non-Stick Air Fryer Accessories, Oil-Proof And Waterproof, Suitable For Baking, Grilling And Microwave, Air Fryer Paper"
719,Unranked(New),General Application,5.2,0,100.0,"1pc Plastic Manual Muscle Massage Roller With Round Handle, Massager Cellulite Roller For Leg Arm Back Muscle Pain Relief And Muscle Relaxation"
720,Unranked(New),General Application,14.0,0,50.0,"1pc Household Electric Milk Frother, Cream & Egg Whisk, Mixer"
721,Unranked(New),General Application,35.1,0,0,Kemei KM-2030 Rechargeable Profession Metallic Electric Trimmer Hair Clipper LCD Cordless Hair Trimmer Professional Hair Trimmer
722,Unranked(New),General Application,3.45,52,100.0,1pc Handheld Spray Fan USB Charging Humidification Spray Hanging Neck Fan Outdoor Folding Mini Handheld Small Fan (4 Colors Optional)
723,Unranked(New),General Application,2.6,0,100.0,"1pc New Mini Eggshell Nail Dryer Led Uv Lamp, Portable Gel Polish Curing Light, Nail Art Tool Set, Usb Powered, Best Gift For Women"
724,Unranked(New),General Application,1.6,0,400.0,8cm/10cm Humidifier Filter Mini Home Office Aroma Diffuser Replacement Sticks 10pcs/pack
725,Unranked(New),General Application,4.84,22,200.0,"Mini Electric Lint Remover, Battery-operated Fabric Shaver, Clothes Fuzz Removing Machine"
726,Unranked(New),General Application,10.0,0,60.0,2/4/6/9Cup Coffee Maker Stainless Steel Espresso Maker 100-470ML Mocha Pot Espresso Maker For Home Kitchen Camping
727,#6 Best Sellers,in Laundry Appliances,8.9,0,0,"1pc Plug-In Mini Iron For Diy Heat Transfer, Lightweight And Portable, Enjoying Handicraft Fun, Making Delicate Iron On Transfer And Decals On Clothes For Children"
728,#1 Best Sellers,in Styling Tools & Appliances,3.4,0,0,1pc Professional Electric Hair Clipper T-Blade Beard Trimmer USBCharging Cordless Hair Clipper Set Retro Men's Hair Clipper  SuitableFor Father's Day Gifts
729,Unranked(New),General Application,4.0,2,100.0,"1pc Women's Rechargeable 2-In-1 Facial Shaver And Hair Trimmer With Epilator, Lip And Eyebrow Hair Removal - Get Smooth, Flawless Skin In Minutes!"
730,Unranked(New),General Application,12.6,0,300.0,Car Wire Vacuum Cleaner USB Charging Car Household Vacuum Cleaner Small Car With Fully Automatic High Power Powerful Cleaning Strong Suction Cleaning Mini Machine Wire Portable Handhled Blower Machine Air Duster For Home Appliances
731,Unranked(New),General Application,152.99,15,0,"Havato Electric Fireplace 25"" Freestanding Electric Fireplace With Remote Control,Available In Winte,Overheating-Protection,Room Decor,Realistic Flame,Elegant Cathedral Design Electric Fireplace Heater For Indoor Use"
732,Unranked(New),General Application,2.7,0,200.0,"Mini Humidifier - Cool Mist Aroma Diffuser For Car, Office, Bedroom - 220mL Capacity - 2 Mist Modes - Quiet Operation Christmas Gift"
733,#9 Best Sellers,in Lint Removers,10.9,0,0,"1pc Rechargeable Lint Remover, Portable Household Fabric Shaver, Sweater Pill Trimmer, Clothes Fuzz Removing Machine For Home Dorm Use"
734,#6 Best Sellers,in Milk Frothers,8.5,0,0,"1 Three-Speed Adjustable Electric Handheld Milk Frother, Including 2 Mixing Heads And A Body, Silver-White Appearance, USB Rechargeable And Durable"
735,#8 Best Sellers,in Electronic Nail Art Equipment,5.2,0,0,UV Nail Dryer Lamp 18 UV LED Light For All Gels  Timer Professional Manicure Pedicure Nail Epuipmen
736,#7 Best Sellers,in Egg Cookers,1.18,61,0,"1pc Semi-automatic Rotary Egg Beater, Stainless Steel Egg Whisk, Kitchen Tools,Semi Automatic Whisk & 1pc Separator"
737,Unranked(New),General Application,5.8,0,400.0,"1pc Colorful 400ml Cool Mist Humidifier - Essential Oil Diffuser For Room, Office, Desktop, Home, Car - Air Fresheners And Back To School Supplies"
738,#1 Best Sellers,in Electric Kettles,27.9,0,0,"1pc Electric Kettle For Boiling Water, Coffee Tea Maker, Stainless Steel Inner Lid And Filter, 63.5 Oz/1000 Watt, Hot Water Boiler, 45° Streamlined Spout Design, Large Opening And Auto-Close, , LED Light"
739,Unranked(New),General Application,3.6,0,200.0,"1pc Rechargeable Portable Men's Hair Clipper, Black One-piece Buddha Head, Suitable For Home And Professional Barbershop Use"
740,Unranked(New),General Application,8.3,0,500.0,"1pc Electric Garlic Chopper, Portable VeggieChopper , Garlic Press 250ML,100ML, Garlic GrinderMasher Onion Chopper, Blender To Vegetable,Cordless Food Processor For Ginger, Chili, FruitMeat, Spices, Beans,"
741,Unranked(New),General Application,39.99,20,0,"Toaster 2 Slice with Extra-Wide Slot for Toasting Bagels, Breads, Waffles & More"
742,Unranked(New),General Application,9.9,0,400.0,1PC Rechargeable 2000mAh Portable Hanging Neck Fan Outdoor Summer Air Cooling Mini Fan
743,Unranked(New),General Application,12.6,0,600.0,Vehicle-Mounted Vacuum Cleaner Super Suction Super High Power Wet And Dry Cleaning Cat Hair Pet Hair Multi-Functional Portable Mini-Handheld In-Car Corded Cable Vacuum Cleaner For All Vehicles With Cigarette Lighter Socket
744,Unranked(New),General Application,9.9,0,100.0,"New Wireless Electric Single-Head Double-Bar USB Electric Mixer, Mini Cream Automatic Beater For Home Use, Cake Baking, Handheld Rechargeable, High Power Quick Mixing Food Blender, Electric Egg Beater (White/Black)"
745,#10 Best Sellers,in Electric Kettles,17.3,0,0,"Electric Kettle, Stainless Steel Kettle, Household Electric Kettle"
746,Unranked(New),General Application,7.3,0,1200.0,"1pc, Mini Portable Foldable Fan With Spray Humidifier USB Rechargeable Handheld Fan With Water Mist, Cooling Comfort For Indoor & Outdoor Travel, Living Room Classroom, School Bedroom, Office Outdoor Sports, Picnic Travel, Summer Essential, Beach Vacation Essential Back To School Supplies"
747,Unranked(New),General Application,5.8,0,100.0,"Mini Makeup Brush, Eyelashes Cleaner Device Electric Automatic Washing Machine Sponge Cleaning Toy For Girls Ladies. Cute And Helpful: To Wash Your Makeup Brushes, Sponge, Powder Puff. 1pc Automatic Cleaning Washing Machine For Makeup Brush Sponge Eyelash, Makeup Tool Cleaner With Dry Bucket For Makeup Tool, Makeup Sponge Washing Machine, Deep Clean Mini Washing Machine, Electronic Washing Machine For Makeup Sponge, Powder Puffs"
748,#6 Best Sellers,in Beauty & Body Care Appliances,2.8,3,0,Mini Bendable USB Nail Dryer Foldable UV LED Lamp For Nails Gel Polish Drying Glue Nail Drying Lamp Nail Art Manicure Tools
749,#2 Best Sellers,in Digital Kitchen Scales,8.3,0,0,"1pc Mini Kitchen Baking Coffee Food Electronic Scale I2000, Square, Suitable For Home Cooking (Without Battery)"
750,#2 Best Sellers,in Hair Dryers,25.5,4,0,"Professional Ionic Hair Dryer,1800W Quick Dry Low Noise Hair Dryer With 2 Concentrator Nozzles, 1 Diffuser Attachment For Home Lightweight Travel Hairdryer Salon Hair Blow Dryer Hair Care Gift"
751,Unranked(New),General Application,7.25,59,10.0,"PANCERKA 1 Set Electric Spin Scrubber With 5 Replaceable Brush Head, TYPE-C Rechargeable Power Cord Electric Cleaning Brush, Three-Speed Adjustable Handheld Shower Scrubber For Bathroom, Kitchen, Bathtub, Tile, Shower, Cleaning Supplies"
752,Unranked(New),General Application,117.99,21,0,"16QT Air Fryer Toaster Oven Combo, 4-Slice Convection Oven With Air Fryer Function, Warm, Broil, Toast, Bake, Oil-Free Cooking, Includes Accessories, Stainless Steel"
753,Unranked(New),General Application,7.2,0,40.0,"1pc Wooden Roller Massage Stick, Legs, Back, Belly, Limbs, Neck And More Can Be Used, White Nine Wheels, Red Nine Wheels, Multiple Colors Available"
754,Unranked(New),General Application,2.8,0,300.0,"Mini Usb Mouse Shaped Uv Lamp For Nail Art, With Gel Polish And Top/base Coat, No Dark Skin, Fast Drying And Long Lasting"
755,Unranked(New),General Application,9.4,7,200.0,"1pc Smart Temperature Display Insulated Coffee Cup, Stainless Steel Portable Travel Mug, Double Wall Vacuum Insulated Cooler Mug For Hot And Cold Drinks, Holiday Gifts"
756,#10 Best Sellers,in Air Fryers,3.8,0,0,"Round Air Fryer Parchment Paper, Oil-absorbing And Non-stick, Suitable For Baking And Roasting In Air Fryer"
757,Unranked(New),General Application,23.9,0,100.0,"1pc Household Floor Sweeper,Upgrade Hand-Pushed Sweeping Robot With Dustpan Set - 2 In 1 Machine For Hardwood Surfaces, Wood Floors, Laminate, Tile - Small & Portable Broom, Cleans Dust Pet Hair, Manual Hand Push Mop Vacuum Cleaner"
758,#1 Best Sellers,in Water and Ice Dispensers,6.4,0,0,"Wireless Usb Rechargeable Electric Water Pump Dispenser, Portable Pure Drinking Water Bottled Switch, Two Use For Home Office Kitchen Outdoor, Black & White, Size: 130*90*65mm/5.11*3.54*2.55inch"
759,#2 Best Sellers,in Hair Clippers,3.4,0,0,"1pc Dragon & Phoenix Pattern Rechargeable Men's Hair Clipper, ABS Material, Portable & Professional For Home & Travel Use"
760,#4 Best Sellers,in Electric Salt & Pepper Grinders,6.4,0,0,"2-In-1 Salt And Pepper Grinder Set, Double-Head Spice Grinder, Manual Pepper Mill -Household Sea Salt Ginder, Stainless Steel Spice Grinder, Manual Pepper Mill, Spice Crusher, Reusable Spice Bottle For BBQ Picnic Camping, Kitchen Gadgets, Gifts, Dorm Essentials, Back To School Supplies"
761,Unranked(New),General Application,42.7,0,0,1pc Rechargeable  S2509 Electric Shaver Three-Dimensional Floating Cutterhead 1 Hour Fast Charging 50-Minute Battery Life
762,Unranked(New),General Application,7.9,0,1800.0,"Mini Handheld Fan With 5 Speeds Wind Display, Portable & Quiet Fan For Office Desktop, Dorm Room, Rechargeable & Hand-held Fan For Outdoor Use"
763,Unranked(New),General Application,8.2,0,20.0,"1pc Mini Portable Fan, Handheld Fan Personal Mini Fan USB Rechargeable With 5 Speeds, 90° Foldable Battery Operated Mini Fan With LED Display, Desk Fan Working Time For Office Bedroom Outdoor Travel Camping Back To School Supplies"
764,Unranked(New),General Application,3.29,35,100.0,"Teckwe Fabric Shaver Lint Remover For Clothes,Mini Portable Hair Ball Trimmer Sweater Defuzzer Remove Fuzz,Lint Balls,Pills,Bobbles From Clothes,Furniture,Carpet,Couch (Batteries Not Included)"
765,Unranked(New),General Application,21.2,0,100.0,"Telescopic USB Rechargeable Foldable Portable Mini Fan For Dormitory Outdoor Activities, Portable USB Fan"
766,Unranked(New),General Application,9.1,0,200.0,1pc Portable Stroller Fan Flexible Tripod Clip On Fan With 3 Speeds And Rotatable Handheld Personal Fan For Car Seat Crib Bike Treadmill
767,Unranked(New),General Application,13.4,0,100.0,1pc Italian Style  Espresso Maker - Aluminum Moka Pot for Strong and Flavored Coffee - Easy to Operate and Clean
768,Unranked(New),General Application,2.9,3,90.0,1pc ABS Portable Charging Electric Eyebrow Trimmer Women's Eyebrow Pencil Automatic Eyebrow Knife Facial Hair Removal Beauty Trimmer Lipstick Shaver
769,#4 Best Sellers,in Hair Straightening Irons,17.4,0,0,"Professional All-in-one Hair Drying Brush, Hot Air Brush, Hair Dryer Brush, Hair Styling Brush For Drying, Curling And Modeling Hair"
770,Unranked(New),General Application,6.3,0,20.0,"Bladeless Halter Fan Slouchy, Silent, Portable Mini Foldable Fan With Three Speeds And Long Battery Life"
771,Unranked(New),General Application,5.3,0,0,"1pc Compact And Portable Battery-Free High Quality Plastic Thermometer Hygrometer, White Circle Shape, Physically Induced High Precision Temperature And Humidity Measurement, Suitable For Home/Office/Warehouse/Laboratory/Greenhouse, For All Seasons"
772,Unranked(New),General Application,13.88,22,100.0,"Wireless Vacuum Cleaner With Strong Suction Power And Multi-Functional Handheld Design - Suitable For Home, Commercial, Car, Industrial And Outdoor Use - Can Be Used For Cleaning Floors And As A Dust Collector"
773,#4 Best Sellers,in Exhaust Fans,12.9,0,0,Desktop Leafless Fan Home Office Tower Fan Floor Leafless Tower Fan USB Rechargeable Portable Tower Fan
774,Unranked(New),General Application,5.0,0,2600.0,"Silently Cool The Air Anywhere: Portable, Durable Mini Fan With High Performance USB Rechargeable Battery - Your Convenient Cool Companion"
775,#1 Best Sellers,in Ultrasonic Cleaners,6.0,6,0,"Multifunctional Cleaner, Makeup Storage Cleaning, Jewelry Cleaning, Silverware Cleaning, Suitable For Glasses, Rings, Earrings, Necklaces, Watch Straps, Makeup Brushes"
776,Unranked(New),General Application,4.23,10,60.0,"Versatile 5-In-1 Electric Epilator For Painless Hair Removal - Precision Trimmer For Bikini, Eyebrow & Body - Portable & Battery-Operated For Home And Travel Use"
777,#3 Best Sellers,in Curling Tongs & Curling Wands,11.23,8,0,3 Barrels Hair Curling Roll Ceramic Iron 22Mm Temperature Adjustable Portable 3 Barrels Wave Iron Wand Curler Diy Curly Hair Styling Tools Gift
778,#4 Best Sellers,in Hand Blenders,15.3,0,0,Household Handheld Egg White Cream Electric Mixer
779,#6 Best Sellers,in Curling Tongs & Curling Wands,25.7,4,0,"1 Piece Automatic Curling Lron, Electric Heatedhair Curler, Automatical Rotating Curling Lronsportable Heated Hair Styling Tool For Home,Salon, Barbershop, Beauty Products Curling Wand"
780,#4 Best Sellers,in Blenders,20.5,0,0,"PANCERKA Electric Vegetable Chopper & Mini Food Processor, Electric Food Chopper 1.5-Cup, For Dicing, Mincing, And Puree, Black"
781,#8 Best Sellers,in Vacuum Food Sealers,18.09,10,0,"Vacuum Sealer Machine With Dry/Wet/External Vacuum System Modes, Led Display, Automatic And Manual Options For Food Storage And Air Sealing"
782,Unranked(New),General Application,3.3,8,60.0,1pc Rechargeable 500mAh Battery Portable Handheld Mini Fan With 3 Adjustable Speed Levels
783,Unranked(New),General Application,26.0,0,30.0,"1pc Multi-Functional Anti-Gravity Humidifier With Clock, Night Light, And Ornament - Enhance Your Home's Atmosphere And Health"
784,#8 Best Sellers,in Laundry Appliances,15.72,28,0,"PANCERKA Steamer For Clothes, Garment Steamer, Handheld Garment Steamer, Portable Fabric Steamer, Clothes Wrinkle Remover, Home Ironing Machine, Suitable For Travel And Home Use - Fast Heating"
785,#4 Best Sellers,in Juicer & Food Processor,78.1,0,0,Slow Masticating Juicer Cold Press Juice Extractor Apple Orange Citrus Juicer Machine with Wide Chute Quiet Motor for Fruit Vegetables
786,Unranked(New),General Application,15.9,0,80.0,"MINI Fascia Gun Men's And Women's Creative Pocket Machine Portable Meridians Massage Parlor Electric Health Equipment Mini Fascia Gun,Massage Gun"
787,Unranked(New),General Application,14.7,0,400.0,"1200mah Rechargeable Foldable Desktop Fan/Wall-Mounted Fan/Portable Air Conditioner, Foldable Fan, Table Fan, Mini Portable Fan, Suitable For Office, Home, Kitchen, Outdoor, 90° Adjustable, Quiet Operation, With Trackless Hook, Three Adjustable Speeds"
788,Unranked(New),General Application,25.3,0,30.0,1 Pc USB Charging Electric Juicer 350ml Mini Portable Blender Fruit Mixers Fruit Extractors Multifunction Juice Maker Machine Blender Smoothies Mixer
789,Unranked(New),General Application,5.0,0,1700.0,Rechargeable Handheld Mini Fan Small Desk Cooler Portable Air Conditioner Student Cute Mini Electric Fan Handheld Mute  Aire Aconditionado
790,#6 Best Sellers,in Ultrasonic Cleaners,7.8,0,0,"Jewelry Cleaner Machine,Ultrasonic Jewelry Cleaner Machine Low Noise Ultrasound Silver Jewelry Cleaner For Retainer,Eyeglass,Watches,Coins,Dentures … …"
791,Unranked(New),General Application,38.1,8,0,"Electric Toothbrush For Adults,  Toothbrush With 3 Modes, USB Rechargeable Electric Toothbrush With 4 Brush Heads & 31,000 VPM Deep Clean Waterproof IPX7-White"
792,Unranked(New),General Application,1.3,0,100.0,1pc Stainless Steel Whisk
793,Unranked(New),General Application,4.2,0,1900.0,"1 Pocket Foldable Handheld Electric Fan, Rechargeable, Foldable, Handheld Small Fan, Portable Fan, Mini Handheld Fan, USB Handheld Small Pocket Fan"
794,Unranked(New),General Application,6.2,0,300.0,1pc Portable Digital Kitchen Scale
795,Unranked(New),General Application,11.3,0,400.0,"1pc Planet Humidifier Light, 3 Color LED Humidifier For Home Decor"
796,#3 Best Sellers,in Hair Clippers,11.9,0,0,"Professional Barber Hair Clipper, Rechargeable Electric Cutting Machine Beard Trimmer Shaver Razor For Men Cutter"
797,#3 Best Sellers,in Electric Hair Brushes,9.3,0,0,"1pc 28mm Plastic Spiral Curling Iron, Modern Two Tone Hair Curler For Home"
798,Unranked(New),General Application,15.44,31,1400.0,"1pc 120ML Steamer For Clothes, Portable Handheld Steam Iron, 6 Round Steam Vent For 30 Minutes Of Continuous Steaming, Fabric Wrinkle Remover Steam Iron For Home, Office And Travel"
799,Unranked(New),General Application,7.6,0,50.0,"Electric milk frother Handheld Milk Frother Mini Foamer - Mini Drink Mixer for Hot Coffee, Electric Whisk With Stand, Coffee Mixer Wand, Drink Mixer Handheld for Lattes, Cappuccino"
800,Unranked(New),General Application,8.3,0,200.0,"Mini Cartoon Bird Design Onion Humidifier, 300ml, Home/office/desktop Air Conditioning Room Moisturizing Device"
801,#7 Best Sellers,in Kitchen Meat Grinders,33.3,0,0,"5L Stainless Steel Electric Cooking Machine with 6-Leaf Pure Steel Knife - Fast Meat Mincer, Chopper, Garlic Mud Maker, Food Supplement, Juice and Noodle Machine - Multi-Purpose Kitchen Appliance"
802,Unranked(New),General Application,15.5,3,100.0,"1pc Usb Rechargeable Led Display Halter Fan, Portable Bladeless Turbine Silent Slouchy Neck Fan"
803,Unranked(New),General Application,27.99,60,200.0,"Yabano Sandwich Maker, Waffle Maker, Toaster and Electric Panini Press Grill with Non-stick Coating Plate, Easy to Clean, Heating Up Fast, Black"
804,#7 Best Sellers,in Women Shave & Hair Removal Appliances,10.44,10,0,"Rechargeable 4-In-1 Electric Razor For Women - Painless Hair Trimmer For Face, Nose, Eyebrows, Beard, Mustache, Arm, Leg, Armpit, And Bikini - Portable Body Shavers Set Rechargeable Grooming Kit Perfect Personal Care Tool"
805,Unranked(New),General Application,19.8,25,1000.0,"6l Mini-Foldable Washing Machine, Bucket-Type, Portable, Fully Automatic, With Washing And Dewatering Functions (No Drainpipe)"
806,Unranked(New),General Application,25.85,50,0,"Portable Multi-Functional Food Processor-Blender With Pulse Button Design For Kitchen, Easy Operation And Better Control Of Cutting Effect, Dual Speed"
807,Unranked(New),General Application,259.99,13,0,"WantJoin Commercial Professional Blender With Shield Quiet Sound Enclosure 2200W Industries Strong and Quiet Professional-Grade Power, Self-Cleaning, Silver"
808,Unranked(New),General Application,86.4,0,0,1pc Rechargeable PQ889 Electric Shaver Mini Washable Portable Organiser 1 Hour Battery Life
809,Unranked(New),General Application,5.22,20,0,"1pc, Plug In Electric Mosquito Repellent Lamp For Household Use, Silent And Non Radiative, Electric Mosquito Catching And Repellent Device, Pest Control, Apartment Essentials, College Dorm Essentials, Household Gadgets Electric Mosquito Killer Lamp For Home Bedroom"
810,Unranked(New),General Application,1.6,0,50.0,1pc Heart & Flower Shaped Random Egg Ring
811,Unranked(New),General Application,17.4,4,0,"1pc Rechargeable Electric Hair Shaver With 600mAh Battery, Digital Display, 5W, For Shaving The Beard, Body Hair, Underarm Hair, Nose Hair Trimming, Eyebrow Shaping, Pubic Hair Shaving, Hair Removal For Women, 5-In-1 Trimmer, Model 8308"
812,Unranked(New),General Application,18.3,0,0,Kemei-809A Professional Hair Trimmer Adjustable Electric Cord Cordless Hair Clipper For Men Haircut Machine Led Display
813,Unranked(New),General Application,12.3,0,800.0,"1pc Intense Pulsed Neck Face  beauty instrument Firming Wrinkle Removal Tool - Heat Rejuvenation Device, Smooth And Firm Skin - Double  Reducer Slimmer Vibration Massage With 7 Color Modes For Wrinkles Appearance Remove And Skin Tightening Lifting Massager"
814,Unranked(New),General Application,45.89,34,0,"Katulan Compact Slow Juicer, Cold Press Juicer Machines with Auto-adjustable Speed for Nutrient & Vitamin Dense Fruits and Vegetables, Easy Clean Juicer"
815,Unranked(New),General Application,14.5,0,0,Ultra-Quiet Usb Charging Rechargeable Hair Beards Trimmer Kemei Km-1247 Household Cordless Electric Hair Trimmer Clipper
816,Unranked(New),General Application,31.6,0,0,"1pc 80X60cm Flannel Electric Heating Pad, Heated Blanket With 6 Temperature And 8 Time Settings, Washable And Reusable, Suitable For Full Body"
817,Unranked(New),General Application,9.3,0,200.0,"1 Pc Rechargeable Digital Display Lint Remover, Electric Clothes Fuzz Shaver With Suction Cup For Home Use"
818,Unranked(New),General Application,6.5,0,1100.0,"1PC Portable Handheld Misting Fan, Rechargeable Personal Mister Fan,Battery Operated Spray Water Mist Fan, Foldable Mini Face Steamer For Travel, Outdoors"
819,Unranked(New),General Application,139.99,13,0,"Afloia 2 in 1 HEPA Air Purifier with Humidifier, 3 Stage H13 Filters for Home Allergies Pets Hair Smoker Odors, Evaporative Humidifier, Auto Shut Off, Quiet Air Cleaner with Seven Color Light,MIROPRO"
820,Unranked(New),General Application,11.2,0,20.0,Electric Pepper Mill Multifunctional Household Stainless Steel Grinder Black Pepper Grinder
821,Unranked(New),General Application,7.85,13,0,"1pc, Hair Removal Ball Clothes Scraper Hair Remover Ball Hair Removal Hair Removal Small Power Shaver Ball Remover Hair Ball Trimmer Clothes Cleaning, Household Tool, Cleaning Supplies, Cleaning Tool, Apartment Essentials, College Dorm Essentials"
822,Unranked(New),General Application,7.3,0,10.0,1pc USB Power Cord 200ML Portable Mini Aroma Diffuser 7 Colors LED Aromatherapy Diffuser Sprayer USB Aroma Essential Oil Diffuser For Home Bedroom
823,Unranked(New),General Application,31.65,25,100.0,"1set, Electric Spin Scrubber, Cordless Electric Shower Scrubber With 8 Replacement Brush Head, 2 Adjustable Speed, Bathroom Scrub Brush, Power Bathtub Scrubber With Extension Long Handle For Bathtub,Tile, Floor, Bathtub, Bathroom Cleaning Accessories"
824,Unranked(New),General Application,10.6,3,20.0,"Ion Hair Straightener, Electric Ion Hair Straightener, Professional Mini Hair Straightener Curler 2-In-1 Flat Iron Small Plate Straight Hair Curling Styling Tool, Professional Hairdressing Tool, Perfect For Home And Travel, Great Holiday Gift For Women - Home Hair Design Tool, Create Salon-Quality Curls And Waves"
825,Unranked(New),General Application,38.5,45,10.0,5 In 1 Multifunctional Hair Dryer Brush 60000RPM Blow Dryer Curling Wand Hot Air Brush
826,Unranked(New),General Application,1.55,50,30.0,"1pc Stainless Steel Whisk, Minimalist Silver Egg Beater For Kitchen"
827,Unranked(New),General Application,3.2,3,60.0,"1pc Portable Cartoon Mini Fan - Watch Shaped With 1 AAA Dry Battery, 1 Gear For Outdoor Use"
828,Unranked(New),General Application,4.38,40,200.0,"1pc Adult Electric Toothbrush, 3 Brush Heads, 5 Modes, Ipx7 Waterproof, Long Battery Life, Usb Charging, Portable"
829,Unranked(New),General Application,16.1,0,10.0,"PANCERKA 1set Electric Hand Mixer, 7-Speed Hand-Held Egg Beater Whisk Breaker, Electric Mixer, Home Appliances Stirrer, Electric Food Mixers Kitchen Bowl Aid Whisk Mixing"
830,Unranked(New),General Application,9.2,0,100.0,"LED UV Nail Lamp, Rotatable Gooseneck Flash Cure Light For Nails, Hands Free Mini Lotus Nail Light Nail Dryer With Brush Holder Quick Dry Nail Curing Lamp For Home DIY& Salon Manicure Decor"
831,#10 Best Sellers,in Electric Lunch Boxes,20.3,3,0,"Orange Single Electric Lunch Box, Portable Car Food Warmer Bento Box, With Electric Heating And Insulation Function, For Office Worker"
832,Unranked(New),General Application,4.4,10,400.0,"LED Travel Makeup Mirror, Lighted Compact Make Up Mirror, 2X Magnification, Handheld, Double Sided, Portable Folding Mirror For Pocket, Purse, Gift"
833,Unranked(New),General Application,8.1,0,200.0,1PC Colorful USB Crystal Humidifier 500ml Large Capacity Air Humidifier Portable Room Office Desktop Humidifier
834,#9 Best Sellers,in Electronic Nail Art Equipment,3.5,0,0,Portable Salon Quick Dry USB Nail Dryer Machine UV LED Nail Light For Curing All Nail Gel Rechargeable Nail Art Tools Home Use
835,Unranked(New),General Application,1.9,10,10.0,"1pc Multi-Functional Water Hose, Suitable For Semi-Automatic Washing Machine Inlet Hose, Air Conditioner Drainage Hose And Home Drain Extension Hose, Thickened Condensation Drip Hose For Outdoor Anti-Sun Exposure, Large Diameter Flexible Pipe For Kitchen Water Connection"
836,Unranked(New),General Application,10.3,0,1100.0,"Electric Meat Grinder Multifunction Food Processor, Baby Food Making, Mixing, Chopping, Crushing Garlic And Ginger Machine"
837,Unranked(New),General Application,21.5,4,200.0,"Professional Groin&Body Manscape Trimmer For Men, Electric Ball Shaver Replaceable Ceramic Blade Groomer, Pubic Grooming Clipper Male Razor Fully Waterproof Bikini Trimmer For Women, Best Gifts For Love, Mens Grooming Kit"
838,Unranked(New),General Application,4.0,7,0,"Rechargeable Electric Nail Drill Set For Removing Acrylic Nails, Polishing Nails, Removing Dead Skin, And Nail Care For Hands And Feet"
839,#4 Best Sellers,in Electric Eyebrow Trimmer,2.66,11,0,Electric/Battery Operated Women's Eyebrow Trimmer Shaver Hair Remover Beauty Grooming Tool
840,Unranked(New),General Application,126.99,42,0,"30/50 Pint Dehumidifier Ideal For Bedrooms Bathrooms Basements Garages 2500/4500 Sq Ft Quiet Dehumidifier High-Efficiency Dehumidifier With Touch Panel, Two-Way Timer, Multiple Mode Options, Universal Wheel White"
841,#9 Best Sellers,in Car Vacuum Cleaner,9.7,0,0,Car Wireless Vacuum Cleaner Multifunctional Strong Power Suction Home Small Size Air Extraction Handheld High Power Blower
842,Unranked(New),General Application,4.93,51,10.0,"60 Minute Visual Countdown Timer With Night Light, Suitable For Anyone's Visual Timer, Suitable For Silent Timers In Homes, Classrooms, And Kitchens  Purple"
843,Unranked(New),General Application,14.85,10,70.0,"Electric Foot Callus Remover Kit, Rechargeable Callus Removers 3 Grinding Heads, Waterproof Foot Scrubber File, Professional Pedicure Tools Kit With LCD Display, Feet Care For Dead, Cracked Dry Skin Ideal Gift"
844,Unranked(New),General Application,189.99,21,10.0,"Havato 3.2 Cu.Ft Mini Fridge With Freezer, Double Door Compact Refrigerator, Retro Mini Refrigerator For Dorm, Office, Bar, RV, Bedroom(Green)"
845,#8 Best Sellers,in Other Body Care Machines,10.0,0,0,Electric V-Face 6 Modes 12 Levels Of Intensity Facial Lifting Device For Women Skincare Home & Travel
846,Unranked(New),General Application,12.1,4,30.0,"1pc LED Touchscreen Makeup Mirror Rechargeable Tabletop Cosmetic Mirror With 3 Light Colors For Home, Dormitory, And Travel"
847,Unranked(New),General Application,4.17,20,100.0,"A Battery Operated Ladies' Hair Remover, Female Electric Shaver, Lip Hair & Underarm Hair Trimmer, Private Part Intimate Hair Removal Tool, Leg Hair And Pubic Hair Clipper, New Electric Shaving Machine, Household Full Body Hair Trimmer For Underarm, Private Part And Whole Body, With Two Color Choices - Pink And White, To Protect Your Privacy And Bodily Health"
848,Unranked(New),General Application,59.84,28,0,"2 In 1 Facial Steamer With 3X Magnifying Lamp, Esthetician Steamer Professional Aromatherapy Humidifier Face Spa Mist Steam For Home Beauty Salon, Personal Skin Care Deep Cleaning"
849,Unranked(New),General Application,1.9,0,600.0,White Hair Removal Machine Wax Heater Depilatory Epilator Wax-Melt Waxing Kit Paraffin Heater Wax Beans Bead Heating Machine (Wax Bean Color Random)
850,Unranked(New),General Application,44.99,65,100.0,"Boriwat Back Massager With Heat, Massagers For Neck And Back, 3D Kneading Massage Pillow For Back, Neck, Shoulder, Leg Pain Relief, Gifts For Men Women Mom Dad, Stress Relax At Home Office And Car"
851,Unranked(New),General Application,8.1,0,400.0,"1pc Usb Powered 300ml Mini Air Humidifier, Wood Grain Aroma Diffuser, Ultrasonic Fogger, Colorful Night Light, Suitable For Home Bedroom Desktop Use"
852,Unranked(New),General Application,18.2,4,2300.0,1pc Foldable Foot Bath Bucket-Portable Foot Soaking Basin ForRelaxation And Pain Relief  Foot Soak Tub With Massager-Relax And Sleep Better
853,#7 Best Sellers,in Garment Steamers,26.99,55,0,"Reemix Steamer for Clothes, Folding Handheld Design Garment Wrinkles Remover, 20g/min Strong Penetrating Steam, 25-Sec Fast Heat-up, for Home, Office and Travel"
854,Unranked(New),General Application,7.8,0,80.0,1pc Rechargeable Portable Neck Fan - Bladeless Personal Fan For Outdoor Sports - Hands-Free Cooling Solution
855,Unranked(New),General Application,25.8,0,200.0,"Portable Standing Oscillating Fan With 4-Level Adjustable Speed, Quiet & Rechargeable Battery Usb Powered Floor Fan, Adjustable Height Foldable Desktop Fan, Suitable For Bedroom Home Use"
856,Unranked(New),General Application,6.0,3,100.0,"Lovely Gradient Multicolor Teddy Bear Handheld Mini Fan, Easy To Carry In Summer"
857,Unranked(New),General Application,17.5,0,0,KM-779 Kemei/KEMEI New Pushing Hair Clipper With LCD Digital Display And Fast Oil Filling Head Carving For Hair Cutting
858,#7 Best Sellers,in Power Toothbrushes,2.07,31,0,"New Portable Aa Battery Powered Electric Toothbrush With 30s Smart Timer, Sonic Electric Toothbrush For Oral Care - Unisex - Effectively Clean Teeth And Gums, Comes With 1+6 Replacement Heads, Ultra-Soft Brush For Sensitive Teeth And Gums"
859,Unranked(New),General Application,7.6,8,100.0,"LED Lighted Travel Makeup Mirror, 1x/2x Magnification, Compact, Portable For Handbag, Purse, Pocket, 3.5 Inch Illuminated, Folding, Handheld, 2-Sided, Round, White, Compact Mirror, Small Vanity Mirror, Living Room Home Bedroom Bathroom House Decor, Travel Stuff, Wedding, Party, Birthday, Gifts For Men Mom Dad Best Friends Teacher, New Years, Accessaries, Funny Gift"
860,Unranked(New),General Application,1.94,19,100.0,"1pc Rechargeable Deep Tissue Muscle Handheld Percussion Massager, For Body, Back And Neck Pain, With Ultra-Compact Elegant Design, High-Torque Driven Massage Gun"
861,#9 Best Sellers,in Vacuum Food Sealers,1.45,15,0,"5pcs Universal Food Clips, Stylish & Practical Household Sealing Clips, Keep Purchased Food Fresh & Organized, Snack Bag Sealing Machine, Kitchen Tool"
862,Unranked(New),General Application,11.0,4,40.0,"Effortless & Sleek Hair Removal: 2-In-1 USB Rechargeable Epilator & Razor For Bikini, Face, And More"
863,Unranked(New),General Application,1.62,56,1200.0,1pc Rechargeable Usb Fan Folding Handheld Portable Fan With Three Speed Settings
864,Unranked(New),General Application,7.07,61,1200.0,"1pc Rechargeable Deep Tissue Muscle Handheld Percussion Massager, For Body, Back, And Neck Pain, Ultra-Compact Elegant Design, High Torque-Drive Massage Gun"
865,#2 Best Sellers,in Heater & Cooler,3.0,0,0,"1Set Portable Handheld Fan With Hand Strap, Battery Operated, 1 Speed"
866,#1 Best Sellers,in Kitchen Appliance Parts,2.9,0,0,1pc Air Fryer Special Baking Tray Barbeque Tray Reusable Bowl Baking Anti-stick Mat Thickened Silicone Baking Tray - Gray
867,#1 Best Sellers,in Other Kitchen Appliances,2.0,0,0,"1pc Stainless Steel Probe Digital Food Thermometer With Modern Black LCD Screen For Instant Read Of Kitchen Liquid/Oil Temperature Sensor, For Cooking/Baking/Grilling/Meat/Rice"
868,Unranked(New),General Application,5.1,6,100.0,100pcs Air Fryer Disposable Paper Parchment Wood Pulp Steamer Cheesecake Air Fryer Accessories Baking Paper For Air Fryer
869,Unranked(New),General Application,0.65,75,100.0,30pcs Air Fryer Disposable Paper Parchment Wood Pulp Steamer Cheesecake Air Fryer Accessories Baking Paper For Air Fryer
870,Unranked(New),General Application,4.3,4,3200.0,"1pc Rechargeable Handheld Portable Mini Fan With 500mah Battery, Strap & 3-Speed Setting"
871,#4 Best Sellers,in Led Makeup Mirror,4.9,4,0,"Pocket Mirror 1X/3X Magnifying Led Travel Makeup Mirror With Light, 2-Sided Foldable Handheld Illuminated Mirror For Home Tabletop Decoration, Bathroom, Dresser Vanity & Countertop Bedroom Travel Dormitory Mirror Women Gift"
872,#5 Best Sellers,in Power Toothbrushes,6.2,13,0,"1pc Oral Care Appliance,  Electric Toothbrush With 3 Replaceable Brush Heads, IPX7 Waterproof, 5 Cleaning Modes, USB Rechargeable Portable Long-Lasting Battery, Pink Electric Toothbrush For Adult Women And Men, Personal Care Item For Protecting Family Oral Health"
873,Unranked(New),General Application,1.75,35,100.0,"1/2/3pcs Air Fryer Silicone Liners Pot For 3 To 5 QT,Air Fryer Silicone Basket Bowl,Replacement Of Flammable Parchment Paper,Reusable Baking Tray Oven Accessories, Round+Red+Blue+Green"
874,Unranked(New),General Application,2.7,7,600.0,"1PC Black Plastic Modern Clear Oil Sprayer 300ML , Oil Spray Bottle For Kitchen, For Camping Barbecue, Salad, Roasting, Cooking, Frying, Baking, Party"
875,#4 Best Sellers,in Home Appliances,7.7,5,0,"New Portable Leafless Halter Neck Fan, Third Generation Slouchy USB Rechargeable Small Fan, Vortex Air Outlet, Three-Speed Adjustment"
876,Unranked(New),General Application,1.9,0,50.0,"10pcs Adhesive Cable Ties, Cord Organizer For Appliances, Premium Appliance Cord Organizer, Cord Holder For Mixer, Coffee Maker, Blender, Air Fryer, Pressure Cooker And Other Kitchen Appliances For Home And Office"
877,Unranked(New),General Application,8.2,4,800.0,"1Pc Square-Shaped Desktop Detachable Dressing Table Mirror With Light For Ladies' Makeup, Led Princess Mirror For Home Tabletop Decoration, Bathroom, Dresser Vanity & Countertop Bedroom Travel Dormitory Hotel Mirror Women Gift"
878,#5 Best Sellers,in Portable Fans,4.3,4,0,"1pc Rechargeable 500mah Battery Portable Handheld Mini Fan With Lanyard, 3-Speed"
879,Unranked(New),General Application,4.2,0,7700.0,"1pc Portable Handheld Cat Ear Mini Fan With Long Press LED Light & 3-Speed Adjustment, Rechargeable 500mAh Battery, Including Charging Cable For Outdoor Use"
880,Unranked(New),General Application,7.8,1,800.0,"Hands-Free Fan Necklace Portable Neck Fan With 3 Speeds For Outdoor Sports, Traveling, Office, Home Use"
881,#2 Best Sellers,in Oral Irrigators,6.97,48,0,"1 Set Teeth Whitening Kit, Including 1pc Electric Water Flosser With 4 Nozzles, 1pc Automatic Portable Oral Irrigator, 1pc Portable Round-Tube Toothbrush With Soft Bristles, 1pc Whitening Powder For Dental Hygiene, Dental Care, Oral Hygiene Teeth Cleaning, Multi-Functional Dental Cleaning Kit To Maintain Teeth Health For Family, With 1pc Waterproof Portable Storage Bag, Ideal As A Gift For Women, Mother's Day, Valentine's Day."
882,Unranked(New),General Application,7.4,16,400.0,"1Pc Electric Toothbrush With 6 Replacement Heads, Usb Rechargeable, 5 Cleaning Modes, Wall-Mounted Toothbrush Holder Included, Travel Toothbrush Head Cap, Sonic Toothbrush Ipx7 Waterproof For Home Travel"
883,Unranked(New),General Application,4.1,2,900.0,1pc Rechargeable 500mAh Battery Portable Handheld Long Press LED Light 3-Level Adjustable Outdoor Mini Cat Ear Fan With Charger Cable
884,Unranked(New),General Application,3.35,32,400.0,Three Level Dimming Portable Flip Cover Circular Folding Led Makeup Mirror With One Side Enlarged 2X Beauty Mini Usb Light Emitting Charging Small Mirror Compact Mirror Travel Dormitory Mirror Women Gift
885,Unranked(New),General Application,17.7,4,20.0,"Portable LED Makeup Mirror With 1x2x3 Magnification, Touch Control, And Dual Power Supply - Perfect For Women On The Go Complimentary X10 Magnification Small Circular Mirror  Mirror Set"
886,Unranked(New),General Application,9.8,0,50.0,"Ultra-Long Endurance Portable Hanging Neck Fan - USB Charging, 5 Gear Leafless, Quiet, Rechargeable, Perfect For Kitchen, Outdoor, Office, And More - Great Boyfriend/Girlfriend Gift"
887,Unranked(New),General Application,2.9,6,200.0,1pc Mini Portable Handheld Fan With 2xAA Battery Slot (Battery Not Included) And Gifted Lanyard
888,Unranked(New),General Application,1.9,0,1300.0,1 Pcs Bear Claw Telescoping Back Scratcher - Back With Rubber Handled Metal Telescopic Backscratcher - Perfect Gift For Men And Women
889,#5 Best Sellers,in Coffee & Tea Appliances,5.6,2,0,"1pc Rechargeable Handheld Portable Mini Coffee Milk Frother, Whisk, Egg Beater With Charging Cable"
890,#9 Best Sellers,in Kitchen Timers,2.6,0,0,1pc Flower Print Kitchen Timer
891,#7 Best Sellers,in Led Makeup Mirror,3.1,3,0,"1Pc Small Gift Makeup Mirror With Light Portable Mirror Pocket Folding Mirror Double-Sided Small Gift Mirror Does Not Include Batteries And Needs To Be Purchased Separately Tabletop Bathroom, Dresser Vanity & Countertop Bedroom Travel Dormitory Mirror Women Gift"
892,Unranked(New),General Application,7.7,3,30.0,USB Rechargeable Leafless Neck Hanging Fan Mini Fan Portable Folding Fan
893,Unranked(New),General Application,2.36,13,50.0,"1pc Dustproof Cover For Toaster,Dust Cover For 2 Slice,Silicone Toster Lid,,Food Safety,Protecting Toaster From Dust,Dirt,Spills,Splash,Smudges And Bugs,Toaster Top Cover,Kitchen Appliances Protector,Toaster Accessories"
894,Unranked(New),General Application,2.43,10,100.0,"1/2/3pcs Air Fryer Silicone Liners Pot For 3 To 5 QT,Air Fryer Silicone Basket Bowl,Replacement Of Flammable Parchment Paper,Reusable Baking Tray Oven Accessories, Round+Red+Blue+Green"
895,Unranked(New),General Application,4.4,0,700.0,"One Handheld Rechargeable Fan With Rope, Portable Mini Handheld Fan With Usb Rechargeable Battery, 3 Speeds Powerful Personal Desk Fan, Suitable For Women Men Home Office Makeup Outdoor Travel, Blue"
896,Unranked(New),General Application,13.15,24,100.0,"1pc Rechargeable Handheld Deep Tissue Muscle Percussion Massage Gun, For Body, Back And Neck Pain, Super Compact And Elegant Design, High Torque Driven Massager"
897,Unranked(New),General Application,4.2,0,4500.0,1pc Rechargeable 500mAh Battery Portable Handheld Press Button LED Light 3 Gears Adjustable Outdoor Cat Ear Mini Fan With Charging Cable
898,Unranked(New),General Application,8.5,0,1000.0,1Pc 2023 New Mini Neck Fan Portable Bladeless Hanging Neck Rechargeable Air Cooler 3 Speed Mini Summer Sports Fans
899,Unranked(New),General Application,5.05,32,300.0,"Battery Powered Pink Led 8 Lights Tri-Fold Portable Makeup Mirror Desktop Tabletop Vanity Mirror With Light For Home Tabletop, Bathroom, Dresser Vanity & Countertop Bedroom Travel Dormitory Mirror Women Gift"
900,Unranked(New),General Application,14.1,0,100.0,"Sonic Skin Scrubber Skin Spatula Peeling Machine Blackhead Remover With 4 Modes, Ultrasonic Pore Spatula For Face, Facial Spatula For Deep Cleansing"
901,Unranked(New),General Application,2.9,3,100.0,"T9 Hair Clippers, Men's Trimmer, Black ABS Body, Buddha Pattern, 0mm Cutting Length"
902,Unranked(New),General Application,8.58,22,300.0,"New Portable Bladeless Neck Fan & Handheld Bladeless Fan, 360° Cooling Wearable Personal Fan For Travel, Outdoor Sports"
903,Unranked(New),General Application,4.2,0,2500.0,"1pc Rechargeable 500mAh Battery Portable Handheld Mini Fan With Long Press LED Light And 3 Gear Settings For Outdoor Use, With Charging Cable"
904,#7 Best Sellers,in Electronic Beauty Instruments,8.6,0,0,"1pc Rechargeable 1.5w 300mah Ultrasonic Skin Cleanser, Removes Dirt & Makeup Residue Deeply, Suitable For Year-Round Use At Home And Travel"
905,Unranked(New),General Application,7.1,0,1300.0,Mini Portable Folding Handheld Fan
906,Unranked(New),General Application,5.22,10,100.0,"Rechargeable 3-In-1 Electric Razor For Women - Painless Hair Trimmer For Face, Nose, Eyebrows, Beard, Mustache, Arm, Leg, Armpit, And Bikini - Portable Body Shavers Set Rechargeable Grooming Kit Holiday Gift"
907,Unranked(New),General Application,5.0,0,800.0,"100-200pcs Disposable Air Fryer Parchment Paper Liners, Kitchen Accessories, Non-Stick, Waterproof, Suitable For Baking And Microwave, Air Fryer Accessories"
908,Unranked(New),General Application,3.6,5,100.0,"1pc Anti-Leak Stainless Steel Tea Infuser And Cookware With Spice Filter, Suitable For Soup, Hotpot And Kitchen Usage, Kitchen Accessories, Kitchen Gadget"
909,Unranked(New),General Application,8.7,0,20.0,"1pc Rechargable Sealing Machine, Mini Chip Bag Sealer, Storage Bag Plastic Package Snack Sealer Clip Bag Handheld Heat Sealer, Bag Heat Sealer Thermal for Food Storage"
910,Unranked(New),General Application,9.9,0,200.0,1PC Rechargeable 2000mAh Portable Hanging Neck Fan Outdoor Summer Air Cooling Mini Fan
911,#7 Best Sellers,in Top rated in Portable Fans,2.81,3,0,"1pc Aa Battery-Powered Portable Handheld Mini Fan With One Gear Adjustment, Simple Style, Outdoor Use, With Lanyard"
912,Unranked(New),General Application,7.1,0,2700.0,"1pc ABS Mini Fan, Modern Foldable Handheld Fan For Outdoor"
913,Unranked(New),General Application,7.1,0,4700.0,1pc Mini Foldable Handheld USB Fan
914,Unranked(New),General Application,2.8,3,5200.0,"1pc AA Battery Operated Portable Mini Fan With Hanging Cord, Single-Speed Adjustment For Outdoor/Simple Design"
915,#7 Best Sellers,in Egg Tools,1.2,0,0,1pc Plain Egg Separator
916,Unranked(New),General Application,2.5,0,70.0,"1pc 4-Cup Egg Frying Pan, Kitchen Baking Mold Flower Shaped Silicone Egg Frying Pan"
917,Unranked(New),General Application,3.4,0,100.0,"1pc Electric Milk Frother Kitchen Drink Foamer Whisk Mixer Stirrer Coffee Cappuccino Creamer Whisk Frothy Blend Whisker Egg Beater, Without Battery(You Need To Purchase The Battery Yourself)"
918,#2 Best Sellers,in Egg Tools,2.5,0,0,"1pc Semi-automatic Rotary Egg Beater, Stainless Steel Egg Whisk, Kitchen Tools,Hand Press Whisk, Home Baking Tools, Cream Egg Hand Mixer Push Whisk Blender For Home - Versatile Tool For Egg Beater, Milk Frother, Hand Push Mixer Stirrer - Kitchen Utensil For Blending, Whisking, Beating"
919,Unranked(New),General Application,5.12,20,1300.0,"1pc 2*AA Batteries Powerful Milk Frother Handheld Foam Maker For Lattes - Whisk Drink Mixer For Coffee, Mini Foamer For Cappuccino, Frappe, Matcha, Hot Chocolate,With Stand,Father's Day, Mother's Day, Christmas, Thanksgiving, Halloween, Valentine's Day Gifts"
920,Unranked(New),General Application,3.65,4,5000.0,1pc Rechargeable Mobile Handheld Mini Fan With 400 Mah Lithium Battery
921,Unranked(New),General Application,8.3,0,1800.0,1 Rechargeable 1800 MAh Portable Handheld Mini Fan N15 Five Wind Mute Foldable Suitable For Outing Play Desktop Office Use
922,Unranked(New),General Application,8.1,0,4300.0,1 Rechargeable 1800 MAh Portable Handheld Mini Fan N15 Five Wind Mute Foldable Suitable For Outing Play Desktop Office Use
923,Unranked(New),General Application,8.1,0,800.0,1 Rechargeable 1800 MAh Portable Handheld Mini Fan N15 Five Wind Mute Foldable Suitable For Outing Play Desktop Office Use
924,#1 Best Sellers,in Aroma Diffuser,4.6,0,0,"4pcs 10ml Essential Oil Refill For Aromatherapy Candles, Fragrant Stones And Gypsum, Oil-Based, Not Suitable For Humidifiers"
925,Unranked(New),General Application,3.65,4,4800.0,1pc Rechargeable 400mah Lithium Battery Portable Handheld Mini Fan
926,#4 Best Sellers,in Power Toothbrushes,6.9,4,0,"6 Modes Multi-Functional Electric Sonic Toothbrush, Including 8Pcs/4Pcs Brush Heads Set, With 2 Minutes Smart Timer/30S Zone-Switch Reminder, Home Use Waterproof Usb Rechargeable Automatic Toothbrush Suitable For Couple, Adult, Kids, Oral Care Or Travel Use"
927,#3 Best Sellers,in Car Vacuum Cleaner,21.0,0,0,Au Wireless Green Strong-suction Cordless Vacuum Cleaner For Home And Car Use
928,Unranked(New),General Application,4.52,13,300.0,"Portable Multi-Functional Usb Rechargeable Sonic Electric Toothbrush With 30s Zone Change Reminder, 2 Min Timer, Whitening Function, 6 Replacement Heads, Waterproof Oral Care Brush, Ideal For Men & Women Home Travel, Perfect Gift"
929,#8 Best Sellers,in Lint Removers,5.8,0,0,"1pc Mini Usb Rechargeable Electric Lint Remover With Data Cable, Portable Clothes Shaver Suitable For Daily Use"
930,#4 Best Sellers,in Oral Care Appliances,5.7,0,0,1pc Rechargeable Electric Toothbrush With 6 Gear Adjustments And 4 Brush Heads
931,#5 Best Sellers,in Humidifier,1.08,66,0,"1pc Portable Cool Mist Humidifier, 7-Color Light, And Auto Shut-Off - Perfect For Travel, Home, And Bedroom"
932,Unranked(New),General Application,2.0,0,60.0,"1pc Kitchen Small Gadget Silicone Egg Beater Whisk With Egg Mixing Tool, White"
933,Unranked(New),General Application,3.0,0,3800.0,"1pc Handheld Fan With Strap, Portable, Self-Installed Battery And 1 Speed Setting"
934,#7 Best Sellers,in Lint Removers,5.8,0,0,1pc Mini Portable Electric Lint Remover & Fabric Shaver With Usb Data Cable For Daily Use In Removing Clothes Bubbles
935,Unranked(New),General Application,8.1,0,1800.0,1 Rechargeable 1800 MAh Portable Handheld Mini Fan N15 Five Wind Mute Foldable Suitable For Outing Play Desktop Office Use
936,Unranked(New),General Application,4.6,0,4200.0,"Mini Handheld Fan USB Charging Ultra-Quiet Lightweight And Portable Desk Cooler, Portable Air Conditioner For Home Office Travel Outdoor, Aire Aconditionado"
937,Unranked(New),General Application,6.5,0,400.0,Handheld Fan With 6-Speed Adjustment And Battery Level Display
938,Unranked(New),General Application,8.4,7,70.0,"1pc Rechargeable 1800mah Battery Digital Display Mini Portable Fan With Foldable, Desktop, Handheld, And Neck-Hanging Function, 5 Blades, 5-Speeds, Ultra-Quiet"
939,Unranked(New),General Application,9.78,15,60.0,"1pc Portable Neck Fan, Hands Free Bladeless Fan, Leafless, Rechargeable, Headphone Design, USB Powered Desk Fan,3 Speeds"
940,Unranked(New),General Application,3.65,4,2600.0,1pc Rechargeable Portable Handheld Fan With 400mah Lithium Battery
941,#5 Best Sellers,in Car Vacuum Cleaner,20.3,0,0,Au Wireless Black Strong Suction Dual Purpose Vacuum Cleaner For Home And Car
942,Unranked(New),General Application,1.23,60,4800.0,"1pc Mini Portable Handheld Fan With Hanger, Requires 2 Aaa Batteries (Not Included)"
943,#7 Best Sellers,in Car Electronics,18.1,0,0,Au-1 Corded White Vacuum Cleaner
944,Unranked(New),General Application,6.9,5,700.0,Mini USB Fan Portable Fans Metal Cooler Cooling 4 Blades Desktop Mute Fans Silent Universal For Car Notebook Computer Desk Fan
945,Unranked(New),General Application,7.6,0,200.0,Stay Cool On-The-Go: Small Handheld USB Fan - Portable & Charging For Students & Office Desk
946,Unranked(New),General Application,5.7,3,200.0,"Pocket Mirror, 1X/2X Magnification LED Compact Travel Makeup Mirror With Light For Purse, 2-Sided, Portable, Folding, Handheld, Small Lighted Mirror For Gift, Pink Y2k Mom Gifts Valentines Gift Boyfriend Gifts Valentine Day Gifts Pink Cute St Patrick Day"
947,Unranked(New),General Application,1.62,68,4400.0,"Silently Cool The Air Anywhere: Portable, Durable Mini Fan With High Performance USB Rechargeable Battery - Your Convenient Cool Companion"
948,Unranked(New),General Application,8.9,8,20.0,"USB Rechargeable LED Travel Makeup Mirror With 3 Lighting Modes, Polished Surface, Foldable Portable Vanity Mirror, Compatible With Glass, With Rechargeable Lithium Battery, Odorless"
949,Unranked(New),General Application,4.8,0,3100.0,Stay Cool On-The-Go: 1pc Portable USB Mini Fan
950,Unranked(New),General Application,3.0,3,100.0,"LARGNER T9 Hair Clippers For Men, Hair Cutting Machine Men's Electric Shaver Rechargeable Hair Trimmer Beard Clipper Barber Hair"
951,Unranked(New),General Application,9.9,4,500.0,"LED Makeup Mirror Portable Travel Lighted Beauty Mirror, 3 Color Lighting, Dimmable Touch Screen, Rechargeable Tabletop LED Folding Cosmetic Vanity Mirror"
952,Unranked(New),General Application,7.6,0,300.0,Stay Cool On-The-Go: Small Handheld USB Fan - Portable & Charging For Students & Office Desk
953,Unranked(New),General Application,9.9,0,200.0,1PC Rechargeable 2000mAh Portable Hanging Neck Fan Outdoor Summer Air Cooling Mini Fan
954,Unranked(New),General Application,4.2,0,1300.0,"1pc Rechargeable 500mAh Battery Handheld LED Light Mini Fan With Cat Ear Shape, 3 Adjustable Speeds, Outdoor,  Including Charging Cable"
955,Unranked(New),General Application,3.8,0,0,"1pc Silicone Kneading Bag For Restaurant, Flour Mixing Bag, Multifunctional Dough Mixing Bag, Suitable For Bread, Pastry, Pizza, Corn Cake, Flour Mixing Bag, Storage Bag, Cooking Tool For Restaurant"
956,Unranked(New),General Application,3.5,0,100.0,1pc 6W Mini Nail Dryer Machine Portable 6 LED UV Manicure Lamp Home Use Nail Lamp For Drying Polish Varnish With USB Power Cord
957,Unranked(New),General Application,7.09,19,20.0,"1pc  Milk Frother With Replacement Head, Rechargeable Electric Drink Mixer For Kitchen"
958,Unranked(New),General Application,14.99,70,20.0,HOMM Foot Massage For Neuropathy -Feet Massager With Remote Control For Circulation And Pain Relief For Improved Circulation Or Muscle Relaxation And Pain Relief
959,Unranked(New),General Application,9.9,4,400.0,"LED Makeup Mirror Portable Travel Lighted Beauty Mirror, 3 Color Lighting, Dimmable Touch Screen, Rechargeable Tabletop LED Folding Cosmetic Vanity Mirror"
960,Unranked(New),General Application,3.0,50,800.0,"1PC Cartoon Plastic Water Bottle, Cute Straw Cup With Strap,600ml/20.29oz, Portable Water Bottle For Sports, Fitness, Outdoor Travel, Back To School Supplies"
961,#9 Best Sellers,in Electronic Foot Files,18.2,0,0,"Exfoliating Vacuum Foot Grinder, Electric Foot Files for Hard SkinRemover, Pedicure Tools for Man & Woman Stubborn Thick Callus DeadSkin Removing"
962,#1 Best Sellers,in Slow Cookers,4.9,0,0,"Slow Cooker Liners,10 Count Cooking Bags, BPA Free, Kitchen Disposable, for Oval or Round Pot, Size 13 x 21 Inches , Fit 3QT to 8QT"
963,Unranked(New),General Application,21.99,19,10.0,"ColdSky Portable Handheld Turbo Fan, 5 Speed Adjustable Personal Small Fan With Digital Display, Powerful High Speed 6000mAh Battery Operated Cooling Fan With Base For Outdoors, Travel, Home, Desk"
964,Unranked(New),General Application,4.61,29,100.0,"Handheld Fan, 6-Speed Adjustment, Battery Display"
965,Unranked(New),General Application,15.11,32,100.0,"2pcs Professional Hair Clippers For Men, Hair Trimmer Barber Clippers Set, Beard Trimmer Cordless Hair Cutting Grooming Haircut Kit, Holiday Gift For Him"
966,Unranked(New),General Application,5.0,0,1800.0,"Silently Cool The Air Anywhere: Portable, Durable Mini Fan With High Performance USB Rechargeable Battery - Your Convenient Cool Companion"
967,Unranked(New),General Application,13.7,0,100.0,Super 4-In-1 Facial Wand | Red Light Therapy For Face And Neck | Microcurrent Facial Device For Anti-Aging | Face Massager
968,Unranked(New),General Application,10.5,0,700.0,Light Pink Portable Handheld Car Vacuum Cleaner
969,Unranked(New),General Application,3.5,0,50.0,"1pc Rechargeable Eyebrow Hair Remover Usb Painless Precision Trimmer For Face, Lips, Nose Hair Removal Unisex"
970,Unranked(New),General Application,51.9,0,10.0,7 Color LED Light Therapy Facial And Body Skin Care Machine For Women - Multifunctional Folable Beauty Device For Home And Salon Use
971,Unranked(New),General Application,3.16,1,80.0,"1pc 500mAh Rechargeable Lithium Battery Handheld Mini Fan With 3 Adjustable Speeds, USB Charging Cable And Lanyard"
972,#7 Best Sellers,in Electric Hair Clippers,21.2,4,0,Professional Hair Clippers For Men Hair Trimmer Barber Clippers Set Beard Trimmer Cordless Hair Cutting Grooming Haircut Kit With T-Blade Zero Gapped Rechargeable Adjustable Haircut Machine Trimmer Shaver
973,Unranked(New),General Application,1.5,0,30.0,"1pc Facial Massage Stick For Eye Care, Anti-Wrinkle, Absorption, Reduce Swelling, Eye Cream Applicator"
974,Unranked(New),General Application,21.0,0,0,"1 Mushroom Rain Cloud Humidifier, 7 LED Light Droplets Cute Essential Oil Diffuser Rain Cloud Night Light, Quiet Humidifier For Room Relaxation Decoration, Small Night Light, Sleep Light"
975,#7 Best Sellers,in Electric Grills & Electric Griddles,40.31,28,0,"Indoor Grill Electric Smokeless, Indoor Grills For Kitchen With Non-Stick Cooking Removable Plate, Portable Korean BBQ Grill With Removable Temperature Control, Dishwasher Safe, 1500W"
976,Unranked(New),General Application,16.1,4,60.0,"Electric Razors For Women, BestMal Bikini Trimmer 5 In 1 Electric Shaver Razor For Women Wet/Dry Face Razors For Face Nose Eyebrow Arms Armpit Legs Pubic Area Painless Facial Hair Removal For Women"
977,Unranked(New),General Application,3.1,0,10.0,"Portable Mini Reusable Crystal Depilatory Tool, Safe And Painless Hair Removal, Easy To Clean After Use"
978,Unranked(New),General Application,2.84,34,50.0,"1pc Mushroom Shaped Night Light, Desktop Decoration Table Lamp For Bedroom, Nursery, Kids Room, Mini Led Atmosphere Night Lamp, Glowing Toy Gift"
979,Unranked(New),General Application,2.7,0,0,"1pc Red/Yellow Boiled Egg Timer, Color-Changing Boiled Egg Timer, Reusable Boiled Eggs And Boiled Eggs Heat Sensitive Durable Kitchen Tools For Breakfast, For Restaurant Use"
980,#2 Best Sellers,in Aroma Diffuser,3.6,0,0,"1pc Digital Display Aromatherapy Machine, Automatic Spraying Machine For Hotel, Toilet, Home, Air Refresher"
981,Unranked(New),General Application,1.7,48,1100.0,Portable Lithium Battery Hair Clipper Electric Clipper T9 Hair Clipper Engraving Oil Head Shaver Bald Head Household Electric Clipper Haircut Machine
982,#8 Best Sellers,in Kitchen Scales,11.7,0,0,"1pc, Food Scale Black, 22lb/10kg Digital Kitchen Scale Grams And Oz For Baking Cooking And Weight Loss, 1g/0.04oz Precise Graduation, Easy Clean Stainless Steel, Kitchen Gadgets, Kitchen Supplies, Kitchen Tools, Kitchen Stuff, Kitchen Utensils"
983,Unranked(New),General Application,25.9,14,0,"Household Oral Irrigator, Calculus Removal Tooth Cleaner, Water Flosser, Electric Tooth Rinser, Portable Tooth Cleaning Artifact"
984,Unranked(New),General Application,3.0,0,200.0,"1pc AA Battery Powered Portable Handheld Mini Fan With Hanging Strap, Simple Outdoor Style, One Speed Level Adjustment"
985,Unranked(New),General Application,0.85,50,0,"4 Pcs Bread Bag Clips Value Set Grade Food Bag Squeeze Clips Food Fruit Bread Bag Cinch Non-Slip Grip Sealer Rubber Pads Or Lid On Bottom, Easy To Squeeze Lock Release"
986,#5 Best Sellers,in Women Shave & Hair Removal Appliances,3.4,3,0,1pc Charging Epilator Face Hair Removal Lipstick Shaver Electric Eyebrow Trimmer Women's Painless Hair Remover Mini Shaver Epilator For Women
987,Unranked(New),General Application,2.5,0,10.0,"1pc Mini Temperature And Humidity Meter With Temperature Switch, Electronic Temperature And Humidity Display, Car Temperature And Humidity Measure"
988,#3 Best Sellers,in Aroma Diffuser,13.8,0,0,"1pc 500ml Yellow Wood Grain Color Usb Powered Aromatherapy Diffuser SQ5, Essential Oil Aroma Diffuser Designed With Auto Shut Off (When Water Run Out) And 7 Color Atmosphere Lights, Comes With A Remote Control, Suitable For Room, Office, Spa Aromatherapy Fragrance"
989,Unranked(New),General Application,11.88,34,100.0,Massage Comb| Electric Spray Massage Comb Three Gear Vibrating Spray Massage Comb Micro Current Head Meridian Massager Physiotherapy Red And Blue Light Nourishing Scalp
990,Unranked(New),General Application,8.4,6,10.0,"10X Magnifying LED Fill Light Makeup Mirror, Vanity Mirror, Beauty Lighted Mirror With Suction Cup, Bathroom Mirror, Makeup Mirror, Dry Battery Fill Light Mirror, Bathroom Mirror, Detachable, Portable Beauty And Personal Care... Bathroom Mirror"
991,#6 Best Sellers,in Hair Curling Irons,15.4,0,0,"1pc Stainless Steel Hair Curling Iron, Modern Two Tone Styling Tool For Home"
992,Unranked(New),General Application,2.6,0,100.0,"1pc Pink Miniature Egg-Shaped Led Nail Dryer Cure Lamp For Nail Polish Gel Manicure, Usb Powered Portable Nail Lamp, A Great Gift For Women Who Love Nail Art"
993,Unranked(New),General Application,28.1,0,0,"2200mah Rechargeable Electric Vibrating Massager, In-Stock, Home Portable Handheld Massage Device"
994,Unranked(New),General Application,2.2,0,30.0,"16/12/4pcs Professional Replacement Toothbrush Heads For Series, Soft Bristles Brush For Best Oral Care"
995,#9 Best Sellers,in Led Makeup Mirror,11.1,3,0,"Car Sun Visor LED Makeup Mirror, Rechargeable Led Mirror With Dimmable Touch Screen, Makeup Mirror With 3 Light Modes,Adjustable Brightness, Clip-On Rear View Sun-Shading Cosmetic Mirror, Car Accessories"
996,#3 Best Sellers,in Portable Vacuums,7.7,0,0,"1pc Multifunctional Handheld Wireless Car/Home Vacuum Cleaner With Strong Suction, High-Power Dust Blower For Desktop Cleaning"
997,#10 Best Sellers,in Milk Frothers,15.0,0,0,"1pc 7-Speed Electric Hand Mixer With Dough Hooks, Beaters, And Whisk - Easy Mixing And Baking, 220V, White"
998,Unranked(New),General Application,7.9,0,200.0,Stay Cool On-The-Go: Small Handheld USB Fan - Portable & Charging For Students & Office Desk
999,Unranked(New),General Application,2.4,4,80.0,"Men USB Quick Rechargeable Electric Shaver Portable Mini Beard Razor Hair Clipper Turbo Rotating Razor With Detachable Blade Head For Home Travel Use, Gender Neutral"
1000,Unranked(New),General Application,7.3,0,0,"1pc Multifunctional USB Rechargeable Electric Eyelash Curler And Eyebrow Trimmer, Portable 2-In-1 Heating Eyelash Curler"
1001,Unranked(New),General Application,13.3,0,70.0,"New 2024 Ultra Light Neck Fan With Long Battery Life, TYPE-C Fast Charging, LED Display, No-Blade Design. Portable USB Mini Fan For Outdoor, Indoor Activities Such As College, Shopping, Working, Traveling And Fishing."
1002,Unranked(New),General Application,5.66,36,70.0,"Water Bottle With LED Temperature Display,Double Walled Vacuum Insulated Water Bottle,Stainless Steel Sports AutomotiveTravel Mug,BPA-Free Leak Proof Keep Cold And Keep Warm 12H"
1003,#7 Best Sellers,in Hair Dryers,1.8,40,0,"Hair Dryer Cap Heat Styling And Conditioning Cap For Home Use, Ideal For Drying And Styling Hair"
1004,#10 Best Sellers,in Styling Tools & Appliances,5.7,0,0,"Professional Cordless Hair Trimmer, Men's T-Shaped Blade Hair Clipper, Zero-Gap Trimmer Rechargeable Beard Trimmer Sharpener"
1005,Unranked(New),General Application,14.2,0,200.0,8 Modes 15 Intensities EMS Massage Nerve Stimulator TENS Machine Body Massager Full Body Massage With 5pcs Cervical EMS Pulse Massage Stickers
1006,Unranked(New),General Application,59.99,67,100.0,"Tower Fan, 36"" Oscillating Tower Cooling Fan With Remote Control, 12-Hour Timer And Sleep Mode, Portable Stand Up Floor Bladeless Fan (Black)"
1007,Unranked(New),General Application,4.9,2,40.0,1pc Rechargeable Portable Handheld Mini Fan With LED Light And USB Charging Cable
1008,Unranked(New),General Application,9.2,0,40.0,"Portable Mini Electric Juicer, USB Rechargeable Smoothie Maker, Automatic Freshly Squeezed Orange/Lemon Fruit Blender For Kitchen"
1009,Unranked(New),General Application,4.65,47,100.0,1pc Manual Colorful Garlic Masher
1010,Unranked(New),General Application,3.6,0,1400.0,Stay Cool On-The-Go: 1pc Portable USB Mini Fan
1011,Unranked(New),General Application,15.9,4,2800.0,"Electric Hair Split Ends Trimmer, Portable Usb Rechargeable Haircut Device Trimmer Shaver Haircut Machine For Home Use"
1012,Unranked(New),General Application,3.86,47,80.0,1pc Wooden Yoga Massage Stick - Waist Cervical Spine Back Shoulder Leg Wooden Meridian Fitness Massager
1013,Unranked(New),General Application,3.95,33,400.0,"Silently Cool The Air Anywhere: Portable, Durable Mini Fan With High Performance USB Rechargeable Battery - Your Convenient Cool Companion"
1014,Unranked(New),General Application,9.6,0,0,"Portable 5-Layer Blade Shaver With Storage Box, Anti-Slip Handle And Smooth Shaving Experience, Ideal For Traveling And Suitable For Both Men And Women, Hair Remover Tool"
1015,Unranked(New),General Application,7.6,1,1000.0,"Hands-Free Fan Necklace Portable Neck Fan With 3 Speeds For Outdoor Sports, Traveling, Office, Home Use"
1016,Unranked(New),General Application,10.5,0,40.0,"1pc Visual Timer (vt01) In Blue Color, Suitable For Learning, Kitchen, Office, Etc."
1017,Unranked(New),General Application,4.3,0,100.0,Vibrating Massager Remove Dark Eye Circles Remove Eye Bags Mini Massage Pen Lifting And Firming Beauty Instrument
1018,Unranked(New),General Application,13.4,0,90.0,"1pc, Car Fan, Powerful 12v24v Rear Seat Back Usb Interface Double-Head Electric Fan, Strong Wind, Small And Portable, Does Not Take Up Space In The Car,Car Supplies Picnic Travel Summer Essential Beach Vacation Essential Back To School Supplies"
1019,Unranked(New),General Application,17.13,28,0,"Slicer Shredder Attachment For All KitchenAid Stand Mixer With 5 Blades, Even For The Cuisinart Stand Mixer S-M-50, S-M-50BC, And S-M-50R"
1020,#3 Best Sellers,in Popcorn Makers,34.2,0,0,"1pc DIY Cotton Candy Maker, Portable Cotton Candy Machine, Mini Homemade Cotton Candy Production Machine, Efficient Heating Mini Cotton Candy Maker, Ideal For Birthday Parties"
1021,Unranked(New),General Application,10.4,4,10.0,"1pc10x Magnifying LED Lighted Makeup Mirror, Bathroom Magnification Vanity Mirror With Suction Cup, 360 Degree Swivel, Daylight, Battery Operated, Cordless & Travel Mirror"
1022,Unranked(New),General Application,4.3,0,60.0,"1pc Purple/Pink Electric Facial Cleansing Brush, Silicone Mini Face Wash Machine For Women And Men, Waterproof And Portable, With Built-In Battery, Ultrasonic Soft Hair Cleaning Device For Face Pore, Non-Replaceable, Can Be Soaked, Washed And Travel-Friendly; Great Gift For Girlfriend, Wife, Mother, Valentine's Day"
1023,Unranked(New),General Application,0.95,47,0,"1pc, Whisk, Stainless Steel Egg Beater, Blender, Mixer, For Blending, Whisking, Beating And Stirring, Baking Tools, Kitchen Gadgets, Kitchen Accessories"
1024,Unranked(New),General Application,10.9,4,2000.0,"1pc 2024 New Car Sun Visor LED Cosmetic Mirror, Rechargeable Led Car Makeup Mirror With Dimmable Touch Screen, Makeup Mirror With 3 Light Modes, Clip-On Rear View Sun-Shading Cosmetic Mirror, Car Accessories"
1025,#7 Best Sellers,in Specialty Kitchen Appliances,16.9,0,0,"Vacuum Sealer With Built-in Cutter And Bag Storage Function, Air Sealing Machine For Sous Vide And Food Preservation, With 10 Vacuum Sealer Bags"
1026,Unranked(New),General Application,169.99,15,40.0,"COSVALVE Drinking Water Dispenser, 5 Gallon Top Loading Hot and Cold Water Dispenser with Refrigerated Cabinet, Compression Cooling with Child Safety Lock for Home Offices, Apartments and Dormitories"
1027,Unranked(New),General Application,11.7,12,0,"1pc Cordless Heating Pad, 3 Temperature Heating Levels, 4 Vibration Massage Modes, Fast And Effective Back And Abdominal Massage Heating, Comfortable Warming Pad For Women And Girls"
1028,Unranked(New),General Application,7.36,23,80.0,"1pc Portable Air Humidifier, 300ml USB Desktop Diffuser Humidifier with LED Night Light"
1029,Unranked(New),General Application,10.08,55,80.0,"Mini Foldable & Telescopic Fan, Usb Charging, Quiet, Portable, Floor & Desk Fan"
1030,#9 Best Sellers,in Kitchen Scales,5.36,19,0,"1pc  Kitchen Digital Scale, Kitchen Scale, Food Scale, Kitchen Weighing Scale, LED Electronic Scale, Kitchen Food Scale, Kitchen Restaurant Food Weight Measuring Tool, Kitchen Baking Tool, 11.02LB/0.04oz (Not Included Battery )"
1031,Unranked(New),General Application,2.3,23,100.0,"Battery Operated Mini Portable Fan, Lightweight Handheld Fan - Ideal For Office, Outdoor, Traveling And Camping - Stay Cool Anytime, Anywhere! (Requires AAA Batteries, Not Included)"
1032,Unranked(New),General Application,8.7,0,60.0,2024 New Rechargeable 1200mAh Mini Table Fan Foldable Desk Fan With LED Display 3 Speed  Portable Wall-Mounted Fan For Home Office Outdoor
1033,Unranked(New),General Application,4.4,0,700.0,"1pc White Portable Mini Handheld Fan With Charging Cord & Hanging Rope, Usb Rechargeable Battery, 3 Speed Settings, Strong Personal Desk Fan, Suitable For Women, Men, Home, Office, Makeup, Outdoor Travel"
1034,Unranked(New),General Application,3.5,0,100.0,"1pc Plug-in Dual Speaker Ultrasonic Pest Repeller, Indoor Insect And Rodent Repellent For Mosquitoes, Bugs, Mice, Spiders, Bed Bugs, Ants And Cockroaches"
1035,#10 Best Sellers,in Massage Tools & Equipment,33.8,6,0,"1pc Electric Rechargeable Shiatsu Shoulder & Neck Massager With 6D Simulated Massage Head, For Home, Office, Travel, Holiday Gifts"
1036,Unranked(New),General Application,4.3,4,300.0,"1 Pack Painless Portable 2-In-1 Electric Epilator And Hair Remover For Women - Eyebrow Trimmer, Lipstick Shape Razor Shaver Shaver And Hair Remover For Women - Mini Size For Eyebrow, Lipstick, And Facial Hair Removal"
1037,Unranked(New),General Application,10.6,19,30.0,Powerful 304 Stainless Steel Portable Electric Food Chopper & Processor - Plastic 350ml Mini Usb Wireless Handheld Garlic Slicer For Vegetables & Meat
1038,Unranked(New),General Application,17.05,13,300.0,"Rechargeable Hair Trimmer For Split Ends, Portable Electric Hair Cutting Machine For Home Use, Trimmer Shaver Automatic Clippers For Men And Women"
1039,Unranked(New),General Application,12.6,0,10.0,"Air Humidifier Small Volcano Humidifier, 300ml/10.14oz Desktop USB Humidifier With  Atmosphere Night Lights, Simulation  Flame Humidifier, Air Humidification For Home Bedroom Office"
1040,#8 Best Sellers,in Electronic Foot Files,13.5,0,0,Electric Nail Drill Professional Manicure Machine Nail Sander Set Nail Drill Bit Portable Nail Salon Polisher Equipment
1041,Unranked(New),General Application,15.4,4,200.0,1Pc Women Rechargeable Automatic Wireless Ceramic Rotation Hair Curler Digital Temperature Control Electric Curling Iron Fast Heating Iron Curling Wand
1042,Unranked(New),General Application,11.2,0,0,"400ml Wireless Portable Electric Juicer, USB Rechargeable Mini Fruit Juicer With 6 Blades And Dual Cup, Multi-Functional Juice Cup Blender Mixer, Perfect For Vegetables, Fruits, And Milkshakes,Vegetable Fruit Tools,Kitchen Items,Cutter,Food,Salad,Decor,Storage,Party,Birthday,Camping,Summer Beach."
1043,Unranked(New),General Application,13.8,4,30.0,"Black Teeth Whitening Kit Gel Pen, 16x LED Light Teeth Whitening Agent For Sensitive Teeth Care, Household Dental Beauty Products, With 1pc Mouth Tray & 3pcs 3ml Gel Pen"
1044,Unranked(New),General Application,4.7,0,400.0,Mini Portable Fan  Cute Handheld Fan Battery Operated Lightweight Small Personal Fan With 3 Speeds And USB Rechargeable Eyelash Fan For Stylish Girl Kids Women Men Office Outdoor Travel Camping
1045,#5 Best Sellers,in Led Makeup Mirror,4.3,7,0,High-Definition 5x Mirror Magnification Patch Mirror Three Level Dimming Portable Flip Cover Circular Folding LED Makeup Mirror With One Side Enlarged 2X Beauty Mini USB Light Emitting Charging Small Mirror
1046,#3 Best Sellers,in Electric Deep Fryers,49.99,58,0,"Electric Deep Fryer, 1.5 Liters/1.6 Qt. Oil Capacity, Small Deep Fryer With Basket For Home Use, Cool Touch Sides Easy To Clean, Nonstick Basket"
1047,Unranked(New),General Application,7.3,0,100.0,"1pc, Mini Portable Foldable Fan With Spray Humidifier USB Rechargeable Handheld Fan With Water Mist, Cooling Comfort For Indoor & Outdoor Travel, Living Room Classroom, School Bedroom, Office Outdoor Sports, Picnic Travel, Summer Essential, Beach Vacation Essential Back To School Supplies"
1048,Unranked(New),General Application,6.5,0,10.0,"1Pc USB Desktop Can Be Any Modeling Fan, Outdoor Stroller Handheld Fan, Summer Quiet Small Multi-Functional Octopus Mini Fan"
1049,Unranked(New),General Application,4.2,0,0,"1pc Battery Operated EMS Abdominal Massager With 6 Modes, Portable Training Device CSB-1, Suitable For Home And Office Use For Both Men And Women"
1050,Unranked(New),General Application,199.99,34,0,"HOMCOM 9 Lbs Portable Clothes Dryer 120V/850W, 4 Drying Modes, 1.5 Cu.Ft"
1051,#2 Best Sellers,in Juicer Machines,12.7,3,0,"1pc 450ml Wireless Portable Electric Juicer, USB Rechargeable Mini Fruit Juicer Optional Double Cup Portable USB Charging Juice Cup, Super Long Battery Life, Home Fruit Blender For Kitchen, Home, Travel"
1052,Unranked(New),General Application,22.4,0,70.0,"Aromatherapy Essential Oil Diffuser Sy-Xxj04, 500ml Large Capacity Indoor Smart Ultrasonic Essential Oil Aromatherapy Machine, White, Cold Mist Humidifier, 24-Hour Continuous Spray, Silent Timer Work, Seven Color Lights, Three Spray Methods, Automatic Shut-Off Without Water, Suitable Home, Office, Indoor Sports Use"
1053,Unranked(New),General Application,2.8,0,60.0,Nail care light mini nail care light baking light nail polish glue quick drying small handheld light treatment machine no black hands usb
1054,Unranked(New),General Application,5.0,9,30.0,"Electric Cat Dog Steamy Brush, 3 In 1 Self-Cleaning Massage Combs, Rechargeable Cat Comb Floating Hair Removal Comb, Pet Care Pet Grooming Brush For Cat And Dog Remove Tangled And Loose Hair"
1055,Unranked(New),General Application,5.6,2,100.0,1pc Rechargeable Handheld Mini Milk Frother And Egg Beater With Charging Cable
1056,Unranked(New),General Application,2.2,4,20.0,"New Electric Shaver For Men, Washable Mini Beard Trimmer, Portable And Rechargeable, Long And Sleek Design, Ideal Gift For Men"
1057,Unranked(New),General Application,7.3,0,1000.0,"1pc ABS Mini Fan, Modern White Handheld Fan For Outdoor"
1058,Unranked(New),General Application,6.3,0,30.0,Bladeless Neck Hanging Fan Slouchy Quiet Portable Mini Foldable Fan Three Gears Strong Wind Long Battery Life
1059,Unranked(New),General Application,6.5,6,200.0,High Definition LED Portable Desktop Dormitory Makeup Mirror Fill Light Beauty Mirror Portable Desktop Makeup Mirror Square Student Folding Mirror LED Mirror USB Plug-In Dry Battery Version (Self Equipped Battery)
1060,Unranked(New),General Application,12.8,4,100.0,"Electric Shaver, 1pc Men's Rechargeable Wet & Dry Head Waterproof Razor Electric Head Hair Shaver, Upgraded Razor 5 Floating Heads"
1061,Unranked(New),General Application,5.7,3,200.0,"Pocket Mirror, 1X/2X Magnification LED Compact Travel Makeup Mirror With Light For Purse, 2-Sided, Portable, Folding, Handheld, Small Lighted Mirror For Gift, Pink Y2k Mom Gifts Valentines Gift Boyfriend Gifts Valentine Day Gifts Pink Cute St Patrick Day"
1062,#7 Best Sellers,in Digital Thermometers & Timers,2.56,20,0,"1pc Electronic Thermometer With Flexible Tip For Accurate Temperature Measurement, Celsius & Fahrenheit Dual Switch, Portable And Suitable For Household Use"
1063,Unranked(New),General Application,5.4,2,300.0,Simple Desktop Handheld USB Charging Summer Dormitory Desktop Fan Pocket Fan Portable Portable Portable Small
1064,Unranked(New),General Application,12.6,9,0,"1pc Portable Juicer, Multifunctional And Rechargeable, With Separable Cup Body And Auto Shut-Off Function, Convenient For Picnic And Travel,Kitchen Portable Fruit Machine,Portable Juicer And Blender,Juice,Lemon."
1065,Unranked(New),General Application,10.4,0,500.0,"White New Desktop Wall-Mounted Electric Fan With Usb For Home, Student Dormitory, Portable Bedside Mini Fan"
1066,Unranked(New),General Application,7.53,43,100.0,"1set, Electric Juicer Cup, Optional Double Cup Portable Charging Small Sports Juice Cup Student Home Multifunctional Juicer Juicer Cup, Weird Stuff Christmas Gift Ideas Teen Girl Gifts Winter Essential"
1067,Unranked(New),General Application,4.8,4,400.0,Compact Small Mini Gift Vanity Table Folding Led Lights Portable Hand Held Pocket Makeup Mirror 2X Magnifying
1068,#1 Best Sellers,in Air Fryers,49.99,69,0,"5.8 Quart Air Fryer, Electric Hot Oven Oilless Multifunctional Cooker With Digital LED Touchscreen, Auto Shut-Off"
1069,#6 Best Sellers,in Laser Hair Removal Devices,34.65,10,0,"Painless IPL Epilator Laser Hair Removal Device IPL Hair Removal For Women And Men, At-Home Permanent Hair Removal Device 5 Levels Upgraded 999990 Flashes Hair Remover For Whole Body Armpits Back Legs Arms Face Bikini Line, Corded, Glasses And Razor Included, Handhold Touch Operated, Reduce Hair Growth"
1070,#6 Best Sellers,in Personal Care Appliance,12.3,4,0,"Hair Clipper & Trimmer, Hair Clipper,Multifunctional Antique Bronze Color 3-In-1 Quick Charge Long Standby Razor, Shaver, Nose Hair Trimmer, Usb Car Charger, Water Resistant, For Men, Father's Day Gift, Cordless Rechargeable Mens Grooming Kit For Beard, Head, Hair, Body, Groin, And Face Hair Trimmer Shaver For Man"
1071,Unranked(New),General Application,13.8,0,40.0,"Air Flame Aroma Volcano Fire Diffuser For Essential Oil, USB Portable Air HumidifirElectric Humidifier 7 Color Night Light Aromatherapy Ultrasonic Cool Mist Diffuser For Home, Bedroom, USB Free Filter Essential Oil Diffuser"
1072,Unranked(New),General Application,3.0,3,2100.0,"Lipstick Shaver Electric Hair Removal Machine Eyebrow Trimmer MINI Facial Hair Removal Instrument Lady Face Electric Razor Facial Shaving Instrument For Lip, Chin,Arms,The Best Female Mustache Remover"
1073,Unranked(New),General Application,7.1,0,800.0,"1pc ABS Mini Fan, Modernist Coffee Brown Foldable Handheld Fan For Home, School"
1074,Unranked(New),General Application,5.8,5,0,Pin  Ultrasonic Dog Repellent Pet Dog Trainer LED Flashlight
1075,#6 Best Sellers,in Massage Tools & Equipment,37.7,0,0,1pc Multifunctional Neck Massager With Trapezius Hot Compress And Wireless Charging Function
1076,Unranked(New),General Application,7.92,40,0,"1pc Gold Olive Oil Dispenser Bottle Oil Dispenser Bottle For Kitchen Olive Oil Dispenser,Coffee Syrup Dispenser For Coffee Bar Accessories, Cooking Oil Dispenser Glass Bottles,With Random Stickers"
1077,Unranked(New),General Application,5.0,0,2900.0,"Silently Cool The Air Anywhere: Portable, Durable Mini Fan With High Performance USB Rechargeable Battery - Your Convenient Cool Companion"
1078,#4 Best Sellers,in Electric Blade Grinders,13.67,39,0,"1pc,  Coffee Grinder,200W Powerful Electric Coffee Grinder,Quiet Spice Grinder,Fresh Grinding For Coffee Beans,Spices,Nuts,Grain,Peanut,One Touch Coffee Mill With Large Capacity"
1079,#6 Best Sellers,in Digital Thermometers & Timers,2.5,0,0,"1pc Electronic Digital Thermometer, With Hard Probe, High Accuracy, Portable, Celsius, General Purpose For Home Use"
1080,Unranked(New),General Application,15.72,21,50.0,"1PC 7 Color Flame Humidifier, Capable Of Regularly Changing 7 Flame Colors, With A 150ml Capacity For Automatic Power-Off Protection In Case Of Water Shortage. The Aromatherapy Machine Powered By USB C Cable Is Used For Home, Office, Other Occasions Black (Without Essential Oils)"
1081,#3 Best Sellers,in Hair Dryers,18.8,4,0,Lightweight Hair Dryer Powerful Negative Ionic Fast Dry Low Noise Blow Dryer Professional High Speed Salon Hair Dryer Suit
1082,#6 Best Sellers,in Portable Vacuums,8.88,40,0,1pc Cordless Handheld Vacuum Cleaner Portable Desktop Cleaning Mini Vacuum Cleaner For Home
1083,Unranked(New),General Application,11.97,35,400.0,A 180kg Intelligent App Connected Body Fat Scale For Home Use - Accurately Measures Body Fat Percentage & More During Exercise Or Fitness Activities
1084,Unranked(New),General Application,7.44,40,0,1Pc Electric Mosquito Racket Mosquito Killer Lamp USB Rechargeable Foldable Mosquito Swatter Fly Swatter Repellent Lamp
1085,Unranked(New),General Application,2.0,0,10.0,"1/4pcs Silicone Layered Cake Molds (4''), Silicone Air Fryer Baking Pans, Non-Stick Muffin Pans, Reusable Air Fryer Egg Mold, Round Shape Silicone Bread Pan, Toast Bread Molds, Cake Tray Molds, Non-Stick Baking Tools. Soap Mold, Round Whoopie Pie Pan, Great For Burger, Tarts, Baking Tools, Kitchen Gadgets, Hamburger Bun Pan, Air Fryer Accessories, Kitchen Accessories, Home Kitchen Items"
1086,Unranked(New),General Application,11.9,4,300.0,Kemei Brand Km-189A Electric Epilator Lady'S Hair Remove Machine From Hair Root Women'S Hair Scraping Shaver Painless Razor For Body Armpit Leg Bikini Private Part Hair Remove Clean Machine
1087,Unranked(New),General Application,43.9,0,0,"New Summer Macaron Colors Arrivals! Cute And Fashionable Mini Fridge, Portable Car Fridge, Suitable For Cosmetics, Clothes And Bathroom Storage. (Please Note That It Has Lower Power, If You Need Frozen Function, Please Choose A Bigger Fridge. Our Portable Fridge Cannot Freeze Items.)"
1088,Unranked(New),General Application,17.7,5,200.0,"Portable Led Makeup Mirror With 1X2X3 Magnification, Touch Control, And Dual Power Supply - Perfect For Women On The Go Complimentary X10 Magnification Small Circular Mirror Vanity Mirror For Home Tabletop Decoration, Bathroom, Dresser Vanity & Countertop Bedroom Travel Dormitory Hotel Mirror Women Gift"
1089,Unranked(New),General Application,25.6,0,50.0,High Power Portable Handheld Vacuum Cleaner
1090,Unranked(New),General Application,6.08,22,1700.0,"Handheld Mini Fan, Hand Fan, 1Pc Portable USB Rechargeable Small Pocket Fan, Battery Operated Fan With Power Bank, Feature For Women,Travel,Outdoor"
1091,Unranked(New),General Application,12.6,5,20.0,"2024 New Smart Slide Adjustment Halter Fan, TYPE-C Quick Charge, Long-Lasting Battery Life, No Blade LED Display Halter Fan, Outdoor Portable USB Mini Fan, Silent Strong Wind, Student Fan / Shopping / Home / Office / Travel / Fishing, 1pc"
1092,Unranked(New),General Application,7.9,5,100.0,1pc Rechargeable 500mAh Table/Desktop Clamp Fan With 3 Adjustable Speeds And Simple Design
1093,Unranked(New),General Application,5.51,5,70.0,3-In-1 Lipstick Shaped Shaver Electric Hair Removal Eyebrow Trimmer Usb Rechargeable Full Body Epilator For Women Facial Eyebrow Nose Armpit Hair Removal Gift For Women
1094,#4 Best Sellers,in Vacuum Cleaners,89.0,44,0,"INSE N5T Cordless Vacuum Cleaner, 6 In 1 Rechargeable Powerful Lightweight Stick Vacuum With 2200 MAh Battery For Home Hard Floor Carpet Pet Hair"
1095,Unranked(New),General Application,3.5,0,0,"1pc Large Display Calculator, Cute Creative Macaron Color Simple Portable Button Calculator, Desktop Office Calculator"
1096,Unranked(New),General Application,12.8,10,20.0,"Portable Folding Handheld Fan With Digital Display, Silent Desktop Mini Fan, Rechargeable Battery Operated, 6 Speed Settings And 7 Blades, Long Battery Life."
1097,#7 Best Sellers,in Laser Hair Removal Devices,17.5,4,0,"Hair Household Painless Hair Removal Instrument,Suitable For Men And Women Long-Lasting Hair Remover"
1098,Unranked(New),General Application,9.7,0,100.0,"1pc 2200w Outdoor Solar Powered Induction Street Light With Pir Motion Sensor, Remote Control Led Wall Lamp, Waterproof Yard Light For Garden"
1099,#7 Best Sellers,in Portable Vacuums,9.2,0,0,Mini Vacuum Cleaner Desk Table Dust Vacuum Table Sweeper Desktop Cleaner With Clean Brush For Home Office
1100,Unranked(New),General Application,8.0,0,200.0,1 PC 1200mAh Rechargeable Portable Electric Fan
1101,Unranked(New),General Application,5.4,0,70.0,1pc Water Ripple Mini Electric Usb/Battery Operated Vibrating Triangle Massage Tool
1102,Unranked(New),General Application,79.99,44,50.0,Costway Electric Food Stand Mixer 6 Speed 4.3Qt 550W Tilt-Head Stainless Steel Bowl New
1103,Unranked(New),General Application,6.2,7,40.0,"1pc Mist Humidifier, Silent USB Aroma Diffuser, Mini Wood Grain Round Shape 200ml, For Living Room, Bedroom, Car"
1104,Unranked(New),General Application,6.7,0,50.0,"New Portable Octopus Handheld Fan, Foldable & Low-Noise, Suitable For Desk, Bike And Dorm"
1105,Unranked(New),General Application,71.9,55,100.0,7 In 1 Hair Blow Brush Curling Wand Hair Dryer Styler
1106,Unranked(New),General Application,1.65,48,200.0,"Portable Handheld Mini Fan, Super Silent, Pink (One Size Fits All), White (B), Blue (L)"
1107,#5 Best Sellers,in Oral Irrigators,17.8,0,0,Electric Dental Flusher Portable Large Tank Rechargeable Oral Water Flosser Multiple Modes 4 Nozzles Tartar Cleaner Suitable For Home And Travel Use
1108,Unranked(New),General Application,3.48,40,0,"1 Pc Large Capacity And Lightweight Of 780ml Water Bottle Sports Water Bottle, Fashionable And Simple For Outdoor, Sports And Mountain Climbing"
1109,Unranked(New),General Application,2.9,3,20.0,Hair Clipper Electric Pusher Haircut Machine Electric Clipper Oil Head Carving Razor For Bald Head Haircut Fast Charging Portable Hair Clipper Multifunctional Household Electric Clipper New Professional Engraving Hair Clipper
1110,#10 Best Sellers,in Aroma Diffuser,3.4,0,0,1ps Rechargeable 10ml Intelligent Car Fragrance Machine Ultrasonic Atomization Automatic Start Stop Car Air Vent Fragrance Machine
1111,Unranked(New),General Application,19.9,0,0,"2-In-1 Portable Shoe Dryer/Warmer With Deodorizer, Auto-Off Timer And Foldable Design"
1112,Unranked(New),General Application,8.5,17,50.0,"0.35/0.51-Inch 9/13MM Curling Wand, Produces Classic Curls – For Use On Short, Medium, And Long Hair"
1113,Unranked(New),General Application,23.39,21,10.0,"Upgraded DG64-00473A Stove Knobs Compatible for Gas Range, Stainless Steel Top Burner Control Dial Knob Replacement for Stove Burner Oven (5 Pack)"
1114,#10 Best Sellers,in Power Toothbrushes,7.1,3,0,"Electric Sonic Toothbrush With 6 Modes, Smart Timer - Unisex - Effectively Cleans Teeth & Gums, Rechargeable By Usb, 4/8 Replacement Heads, Extra Soft Brush For Sensitive Teeth & Gums, Oral Hygiene & Health"
1115,Unranked(New),General Application,6.15,16,700.0,"Handheld Mini Fan, Hand Fan, 1Pc Portable USB Rechargeable Small Pocket Fan, Battery Operated Fan With Power Bank, Feature For Women,Travel,Outdoor"
1116,Unranked(New),General Application,4.6,0,30.0,"Thickened Version Bidirectional Drum Hair Scraper For Manual Hair Removal, Clothing Dust Removal, Adhesive Hair Brush, Clothing Water Absorption Brush, Reusable Roller, Adhesive Hair Removal, Pet Hair Removal Brush, Manual Electrostatic Adhesive Hair Removal Pet Hair Dust Removal Brush, Carpet Pet Dog And Cat Hair Removal Brush, Used For Clothing, Sofas, Furniture, Bedding, Floors"
1117,Unranked(New),General Application,2.1,0,100.0,Replacement Toothbrush Heads 7X Whitening Electric Toothbrush Compatible With Oral-B  - Replacement Heads Refill Pro 500/1000/1500/3000/3757/5000/7000/7500/8000
1118,Unranked(New),General Application,5.0,0,100.0,"Usb Rechargeable Handheld Mini Fan, Portable Pocket-Size Design, Suitable For Students And Adults, Perfect For Summer Heat Relief"
1119,Unranked(New),General Application,38.1,0,20.0,1pc Relieve Shoulder Pain Instantly with Electric Heated Shoulder Strap Massager - Perfect for Men & Women
1120,Unranked(New),General Application,7.9,0,0,1PC Electronic Ashtray New Car Interior Intelligent Ashtray Home Multi Functional Negative Ion Car Anti Fly Ash Living Room Air Purifier Portable New Ashtray
1121,Unranked(New),General Application,5.9,17,600.0,1pc Rechargeable Portable Hands-Free Hat Fan With 3 Speeds
1122,Unranked(New),General Application,5.34,40,0,1PC New Dry-Cell Wine Bottle Opener Simple Shape Easy To Use
1123,Unranked(New),General Application,8.2,30,10.0,"1pc Portable Charcoal Aromatherapy Diffuser 300ml Large Capacity Simulated Charcoal Two Spray Modes Cool Mist Silent Design Suitable For Home, Office, Bedroom Humidifier"
1124,Unranked(New),General Application,2.9,0,0,"Upgrade Super Fast Portable Brushes Cleaner, Wash And Dry Brushes In Seconds, Cosmetic Spinner Cleaner For Most Size Brushes"
1125,Unranked(New),General Application,10.8,4,300.0,"5 In 1 Women's Body Hair Trimmer, Shaver For Armpit Hair, Arm Hair, Leg Hair, Bikini Hair, Nose Hair, Eyebrow Hair And Facial Hair Removal, For Lady Hair Shaving"
1126,Unranked(New),General Application,1.74,40,0,Car Bluetooth Anti Lost Device Locator Mini GPS Tracker Kids Pet Wallet Bag Tracking For IOS/Android Smart Finder Accessories
1127,Unranked(New),General Application,12.1,0,50.0,1pc Intelligent V-Shape Facial Massager
1128,Unranked(New),General Application,4.3,0,200.0,1pc Portable Usb Ultrasonic Air Humidifier Essential Oil Diffuser Car Purifier Aromatherapy Negative Ion Mist Maker With Led Romantic Light
1129,Unranked(New),General Application,70.99,34,50.0,"HOMCOM Room Air Cooler With Ice Packs, Timer, Oscillating, LED Display"
1130,Unranked(New),General Application,8.08,15,400.0,"1pc Portable Foldable LED Makeup Mirror With 1200mAh USB Rechargeable Battery, 3 Adjustable Lighting Options (White, Yellow, Warm), Touch-Sensitive Dimming, Square Shape, In Pink Or White Color, Suitable For Home, Dorm And Travel"
1131,Unranked(New),General Application,7.95,29,50.0,1pcs Electric Ladies Shaver Home Portable 4-in-1
1132,#3 Best Sellers,in Electric Cleaning Brushes,31.7,0,0,"Electric Cleaning Brush,Rotary Floor Scrubber,Wireless Electric Rotary Scrubber,Replaceable 6 Brush Heads And Adjustable Extension Handle,360 Cordless Cleaning Brush For Bathroom,Bathtub,Tiles,USB-C Charging Line Rotary Cleaning Brush"
1133,Unranked(New),General Application,12.9,0,10.0,"1pc USB 7 Color Lights Ultrasonic Essential Oil Diffuser & MINI Humidifier With USB Power Cord And Auto Shut-Off Function, Suitable For Small Romm Aromatherapy Humidification"
1134,Unranked(New),General Application,10.8,0,50.0,"1pc ABS V Shape Face Lift Device, Modern Electronic Beauty Instrument For Personal Care"
1135,Unranked(New),General Application,8.0,5,200.0,"LLANO LED Lighted Travel Makeup Mirror, 1x/2x Magnification, Compact, Portable For Handbag, Purse, Pocket, 3.5 Inch Illuminated, Folding, Handheld, 2-Sided, Round, Girls Makeup Mirror Pink, Compact Mirror, Pocket Small Vanity Mirror, Living Room Home Bedroom Bathroom House Decor, Travel Stuff, Wedding, Party, Birthday, Gifts For Men Mom Dad Best Friends Teacher, New Years, Accessories, Funny Gift"
1136,Unranked(New),General Application,8.1,0,40.0,Aroma Diffuser Electric Air Humidifier Cool Mist Maker Fogger Essential Oil Diffuser With LED Lamp
1137,Unranked(New),General Application,4.8,0,2300.0,Stay Cool On-The-Go: 1pc Portable USB Mini Fan
1138,Unranked(New),General Application,16.98,39,40.0,1000W/2000W Portable Electric Burner Single/Dual Stove Hot Plate Heating Cooktop Camping
1139,Unranked(New),General Application,3.8,0,100.0,1pc 60 Minute Kitchen Timer Alarm Mechanical Teapot Shaped Timer Clock Counting Tools(6.0 X 5.8cm)
1140,Unranked(New),General Application,4.87,65,10.0,"3 In 1 Electric Teeth Cleaner, Five-Speed Electric Toothbrush Set, Green. Multi-Functional Sonic Vibrating Toothbrush, Portable Removal Of Dental Calculus, Teeth Washing, Beauty Instrument, IPX6 Waterproof."
1141,Unranked(New),General Application,3.53,52,70.0,1 Pc Four-Speed Wind Adjustable Mini Handheld Spray Fan Can Be Hung/Handheld Small Fan USB Charging Desktop Silent Small Fan Humidification Spray
1142,#2 Best Sellers,in Car Electronics,19.3,0,0,Au-1 Corded Black Vacuum Cleaner
1143,Unranked(New),General Application,17.1,0,0,"1pc Seasoning Chili Garlic Slicer, Manual Multifunctional Food Processor, Vegetable Fruit Chop Up Machine"
1144,Unranked(New),General Application,6.0,0,200.0,"1pc T9 Fashionable Hair Clipper With Cartoon Pattern, Professional Electric Hair Trimmer For Oil Head Carving And Hair Cutting, Multicolor And Random Styles, Rechargeable Haircut Machine For Home Use"
1145,Unranked(New),General Application,18.99,24,60.0,"Electric Muscle Toner Batteries Operated(No.AAA Needed), Abs Stimulator Workout Equipment, Abdominal Belt Fitness Portable Ab Stimulator, Home Office Fitness Workout Gear for Arm/Leg"
1146,Unranked(New),General Application,12.2,0,0,Home Portable Vibrating Abdominal Massage Belt Waist Support Fitness Equipment
1147,Unranked(New),General Application,14.7,0,70.0,White Head Massager
1148,Unranked(New),General Application,10.8,0,40.0,"1pc ABS V Shape Face Lift Device, Modern Electronic Beauty Instrument For Personal Care"
1149,Unranked(New),General Application,17.9,0,50.0,"Massage Gun, Deep Tissue Muscle Relax Electric Massager Gun With 6 Adjustable Intensity Levels And 4 Heads, Portable Handheld Multi-Function Membrane Massage Gun"
1150,Unranked(New),General Application,18.8,0,200.0,"1pc USB 5V 80ml Resin Ultrasonic Essential Oil Diffuser, Suitable For Small Room Aromatherapy Humidification"
1151,Unranked(New),General Application,5.5,0,100.0,"1PC Portable Fan MiNi Hand-Held Quiet Small USB 500mAh Rechargeable Mini Neck Fan For Student Dormitory Office Outdoor Hand Fan,Pocket Fan"
1152,Unranked(New),General Application,26.9,0,0,"1 Piece Ultrasonic Cool Mist Humidifier With Removable 1.5 Liter Tank Diffuser, Non-Interfering Work For Office/Bedroom/Nursery And Plant Humidifiers"
1153,#8 Best Sellers,in Rice Cookers,31.99,51,0,"Housewares 1.5Qt. Rice & Grain Cooker,Black,6-Cup Cooked / 3-Cup Uncooked"
1154,#6 Best Sellers,in Cooking Appliances,20.2,0,0,"Comfee 680W High-Efficiency Toaster - Perfectly Toasted 2 Slices With 6 Browning Levels, White"
1155,Unranked(New),General Application,9.7,4,60.0,1pc Women Hair Removal Epilator Female Shaving Machine Women Razor Leg Body Electric Lip Shaver For Women Cheek Chin Lady Shaver
1156,Unranked(New),General Application,17.1,0,100.0,"1pc USB Powered Aroma Diffuser, 180ml Capacity, Ultrasonic Type, Equipped With V21b Mini And Seven-Color Imitation Flame, Volcano-Like Jellyfish With Spray Dual Mode Adjustment, Suitable For Aromatherapy, Featuring Simple Appearance, Available In Black And White Colors, Equipped With Built-In Smart Chip And Automatic Power-Off Function For Water-Shortage Protection."
1157,#4 Best Sellers,in Aroma Diffuser,8.9,0,0,"A Desktop USB Ultrasonic 7-Color Gradient Flame Light Aromatherapy Machine, Cool And Colorful, Aromatherapy Humidifier, Visible Humidification And Expansion, Water Replenishment Device, Air Purifier, Suitable For Home, Office Desktop, Bedroom Headboard, Car Travel, Air Humidification Regulator That Can Add Essential Oils."
1158,Unranked(New),General Application,42.63,28,0,"Kitchen Aid Stainless Steel Spiral Dough Hook,Aid Whisk And Beater,Stainless Steel 3 Piece Kit - Dough Hook,Beater,Wire Whip Fits For KitchenAid 4.5-5QT Tilt-Head Stand Mixer K45SS, KSM75, KSM90, KSM95, KSM150, Heavy Duty And Dishwasher Safe"
1159,Unranked(New),General Application,12.6,11,400.0,"Portable Handheld Fan, Battery Operated Fan With Base, 8 Hours, Digital Display, 90° Ajustable, Rechargeable Mini Fan For Outdoor Indoor"
1160,Unranked(New),General Application,1.65,55,600.0,1pc Rechargeable Usb Fan With 3-level Foldable Adjustable Wind Speed And Handheld Portable Feature
1161,Unranked(New),General Application,11.36,28,0,"Multi-Function Stainless Steel Vegetable Slicer For Conveniently Cutting Potatoes, French Fries, Vegetable Sticks And Strips In Home Kitchen"
1162,#3 Best Sellers,in Hot Tea Makers,10.4,0,0,"Automatic Sensor Coffee Cup Warmer For Desk - Keep Your Coffee, Tea, Milk And Water Warm - Auto Shut Off/On - Cup Warmer For Home And Office - Without Cup"
1163,Unranked(New),General Application,3.9,40,0,"1pc Small Hand-Held Garlic Masher With 3 Blades And 500ml Capacity, Household Manual Garlic Press Chopper For Garlic And Ginger"
1164,#9 Best Sellers,in Personal Care Appliances,2.8,0,0,"Mouse Shaped Mini Nail Dryer Lamp For Gel Polish, With Uv Led Phototherapy, No Harm To Hands"
1165,Unranked(New),General Application,9.3,0,400.0,Combination Vacuum Cleaner USB Charging Car Household Vacuum Cleaner Small Car With Fully Automatic High Power Powerful Cleaning Strong Suction Cleaning Mini Machine Wireless Portable Handhled Blower Machine Air Duster For Home Appliances
1166,Unranked(New),General Application,16.4,4,600.0,"Electric Split End Hair Trimmer, Portable USB Rechargeable Home Hair Cutter, Hair Trimming Device"
1167,#9 Best Sellers,in Oral Irrigators,17.8,0,0,Electric Dental Flusher Portable Large Tank Rechargeable Oral Water Flosser Multiple Modes 4 Nozzles Tartar Cleaner Suitable For Home And Travel Use
1168,Unranked(New),General Application,8.5,0,200.0,"Mini Handheld Fan, Portable Personal Fan, Neck Fan 90° Adjustable USB Rechargeable 1800mAh Small Table Fan 5 Speed Suitable For Home Office Travel, Office Desktop Multifunctional Folding Head Small Electric Fan With Neck Hanging, Keep Cool Anytime And Anywhere: Small Handheld USB Fan - Ideal For Students And Desks To Carry And Charge"
1169,Unranked(New),General Application,2.6,0,0,"1pc ABS Electric Eyelash Curler, Modern Beauty Eye Instrument For Home, Long-Lasting Curl Electric Eye Lash Perm Eyelashes Clip Eyelash Curler Device Makeup Tools"
1170,Unranked(New),General Application,25.99,45,10.0,110V 1200W 1.8L Electric Glass Kettle US Plug
1171,Unranked(New),General Application,2.04,40,0,"2024 New Flat Iron Comb Attachment Clip On, Flat Iron Hair Straightener Comb Attachment, Barber Hair Straightening Comb Flat Iron Comb Attachment Clip On Comb Attachment For Flat Iron, Professional Or Home Use Compact Hair Styling Tool"
1172,#9 Best Sellers,in Air Fryers,5.0,0,0,"100pcs Air Fryer Liners, Disposable Parchment Paper Liners For Air Fryer, Steaming Basket, Cooking & Baking, Prevents Grease And Oil, Non-Stick, Easy To Clean"
1173,#5 Best Sellers,in Aroma Diffuser,6.0,0,0,"Car Aroma Diffuser With Perfume,USB Car Scent Diffuser,Small Mini Aromatherapy Diffuser With Projective Star Light For Car,Ambient Lighting Changes According To The Rhythm Of Music,Nano Spray,Three-Mode Adjustment,Colorful Streamer Atmosphere Light,Home Mode, Induction Start And Stop When Getting On And Off The Car, Suitable For Mothers And Babies"
1174,Unranked(New),General Application,3.8,0,300.0,"Men's Car Electric Razor Electric Razor Cross-Border Steel Gun Mini Portable Razor Electric Razor For Men, Lightweight Handheld Design, Waterproof Razor Precision Trimmer, Cordless Rotate Shaver"
1175,Unranked(New),General Application,8.8,0,30.0,"Bug Zapper, Fruit Flies Trap, Electric Mosquito & Fly Zappers/Killer - Insect Attractant Trap Powerful Little Gnats, Hangable Mosquito Lamp For Home, Indoor, Outdoor, Patio"
1176,Unranked(New),General Application,3.2,32,0,Stay Cool On-The-Go: 1pc Portable USB Mini Fan Summer Travel School Outdoor Activity Cooling Off Summer Heat
1177,Unranked(New),General Application,7.2,1,70.0,1pc Rechargeable 500mAh Desktop Fan With 3 Adjustable Speeds And Simple Style
1178,Unranked(New),General Application,11.7,7,200.0,"1Pcs Upgraded 3000V Rechargeable Foldable Mosquito Swatter Fly Swatter With USB Type-C, Fly Killer With 3-Layer Protection Grid Bug Zapper Racket For Home Bedroom Kitchen Office Backyard Patio Indoor Outdoor"
1179,Unranked(New),General Application,21.14,46,90.0,"Electric Massaging Pad - Neck, Shoulder, Waist, Leg, Relaxation Massager With Deep Tissue Kneading And Heat Therapy, Convenient For Home, Office, Travel"
1180,Unranked(New),General Application,1.4,50,0,10pcs Buffing Sanding Files Block Pedicure Manicure Care Sponge Nail Art Buffer Grinder Polishing No Hurt Nail Art Tools
1181,Unranked(New),General Application,6.0,3,100.0,"Cute Cartoon Bear Shaped Colorful Gradient Mini Fan, Portable Handheld Fan For Summer"
1182,#6 Best Sellers,in Health & Wellness Monitors,8.7,5,0,"1pc Portable Usb-Powered Battery-Powered Nourishing Moisturizing Spray Machine With Continuous Spraying Function, Suitable For Personal Care"
1183,Unranked(New),General Application,2.5,0,80.0,50ml Essential Oils For Diffuser Fragrance Oils Aromatherapy Machine And Home Reed Diffuser For Aroma Sprayer Perfume Candle Soa
1184,#1 Best Sellers,in Air Purifiers,13.0,0,0,"1pc Small USB Portable Air Purifier, Circulation System To Remove Odors, Suitable For Use In The Car And At Home"
1185,Unranked(New),General Application,80.3,0,0,"15l Large Capacity Portable Washing Machine, New Ultraviolet Sterilization & Folding Design-3 Deep Cleaning Modes, Mini Washer, Suitable For Underwear, Towels, Socks, Baby Clothes, Outdoor, Camping, Rv, Travel!"
1186,Unranked(New),General Application,15.9,0,0,"Boeica-XM13 Portable Handheld Cordless Vacuum Cleaner, Dual-Use For Car And Household, Strong Suction Power, Small And Lightweight, Black"
1187,Unranked(New),General Application,3.9,0,90.0,"Compact & Cute USB Rechargeable Fan - Adjustable Speed, Portable Cooling For Home, Office, Travel & Outdoor Activities"
1188,Unranked(New),General Application,39.99,44,80.0,Costway Multifunction Portable Steamer Household Steam Cleaner 1050W W/Attachments
1189,#5 Best Sellers,in Electric Grills & Electric Griddles,54.9,39,0,"Extra Large Electric Griddle Nonstick With Adjustable Temperature, Electric Grills Kitchen Appliances, Smokeless  Griddles Restaurant,Pancake Indoor Grill, Cool-Touch Handles Electric Barbecue, Non Deep Friyer"
1190,Unranked(New),General Application,4.5,4,700.0,"Finishing Touch Hair Removal Device, Tv Product, Women'S Epilator Electric Razor"
1191,Unranked(New),General Application,14.7,0,60.0,1pc Summer Outdoor Portable Climbing Usb Rechargeable Waist Hanging Fan
1192,Unranked(New),General Application,22.6,0,40.0,"1pc Rechargeable Portable Micro-Current Electric Massage Comb, Red And Blue Light Therapy, High Frequency Vibration, Scalp Massage Comb"
1193,Unranked(New),General Application,2.8,0,0,"Multifunctional Large Screen Timer With Clock For Kitchen Baking And Time Management For Students, 1pc"
1194,Unranked(New),General Application,5.6,0,10.0,"Milk Frother, Household Electric Milk Frother, Handheld Whisk, Coffee Whew, Milk Whisk (Battery Version, No Battery)"
1195,Unranked(New),General Application,11.22,28,0,1pcs Automatic Hair Curler Rechargeable Curling Iron Cordless Hair Curlers Wave Rotating Styler Hair Curling Device
1196,Unranked(New),General Application,7.09,38,200.0,"2l Pink Dual Nozzle Usb Large Capacity Humidifier, Mute & Powerful Spray, Suitable For Bedroom, Office And Other Spaces"
1197,Unranked(New),General Application,14.4,4,90.0,"Travel Makeup Case With Lighted Mirror, Partitionable Cosmetic Bag, Professional Cosmetic Artist Organizer, Waterproof Portable, Travel Toiletry Bag For Women, Makeup Bag Case With 4 Compartments"
1198,#4 Best Sellers,in Waffle Makers,16.8,0,0,"1PC Wall Plug 350-watt 4-inch Mini Waffle Maker for Individual Waffles, Hash Browns, Keto Chaffles with Easy to Clean, Non-Stick Surfaces"
1199,Unranked(New),General Application,3.24,10,300.0,1pc Panda Shaped Usb-Powered Humidifier For Indoor And Car Use
1200,Unranked(New),General Application,2.0,29,70.0,Revolutionize Your Cooking Experience With An Air Fryer Mat
1201,Unranked(New),General Application,2.3,0,20.0,"5pcs/set, Refrigerator Drain Clogged Remover Unclog Cleaning Tool Refrigerator Hole Brush Drain Cleaner for Household Cleaning"
1202,Unranked(New),General Application,10.65,21,10.0,"1 Pc Greek Yogurt Maker,Colander Whey Separator, Extra Fine Mesh Stainless Steel Strainer Basket, Fine Mesh Strainer, Yogurt Milk Maker, Homemade, Square,BAP-Free Greek Yogurt Strainer,Kitchen Food Gadgets Tools"
1203,Unranked(New),General Application,19.8,25,500.0,"6l Mini-Foldable Washing Machine, Bucket-Type, Portable, Fully Automatic, With Washing And Dewatering Functions (No Drainpipe)"
1204,#1 Best Sellers,in Lint Removers,5.5,10,0,1pc Usb Powered Three-Leaf Blade Lint Remover With 1 Brush For Home Use
1205,Unranked(New),General Application,5.3,2,50.0,"1pc 500mAh Rechargeable Lithium Battery Handheld Foldable Mini Fan With 5 Gears Wind Speed Adjustment, Digital Display And Power Indicator, Including USB Charging Cable"
1206,Unranked(New),General Application,2.34,10,40.0,Electric Eyelash CurlerElectric Eyelash CurlerHeated CurlerHeated Curl Styling Electric Eyelash Curler.
1207,Unranked(New),General Application,15.5,4,50.0,"1pc Electric Shaver, Multifunctional, 5-Head Charging, Razor, Whole-Body Washable, Bald-Headed Machine,"
1208,Unranked(New),General Application,16.6,4,700.0,"Portable USB Rechargeable Automatic Hair Trimmer, Electric Split Ends Trimmer,Trimming Split Ends 1pc"
1209,Unranked(New),General Application,37.99,61,200.0,"Juicer Machine, 500W Centrifugal Juicer Extractor With Wide Mouth 3"" Feed Chute For Fruit Vegetable, Easy To Clean, Stainless Steel,Red"
1210,Unranked(New),General Application,15.5,0,20.0,"One Piece E27 Base Led Light & Fan Combo With Remote Control, Detachable Bulb Head, 30w Indoor Fan Light"
1211,Unranked(New),General Application,3.7,3,90.0,"LARGER Portable Full Body Washable Mini Electric Shaver Razor For Shaving And Hair Removal With USB Charging, Long Battery Life And Strong Cutting Capability, Great Gift For Boyfriend Or Father"
1212,#6 Best Sellers,in Wax Heaters,11.6,0,0,Hair Removal Machine Wax Heater Depilatory Epilator Wax-Melt Waxing Paraffin Heater Wax Beans Heating Machine
1213,#2 Best Sellers,in Other Styling Tools,1.28,62,0,"1pc Hair Dryer & Curler With Air Comb, Hair Root Volumizer And Styler For Salon & Home Use. Anti-Static, Heat-Resistant Round Brush For Thick & Curly Hair."
1214,Unranked(New),General Application,2.8,3,1500.0,"1pc Single AA Battery Powered Portable Handheld Mini Fan With Hanging Rope, One-Speed Adjustment, Simple Design For Outdoor Use"
1215,Unranked(New),General Application,6.9,40,0,USB Rechargeable Mosquito Repellent For Household Outdoor Lighting
1216,Unranked(New),General Application,34.99,51,100.0,ITopRoad 800W 110V Home Use Multi-function Electric Juicer US Plug Black
1217,Unranked(New),General Application,1.4,0,50.0,"1pc Nail Grinding Head Cleaning Brush Combination With Copper Wire & Soft Brush, Electric Manicure Drill Accessory Dust Brush"
1218,#2 Best Sellers,in Table Fans,33.0,0,0,Portable Air Conditioner Cooler Refrigeration Desktop Cooling Fan Water Cooling Spray Fan USB Air Conditioning Cooler Ultrasonic Atomization Cooling
1219,Unranked(New),General Application,16.5,4,300.0,"LARGNER® Electric Groin Hair Trimmer,Body Hair Trimmer,  Trimmer For Intimate Parts, Groin And Testicles For Men And Women ,Ultimate Male Body Hair Razor,Private Trimmer Shaver,Replaceable Ceramic Blade Heads, Waterproof Wet/Dry Clippers, Standing Recharge Dock,   Fast Charging Ultra Long Standby"
1220,Unranked(New),General Application,7.1,0,1900.0,"1pc Usb Rechargeable Portable Octopus Mini Glowing Toy Fan With 3 Speed Levels, Can Be Hung, Placed Or Wrapped Around; Suitable For Strollers, Handheld Fan Without Blades, Mini Foldable Fan, Silent Desk/Outdoor Cooling Fan, Neck Fan, Stand Fan; Suitable As A Toy Fan"
1221,Unranked(New),General Application,19.0,0,40.0,"Rechargeable Silicone Electric Bath Massage Brush With Multiple Functions And Vibration, Waterproof Back Rubbing Tool"
1222,Unranked(New),General Application,32.99,35,0,"Teckwe 6-In-1Curling Iron,Interchangeable Electric Tourmaline Ceramic Curling Iron With LED Display,Multilevel Temperature Control,And Long-Lasting Styling,Hair Curler Set Suitable For Curly Hair - US Plug"
1223,Unranked(New),General Application,5.4,0,100.0,"1pc 3w Usb-Powered Portable Lint Remover With Transparent Protective Cover, Mini Size & Easy To Carry"
1224,Unranked(New),General Application,3.3,0,200.0,1pc Thick Neck Stretcher Neck Traction Device Neck Massage Pillow Travel Neck Pillow Neck Relaxation Pillow Neck Stretch Pillow Neck Traction Pillow Inflatable Pillow
1225,Unranked(New),General Application,12.3,3,70.0,"Orinatola Electric Toothbrush, 2 Toothbrush Heads, USB C Charging, IPX7 Waterproof, 3 Modes, Comes With Travel Case, Can Be Used In The Shower"
1226,#5 Best Sellers,in Juicer & Food Processor,42.99,49,0,"Countertop Blender,1200W,52oz Glass Jar, 22oz Travel Cup ,3 Adjustable Speed Control for Frozen Fruit Drinks, Smoothies, Sauces, Sliver."
1227,#8 Best Sellers,in Air Purifiers,26.4,9,0,"Bedroom Air Purifier, True HEPA Air Filter, Silent Air Purifier With Night Light, Portable Small Air Purifier For Home, Office, Living Room,(White)"
1228,Unranked(New),General Application,8.9,4,100.0,"Spiral Curling Iron Mini Convenient Home Use Hair Styling Tool With Anti-Scald Feature, Spiral Curly Hair Roller Automatic Hair Curler Rotating Wand Curling Iron Gift For Tevael Home Salon"
1229,Unranked(New),General Application,29.3,0,0,"Multi Functional Wireless Electric Cleaning Brush With Extended Pole, Waterproof, Household Bathroom, Fish Tank, Ceramic Tile, Floor Cleaning Brush"
1230,#3 Best Sellers,in Electric Kettles,20.8,0,0,"Comfee 800W Mini Electric Kettle - 0.6L Fast Boil Tea Pot With Stainless Steel Interior, Auto Shut-Off, Boil-Dry Protection, Portable & Easy-Clean Travel Kettle, Ideal Christmas Gift, White"
1231,#2 Best Sellers,in Laser Hair Removal Devices,32.67,10,0,Laser Depilator With Cooling System At-Home IPL Hair Removal For Women Men Upgraded To Infinite Flashes Permanent Hair Removal Device On Facial Legs Arms Bikini Line
1232,Unranked(New),General Application,45.99,23,0,"Mini Fridge, 4 Liter/6 Can Portable Cooler and Warmer Personal Refrigerator for Skin Care, Cosmetics, Beverage, Food"
1233,Unranked(New),General Application,3.4,0,60.0,Brighten Your Smile With The Blue LED Teeth Whitening Accelerator  - Women's Health & Beauty Must-Have!
1234,Unranked(New),General Application,4.84,32,10.0,"1pc USB-Charged Multi-Functional Frother -Stainless Steel, Wireless &Portable Blender For Creamy Coffee And Baking"
1235,#10 Best Sellers,in Electric Hair Clippers,1.7,43,0,Portable Lithium Battery Hair Clipper Electric Clipper T9 Hair Clipper Engraving Oil Head Shaver Bald Head Household Electric Clipper Haircut Machine
1236,Unranked(New),General Application,11.97,10,20.0,"1pc Solar Energy Car Air Purifier 8819, Intelligent Ozone Deodorizer For Car"
1237,Unranked(New),General Application,17.99,51,50.0,"JISULIFE Handheld Mini Fan, 3 IN 1 Hand Fan, Portable USB Rechargeable Small Pocket Fan, Battery Operated Fan [14-21 Working Hours] With Power Bank, Flashlight Feature For Women,Travel,Outdoor"
1238,Unranked(New),General Application,7.8,0,200.0,"1pc Handheld Fan With ABS Material, Rechargeable Design, Mini LCD Display, Foldable And Neck Hanging Function, Portable Charging Fan"
1239,#4 Best Sellers,in Digital Kitchen Scales,2.57,34,0,"1pc Handheld Electronic Digital Balance Scale With Hook For Luggage, Fishing, Mini Shopping, Travel"
1240,Unranked(New),General Application,10.6,3,30.0,"Ionic Hair Straightener, Professional Mini Straightening & Curling Iron With Thin Plates, 2-In-1 Flat Iron Styling Tool, Electric Ionic Hair Straightener Comb For Salon"
1241,Unranked(New),General Application,7.6,0,100.0,Stay Cool On-The-Go: Small Handheld USB Fan - Portable & Charging For Students & Office Desk
1242,Unranked(New),General Application,3.3,3,0,Electric Nose Hair Trimmer Eyebrow Shaver Mini Shaver Sideburns Hair Cutter Nose Hair Clippers Shaving Knife
1243,Unranked(New),General Application,9.8,5,0,"Lighted Makeup Vanity Mirror,16 LED Lighted Mirror With Touch Sensor Dimming, 360°Adjustable Rotation, Portable Cosmetic Mirror"
1244,Unranked(New),General Application,34.7,9,200.0,"Travel Makeup Bag With LED Mirror, Cosmetic Bag Organizer Bag Makeup Case With Lighted Mirror 3 Color Lights, Portable Waterproof Makeup Box Adjustable Dividers"
1245,Unranked(New),General Application,3.5,3,60.0,"1pc New Portable Men Mini Electric Shaver, Rechargeable Wireless Razor, Ideal For Shaving On The Go, Travel, Or Car Use"
1246,#6 Best Sellers,in Electronic Nail Art Equipment,2.9,0,0,UV Nail Lamp Mini Bendable USB Nail Dryer Foldable UV LED Lamp For Nails Gel Polish Drying Glue Nail Drying Lamp Nail Art Manicure Tools
1247,Unranked(New),General Application,10.6,9,70.0,"1pc Neck Hanging Fan, Portable Bladeless Neck Fan With 5 Adjustable Speeds And LED Display, Suitable For Students, Office, Outdoor Travel, Perfect Gift"
1248,Unranked(New),General Application,5.36,29,100.0,Stay Cool On-The-Go: Small Handheld USB Fan - Portable & Charging For Students & Office Desk
1249,#7 Best Sellers,in Refrigerators,195.99,34,0,"HOMCOM 3.2 Cu.Ft Mini Fridge With Freezer, Double Door Compact Refrigerator With Adjustable Thermostat, Shelf And Reversible Door For Bedroom, Dorm, Home Office, Energy Efficient, Black"
1250,Unranked(New),General Application,29.99,23,10.0,"1pc Electric Mini Iron, Travel Iron With Dual Voltage - 120V/220V Dry For Clothes (No Steam),  Lightweight And Portable, Non-Stick Ceramic Soleplate, 302℉ Mini Heat Press Machine, W/Spray Bottle, Pouch & Silicone Stand"
1251,Unranked(New),General Application,5.5,0,10.0,New USB Electric Shock Mosquito-Killing Light Home Outdoor Charging Mosquito Repellent Magic Indoor Silent Plug Mosquito-Killing Light
1252,Unranked(New),General Application,4.8,0,80.0,1 Pair Factory Price Silver Fiber Fabric Massage Gloves 3.5mm Snap Electrode Massage Accessories For TENS EMS Pulse Massager Hand Finger Massage
1253,#10 Best Sellers,in Hair Curling Irons,13.3,0,0,1PC-Professional Hair Curling Iron Ceramic Triple Barrel Hair Curler Irons Hair Wave Waver Styling Tools Hair Styler Wand Heated Styling Iron Brush Fast Heating Hair Wand Curler In All Hair Type
1254,Unranked(New),General Application,1.8,0,0,"1pc Corn Stripper, Plastic Corn Cob Stripper, Household Corn Peeler, Reusable Corn Thresher, Creative Corn Stripper, Multifunctional Peeler For Kitchen, Corn Cobber Tools, Vegetable Peeler, Kitchen Stuff, Kitchen Gadgets"
1255,Unranked(New),General Application,7.5,3,1600.0,"Handheld Mini Fan, Hand Fan, 1Pc Portable USB Rechargeable Small Pocket Fan, Battery Operated Fan With Power Bank, Feature For Women,Travel,Outdoor"
1256,Unranked(New),General Application,1.8,40,0,"1pc Digital Kitchen Timer, Countdown Cooking Timer, Stand Timer, Teacher Timer, Easy-To-Use Timer, Kitchen Gadget, Dormitory Necessity, No Battery Included"
1257,Unranked(New),General Application,17.99,74,0,Wand Massager Cordless Waterproof Vibrate Rechargeable Full Body Massage Stick
1258,Unranked(New),General Application,3.9,0,400.0,"1pc Portable & Foldable Handheld Fan, Rechargeable, 4w, 500mah, Model: Fs20a"
1259,Unranked(New),General Application,4.99,22,400.0,"Portable Air Conditioning Fan With Humidifying Spray, Wireless Charging, Color Random - Personal Use Quiet Water-Cooled Fan"
1260,Unranked(New),General Application,3.2,0,200.0,"1pc 60ml USB Charging Ultrasonic Aromatherapy Diffuser With Colorful Atmosphere Light, 4-Level Adjustment, Tabletop/Wall-Mountable, Essential Oil To Be Purchased Separately"
1261,Unranked(New),General Application,14.99,59,200.0,"JISULIFE Handheld Mini Fan, 3 IN 1 Hand Fan, Portable USB Rechargeable Small Pocket Fan, Battery Operated Fan [14-21 Working Hours] With Power Bank, Flashlight Feature For Women,Travel,Outdoor"
1262,Unranked(New),General Application,36.99,47,0,Mini Donut Maker Machine For Kids Snack Breakfast Desserts With 16 Doughnuts Holes Non Stick Coating Double-Side Heating Plates Overheating Protection
1263,Unranked(New),General Application,6.7,0,60.0,1pc USB Charging Automatic Drinking Water Dispenser
1264,Unranked(New),General Application,16.99,40,0,"Portable Fan, 4200mAh Battery Operated Fan, 5 Speeds&Digital Display, 180° Foldable Makeup Fan For Women With Base, Handheld/Neck/Desk 3in1 Fan For Outdoor Indoor,Ultra Quiet (Pink)"
1265,Unranked(New),General Application,7.6,0,300.0,"Foldable Portable Fan, USB Rechargeable  Handheld Fan  Mini   With , Working  For Office Bedroom Home Outdoor Travel Camping"
1266,Unranked(New),General Application,11.76,40,10.0,Portable Wireless Charging Fresh Fruit Juicer Original Juicer Home Juice Separator Automatic Small Juicer
1267,Unranked(New),General Application,1.2,0,40.0,"1pc Stainless Steel Multifunction Whisk, 13cm Mini Simple Egg Beater, For Home"
1268,Unranked(New),General Application,2.94,40,0,Painless Hair Removal Tools Body Facial Hair Trimmer For Women Electric Epilator Bikini Trimmer Electric Lady Shaver
1269,#3 Best Sellers,in Ice Makers,174.99,56,0,"Ecozy Nugget Ice Maker Countertop - Chewable Pellet Ice Cubes, 33 Lbs Daily Output, Stainless Steel Housing, Self-Cleaning Ice Machine With Ice Bags For Parties, Kitchen, Bar, Office, Silver"
1270,Unranked(New),General Application,9.7,0,0,"1pc Black Household Sewing Machine, For Clothes & Toy Alterations, Handheld Mini Sewing Machine, Complete With Various Accessories, Resize And Modify Clothing At Home"
1271,Unranked(New),General Application,13.6,0,40.0,"1pc USB Rechargeable Juicer Cup, Double Cups Juice Blender,  Materials, Multi-Functional Blender, Portable Juicer Cup For Outdoors, Camping, Parties, Car, Essential Kitchen Appliance, Holiday Gift"
1272,#9 Best Sellers,in Other Body Care Machines,6.3,3,0,"1pc, Body Back Shaver For Men, Long Handle Back Hair Shaver, Back Hair Removal And Body Shaver (Not Suitable For Shaver)"
1273,Unranked(New),General Application,4.0,5,10.0,"2-In-1 Men's Electric Shaver Beard Trimmer With Digital Display, USB Charging, Triple Blade Head, Portable For Travel"
1274,Unranked(New),General Application,28.99,3,0,"Bluetooth Body Fat Scale Weight Scale Smart BMI Scale Digital Bathroom Wireless Weight Scale, Body Composition Analyzer With Smartphone App, 180KG/400 Lbs Max Weight Capacity, Pink"
1275,Unranked(New),General Application,19.89,1,50.0,AMACOOL Neck Fan Battery Operated Neckband Fan Hand-Free Wearable Personal Fan
1276,Unranked(New),General Application,4.1,2,800.0,1pc Rechargeable 500mAh Battery Portable Handheld LED Light & 3-Speed Adjustable Outdoor Cat Ear Mini Fan With Charging Cable
1277,Unranked(New),General Application,8.4,5,400.0,"1pc Rechargeable 1800mah Battery Digital Display Mini Portable Fan, Can Be Folded And Used As Desktop Fan/Handheld Fan/Neck Hanging Fan, 5 Adjustable Speeds, 5 Blades, Low Noise Level"
1278,Unranked(New),General Application,1.4,0,40.0,1pc Cartoon Creative Silicone Kitchen Egg Cup Holder
1279,#7 Best Sellers,in Electric Salt & Pepper Grinders,7.46,17,0,"1pc Adjustable Led Lighted Electric Salt And Pepper Grinder With Ceramic Grinding Core, Suitable For Salt, Pepper, And Spice Grinding; Made Of Plastic And Stainless Steel, With Round Cd Pattern Button And Clear Visible Storage Bin; Led Indicator Light Up During Grinding; Ceramic Grinding Core, Battery Not Included, Ideal For Kitchen Accessory"
1280,Unranked(New),General Application,99.99,0,0,Cooluli Vibe Mini Fridge For Bedroom - With Cool Front Magnetic Blackboard - 15L Portable Cooler
1281,#10 Best Sellers,in Hand Blenders,7.02,10,0,"1pc Portable USB-Charged Electric Milk Frother: Handheld, 3-Speed6000 RPM With 2 Whisks-Compact Coffee Foamer"
1282,Unranked(New),General Application,11.8,3,10.0,Portable USB Rechargeable Brushless Desktop/Car/Home Mini Oscillating Fan With Shake Head Function
1283,Unranked(New),General Application,56.99,55,100.0,"VEVOR Steam Mop, 5-In-1 Floor Steamer, Steam Mop For Hardwood Floors With 4 Replaceable Brush Heads, Floor Steam Cleaner For Ceramic, Granite, Marble, Linoleum, Natural Floor Mop With 2pcs Pads"
1284,#5 Best Sellers,in Portable Vacuums,7.5,0,0,"One Black Desktop Rechargeable Vacuum Cleaner With Detachable Design And Portable Mini Size, Including Vacuum Nozzle And Cleaning Brush, Suitable For Cleaning Dust, Breadcrumbs, Piano, Computer, Car, Etc."
1285,Unranked(New),General Application,12.0,4,10.0,"1pc Women 4-Head Electric Shaver,  Electric Rotating Shaver Hair Remover Full Body Epilator"
1286,Unranked(New),General Application,5.7,0,800.0,"New Mini Handheld Fan With Cute Floral Design For Girls, Portable And Rechargeable Via Usb For Traveling Or Cooling Off In Summer"
1287,Unranked(New),General Application,53.08,0,0,Unbeatablesale Frigidaire 6-Can Retro Mini Beverage Refrigerator&#44; Red
1288,Unranked(New),General Application,4.7,50,0,"Hair Removal For Women, Painless Hair Remover Wet & Dry Electric Shaver Epilator For Arm & Leg & Bikini"
1289,Unranked(New),General Application,3.6,40,200.0,"1PC Cartoon Plastic Water Bottle, Cute Straw Cup With Strap,600ml/20.29oz, Portable Water Bottle For Sports, Fitness, Outdoor Travel, Back To School Supplies"
1290,Unranked(New),General Application,36.99,47,100.0,"Juicer Machines, HOUSNAT Juicer Whole Fruit And Vegetables With 3-Speed Setting, Upgraded Version 400 W Motor Quick Juicing, Cleaning Brush And Juicing Recipe Included"
1291,Unranked(New),General Application,3.51,65,40.0,"1 Shein Self Stirring Cup, Battery Type 2 * AAA Stainless Steel Self Stirring Coffee Cup, Magnetic Coffee Cup, Suitable For Coffee, Tea, Hot Chocolate, Milk Cup, Office, Kitchen, Travel, Home, Summer And Winter Beverages, Home Kitchen"
1292,#3 Best Sellers,in Temperature Gauges,1.9,0,0,"1pc Electronic Thermometer Hygrometer, High Accuracy Indoor Wall-Mounted Temperature Humidity Meter For Baby Room"
1293,Unranked(New),General Application,5.04,40,10.0,"1pc Stainless Steel Air Fryer Rack With 3 Or 4 Skewers,Mulitpurpose Grill,Double Layer Air Fryer Holder,Mom Gift,Kitchen Gadgets,Kitchen Stuff,Kitchen Accessories,Home Kitchen Items,BBQ Tools"
1294,Unranked(New),General Application,3.2,0,200.0,1pc Portable & Detachable Simple Style Electric Battery Operated Milk Frother
1295,Unranked(New),General Application,17.05,13,400.0,"Rechargeable Hair Trimmer Split Ends Hair Cutter, Portable Electric Hair Clipper For Household Automatic Hair Trimming Haircut Machine"
1296,Unranked(New),General Application,3.57,27,10.0,"1 Portable Women's 1 No. 5 Battery Electric Hair Removal Device With 5 Types Of Blade Heads For Easy Replacement, Used For Whole Body Hair Removal, Eyebrow Trimming And Shaving"
1297,#1 Best Sellers,in Table Fans,22.1,0,0,"Rechargeable Portable Fan With Adjustable Height, 4 Speed Settings And Retractable Folding Pull Bar Home Electric Fan Portable USB Charging Silent Outdoor Desktop Mini Fan"
1298,Unranked(New),General Application,5.21,50,10.0,1pc Multifunctional Chicken Breast Shredder Meat Separator Beef Mincer Manual Meat Grinder For Baby Food
1299,#7 Best Sellers,in Personal Size Blenders,14.7,0,0,"4 Color Usb Rechargeable Personal Portable Blender, Ideal For Smoothies And Shakes, Travel Mini Juicer Cup. Powerful And Easy To Clean Mini Smoothie Blender"
1300,Unranked(New),General Application,18.3,6,400.0,"1pc New Type Tower Fan With Water Cooling Function, Can Be Placed Freely In Vertical Or Horizontal Position, Suitable For Floor, Table, Adds Humidity And Can Be Used As Air Conditioner Fan"
1301,#5 Best Sellers,in Electronic Nail Art Equipment,3.6,0,0,Professional Nail Files And Buffers Set For Acrylic Gel Nail And Natural Nail Double Sided Emery Boards Nail File And Buffer Washable Nail Buffer File Polisher 100/150/180/220/240/280/1000/4000 Grit
1302,Unranked(New),General Application,16.7,0,100.0,8 Modes 15 Intensities TENS EMS Machine Multifunctional IF Electronic Pulse Massager Full Body Massage Electric Muscle Stimulator Muscle Relaxation
1303,Unranked(New),General Application,13.99,65,70.0,"5x 10x 20x 30x Magnifying Mirror With Light With 3 Suction Cups, 4inch Rechargeable Lighted Magnifying Mirror Magnified Travel Makeup Mirror Dimmable Pocket High Magnification Magnifying Mirror With Scissors"
1304,Unranked(New),General Application,2.5,0,80.0,1pc White Super Cute Mini Light Therapy Machine Mini Nail Light Therapy Lamp USB Sun Lamp LED Quick Dry Nail Polish Baking Lamp
1305,Unranked(New),General Application,6.3,0,20.0,"1pc, Usb Humidifier, Wooden Grain Flower Vase Shaped 300ml, Mini Size For Home Office, Quiet Bedroom Desk Top, Student Aroma With 7 Colors Changing Light, Safe For Pregnant Women With Real Essential Oil, Gift For Men & Women, Spray For Air-conditioned Room"
1306,Unranked(New),General Application,29.98,28,50.0,"9-Inch 12000mAh Battery Powered Fan 3-In-1 Camping Fan USB Fan With Light & Remote For Indoor, Outdoor, Tent, Travel, BBQ, Fishing, Jobsite"
1307,Unranked(New),General Application,2.3,0,10.0,1pc Colorful Cute Mini Watch Calculator Creative 8 Digit Calculator Watch With Timer Function
1308,Unranked(New),General Application,19.6,3,200.0,"Largner 5-In-1 Intelligent Lcd Display Type-C Usb Fast Charging Multifunctional Electric Hair Clippers Kit For Beard Trimming, Hair Cutting, Nose Hair Trimming, Body Hair Shaving, With Engraving, Oil Head, Long Battery Life - Ideal Gift For Boyfriend, Father's Day, Or Portable Travel SetMultifunctional Electric Shaver For Men, With Razor, Mens Grooming Kit"
1309,Unranked(New),General Application,4.45,37,100.0,"1pc New Model Colorful Smart Aroma Diffuser, Humidifier For Bedroom, Living Room, Office Desk And Car, Seven-Color Car Aroma Diffuser And Atmosphere Lamp"
1310,Unranked(New),General Application,26.9,4,200.0,"1Pc Professional 6 In 1 Curling Wand Set, Dual Voltage Curler, Instant Heat Up, Temperature Adjustable For Loose Waves/Spiral Curls/Tight Curls With Heat Resistant Glove"
1311,Unranked(New),General Application,7.1,0,30.0,"Portable Handheld Misting Fan,Rechargeable Battery Operated Spray Water Mist Fan Foldable,4 Speeds,Small Personal Cooling Fans For Outdoor,Travel, Makeup, Home, Office, Camping"
1312,Unranked(New),General Application,2.9,3,20.0,"All-In-One Men's Electric Shaver With Digital Display, Multi-Function Shaving Razor, Car USB Charging, Three Razor Heads"
1313,Unranked(New),General Application,7.4,4,40.0,"1PC Rectangle USB LED Vanity Mirror, Dimmable Vanity Mirror, Portable Dormitory Bedroom Desktop Lighted Makeup Mirror White Pink"
1314,Unranked(New),General Application,2.7,18,0,"1PC 1000ml Measuring Cup With Scale And Pouring Funnel, Plastic Funnel Pitcher For Baking And Cooking"
1315,Unranked(New),General Application,2.1,0,100.0,"1pc Cartoon Hand Press Fan, Pink Cute Plastic Small Handheld Fan For Outdoor"
1316,Unranked(New),General Application,59.95,20,100.0,"Masticating Juicer Machines, Cold Press Juicer, Slow Juicer Machines, High Juice Yield, Reverse Function, Quiet Motor For Vegetable & High Nutrient Fruit, Easy To Clean, Gray"
1317,Unranked(New),General Application,12.2,4,0,"3-Barrel Electric Hair Curler, American Style Egg Roll Waver Hair Styling Tool, Slouchy Wave Curling Iron"
1318,Unranked(New),General Application,23.8,0,100.0,"Heating Pad, Electric Heat Pad, 4 Auto Off Timers & 6 Heat Settings, Machine Washable, Gift For Women, Men, Mom, Dad"
1319,#5 Best Sellers,in Personal Care Appliances,2.7,0,0,1pc Mini UV Led Light Nail Gel Polish Drying Lamp Single Finger Professional Dryer For Manicure Nail Stuff Art Salon Equipment Tools
1320,Unranked(New),General Application,6.6,0,60.0,"1pc Wooden Grain Flower Vase Humidifier With Colorful LED Light, Aroma Diffuser, Air Purifier, Environment Moisturizing, For Desktop, Office, Bedroom, Home, Travel, Housewarming Gift"
1321,Unranked(New),General Application,15.99,30,10.0,"Wire Whip Attachment For KitchenAid, Attachments For KitchenAid 4.5-5 Quart Tilt-Head Stand Mixer, K45WW Replacement, 6-Wire Whisk Replacement, Egg Heavy Cream Whisk, Silver"
1322,Unranked(New),General Application,5.0,0,300.0,Rechargeable Handheld Mini Fan Small Desk Cooler Portable Air Conditioner Student Cute Mini Electric Fan Handheld Mute  Aire Aconditionado
1323,Unranked(New),General Application,55.99,63,100.0,"3-In-1 Electric Indoor Grill - Panini Press With Non-Stick Cooking Plates, Opens 180-Degree Gourmet Sandwich Maker, Floating Hinge Fits All Foods, Panini Press Grill With Grease Tray"
1324,Unranked(New),General Application,5.0,0,100.0,"Mini Printer, Wireless Mini Photo Printer, Label Printer (Note: 5 Rolls Of Self-Adhesive Paper Can Be Selected Independently), Portable BT Mini Thermal Printer For Diaries, Study Notes, Gifts, Study Notes, Work Photos, Picture Memos, Compatible With IOS And Android"
1325,Unranked(New),General Application,3.0,0,0,"1 Set, 220ml Humidifier Powered By USB Data Line, Household Small Silent Bedroom, Office Desk, Seven Color Lamp, Air Purifying Spray, Aromatherapy"
1326,Unranked(New),General Application,19.2,0,10.0,"3pcs Fly Fans For Tables, Effective Fly Repellent Fan With Soft Blades Keeps Flies Away, Portable Fly Repellent Fans For Picnic, BBQ, Party  Battery Not Included"
1327,Unranked(New),General Application,13.4,0,0,"Facial & Neck Beauty Massager With Base, For Face & Neck, Home Use, Best Gift For Women"
1328,#6 Best Sellers,in Other Coffee Makers,8.3,0,0,"1pc Manual Coffee Grinder, Portable Hand Crank Coffee Bean Grinder, Hand Grinding Coffee Machine With Adjustable Ceramic Core"
1329,Unranked(New),General Application,4.0,5,200.0,"T9 Hair Clipper For Men, ABS Body, Gold Color, Dragon Pattern, 0mm Blade Gap""} (Note: I Kept ""T9"
1330,Unranked(New),General Application,24.3,0,200.0,"Black Cordless Vacuum Cleaner With High-power Pure Copper Motor, Wet/dry Suction, Ideal For Car & Office Cleaning"
1331,#7 Best Sellers,in Styling Tools & Appliances,26.8,0,0,Professional Wide Ceramic Plate Hair Flat Iron With LCD Display Hair Straightener
1332,Unranked(New),General Application,11.9,0,800.0,"Roll On Wax, Wax Roller Kit For Hair Removal, Roller Waxing Kit Include 1 Soft Wax Cartridge & 50 Non-Woven Wax Strips, Portable Pink Wax Heater Machine For Women & Men, Waxing Roller Kit Depilatory Wax For Sensitive Skin"
1333,Unranked(New),General Application,10.5,0,100.0,Light Purple Handheld Portable Car Vacuum Cleaner
1334,Unranked(New),General Application,4.0,0,10.0,"Oven Meat Temperature Gauge, Kitchen Cooking Thermometer, Barbecue Food Temperature Measurement Instrument, Baking Probe Food Thermometer, For Cooking, Grilling, Baking, Garden Barbecue Party, Stainless Steel Thermometer, No Battery Required, Physical Induction Temperature"
1335,#2 Best Sellers,in Popcorn Makers,22.4,0,0,"A Popcorn Making Machine, A Hot Air Popper With Automatic Function In The Family Kitchen, A Compact And Portable Mini Popcorn Maker, Healthy, Safe, Practical And Convenient, Very Suitable For Parties And Family Dinners"
1336,Unranked(New),General Application,2.9,6,5800.0,"1pc Mini Portable Handheld Fan, Powered By 2pcs Aa Batteries (Not Included), With Attached Lanyard"
1337,Unranked(New),General Application,19.9,0,0,Cute Electric Wok For Cooking Noodles Mini Hot Pot Electric Cooker For Dormitory Home Cooking
1338,Unranked(New),General Application,7.6,0,200.0,Stay Cool On-The-Go: Small Handheld USB Fan - Portable & Charging For Students & Office Desk
1339,Unranked(New),General Application,9.7,2,0,"1pc Food Scale, 10kg Digital Kitchen Scale For Weighing Grams And Ounces, Suitable For Baking, Cooking, Coffee, Packaging, Postage, 6 Units With Tare Function, LCD Display, Easy To Clean Stainless Steel"
1340,Unranked(New),General Application,11.0,0,300.0,"Home Manicure Uv Led Lamp, Fast-drying Nail Polish, Non-blacken Hand, Nail Lamp Drying Machine, Suitable For Professional Salon"
1341,Unranked(New),General Application,5.28,40,10.0,"Food Scale, Kitchen Scale, Food Scales Digital Weight Grams And Oz, High-Precision Electronic Scale, Kitchen Utensils, Apartment Essentials, College Dorm Essentials, Off To College, Ready For School, Back To School Supplies"
1342,Unranked(New),General Application,3.82,22,900.0,"Pocket Mirror, 1X/2X Magnification LED Compact Travel Makeup Mirror With Light For Purse, 2-Sided, Portable, Folding, Handheld, Small Lighted Mirror For Gift  Cute Portable Led Lighted Magnifying Travel Makeup Mirror 1X/2X Magnification Folding Dual Sided Compact Handheld Illuminated Mirror For Home Tabletop Decoration, Bathroom, Dresser Vanity & Countertop Bedroom Travel Dormitory Mirror Women GiftCountertop Bedroom Travel Dormitory Mirror Women Gift"
1343,Unranked(New),General Application,3.8,0,1400.0,"Turbo Mini Fan, Handheld Powerful Wind And Table Desk Fan"
1344,#4 Best Sellers,in Air Conditioners,187.99,28,0,"5,000 BTU Window Mounted Air Conditioner - Efficient Cooling Small Window AC Unit with Easy-to-Use Mechanical Controls and Washable Filter, Cool up to 150 Sq.Ft., 110-115V, White"
1345,Unranked(New),General Application,21.9,15,20.0,"Tooth Rinser, Portable Household Tooth Cleaner, Water Flosser, Orthodontic Special Cleaning Tooth Calculus"
1346,#3 Best Sellers,in Laser Hair Removal Devices,19.6,0,0,"1pc Rose Pink Plug Powered Laser Hair Removal Pulses 500,000 Flashes IPL Epilator 5 Levels Depilator Remover Permanent Professional Painless For Women Body Pubic Bikinis Home Use Devices"
1347,Unranked(New),General Application,10.6,0,70.0,"1 Pc, USB New Colorful Streamer Night Light Humidifier With A Large Capacity Of 650ml, Two Gear Silent Spray, Bedroom Desktop, Household Heavy Fog Water Replenishing Fragrance"
1348,Unranked(New),General Application,25.5,0,100.0,Rain Cloud Humidifier Rain Drip Aromatherapy Essential Oil Air Diffuser 7 Colors Raining Cloud Humidifier
1349,Unranked(New),General Application,13.8,0,70.0,2 In 1 Electric Lint Remover For Clothing Fluff Pellet Remover Pellet Machine Sweater Fabric Shaver Removes Hair Ball Trimmer Fabric Shaver
1350,#4 Best Sellers,in Curling Tongs & Curling Wands,10.8,4,0,"9mm Fast-Heating Small Curling Iron For Creating Wave Curls, Ideal For Girls. Suitable As Gifts For Mother's Day, Valentine's Day, Boyfriend, Or St. Patrick's Day. Comes In Cute Pink Color."
1351,Unranked(New),General Application,7.5,0,30.0,"Portable Neck Fan, Hands-Free Bladeless Fan, Battery-Powered Wearable Personal Fan, 3 Adjustable Speeds USB Hanging Neck Fan, Summer Essential For Home, Office, Outdoor, Sports, Beach, Travel With Random Charging Cable."
1352,Unranked(New),General Application,8.9,50,0,1PC Organize Your Home With This Handy Coffee Storage Box And Dish Draining Rack
1353,Unranked(New),General Application,1.1,35,0,"Straw Tips Cover, Reusable Straw Toppers, Silicone Straw Sleeve Caps, Decorative Straw Caps, For Party Favor Bags, Friends Gathering, 10mm Dustproof Straw Covers For  Cup, Party Supplies, Cup Decor Accessary"
1354,Unranked(New),General Application,11.8,9,100.0,"1pc Genuine HEA Air Purifier With Air Monitor And HPA Filter, Indoor Deodorizer And Air Cleanse For Smoke/Dust Removal. Ideal For Business Offices, Student Dorms And Family Home Care"
1355,Unranked(New),General Application,8.05,29,20.0,"Flexible 10x Magnifying Makeup Mirror With LED Lighting, Electric Suction Cup With Daylight And 360 Degree Rotation Feature, Portable For Home Bathroom Use (Battery Not Included)"
1356,#1 Best Sellers,in Laser Hair Removal Devices,19.7,0,0,"1pc Black Plug Powered Laser Hair Removal Pulses 500,000 Flashes IPL Epilator 5 Levels Depilator Remover Permanent Professional Painless For Women Body Pubic Bikinis Home Use Devices"
1357,#3 Best Sellers,in Slow Cookers,31.99,14,0,"Bear Electric cooker, 2L Multifunctional Portable Pot for Cooking, 1000W Rapid Noodles Cooker, Non-Stick Sauté Pan for Steak, Egg, Ramen, Oatmeal with Dual Power Adjustment"
1358,Unranked(New),General Application,3.45,22,10.0,"1set Cute Bear Shaped Electric Baby Nail Trimmer/Nail Clippers With Light And 3 Interchangeable Grinding Heads, Safe Baby Nail File, Suitable For Newborn, Infant, Toddler, Adults, Nail Care, Polish, And Trim"
1359,Unranked(New),General Application,5.6,5,100.0,"1pc Electric Shaver Rechargeable Triple Rotary Head Beard Trimmer For Men, Suitable For Home And Travel Use"
1360,Unranked(New),General Application,1.9,0,50.0,"1pc 10ml/0.33oz Aroma Diffuser Essential Oil,Aromatherapy Essential Oil For Diffuser, Humidifier, Aromatherapy, Candle Making, Soap Scents,Lavender,JASMINE,LILY FLOWER,PEPPERMINT,DEEP OCEAN,WHITE TEA, ROSE,ORANGE,FREESIA"
1361,#10 Best Sellers,in Cleaning Appliances,37.2,0,0,"The Latest In Smart Home: Multipurpose Electric Mop For Quick And Effortless Cleaning, Suitable For Various Floor Materials, Can Both Dry Mop And Wet Mop, Cordless"
1362,Unranked(New),General Application,8.3,0,0,"1 Piece Of Fully Automatic Fly Killing Machine, Silent USB, Household And Commercial Fly Catching Bait And Trap, Providing You With A Clean And Comfortable Environment"
1363,Unranked(New),General Application,189.99,21,0,"Havato 3.2 Cu.Ft Mini Fridge With Freezer, Double Door Compact Refrigerator, Retro Mini Refrigerator For Dorm, Office, Bar, RV, Bedroom(Green)"
1364,Unranked(New),General Application,14.72,20,100.0,"Portable Electric Hair Clipper, Electric Hair Clipper, Rechargeable Cordless Hair Clipper, Female Hair Clipper, Professional 2-In-1 Electric Hair Clipper, Straight Hair Clipper With Multiple Functions, Can Trim Forks And Straighten Hair, USB Repair Broken Hair Ends For Trimming"
1365,#1 Best Sellers,in Washers & Dryers,7.0,0,0,"1pc 30W Powered Portable Mini Washing Machine With Data Cable, Compact Turbine Laundry Washer For Socks And Underwear, Suitable For Dorm, Hotel And Travel"
1366,#10 Best Sellers,in Car Vacuum Cleaner,17.1,2,0,"12V Handheld Vacuum Cleaner, Handheld Car Vacuum Cleaner With Strong Suction Power, Portable Mini Handheld Car Vacuum Cleaner"
1367,Unranked(New),General Application,9.4,0,30.0,1pc USB Rechargeable Portable Spray Handheld Fan Cooler Four Speed Regulation Strong Wind Nano Mist Portable Air Conditioner Mute Noise Reduction Can Be Placed On The Desktop For Home Outdoor Office Aire Acondicionado
1368,#6 Best Sellers,in Aroma Diffuser,3.6,0,0,"1pc Automatic Essential Oil Diffuser For Home And Hotel, Air Freshener For Toilet And Bathroom, Aromatherapy Machine For Scenting Room, Fragrance Sprayer For Aromatic Impact"
1369,#1 Best Sellers,in Kitchen Scales,12.0,0,0,"1pc, Food Scale Black, 22lb/10kg Digital Kitchen Scale Grams And Oz For Baking Cooking And Weight Loss, 1g/0.04oz Precise Graduation, Easy Clean Stainless Steel, Kitchen Gadgets, Kitchen Supplies, Kitchen Tools, Kitchen Stuff, Kitchen Utensils"
1370,Unranked(New),General Application,1.96,44,10.0,"LED Wardrobe Light With Motion Sensor, Cabinet Light Battery Operated, Magnetic Under Cabinet Light & Wireless Sticky Night Light Strip For Hallways & Stairs"
1371,Unranked(New),General Application,16.1,0,40.0,"1pc Mini Portable Air Cooler Desktop Fan, Dorm Room Air Conditioning Fan, Home Use Mobile Air Cooler"
1372,Unranked(New),General Application,11.9,0,0,"Massage Machine Sport Body Belly Arm Leg Body Massage, Fitness Portable Massage Machine, Ideal For Men And Women Daily Body Fitness"
1373,Unranked(New),General Application,9.0,0,10.0,"1pc 130ml Woodgrain Diffuser, Air Humidifier With USB Starlight Night Light - Aroma Diffuser And Air Purifier For Home, Office, Bedroom, Travel - Humidifies, Deodorizes And Creates A Relaxing Atmosphere"
1374,Unranked(New),General Application,5.4,0,300.0,"1pc Handheld Foldable Fan With Hanging Strap, White, Portable Mini Fan With Rechargeable Battery & Usb Cable, 3 Speed & Powerful Personal Desk Fan, Suitable For Women & Men, Home, Office, Makeup, Outdoor Travel"
1375,Unranked(New),General Application,9.9,0,0,"Roll On Wax, Wax Roller Kit For Hair Removal, Roller Waxing Kit , Portable  Wax Heater Machine For Women & Men, Waxing Roller Kit Depilatory Wax For Sensitive Skin"
1376,Unranked(New),General Application,10.19,36,50.0,"1PC Rechargeable 1200mAh Foldable Desktop Fan Wall Mountable Fan, Portable Air Conditioner, Folding Fan, Table Fan, Small Portable Fan Perfect For Office, Home, Kitchen, Outdoor, 90° Adjustable, Quiet Operation, With Trackless Hook, Three Gears Adjustment, Two Colors Available."
1377,Unranked(New),General Application,6.7,0,0,Rechargeable Handheld Portable Fan Low Noise Handheld Portable Fan Suitable For Girls Women  Use
1378,Unranked(New),General Application,6.8,0,400.0,Portable Rechargeable Handheld Misting Fan - Battery Operated Mini Face Steamer For Travel & Outdoors(Long Press The Power Switch Is Required To Start The Fan)
1379,Unranked(New),General Application,9.0,0,100.0,1pc Foldable Electric Mosquito Killer Fly Swatter Trap USB Rechargeable Mosquito Racket Insect Killer With UV Light Bug Zapper
1380,Unranked(New),General Application,11.3,3,10.0,"Electric Shaver For Men, Professional Rechargeable Multifunctional Electric Foil Shaver With Brush For Hair Salon For Home For Men, A High-Quality Choice For Christmas Gifts"
1381,Unranked(New),General Application,16.8,0,900.0,"Hair Dryer Brush 4 In 1 Professional Hot Air Brush, One-Step Hair Dryer And Styler Volumizer With Ionic Technology, For Drying, Straightening, Curling, Suitable For All Hair Types"
1382,Unranked(New),General Application,15.2,4,20.0,"1pc Rechargeable Intelligent Desktop Water Dispenser, Outdoor Barrel Water Dispenser, Fully Automatic Drinking Fountain, Water Dispenser, Suction Tank"
1383,#1 Best Sellers,in Exhaust Fans,37.0,0,0,"Portable Seven Color Ambient Light Desktop Cooling Fan, Four Speed Adjustment, Four Timing Function, Dual Ultrasonic Atomizer And Triple Cooling Of Wet Curtain, Convenient To Carry And Move, Low Noise, A Must-Have Item In Summer"
1384,Unranked(New),General Application,7.38,31,10.0,"Yunbaoit Visual Timer With Night Light, 60-Minute Countdown Timer For Adults , Silent Classroom Timer, Time Management Tool For Home, School, Or Work Blue Rainbow"
1385,#8 Best Sellers,in Hair Straightening Irons,16.4,9,0,"Rechargeable Cordless Split Hair Trimmer, Hair Split Ends Trimmer, Remover Damaged Hair, Repair Hair Care Treatment, Portable USB Rechargeable Split Ends Hair Clipper For Household, Hair Trimming Device, Hair Care"
1386,Unranked(New),General Application,6.5,0,700.0,"1PC Portable Handheld Misting Fan, Rechargeable Personal Mister Fan,Battery Operated Spray Water Mist Fan, Foldable Mini Face Steamer For Travel, Outdoors"
1387,Unranked(New),General Application,10.27,33,60.0,"1pc Usb Rechargeable Led Display Neck Hanging Fan, Portable No Leaf Turbo Quiet Slouchy Neck Fan"
1388,Unranked(New),General Application,2.77,16,80.0,1pc Mini Portable Visual Time Electronic Stopwatch Kitchen Timer For Cooking Beauty Study With Silent Counting And Countdown Function
1389,Unranked(New),General Application,9.6,0,70.0,"K.SKIN KSKIN Mini 2 In 1 Hair Straightener Hair Curler, Tourmaline Ceramic Hair Straighter With Smart Constant Temperature Setting, Portable Hair Styling Tools 1pc"
1390,Unranked(New),General Application,3.17,21,100.0,"1pc,Portable Mini Fan Handheld Fans For Cooling Air 3 Speeds AdjustableUSB Rechargeable Small Table Desk Fan Personal Quiet Eyelash Fan ForWomen Men Home Office Travel"
1391,#10 Best Sellers,in Curling Tongs & Curling Wands,14.4,4,0,"Automatic Curling Iron, Cordless Auto Hair Curler, Ceramic Rotating Hair Curler With 6 Temps & Timers, Portable Rechargeable Curling Wand, Auto Shut-Off, Fast Heating Iron For Styling"
1392,Unranked(New),General Application,7.0,0,200.0,Black Mini Humidifier Usb Aromatherapy Machine Car Mounted Air Purifier Indoor Facial Hydration Night Colorful Atmosphere Light
1393,Unranked(New),General Application,5.8,3,100.0,"1Pc White Led Vanity Mirror With Stand For Women, Ins Style, Dormitory Desktop Portable Small Dressing Mirror For Home Tabletop Decoration, Bathroom, Dresser Vanity & Countertop Bedroom Travel Dormitory Hotel Mirror Women Gift"
1394,Unranked(New),General Application,3.2,9,10.0,"Atlodas Portable Nose Hair Trimmer, Fashionable Men's And Women's Beauty Trimmer, 7000 Rpm Motor, IPX7 Waterproof, C-Type Rechargeable Nose Hair Trimmer, With Dust Cover, Double-Edged Blade (Black)"
1395,Unranked(New),General Application,4.4,6,300.0,"1set Electric Baby Nail Trimmer, Newborn Safe Nail Clippers Kit With 3 Interchangeable Grinding Heads, Low Noise Handheld Ergonomic Design Beauty Tool Set For Infants, Children, And Adults' Nails/Electric Nail Trimmer For Children"
1396,Unranked(New),General Application,5.0,0,4000.0,"Silently Cool The Air Anywhere: Portable, Durable Mini Fan With High Performance USB Rechargeable Battery - Your Convenient Cool Companion"
1397,Unranked(New),General Application,2.7,0,50.0,"1pc 45ml Charging Ultrasonic Aroma Diffuser With Intelligent Numeric Display Function, 5-Level Adjustment Function, Can Be Placed On The Desk Or Hung On The Wall. Note: Perfume And Essential Oil Are Sold Separately."
1398,#6 Best Sellers,in Hair Dryers,20.5,21,0,Multi-Functional Salon Hair Dryer With Adjustable Temperature And Wind Power For Hair Styling
1399,Unranked(New),General Application,75.6,0,0,Unbeatablesale Magicwand Rechargeable Portable Mini Massager&#44; White & Blue
1400,#10 Best Sellers,in Cooking Appliances,13.09,36,0,"1pc Mini Electric Hot Pot With Stainless Steel Steaming Rack, Portable Non-Stick Pot, Ideal For Boiling Noodles, Pasta, Steak, Porridge, Hot Pot, Etc."
1401,Unranked(New),General Application,1430.99,55,0,"VEVOR Slushy Machine, 30L Slushie Machine For Home, 1250W Commercial Slushy Machine, Slushy Machine For Frozen Drinks Automatic Clean, Slushy Machine For Home Supermarkets Cafes Restaurants"
1402,Unranked(New),General Application,4.37,9,400.0,"Pink Handheld Fan, Portable Mini Fan With Usb Rechargeable Battery, Personal Desktop Fan With Bracket, Small Travel Pocket Fan For Home, Office, School, Vacation, Outdoor, Slide To Turn On Strong Wind, Detachable Base"
1403,Unranked(New),General Application,6.0,0,100.0,1pc mini straightener hair iron corrugated plate straight plate electric curling iron curl modelling tools
1404,Unranked(New),General Application,9.2,0,20.0,Portable Mini Electric Juicer USB Charging Smoothie Maker Automatic Fresh Fruit Orange Lemon Kitchen Blender
1405,Unranked(New),General Application,3.2,3,1500.0,"1Pc Portable Lighted Pocket Mirror With Double Sided Foldable Makeup Mirror, Battery Not Included (Need To Be Purchased Separately) For Home Tabletop Decoration, Bathroom, Dresser Vanity & Countertop Bedroom Travel Dormitory Mirror Women Gift"
1406,Unranked(New),General Application,9.9,0,0,"2pcs, Outdoor Solar Powered Insect Catcher, Waterproof Non-ToxicReusable Portable Bee Trap, Attracting LED Light Catching For TrappingWasps, Bug, , Bees, Pest Control, Apartment Essentials, CollegeDorm Essentials, Household Gadgets"
1407,Unranked(New),General Application,11.97,10,10.0,"Portable Blender For Shakes And Smoothies, 18 Oz Type-C USB Rechargeable Personal Blender, Powerful Mini Juice Blender With 4 Blades For Travel Sports Kitchen"
1408,#8 Best Sellers,in Stick Vacuum Cleaners,39.4,0,0,"4 In 1 Handheld Vacuum Cleaner,Portable Wireless Vacuum Cleaner,For Home And Car Interior Cleaning USB Charger, ABS Material, High Suction Household Cleaner,Nice Family Gift"
1409,Unranked(New),General Application,14.3,7,30.0,"IRest Electric Scalp Massager Handheld Portable Massager Rotating Waterproof With 4 Heads, 84 Nodes For Relieve Scalp,Stress Rela"
1410,Unranked(New),General Application,7.1,0,200.0,"1pc Mini Clip-On Fan, Rechargeable USB Clip-On Fan - Portable Mini Desk Fan - Ideal For Summer And Outdoor Use, The Perfect Companion For Office, Outdoor, Travel And Camping Adventures"
1411,#6 Best Sellers,in Electric Grills & Electric Griddles,265.99,57,0,"VEVOR Commercial Griddle On Cart, 36"" Heavy Duty Manual Flat Top Griddle, Outdoor Cooking Station With Side Shelves, Steel Natural Gas Griddle, 4-Burners Restaurant Portable Tested To UL Standards"
1412,#7 Best Sellers,in Oral Irrigators,28.99,52,0,"Water Flosser [Mini Cordless Portable] Oral Cleaner Irrigator Pick, Telescopic Water Tank, 3 Modes & IPX7 Waterproof, Home & Travel Water Flossers For Teeth, Braces Bridges Care."
1413,Unranked(New),General Application,4.3,7,10.0,High-Definition  Mirror Magnification Patch Mirror Three Level Dimming Portable Flip Cover Circular Folding LED Makeup Mirror With One Side Enlarged 2X Beauty Mini USB Light Emitting Charging Small Mirror
1414,#3 Best Sellers,in Styling Tools & Appliances,10.0,0,0,1pc Letter Graphic Hair Straightener
1415,Unranked(New),General Application,6.8,0,200.0,"1pc Type-c Charging Children's Visible Ear Spoon With Replaceable Silicone Head, Splash-proof And Dust-proof, Suitable For Various Occasions"
1416,Unranked(New),General Application,6.1,0,700.0,"1pc Plastic Mini Fan, Modernist Portable Handheld Fan For Home, School"
1417,Unranked(New),General Application,5.4,0,30.0,"1pc Portable Wireless Rechargeable UV LED Handheld Nail Art Lamp, Alphabet-Shaped Nail Dryer, Gel Nail Quick Curing Drying Lamp With 1 Pearl Bead, 2 Timer Settings, LCD Display Nail Polish Machine, Suitable For Home, Salon, Nail Art Shop Use"
1418,Unranked(New),General Application,9.36,10,60.0,"1pc Heart-shaped Accurate Electronic Kitchen Scale For Home Use, Mini Baking Food Scale"
1419,#5 Best Sellers,in Electric Deep Fryers,75.28,28,0,ZOKOP EH82 5000W MAX 110V 12.7QT/12L Stainless Steel Double Cylinder Electric Fryer US Plug
1420,#5 Best Sellers,in Household Appliances,4.0,0,0,"1pc Portable Handheld Fan Rechargeable With 500mah Lithium Battery, With Lanyard & 3 Speeds"
1421,#5 Best Sellers,in Hair Curling Irons,12.84,30,0,"1pc Electric Fully Automatic Hair Curler, 28mm Diameter Ceramic Curling Iron With 4 Temperature Settings, Suitable For Curling"
1422,Unranked(New),General Application,39.99,56,20.0,"VEVOR Food Processor, 7-Cup Vegetable Chopper For Chopping, Mixing, Slicing, And Kneading Dough, 350 Watts Stainless Steel Blade Professional Electric Food Chopper, Easy Assembly & Clean, Black"
1423,Unranked(New),General Application,6.5,0,50.0,"Multi-Color LED Aromatherapy Humidifier - Portable & Quiet - Ideal For Bedroom, Office & Car"
1424,Unranked(New),General Application,14.5,4,70.0,"2pcs Rechargeable Bladeless Neck Hanging Fan, Mini Portable USB Charging Fan With Folding Design"
1425,Unranked(New),General Application,33.99,40,0,Foldable Hair Dryer Powerful Ionic Blow Dryer Fast Drying Travel Hair Blow Dryer
1426,#10 Best Sellers,in Hair Dryers,29.99,32,0,"1Pc Travel Diffuser Hair Dryer, Dual Voltage Hair Dryer With Diffuser, Foldable Mini Compact Blow Dryer With Concentrator, 1200W Ionic Hairdryer Lightweight With European Plug For Worldwide Use"
1427,#9 Best Sellers,in Hair Curling Irons,11.4,0,0,"CRASTS Star Hair Curling Wand FS-H186-9, 9&16&25mm Diameter, Suitable For Home Use Or Travel, Can Create Wool Curls Or Big Waves, Fast Heating Function Available"
1428,Unranked(New),General Application,4.6,4,800.0,1pc Rechargeable Portable Handheld Flower Shaped Fan With Lanyard Included
1429,Unranked(New),General Application,24.6,4,90.0,Mini  3 Way Mirror 360 Degree Makeup Mirror No LED Light For Haircutting Alone Makeup Travel Mirror Portable
1430,Unranked(New),General Application,20.2,0,100.0,Portable Digital Massage 24 Massage Modes 20 Intensities Rechargeable Machine EMS Electric Muscle Stimulator Professional TENS Unit Machine Pulse Massager With 10pcs Electrode Pads
1431,#4 Best Sellers,in Laser Hair Removal Devices,19.26,10,0,"IPL Hair Removal Device - Permanent Hair Remover And Hair Growth Reduction Handset For Long Lasting Results - Pain-Free At Home Laser Hair Removal For Whole Body Treatment Hair Househ Old Painless Hair Removal Instrument,Suitable For  5 Levels And 999,900 Permanent Hair Remover,Painless Hair Remover On Face,Body,Bikini, Whole Body 1pc 24w Elektrisches Laser-Haarentfernungsgerät Für Den Heimgebrauch, Ipl Beauty Hautverjüngungsmaschine Mit Eiskompresse Home Laser Hair Removal Device With Cooling System Multifunctional Painless Laser Epilator For Woman And Men Whole Body Use Permanent IPL Hair Removal Machine On Facial Legs Armpit Bikini Line إزالة شعر النساء بالفلاشات 999,999 ، جهاز إزالة الشعر بالكهرباء، ابيلايتور أبيض ذو مكونات قابلة للفصل مخصص للبيكينيات والمايوه إزالة الشعر في المنزل4 في 1 للرجال والنساء، إزالة الشعر المحدثة 4 في 1 في المنزل مع 5 مستويات و 999900 إزالة دائمة للشعر، إزالة الشعر غير المؤلمة على الوجه، الجسم، ملابس السباحة، الجسم بأكمله"
1432,Unranked(New),General Application,10.4,7,10.0,"1pc Rechargeable 1200 MAh Salt Lamp Car Humidifier Colorful Dual Speed Timed Release Negative Ion Aromatherapy Diffuser For Car, Bedroom Humidifier, Living Room, Office"
1433,Unranked(New),General Application,6.54,40,0,2-In-1 Electric Face Cleansing Brush With  Vibration Massage - Pore Cleanser  - Silicone Cleaner For Facial Skin Care -  Facial Cleasing Brush - Battery Powered Waterproof
1434,Unranked(New),General Application,9.1,0,10.0,"USB Rechargeable Hair Straightening Brush, Portable Straightener And Curler 2-In-1 Device, Wireless Travel Hair Styling Tool"
1435,Unranked(New),General Application,22.4,0,60.0,"500ml Large Capacity Indoor Intelligent Ultrasonic Aroma Diffuser Sy-Xxj04, Black, Cool Mist Humidifier, 24h Continuous Spray, Silent Timer Function, 7-Color Night Light, 3-Spray Modes, Auto-Off Without Water, Suitable For Home, Office, Indoor Exercise"
1436,Unranked(New),General Application,4.8,0,300.0,"1pc Plastic Electric Fan, Modern Ear Decor Electric Fan For Home"
1437,#10 Best Sellers,in Personal Size Blenders,39.99,60,0,"Juicer Machines, Juilist 3"" Wide Mouth Juicer Extractor, For Vegetable And Fruit With 3-Speed Setting, 400W Motor, Easy To Clean"
1438,Unranked(New),General Application,5.17,28,100.0,"Wood Grain Flower Vase Design Humidifier With Large Fog Output, Mute Mode, Suitable For Home, Bedroom, Office Use With Night Light Function, Ultrasonic Technology"
1439,Unranked(New),General Application,33.6,4,200.0,6 In 1 Curling Iron Wand Set With 6 Interchangeable Ceramic Barrels And Heat Protective Glove (Black-6In1) (Black-6) Hot Comb Heated Styling Iron Brush For Hairdressing Gift For Women
1440,#5 Best Sellers,in Laser Hair Removal Devices,19.62,10,0,"IPL Hair Removal Device - Permanent Hair Remover And Hair Growth Reduction Handset For Long Lasting Results - Pain-Free At Home Laser Hair Removal For Whole Body Treatment Hair Househ Old Painless Hair Removal Instrument,Suitable For  5 Levels And 999,900 Permanent Hair Remover,Painless Hair Remover On Face,Body,Bikini, Whole Body 1pc 24w Elektrisches Laser-Haarentfernungsgerät Für Den Heimgebrauch, Ipl Beauty Hautverjüngungsmaschine Mit Eiskompresse Home Laser Hair Removal Device With Cooling System Multifunctional Painless Laser Epilator For Woman And Men Whole Body Use Permanent IPL Hair Removal Machine On Facial Legs Armpit Bikini Line"
1441,Unranked(New),General Application,6.8,0,100.0,"1pc Portable Handheld Teddy Bear Fan, Usb Charging, 3-Speed Adjustable Mini Fan, Suitable For Student, Home And Outdoor Activities"
1442,#10 Best Sellers,in Oral Irrigators,22.27,14,0,4 Nozzles Electric Water Dental Flosser Teeth Pick Portable Cordless Oral Irrigator Rechargeable Dental Water Jet Tooth And Brace Cleaner With 4 Modes 310ML Large Water Tank
1443,Unranked(New),General Application,2.9,3,20.0,"Multifunctional Men's Electric Shaver With Digital Display, USB Charging, 3 Cutter Heads, And Carrying Case"
1444,Unranked(New),General Application,0.8,50,0,"Crevice Cleaning Brush,Multifunctional Gap Cleaning Brush Tool, Bathroom Gap Brush, Grout Cleaner Brush Hard Bristle Crevice Cleaning Brush"
1445,Unranked(New),General Application,6.31,35,100.0,"1pc Mini Craft Heat Press Machine, Portable Iron-On Heat Transfer Machine, Suitable For Beads, T-Shirts, Shoes, Diy Crafts, Patch Heat Transfer Machine, Small Iron And Small Appliances"
1446,Unranked(New),General Application,11.97,33,100.0,"1 Smart LED Electronic Scale With Mobile Application, Without Battery"
1447,Unranked(New),General Application,5.8,0,30.0,"1set Convenient Coffee Set Including Milk Frother, Coffee Cup And Coffee Spoon, Great Gift Idea, Available For Separate Purchase"
1448,Unranked(New),General Application,10.4,4,100.0,"Electric Razor For Women,4-In-1 Lady Electric Shaver Hair Trimmer For Face Beard Mustache Arm Leg Armpit Bikini,Rechargeable Cordless Hair Clipper Facial Hair Removal For Women Man"
1449,Unranked(New),General Application,7.53,42,10.0,"1pc Portable Electric Juicer, 450ml USB Rechargeable Small Fruit Juicer With Double Cup, USB Charging Juice Cup With Long Battery Life, Multi-Function Fruit Blender For Kitchen, Home, Travel"
1450,Unranked(New),General Application,3.4,0,30.0,White mini nail lamp compact portable light therapy machine not black hand baking lamp nail drying lamp
1451,Unranked(New),General Application,13.09,17,100.0,1pc Hanging Neck Fan Adjustable Turbo Blades Without Blades Bladeless Neckband Fan Portable Mini Air Cooler USB Rechargeable Fan
1452,#4 Best Sellers,in Kitchen Scales,9.5,0,0,"1pc 5kg Stainless Steel Electronic Scale, Small Kitchen Food Scale With High Precision, Digital Unit In Gram And Ounce, Used For Weight Loss, Baking, Cooking, Keto And Meal Preparation, With LCD Display, Pink"
1453,Unranked(New),General Application,18.2,4,20.0,5 Tube Hair Curler Fast Heating Big Wave Curling Iron Ceramic Five Stick Egg Curl Hair Waver Tools For All Types Of Hair
1454,#4 Best Sellers,in Air Fryers,69.99,77,0,"Newest Air Fryer Large 8.5 QT, 8 In 1 Touch Screen, Visible Window, 1750W Power"
1455,Unranked(New),General Application,8.5,3,100.0,"Household Hair Clipper Electric Clippers For Trimming Hair, Rechargeable, Suitable For Self Hair Cutting, Electric Shaver For Bald HeadMultifunctional Electric Shaver For Men, With Razor, Mens Grooming Kit"
1456,Unranked(New),General Application,4.8,0,60.0,"A Hand-Held Foldable Fan With USB Rechargeable Battery, Hanging Strap, 3 Speeds, Powerful Personal Table Fan Suitable For Ladies, Gents, Home, Office, Makeup, Outdoor, And Travel"
1457,Unranked(New),General Application,10.1,0,0,Car Wireless Portable Vacuum Cleaner With Small And Large Suction Force
1458,Unranked(New),General Application,3.5,0,10.0,Plaque Cleaning Replacement Toothbrush Head Compatible With  Sonicare Electric Toothbrush DiamondClean/ProtectiveClean/C1/C2/G2/C3/1100/4100/5100/6100/7500/9000/9900 Etc.
1459,Unranked(New),General Application,3.7,0,0,Multi-Color Portable Handheld Mini Fan With Simple Design
1460,Unranked(New),General Application,16.0,11,50.0,"Rechargeable Cordless Split Hair Trimmer, Hair Split Ends Trimmer, Remover Damaged Hair, Repair Hair Care Treatment, Portable USB Rechargeable Split Ends Hair Clipper For Household, Hair Trimming Device, Hair Care"
1461,Unranked(New),General Application,34.26,28,0,1 Set Meat Grinder Attachment For All KitchenAid Stand Mixers Meat Grinder Kit Composed Of 15 Components
1462,Unranked(New),General Application,9.4,0,300.0,"1pc Handheld Electric Milk Frother, Black, Electric Whisk Coffee Frother, With 2 Replaceable Stainless Steel Whisk Heads, 3 Speeds, Usb Rechargeable Foam Maker, Suitable For Coffee"
1463,Unranked(New),General Application,13.0,4,400.0,Professional Ceramic Triple Barrel Hair Curler Iron 22Mm-25Mm Curling Waver Styling Tool Curling Wand Heated Styling Iron Brush Hairdressing Tool Gift For Travel
1464,Unranked(New),General Application,28.89,0,0,Unbeatablesale Nostalgia Cotton Candy Party Kit With 7 Oz Each Pink Vanilla&#44; Blue Raspberry & Strawberry Flossing Sugars - Reusable Cones & Twist Ties
1465,Unranked(New),General Application,56.9,4,700.0,3Pieces Kemei Brand Professional Hair Clippers And Shaver Set Km-2996 Hair Clipper With Charging Base Km-2299 Hair Clipper Hair Trimmer For Carving Head Machine Km-1102 Men'S Razor Beard Shaving Machine Usb Rechargeable For Home Use Or Barber Shop Salon Use
1466,Unranked(New),General Application,2.4,8,0,Electric Face Wash Brush Soft Bristle Silicone Face Wash Head Can Deeply Clean Pores Manually
1467,Unranked(New),General Application,11.2,0,200.0,1pc Full Body Wax Bean Melting Pot Wax Therapy Machine
1468,#8 Best Sellers,in Electric Hair Brushes,9.5,0,0,"New Model Hot Comb, Electric Comb, Wet & Dry, For Curly & Straight Hair, Straightening & Curling, Heat-Up, , Golden Comb"
1469,Unranked(New),General Application,77.06,28,10.0,"The Air Fryer Has A Large Capacity Of 9QT Stainless Steel Touch Screen With Digital Control For Fast Air Circulation, Which Can Accommodate 3-4 People For Dining And Can Accommodate A Whole Chicken"
1470,Unranked(New),General Application,18.9,0,100.0,"Electric Immersion Hand Blender, stainless steel, 2-Speed Control One Hand ,kitchen accessories,Mixer,Mixer,Chopper,Ice Crushing,Removable Blending Stick for Easy Cleaning.For  Purees, Smoothies,Shakes,Ivory,Soups, Sauces, Baby Food"
1471,Unranked(New),General Application,21.2,0,70.0,"1pc Hanging Neck Fan, Neck Fan With Digital Display, Outdoor Summer Cooling Fan, Rechargeable 4000mAh Hanging Neck Fan With 3-Speed Wind Fan"
1472,Unranked(New),General Application,8.91,10,60.0,"1pc Kitchen Scale With LCD And Tare Function, Digital Scale With 2 AAA Batteries Multifunctional Electronic Weight For Food Cooking Baking"
1473,Unranked(New),General Application,3.05,57,10.0,"Rechargeable Electric Foot Callus Remover With Lithium Battery, Auto Grinding Dead Skin, Exfoliating Tool For Feet Care"
1474,#3 Best Sellers,in Wax Heaters,11.6,0,0,Hair Removal Machine Wax Heater Depilatory Epilator Wax-Melt Waxing Paraffin Heater Wax Beans Heating Machine
1475,Unranked(New),General Application,13.5,66,0,"Vacuum Sealer Machine, For Food Saver Storage And Sous Vide, Automatic Air Food Sealing System"
1476,Unranked(New),General Application,17.4,4,40.0,"Rechargeable Cordless Split Hair Trimmer, Hair Split Ends Trimmer, Remover Damaged Hair, Repair Hair Care Treatment, Portable USB Rechargeable Split Ends Hair Clipper For Household, Hair Trimming Device, Hair Care Black Color"
1477,Unranked(New),General Application,12.4,0,40.0,"Electric Blackhead Remover Tool, Pore Cleanser With 6 Replacement Heads, 3 Modes, Pore Vacuum Suction Beauty Machine For Facial Cleansing"
1478,Unranked(New),General Application,17.5,0,70.0,Portable Neck Fan Hands Free Bladeless Fan Personal Air Conditioner Cooling Neck Cooler Rechargeable Blow Cold Wearable Fan Around Your Neck Men Women Travel Essentials Gift
1479,Unranked(New),General Application,15.0,0,0,"1pc Desktop Fan, Oscillating Small Fan, Mini Fan, Rechargeable, Long-Lasting Battery, Tabletop Fan, USB Desk Fan, Three-Speed Wind Adjustment,"
1480,Unranked(New),General Application,25.4,4,300.0,Kemei Brand Professional Hair Clipper + Electric Shaver  2pieces/Set For Men's Home Use In Set KM-1071 Electric Hair Trimmer USB Rechargeable Cordelss Strong Powerful Electric Razor Beard Shaving Machine
1481,Unranked(New),General Application,47.96,28,0,Electric Ice Crusher Shaver Snow Cone Maker With Dual Stainless Steel Blades 300W 145 Lbs/Hr For Home And Use Orange
1482,#7 Best Sellers,in Hair Clippers,12.4,13,0,Men's Electric Hair Clipper USB Rechargeable Hair Clipper Trimmer Professional Cordless Hair Cutting Machine
1483,Unranked(New),General Application,3.06,40,20.0,"MINI Turbo Handheld Fan, Compact And Portable Pocket USB Rechargeable Fan"
1484,#5 Best Sellers,in Hair Straightening Irons,20.4,0,0,"1pc Ceramic 2 In 1 Hair Straightener And Curler,Professional Titanium Flat Iron,Fast Heating,Dual Voltage, Auto Off, With Protective Glove & 2 Clips"
1485,Unranked(New),General Application,11.5,0,20.0,"Portable Fan Rechargeable, Battery Operated USB Fan With 100 Speed, 180°Tilt Small Travel Fan For Sleeping With Digital Display, Quiet Desk Fan For Office Bedroom Home."
1486,Unranked(New),General Application,41.97,28,0,"CAYNEL Mini Fridge Portable Thermoelectric 4 Liter Cooler And Warmer For Skincare, Friendly Beauty Fridge For Foods,Medications, Cosmetics, Breast Milk, Medications Home And Travel"
1487,Unranked(New),General Application,47.11,28,0,"New Portable Washing Machine Foldable,9L Mini Washing Machine,Small Washing Machine,Mini Lavadora For Underwear,Baby Clothes Or Small Items,Mini Washer For Apartment,Camping,Travel,RV,9L,Purple"
1488,Unranked(New),General Application,22.85,75,10.0,1Pc Moclever Manual Meat Grinder Heavy Duty Hand Operated Mincer Sausage Maker Machine Noodle Maker Kitchen Food Grinder For Pork Beef Pepper Wedding Party
1489,Unranked(New),General Application,24.8,0,10.0,1pc 35000RPM Electric Nail Drill Professional Manicure Machine Nail Sander Set Nail Drill Bit Portable Nail Salon Polisher Equipment
1490,Unranked(New),General Application,6.1,21,200.0,Rechargeable Usb Charging Adult Electric Toothbrush Power Electric Toothbrush With 3 Brush Heads 5 Modes Ipx7 Waterproof Long Battery Lifetooth Cleaning (Black) Oral Hygiene Care For Home & Travel
1491,Unranked(New),General Application,18.3,0,50.0,"1pc USB 5V 80ml Resin Ultrasonic Essential Oil Diffuser, Suitable For Small Room Aromatherapy Humidification"
1492,Unranked(New),General Application,22.2,0,100.0,"1pc USB Charging Mini Air Conditioner Fan, Desktop Air Cooler Rechargeable Fan For Summer, Home, Office"
1493,Unranked(New),General Application,10.4,0,10.0,"One Usb-Powered High-Capacity Acrylic Crystal Humidifier, Can Be Used As Usb Night Light, Desk Lamp, And Crystal Atmosphere Lamp. Small Aroma Diffuser For Bedroom And Home (Do Not Use Oil-Based Perfume Or Essence). The Lid Is Not Waterproof. Seven Colors Of Rgb Automatic Color Change, Press And Hold To Fix The Color.(Specifications: 400ML/1000ML)"
1494,Unranked(New),General Application,21.0,4,0,"Professional Body Hair Trimmer, Groin&Body Manscape Trimmer For Men, Electric Ball Shaver Groomer, Pubic Grooming Clipper Male Razor Bikini Trimmer For Women, Holiday Gift"
1495,Unranked(New),General Application,14.97,25,20.0,Rechargeable Portable Hair End Split Automatic Hair Trimmer Electric Hair Trimmer Hair Cutting Machine Damaged Hair Repairer For Women Girls
1496,Unranked(New),General Application,9.4,0,100.0,Milk Frother Rechargeable Handheld Electric Foam Maker Low Noise USB Charging Milk Blisters 3 Speeds Electric Coffee Frother For Latte Cappuccin Hot Chocolate Egg
1497,Unranked(New),General Application,4.0,0,300.0,1pc Rechargeable 500mAh Portable Handheld/Tabletop Mini Fan With 3-Speed Wind Power
1498,Unranked(New),General Application,4.07,17,100.0,"Square Led New Handheld Double-Sided Clamshell Round Pocket Folding With Light Led Makeup Mirror Compact 2X Magnification Cosmetic Mirror Princess Small Mirror Vanity Mirror For Home Tabletop Decoration, Bathroom, Dresser Vanity & Countertop Bedroom Travel"
1499,Unranked(New),General Application,5.4,0,0,1pc Portable Scale
1500,Unranked(New),General Application,178.7,0,0,Ninja Ninja | TWISTi™ HIGH-SPEED Blender DUO
1501,Unranked(New),General Application,15.6,4,200.0,"Portable USB Rechargeable Auto Hair Curler, Wireless Automatic Curling Iron, Anti-Tangle Ceramic Rotating Hair Curler, Suitable For Long Hair, Fast Heat-Up Hair Styler With 5 Temperature & Timer Settings, Best Gift For Women"
1502,#10 Best Sellers,in Electric Toothbrushes,7.3,0,0,1pc Rechargeable Electric Toothbrush With 6 Adjustable Modes And 4 Brush Heads
1503,#5 Best Sellers,in Personal Care Appliance Accessories,3.54,32,0,"1pc Silicone Liner Wax Heater (purple) - Easy To Clean Silicone Wax Warmer Pot With 1pc Silicone Spatula, Melts Wax Bowls Inside Silicone Pot"
1504,Unranked(New),General Application,7.6,5,200.0,"9D Electric Shavers For Men Waterproof Electric Trimmer Razor Wet &Amp Dry Use Rechargeable Battery Rotary Shavers Machine Shaving, Green"
1505,Unranked(New),General Application,38.13,20,40.0,"1pc 8000 Pa Wireless Vacuum Cleaner With Mites Removal Function, Usb Rechargeable, Suitable For Home And Bed Cleaning"
1506,Unranked(New),General Application,9.9,0,0,"1pc Black Mobile Phone Radiator With RGB Light Effect, Mobile Phone Cooler With Temperature Display Fan Semiconductor Radiator, Mobile Phone Cooling Clip Game Cooling Artifact"
1507,#2 Best Sellers,in Ice Makers,74.58,16,0,"KUMIO Ice Makers Countertop, 9 Bullets Ready in 9 Mins, 26.5 Lbs/24 Hrs, Ice Machine with Self-Cleaning, Removable Ice Basket & Scoop, 2 Sizes of Bullet Ice for Kitchen Office Bar Party"
1508,Unranked(New),General Application,4.8,0,40.0,"A Handheld Fan With Hanging Rope, Rechargeable And Foldable, Portable Mini Fan With USB Rechargeable Battery, 3 Gears Powerful Desktop Personal Fan, Suitable For Women, Men, Home, Office, Makeup, Outdoor And Travel"
1509,Unranked(New),General Application,1.8,0,30.0,"1pc Random Color Egg Beater, Cartoon Cute Whisk For Household"
1510,Unranked(New),General Application,5.5,0,300.0,"One Handheld Folding Fan With Hanging Rope & Usb Cable, Pink Portable Mini Fan With Rechargeable Battery, 3 Speed Powerful Personal Table Fan, Suitable For Women, Men, Home, Office, Makeup, Outdoor Travel"
1511,Unranked(New),General Application,20.95,28,50.0,Draadloze Elektrische Been Kuit Massager Full Pressotherapy 3 Mode Luchtdruk Airbag Trillingen Spier Ontspannen
1512,Unranked(New),General Application,1.9,27,0,1 Pc Led Nail Art Mini Flashlight Baking Lamp Quick-Drying Portable Nail Polish Phototherapy Lamp For Quick Drying Nail Art(Battery Not Included)
1513,Unranked(New),General Application,2.9,3,20.0,"1pc AA Battery Operated Portable Handheld Mini Fan With One-Speed Adjustment, Simple And Minimalist Design For Outdoor Use"
1514,#6 Best Sellers,in Air Fryers,69.99,73,0,"Air Fryer Large 8QT, 8-In-1 Digital Touchscreen, Visible Cooking Window, 1700W"
1515,Unranked(New),General Application,8.19,10,60.0,Electric Epilator Hair Remover For Face And Body Leg Hair Removal Lady Bikini Trimmer Professional Safety Depilation Shaving Trimmer Painless Portable For Whole Body Battery Not Included
1516,Unranked(New),General Application,24.82,28,0,"5 QT Stainless Steel Mixer Bowl Fits KITCHENAID TILT-HEAD STAND MIXERS 4.5-Quart (4.3 L) And 5-Quart (4.7 L),Durable Easy-Slide Mat & 2 Cord Organizer Together With"
1517,Unranked(New),General Application,20.5,0,70.0,1ps Auto Perfume Fragrance Diffuser Auto Freshener Start/Stop Function (Ultrasonic Atomizing Rechargeable 65ml Aluminum Alloy Is Not Humidifier)
1518,Unranked(New),General Application,22.99,23,100.0,"Wavmill ChillGo Bladeless Neck Fan - Personal Portable Fan - Neck Air Conditioner - Cooling Wearable Fan Rechargeable - MAX 12Hrs, 4 Motors(Airflow +90%), Foldable - Travel Fan For Camping, Outdoor"
1519,Unranked(New),General Application,10.8,0,100.0,"1 Portable Cordless UV LED Nail Lamp With Battery, For Quick Gel Polish Curing, With 9 Beads, 2 Timer Settings, Automatic Induction, Suitable For Home, Salon, Nail Art Shop Use."
1520,Unranked(New),General Application,8.6,0,10.0,"Cordless Electric Hair Clippers Kit, USB Rechargeable Body And Hair Trimmer, Exquisite Design Pattern, Professional Hair Cutting Machine, Gift For Men, Suitable As Festive Gifts"
1521,Unranked(New),General Application,8.63,25,20.0,"1pc Portable Neck Fan, Hands Free Bladeless Fan, Leafless, Rechargeable, Headphone Design, USB Powered Desk Fan,3 Speeds"
1522,Unranked(New),General Application,10.3,4,100.0,"1Pc Touch-Screen 16 Led Makeup Mirror Rechargeable Tabletop Mount Vanity Mirror For Home Tabletop Decoration, Bathroom, Dresser Vanity & Countertop Bedroom Travel Dormitory Mirror Women Gift"
1523,Unranked(New),General Application,20.98,28,200.0,"Stay Cool Anywhere: Portable USB Outdoor Fan With Infinite Speed Control, Strong Wind, Rechargeable Battery & Lighting"
1524,#3 Best Sellers,in Hair Curling Irons,20.9,0,0,"1pc Qhdje Adjustable Temperature Rotatable Power Cord Curling Wand, Multiple Hair Styles, Cone-Shaped 25-13mm Barrel, With Hair Clip, Glove"
1525,Unranked(New),General Application,5.24,42,300.0,1pc Mini Portable Eyelash Fan Air Conditioner USB Hair Dryer Eyelash Glue Fan Eyelash Extension Dedicated Blower Female Makeup Tool
1526,Unranked(New),General Application,14.2,0,0,"Electric Water Pump, Rechargeable Water Dispenser, Automatic Water Suction And Filling Device, Press Type Household Bucket Water Pump"
1527,#4 Best Sellers,in Hair Curling Irons,18.3,0,0,"1pc Electric Automatic Hair Curler, Large Waves, One-key Automatic Release After 15s Beep Reminder"
1528,Unranked(New),General Application,6.66,40,20.0,"1 Box Usb Rechargeable Wireless Electric Egg Beater With 2 Stirring Rods, Household Mini Automatic Cream Whisk, Cake Baking Handheld Mixer"
1529,Unranked(New),General Application,11.5,3,0,Multifunctional Electric Nose Hair Trimmer Razor Hair Clipper Retro Style 3-In-1 Set With USB Charging
1530,Unranked(New),General Application,11.6,38,70.0,"Multifunctional High-Power Brushless Motor Car-Mounted Wireless Vacuum Cleaner With Super Suction Force, Blowing And Suction 3-In-1 Design For Home Use"
1531,Unranked(New),General Application,4.5,4,400.0,"2-In-1 USB Electric Shaver And Hair Remover For Women - Mini Size For Eyebrow, Lipstick, And Facial Hair Removal, Portable Body Hair Razor"
1532,#10 Best Sellers,in Juicer & Food Processor,9.01,23,0,Manual Juice Extractor/Hand-Operated Fruit Juicer For Home Use/Orange Lemon Juicing Cup/Screw Press Juicer
1533,Unranked(New),General Application,240.06,0,0,Ninja Ninja | Foodi® Power Blender & Processor System With Smoothie Bowl Maker And Nutrient Extractor* + 4in1 Blender 1400WP
1534,Unranked(New),General Application,15.0,0,50.0,"1pc USB Rechargeable 1800mAh Battery Desk Oscillating Fan With Multifunction And 3-Speed Adjustable Wind Angle, Up, Down, Left & Right"
1535,Unranked(New),General Application,3.06,40,0,"1pc Plastic Water Bottle 480ml With Straw, Leak Proof Water Bottle, Reusable Water Bottle For School, Nursery, Sports, Picnic"
1536,Unranked(New),General Application,9.5,43,0,1pc USB Charging Intelligent Weight Scale Tempered Glass Body Fat Scale High-Definition Display Digital Weight Scale Suitable For Weight Detection And Room Temperature Monitoring
1537,Unranked(New),General Application,8.2,0,30.0,"Portable Bladeless Neck Fan - Rechargeable USB Fan For Travel, Office, And Home - Silent Turbo Fan With Creative Cartoon Design - Stay Cool Anywhere, Anytime"
1538,Unranked(New),General Application,17.3,0,10.0,Tens Massager Multiple Modes Available Muscle Stimulator Low Physiotherapy Body Massage Electrotherapy Device
1539,Unranked(New),General Application,4.6,0,0,"1pc Mini Electric Grinder For Pepper & Spice With Digital Display Screen, Household Appliance"
1540,Unranked(New),General Application,4.7,0,0,USB Handheld Mini Fan Foldable Portable Fan 3-Speed USB Rechargeable Fan With Bottom Bracket Desktop Fan
1541,Unranked(New),General Application,1.14,40,0,1pc Lemon Zester Grater Stainless Steel Peeler Kitchen Stuff Kitchen Accessories Kitchen Gadgets
1542,Unranked(New),General Application,15.05,50,0,"USB Rechargeable Desktop Portable Fan 120 Degree Rotatable Digital Display, Rotary Button To Adjust Air Speed Air Circulation Fan For Home, Office And Bedroom"
1543,Unranked(New),General Application,32.6,0,0,"Wholesale Manual Orange Juicer, Multi-Functional Kitchen Fruit Juicer With Pulp Separator, Household Hand-Cranked Pomegranate Juice Squeezer,Vegetable Fruit Tools,Kitchen Items,Cutter,Food,Salad,Decor,Storage,Party,Birthday,Camping,Summer Beach."
1544,#3 Best Sellers,in Electric Lunch Boxes,18.24,40,0,"One1.5 Liter Heated Insulated Lunch Box, Lunch Box Bag,Bento Box Handle,Bento Box Office,Box Bento,Bento Box Dividers,Bento Box Camping Bag,Bento Box Portable,Bento Box Camping,Bento Box Kitchen,Bento Box Outdoor,Lunch Box Messenger,Bento Box Adult,Bento Box Lunch,Lunch Box Bento,Bento Box Set,Bento Box Leakproof,Bento Box Canteen,Lunch Box Storage,Lunch Box Lunch,Lunch Box Big,Bento Box Bag,Lunch Box Portable,Bento Box Set,Lunch Box Office,Bento Box Lunch,Bento Box Stainless,Bento Box Lunch Bag"
1545,#10 Best Sellers,in Lint Removers,8.9,0,0,"1pc USB Rechargable Portable Lint Remover, Effective Fabric Scraper With Cleaning Brush, Lint Remover With Charging Indicator, Clothing Shaver For Couch, Blanket, Curtain, Socks, Woolr"
1546,#4 Best Sellers,in Popcorn Makers,142.49,19,0,"VEVOR Popcorn Machine, 8 Oz Kettle, 850 W Countertop Popcorn Maker For 48 Cups Per Batch, Theater Style Popper With 3-Switch Control Steel Frame Tempered Glass Doors 2 Scoops 2 Spoons, Red"
1547,#5 Best Sellers,in Electric Shavers,3.34,12,0,Mini Portable Electric Men's Shaver - Beard Knife - Compact Travel Shaver Rechargeable - Electric Shaver Mini Shaver - Portable USB Rechargeable - Perfect For Travel And Mending - For Men And Women
1548,Unranked(New),General Application,9.9,0,100.0,"1pc Rechargeable + 2000mAh + Portable Mini Fan For Outdoor Summer Cooling, 3 Speed Settings, Compact & Exquisite, Multiple Application, Can Be Hung Around Neck/Waist Or Placed On Desk."
1549,#9 Best Sellers,in Hair Dryers,4.2,5,0,"Hair Dryer Diffuser Attachment, Adjustable For Curly Hair And Natural Wave, Fits Nozzle Diameter 1.35 Inch - 2 Inch, Compatible With Over 90% Different Designed Hair Dryers In The Market"
1550,Unranked(New),General Application,21.1,2,20.0,"Rechargeable Portable Fan With Adjustable Height,   And Retractable Oscillation - Perfect For Home Or Office Use"
1551,#5 Best Sellers,in Refrigerators,199.99,16,0,"DEMULLER Mini Fridge Dual Door Refrigerator With Freezer, 3.5 Cu.Ft Compact Refrigerator With Handle, With Adjustable Temperature & Removable Glass Shelves, For Apartment/Dorm/Office/RV"
1552,Unranked(New),General Application,1.13,62,1900.0,"1pc Mini Fan With One Wind Speed And Lanyard, Party Gift (Batteries Not Included, Need To Be Purchased Separately)"
1553,Unranked(New),General Application,17.2,0,0,"1pc USB-Powered Insecticide And Pest Repellent Device, Purple Light Electronic Mosquito Zapper And Indoor Home Lighting, Mosquito Killer"
1554,Unranked(New),General Application,3.4,3,20.0,"Electric Razor For Men, Mini-Shave Portable Electric Shaver, New Upgrade Mini Electric Razor Shavers For Men, Rechargeable, One-Touch Use, Suitable For Home, Car, Travel"
1555,Unranked(New),General Application,4.75,50,0,"Automatic Flip Egg Storage Box - Effortless Fridge Mount, Superior Freshness, Neat Organizer For Kitchen Chaos-Free Storage Solution"
1556,#9 Best Sellers,in Power Toothbrushes,9.3,3,0,"1pc Electric Toothbrush, Rechargeable Via Usb, 8 Replacement Heads, 5 Cleaning Modes, Comes With Wall-Mounted Holder, Travel Head Cap, Ipx7 Waterproof Sonic Smart Toothbrush With Whitening Function For Oral Health Care. Suitable For Adults."
1557,#7 Best Sellers,in Vacuum Food Sealers,28.49,38,0,"Vacuum Sealer Machine, 65Kpa Dry Moist Vacuum Sealer With 30 Food Storage Vacuum Seal Bags, Home Air Sealing System For Sous Vide, Snacks Freshness"
1558,Unranked(New),General Application,12.0,4,200.0,Kemei Rechargeable Cordless Shaver For Men Twin Blade Reciprocating Beard Razor Face Care Multifunction Strong Trimmer KM-1102 USB
1559,Unranked(New),General Application,3.3,0,0,"1pc Abs Flea Trap Lamp Mosquito Trap Lamp Insect Pest Control Flea And Insect Natural Trap Pet-Safe Flea Killer, Reusable Flea Trap Lamp, Suitable For Indoor And Outdoor Pest Control"
1560,Unranked(New),General Application,8.5,6,10.0,"One Head-Mounted Hat Fan, With Type-C Charging Cable And Fixed Strap"
1561,Unranked(New),General Application,25.7,0,10.0,Vacuum Cleaner For High-Power Household Vehicles
1562,Unranked(New),General Application,7.8,0,20.0,"1pc Portable Neck Hanging Fan, Bladeless Neck Fan, Wearable Sports Mini Fan, USB Rechargeable, Multiple Colors, 3 Wind Speeds, Ultra Low Noise"
1563,Unranked(New),General Application,4.3,7,200.0,High-Definition 5x Mirror Magnification Patch Mirror Three Level Dimming Portable Flip Cover Circular Folding LED Makeup Mirror With One Side Enlarged 2X Beauty Mini USB Light Emitting Charging Small Mirror
1564,Unranked(New),General Application,2.9,6,80.0,"LARGNER T9 Hair Clippers For Men, Hair Cutting Machine Men's Electric Shaver Rechargeable Hair Trimmer Beard Clipper Barber Hair"
1565,Unranked(New),General Application,16.07,44,20.0,"Led Makeup Mirror With Touch Screen, 3 Light Modes, Portable Stand And Foldable Compact Mirror With 3x 2X Magnification, Desk Table Vanity Mirror, Living Room Home Bedroom Bathroom House Decor, Travel Stuff, Wedding, Party, Birthday, Gifts For Men Mom Dad Best Friends Teacher, New Years, Accessaries, Funny Gift Lighted Makeup Mirror, Rechargeable Magnifying Mirror With Lights 1X/2X/3X, 3-Color Light Trifold Vanity Mirror, 68 LEDs, Adjustable Brightness Cosmetic Mirror For Tabletop, Bathroom, Whi"
1566,Unranked(New),General Application,6.36,40,10.0,"1pc New Portable Juicer, Mini Juicer Cup With Rechargeable Battery, Multifunctional Juicer For Student And Home Use"
1567,Unranked(New),General Application,11.9,4,50.0,"3 Barrel Curling Iron Wand Dual Voltage Hair Crimper-1 Inch Ceramic Tourmaline Triple Barrels, Temperature Adjustable Portable Hair Waver Heats Up Quickly"
1568,Unranked(New),General Application,1.7,0,0,"1pc Upgraded Metal Back Scratcher With Thickened Bear Claw Design, Extending Reach Back Scratcher, Unisex Gift"
1569,Unranked(New),General Application,7.4,0,30.0,Manual Meat Mincer Garlic Chopper Hand Pull Press Crusher Food Grater Vegetable Grinder Chili Cutter Masher For Kitchen Tool
1570,#9 Best Sellers,in Table Fans,8.0,0,0,1pc Rechargeable 500mAh Table Clip Fan With 3 Speeds And Charging Cable
1571,Unranked(New),General Application,7.8,0,1000.0,1pc Portable Stroller Fan Flexible Tripod Clip On Fan With 3 Speeds And Rotatable Handheld Personal Fan For Car Seat Crib Bike Treadmill
1572,Unranked(New),General Application,34.26,28,0,Mini Fridge Small Refrigerator Compact Small 4 L/6 Can Cooler Portable Dorm Home
1573,Unranked(New),General Application,16.9,4,100.0,Electric Hair Clipper KM-2299 Clipper USB Rechargeable Hair Cutting Machine 0mm Zero Gapped Carving Clipper Professional Hair Trimmer Black Ceramic Blade Hair Clipper Salon Use For Men
1574,Unranked(New),General Application,21.99,56,70.0,"Portable Handheld Garment Steamer For Clothes, 1000W Single Spray Steam For Travel & Home, 2 In 1 Fabric Wrinkle Remover, Fast Heat-Up, 2024 Essentials (110V)"
1575,Unranked(New),General Application,12.9,4,10.0,"25mm Triple Barrel Hair Waver With Dual Temperature Control, Fast Heating Portable Hair Curler, Suitable For Wavy Hair"
1576,Unranked(New),General Application,2.97,10,10.0,"1pc Stylish And Durable Wall Mounted Electric Toothbrush Holder - Perforation-Free Design For Easy Cleaning And Organization, Home Decor, Furniture For Home"
1577,Unranked(New),General Application,12.1,0,30.0,"Electric Foot Callus Remover, Rechargeable Portable Electronic Foot File Pedicure Kits, Waterproof Foot Scrubber File, Professional Pedicure Tools, Foot Care For Dead Skin Ideal Gift, 3 Rollers Grinding Head,Quick Charging"
1578,Unranked(New),General Application,2.9,3,400.0,"Lipstick Facial Hair Removal Shaver, Electric Face Hair Mini Epilator, Lady Face Electric Razor For Lip, Chin,Arms,The Best Female Mustache Remover"
1579,Unranked(New),General Application,34.26,28,0,"Electric Spin Scrubber,Cordless Cleaning Brush,Shower Cleaning Brush With 8 Replaceable Brush Heads, Power Scrubber 3 Adjustable Speeds,Adjustable & Detachable Long Handle,Voice Broadcast"
1580,#8 Best Sellers,in Laser Hair Removal Devices,24.0,10,0,"Handset Laser Epilator For Women Bikinis Hair Clippers Male Epilator IPL Hair Removal Female Epilator Hair Remover Hair Household Painless Hair Removal Instrument,Suitable For Men And Women Long-Lasting Hair Remover For  5 Levels And 999,900 Permanent Hair Remover,Painless Hair Remover On Face,Body,Bikini, Whole Body 1pc 24w Elektrisches Laser-Haarentfernungsgerät Für Den Heimgebrauch, Ipl Beauty Hautverjüngungsmaschine Mit Eiskompresse Home Laser Hair Removal Device With Cooling System Multifun"
1581,Unranked(New),General Application,99.99,23,40.0,Slow Masticating Juicer Cold Press Juice Extractor Apple Orange Citrus Juicer Machine with Wide Chute Quiet Motor for Fruit Vegetables
1582,Unranked(New),General Application,7.0,0,200.0,Mini Handheld Fan With Telescopic Design
1583,Unranked(New),General Application,8.2,0,20.0,1pc Rechargeable Portable Neck Fan - Bladeless Personal Fan For Outdoor Sports - Hands-Free Cooling Solution  Fan Mini Neck Portable Bladeless Fan Usb Charging Rechargeable Leafless Hanging Fans Air Cooler Cooling Wearable Neckband Fans Neck Fan
1584,Unranked(New),General Application,14.9,0,100.0,"1pc USB 5V 80ml PP Simulation Rattan Weaving Process Ultrasonic Aromatherapy Humidifier, Suitable For Small Room Aromatherapy Humidification"
1585,Unranked(New),General Application,11.99,68,0,Egg Slicer Food Cutter Heavy Duty Manual For Hard Boiled Strawberry Multipurpose
1586,Unranked(New),General Application,28.2,0,100.0,"1pc Plug-In Professional Hair Dryer, 13.5m/S Wind Speed 17500rpm With Diffuser Ionic Conditioning - Powerful, Fast Drying Blow Dryer, AC Motor, Cold/Hot Air Temperature Protecting Hair"
1587,Unranked(New),General Application,2.9,0,2100.0,"1pc AAA Battery Operated Portable Handheld Mini Fan With 1 Gear Speed Adjustment And Hanging Rope For Outdoor Use, Simple And Compact"
1588,#9 Best Sellers,in Women Electric Shavers,2.76,5,0,"Lady Lipstick Shaver, Portable Electric Facial Hair Removal Face Hair Remover For Women, Face Electric Razeor For Lip, Chin, Arms, The Best Female Mustache Remover Personal Care Tool, Gift For Women"
1589,Unranked(New),General Application,32.22,44,60.0,1 PC+Donut Maker+Sandwich Maker+Kids Snack Maker+Makes Desserts Snacks 16 Molds Of Small Donuts+Dual Sided Heating+SK-08002+Black+1400W+Makes Delicious Waffles Quickly And Evenly In Minutes+Plug Type
1590,Unranked(New),General Application,17.4,16,100.0,"Thermal Brush Blowout, 1.5 Inch Heated Round Brush, Heated Curling Brush For Curls & Volume, Negative Ion, Two Settings, Rose Gold"
1591,Unranked(New),General Application,11.34,10,30.0,"Foot Massage Roller - Foot Roller For Arch And Heel - Wood Reflexology Therapy Tool For Deep Tissue Muscle Massage - Relaxation Gift For Women, Moms, Runners, Men, Dads"
1592,#2 Best Sellers,in Hair Dryers,22.2,0,0,"Crasts High Speed Lightweight Low Noise High Power Hair Dryer With Wind Nozzle, Drying Cap, Blue Light Hair Care Technology And Intelligent Temperature Control, Suitable For Salon And Home Use - Pearl White, 2000w, 75000rpm"
1593,Unranked(New),General Application,171.99,52,0,Ultrasonic Cavitation Machine For Belly Waist Thigh Arm Fat Burning Body Massage Beauty Machine
1594,Unranked(New),General Application,11.5,0,10.0,"Lint Remover And Clothes Shaver With Lcd Display, Household 2-In-1 Rechargeable Fabric Defuzzer"
1595,Unranked(New),General Application,31.99,44,30.0,"Wax Pot Warmer Professional - At Home Waxing Kit For All Hair Types - Eyebrow, Facial, Bikini etc. (Purple Single Pot)"
1596,Unranked(New),General Application,8.3,0,300.0,"1pc,Handheld Small Fan, Silent Office Desk, USB Electric Fan, Portable Portable Portable Charging Fan, Small Dormitory Desktop Folding, Mini Student Outdoor Hanging Neck, Heat Dissipation, Blowing, And Complementary Food Small Electric Fan"
1597,Unranked(New),General Application,14.8,0,20.0,Portable Mini Air Conditioner Fan Electric Fan Desk Misting 1200mAh 3 Gear Air Conditioner Water Cooling Fan USB Type-C Charging Spray Humidifier Fan Home Birthday Gifts Christmas Gifts
1598,Unranked(New),General Application,4.8,0,1200.0,Stay Cool On-The-Go: 1pc Portable USB Mini Fan
1599,Unranked(New),General Application,10.0,0,10.0,Kitchen Electronic Scale Weighing Range :0.1g-6kg Four Weighing Modes :G/Oz/Lb/Ml High-Precision Gram Scale Roaster Commercial Multi-Purpose Coffee Scale Food Scale Small Scale Table Beautiful Appearance Appropriate Size
1600,Unranked(New),General Application,9.99,36,20.0,"Teckwe Hair Straightener,Fast Heat Up 4 Temperature Adjustments 170-230℃ Suitable For Home And Travel Use - US Plug"
1601,#8 Best Sellers,in Personal Size Blenders,12.6,0,0,"1pc USB Rechargeable Juicer Cup, Portable Single-Serve Juicer Cup With Multiple Functions,  Material, Suitable For Outdoor Sports, Camping, Dining, Car, Home, And As A Holiday Gift"
1602,Unranked(New),General Application,6.7,25,0,"1Pc LED UV Lamp For Drying Gel Nail Polish Clip-On Flexible Desktop Mini USB Nail Lamp Portable Nail Dryer Nail Salon Tool,4 Gears, Nail Lamp Strong And Fast Dry Soft And Flexible Goose Neck For Salon Home Use Nail Polish Curing Lamp Gooseneck Flash Cure Light"
1603,#6 Best Sellers,in Dehumidifiers,6.9,0,0,"1pc Smart Mini Dehumidifier For Home Use In Bedrooms, Wardrobes, Cameras, Etc."
1604,Unranked(New),General Application,35.99,22,200.0,"20000mAh Camping Fan With Dual Motor , Battery Operated Fan With 4 LED Lantern, 8 Speeds Desk Fan With Remote, Portable Outdoor Fan With Hook For Tent, Power Outages, Jobsite"
1605,Unranked(New),General Application,16.25,5,20.0,"720 LCD Myofascial Gun 1200mAh USB Rechargeable Updated Myofascial Gun Muscle Relaxation Massager With 4 Massage Heads And 6 Levels Of Speed, Touch Control Button, Suitable For Office Workers For Relaxation After Exercise For Athletes And Fitness Enthusiasts"
1606,Unranked(New),General Application,13.6,0,0,"1 Set, Sourdough Starter Jar For Bakery, For Sourdough Bread Baking, Sourdough Starter Kit With Date Marked Feeding Band, Thermometer, Scraper, Sourdough Container Sewn Cloth Cover & Metal Lid, Baking Accessories"
1607,Unranked(New),General Application,18.1,0,0,"Manual Rotary Cheese Grater With Wide Hopper And 3 Interchangeable Blades, Kitchen Gadget For Cheese, Vegetables, Potatoes And Nuts, Vegetable Slicer, Multifunctional Fruit Slicer, Vegetable Cutter With Container, Onion Chopper With Multiple Interchangeable Blades, Home Potato Julienne Cutter"
1608,Unranked(New),General Application,13.64,0,40.0,Stovetop Espresso Cup Moka Pot - 3 Cup
1609,Unranked(New),General Application,15.05,50,20.0,"3pcs Professional Hair Clipper Set, USB Rechargeable Electric Razor Fine Cutter Beard Trimmer Razor,Barber Trimming Machine Set,Cordless Hair Cutting Machine For Men"
1610,#3 Best Sellers,in Epilators,3.0,0,0,"Portable Battery-Operated Red Hair Trimmer Electric Epilator Eyebrow Shaping Tool, Mini Facial Hair Remover, Face Shaver For Women, Using 1pc AA Battery"
1611,Unranked(New),General Application,4.4,4,200.0,"1pc Portable Handheld Fan With Rechargeable 500mah Lithium Battery, Silicon Strap, Type-C Charging Port, Cute Cartoon Design And 3-Speed Settings"
1612,Unranked(New),General Application,8.4,0,0,"1pc Egg Holder, Ceramic Cute Dog Shape Novelty Container Egg Stand, For Kitchen Dinning Table"
1613,Unranked(New),General Application,4.8,0,3700.0,Stay Cool On-The-Go: 1pc Portable USB Mini Fan
1614,Unranked(New),General Application,17.99,74,0,Handheld Massager 20 Speed Wand Vibrating Massage Magic Full Body Therapy Motor
1615,Unranked(New),General Application,3.26,52,0,"5-Layer Stainless Steel Kitchen Scissors - Multifunctional Onion And Herb Chopper For BBQ And Indoor Use - Durable, Safe, With Protective Cover And Built-In Cleaner"
1616,Unranked(New),General Application,0.8,50,0,"1pc Mini LED Electronic Finger Counter, Portable Buddhist Prayer Beads Counting Ring, Manual And Precise"
1617,#1 Best Sellers,in Oximeter & Blood Pressure Meter,11.2,0,0,"1pc Battery Sphygmomanometer (4 X 7 Batteries), Cuff Upper Arm Sphygmomanometer, Digital Display, Suitable For Home Use, Easy To Carry On The Go."
1618,#6 Best Sellers,in Oral Care Appliances,3.4,0,0,1pc Rechargeable/battery Operated Electric Toothbrush With 6-speed Adjustable Settings And 6 Brush Heads
1619,Unranked(New),General Application,2.6,10,30.0,Women's Lipstick Portable Electric Shaver
1620,Unranked(New),General Application,9.1,7,1500.0,"Usb Rechargeable Desktop Mini Fan With Telescopic Feature, Adjustable In 3 Speeds"
1621,Unranked(New),General Application,81.99,34,80.0,"HOMCOM 32"" Mobile Evaporative Air Cooler, 3-In-1 Ice Cooling Fan Water Conditioner Humidifier Unit With Remote, Timer, Oscillating, LED Display, 3.2gal Water Tank For Home Office Bedroom"
1622,#8 Best Sellers,in Wax Heaters,17.3,0,0,"Roll On Wax, Wax Roller Kit For Hair Removal, Roller Waxing Kit Include 2 Soft Wax Cartridge & 100 Non-Woven Wax Strips & 10 Wax Removing And Moisturizing Wipes, Portable Pink Wax Heater Machine For Women & Men, Waxing Roller Kit Depilatory Wax For Sensitive Skin"
1623,Unranked(New),General Application,15.7,0,10.0,"Portable Cordless Hair Straightener Brush,Portable Straightening Brush With Negative Lon,Hot Comb Hair Straightener For Women, Lightweight & Mini To Carry Out"
1624,Unranked(New),General Application,4.5,2,600.0,1pc Rechargeable Portable Handheld Single Speed Outdoor Simple Mini Fan With Lanyard
1625,Unranked(New),General Application,10.2,0,0,1pc Manual Coffee/Tea Separation Brewing French Press
1626,Unranked(New),General Application,2.9,3,20.0,"All-In-One Men's Electric Shaver, Multi-Function Razor With LCD Display, USB Charging And Three Different Blades, Suitable For Car Usage"
1627,Unranked(New),General Application,2.6,0,300.0,1ps Rechargeable 10ml Intelligent Car Fragrance Machine Ultrasonic Atomization Automatic Start Stop Car Air Vent Fragrance Machine
1628,Unranked(New),General Application,7.6,0,0,"1pc 3-In-1 USB Rechargeable Vacuum Sealer - Portable Electric PumpElectric Mini Vacuum Pump For Kitchen Storage, Sous Vide And Meal Preparation Preserves Fresh Food And Reduces Waste"
1629,Unranked(New),General Application,2.09,37,50.0,"1pc Little Flower Humidifier Usb Mini Portable Silent Water Cup Office Home Air Humidifier Water Mist Maker, Red Nano Steamer Facial Steamer Humidifier, Unclogs Pores Spray Facial Steamer Skin Care Tool"
1630,#10 Best Sellers,in Portable Washing Machines,38.53,28,0,"Portable Washing Machine 11L Large Capacity, Mini Foldable Washing Machine With Spin Dryer, Small Collapsible Laundry Washer For Travel, Apartment, Underwears, Socks, Baby Clothes (Purple)"
1631,Unranked(New),General Application,11.3,0,400.0,"GW Hair Dryer Salon Performance AC Motor Styling Tool/Hair Dryer Professional Blow Dryer Fast Drying For Hair Care / 2 Speed/Cold, For Home Travel Hotel"
1632,Unranked(New),General Application,6.2,0,0,"1pc Household Electronic Kitchen Scale, Mini Baking Scale, Small Food Scale, Digital Weight Scale, Kitchen Weighing Scale (In Kilograms),Kitchen,Party,Camping,Room Decor,Kitchen Items,Kitchen Portable."
1633,Unranked(New),General Application,17.99,5,20.0,MACchine Electric Pulse Massager Muscle Stimulator Pain Relief Therapy
1634,Unranked(New),General Application,14.09,19,0,"Body Hair Trimmer For Men, Electric Ball Trimmer Men, Groin Shaver For Men, Pubic Hair Groomer, Wet Dry Grooming Machine, Replaceable Ceramic Male Hygiene Razor For Full Body Grooming, Professional Cordless Hair Cutting Clippers"
1635,Unranked(New),General Application,12.3,12,0,1pc Juicer Portable Small Charging Juicer Cup Household Customization Multifunctional Juicer Juicer Cup
1636,Unranked(New),General Application,13.35,46,0,"1pc Wall Plug Mobile Range Hood,3-Gears"
1637,Unranked(New),General Application,14.2,0,50.0,"Desktop Fan Cooling Air Conditioner Small Size USB Powered, Silent Fan Bedroom Dormitory Office Cooling Artifact Mini Air Conditioner New Style Oscillating Large Wind Force Silent Room"
1638,Unranked(New),General Application,44.48,28,0,"1PC Compact Multi-Function Refrigerator For Skincare/Cosmetics, Food And Beverages, Portable Mini Fridge For Car And Home"
1639,Unranked(New),General Application,8.8,0,10.0,"Electronic Acupuncture Pen, Acupressure Therapy Pen, Intelligent Meridian Massager, Muscle Relief Massage Pen"
1640,Unranked(New),General Application,3.4,6,200.0,"5 In 1 Women'S Electric Hair Removal Epilator Trimmer For Bikini, Eyebrow, Beard, No Battery Included Electric Hair Depilator"
1641,Unranked(New),General Application,7.6,12,10.0,"1pc Retractable Foldable Desktop Fan, USB Powered, 6 Inches, Quiet, For Office Desk"
1642,Unranked(New),General Application,2.07,31,300.0,"New Portable Battery-Operated Electric Toothbrush With 30 Second Timer, Sonic Electric Toothbrush For Oral Health - Suitable For Both Men And Women - Effectively Clean Teeth And Gums, Comes With 1 Handle And 6 Replacement Brush Heads, Ultra Soft Bristles For Sensitive Teeth And Gums"
1643,Unranked(New),General Application,3.06,10,300.0,"1pc Cat Design Electric Fan, Pink Small Handheld Fan For Outdoor"
1644,#5 Best Sellers,in Curling Tongs & Curling Wands,13.5,4,0,"Multifunctional Curling Iron Hair Curling Wands Electric Fast Heating Hair Curling Iron Anti Scalding Design Hair Styling Tools (0.35IN,0.51IN,0.86IN,0.98IN,1.10IN,1.25IN) Mother's Day Gift"
1645,Unranked(New),General Application,4.0,0,0,Painless And Safe USB Rechargeable Electric Hair Removal For Women - Full Body Shaver With Lipstick Shape
1646,#7 Best Sellers,in Car Vacuum Cleaner,23.7,0,0,Black Wired Car Vacuum Cleaner With Storage Bag
1647,Unranked(New),General Application,14.94,55,0,"Upgrade Your Kitchen With This Rechargeable Electric Pepper Grinder Set - Automatic, Adjustable, Dustproof, And LED Light!"
1648,Unranked(New),General Application,3.5,0,300.0,"1pc Mini USB Rechargeable Fan, Suitable For Home & Outdoor Use"
1649,Unranked(New),General Application,5.8,0,0,"1 Set Of 2 Batteries, Size 5, Mini Electric Blackhead Remover, Blackhead Remover, Pore Cleaner, 3 Types Of Suction Heads, 2 Levels Of Adjustable Strength, Facial Cleaning, Black Small Particles, Acne, And Blackheads, Keeping The Face Clean And Refreshing"
1650,Unranked(New),General Application,11.0,0,200.0,"Professional Hair Trimmer Set Hair Clippers Cordless Hair Trimmer Electric Barber Clippers Zero Gapped Trimmer Professional Beard Trimmer Rechargeable Hair Cutting Kit , Gift Set"
1651,#5 Best Sellers,in Temperature Gauges,8.87,27,0,"1pc 12inches Sun Metal Thermometer, Four Seasons Garden Decor Golden Decor Battery Free Decor Thermometer, Festival Gift&Home, For Outdoor, Porch, Foyer, Living Room, Fence"
1652,Unranked(New),General Application,5.2,0,0,"1 Set 3-In-1 Vacuum Food Sealer, Save Sealer, USB Rechargeable Handheld Pump, For Sous Vide And Food Storage, With 10 Reusable Zipper Vacuum Bags, Compatible With Anova Joule Sous Vide Machine"
1653,Unranked(New),General Application,2.96,56,90.0,1pc 7 Steel Ball Abdominal Massager| Handheld Ball Massager Beauty Meridian Brush Kneads Abdomen Slender Waist Beautiful Legs Muscle Relaxation
1654,Unranked(New),General Application,2.9,3,80.0,Hair Clipper Electric Pusher Haircut Machine Electric Clipper Oil Head Carving Razor For Bald Head Haircut
1655,Unranked(New),General Application,23.6,4,30.0,"Steam Hair Straightener Flat Iron Professional Ceramic Tourmaline 2-In-1 Straightening Iron, Adjustable 300-450F Salon Heat,  Dual Voltage, Black"
1656,Unranked(New),General Application,71.99,45,30.0,"Havato Nugget Ice Maker Countertop,  Self-Cleaning  Ice Maker With Ice Basket & Scoop, 26Lbs/24H, 9 Ice Cubes Ready In 6 Mins, Chewable Ice Maker Machine For Home Camping Party RV"
1657,Unranked(New),General Application,10.9,4,40.0,"Hair Clipper For Men, Hair Cutting Machine, Beard Trimmer ,Cordless Barber Clipper With LED Display"
1658,Unranked(New),General Application,6.1,0,80.0,Portable Wireless EMS Home Fitness Massage Trainer For 1pc Arm And 1pc Abdomen (With 2pcs Hosts Without Battery)
1659,Unranked(New),General Application,9.9,0,10.0,"1 Handheld Fan, 2000mAh Power Bank, Small Flashlight, Pocket Fan, Portable Battery Powered Or USB Powered Foldable Personal Fan, 3-Speed, Female Gift, Male Gift, Children's Holiday Gift"
1660,#5 Best Sellers,in Electric Lunch Boxes,18.24,40,0,"A 1.5 Liter Portable Heating And Thermal Insulation Lunch Box, Lunch Box Kids,Lunch Box Men,Lunch Box Insulated,Lunch Box Electric,Lunch Box Women,Lunch Box For Boys,Lunch Box Girls,Lunch Box For Women,Lunch Box Containers,Lunch Box For Men,Bento Box For Kids,Bento Box Stainless,Bento Box With ,Bento Box With Bag,Bento Box With Utensils,Bento Box Office,Bento Box Food,Bento Box Portable,Bento Box Handle,Bento Box Dividers,Bento Box Lunch,Bento Box Kitchen,Bento Box Camping Bag,Bento Box O"
1661,Unranked(New),General Application,1.86,40,10.0,"1pc Kitchen Timer, Digital Countdown Timer, Stand Timer, Cooking Timer, No Battery Needed, Teacher Timer, Easy-To-Use Timer, Kitchen Accessory, Dorm Essential, Small Kitchen Tool."
1662,#5 Best Sellers,in Hair Straightening Irons,11.0,4,0,"Ceramic Automatic Hair Straightener 320'F- 428'F Temperature, For AllHairstyles Straightener Fast Heating Multifunctional Hair StraightenerHair Styling Tool For Dry Or Wet Hair(US)"
1663,Unranked(New),General Application,7.6,4,100.0,"Led Makeup Mirror With Light Desktop Stand, Portable Cosmetic Mirror With Light"
1664,Unranked(New),General Application,27.99,47,100.0,"Portable Blender,Christmas Gift Shakes And Smoothies Waterproof Blender USB Rechargeable With 20 Oz Blender Cups With Travel Lid."
1665,Unranked(New),General Application,17.1,10,500.0,"Rechargeable Hair Trimmer For Split Ends, Portable Electric Automatic Haircut Machine For Household Use Gift"
1666,Unranked(New),General Application,2.15,40,400.0,"Turbo Mini Fan, Handheld & Desktop Stand Dual Use, Powerful Wind"
1667,Unranked(New),General Application,19.3,0,30.0,"1pc Portable ABS Beauty Machine, Modern 7 Color Light Led Wrinkle Tighten Skin Care Beauty Machine For Home"
1668,Unranked(New),General Application,36.4,0,40.0,"Portable Air Conditioner,Cooler,Desktop Fan USB Electric Fan Telescopic Folding Small Fan USB Charging Student Dormitory Office Desktop Mute Large Fan"
1669,Unranked(New),General Application,4.0,0,200.0,10pcs Self Adhesive 3.5mm Electrode Pads 5.5x8cm Replacement Gel Pads TENS EMS Massage Pad For Pulse Massager Muscle Stimulator
1670,Unranked(New),General Application,3.5,8,20.0,1pc USB Fan Mini Portable Desktop Fan Quiet Office Fan With Multi-Angle 3D Cooling Handheld Fan Air Conditioner Cooler Gift For Students Or Home Use In Summer
1671,Unranked(New),General Application,8.69,14,100.0,"4d Multifunctional Electric Shaver, Rechargeable, Waterproof, Electric Head Hair Shaver Men's Beard Trimming Tool"
1672,Unranked(New),General Application,3.2,0,3500.0,Hair Clipper Electric Pusher Haircut Machine Electric Clipper Oil Head Carving Razor For Bald Head Haircut
1673,Unranked(New),General Application,1.6,0,10.0,"1pc/3pcs/6pcs Silicone Sealing Ring O-Ring 600W/900W Juice Extractor Blender Accessory Nutriblender Replacement Part,Kitchen Portable Fruit Machine,Portable Juicer And Blender,Juice,Lemon."
1674,Unranked(New),General Application,13.5,0,0,"1pc 7 Colors Flame Simulation Ultrasonic Humidifier With Aromatherapy And Lighting - USB Powered Essential Oil Diffuser For Bedroom And Travel ,H2o Air Fire Flame Humidifier  Oil Diffuser Humidifier School Supplies, Back To School"
1675,Unranked(New),General Application,55.99,44,0,"IPL Hair Removal For Women At-Home,Upgraded To 999,000 Flashes Painless Hair Remover,Facial Hair Removal Device For Armpits Legs Arms Bikini Line"
1676,Unranked(New),General Application,7.6,0,20.0,Mini Lightweight Portable Full Body Electric Massager
1677,Unranked(New),General Application,5.52,40,0,Kitchen Scale Mini Household Weight Scale Baking Food Scale Electronic Kitchen Scale
1678,Unranked(New),General Application,2.9,0,300.0,"1 Unit, USB Data Cable Power Supply 220ml Ultrasonic Mini Air Humidifier Aromatic Diffuser Household Car Office Humidifier With LED Night Light Freshener Product Size: Height 4.05in * Width 3.14in"
1679,Unranked(New),General Application,6.9,4,200.0,"Electric Trimmer For Removing Lip Hair, Nose Hair, Underarm, And Private Parts For Both Men And Women"
1680,Unranked(New),General Application,16.1,0,10.0,"300ml Aroma Diffuser For Essential Oil Large Room, Ultrasonic Humidifier With 8 Color Lights, 3 Timer Setting, Auto Shut-Off"
1681,Unranked(New),General Application,6.4,0,20.0,"Mini Electric Lint Remover, Battery-Operated Fabric Shaver"
1682,Unranked(New),General Application,4.5,4,1500.0,1pc Rechargeable Portable Handheld Heart Shaped Fruit Fan With Cellphone Holder Function
1683,#2 Best Sellers,in Electric Shavers,7.33,42,0,Professional Mens Hair Clippers Zero Gapped Cordless Hair Trimmer Professional Haircut & Grooming Kit For Men Rechargeable LED Display
1684,Unranked(New),General Application,15.6,9,0,"New Arrival Electric Handheld Massage Hammer With Vibration & Kneading Function, Cordless Design"
1685,Unranked(New),General Application,2.0,0,0,1pc Cartoon Mini Portable Bear Calculator With LED Large Screen Display Creative Keychain Calculator
1686,#9 Best Sellers,in Electric Grills & Electric Griddles,81.99,20,0,"VEVOR 14"" 1500W Electric Countertop Flat Top Griddle 110V Non-Stick Commercial Electric Griddles Restaurant Teppanyaki Grill Stainless Steel Adjustable Temperature Control 122°F-572°F, Sliver"
1687,Unranked(New),General Application,3.0,0,100.0,"1pc Portable Handheld Fan With Hand Rope, Battery Operated (Batteries Not Included), 1 Speed Level"
1688,Unranked(New),General Application,9.1,3,0,"1pc, Dual Power Supply (Plug-In And Battery), LED Double-Sided Foldable Makeup Mirror, Requires 4 AAA Batteries, 10x Magnifying Mirror On Both Sides, Desktop Vanity Light, With Lipstick Storage"
1689,Unranked(New),General Application,17.1,0,0,"1pc+Type-C USB+4000mAh+5V/2A+Emergency Power Bank Function+Digital Display+Portable+Folding+Desktop, Neck Hanging, Upright, Handheld Cooling Fan+5-Speed Strong Wind+H08+Brushless Motor Mini Fan"
1690,Unranked(New),General Application,13.0,0,0,1pc Planet Design Humidifier
1691,Unranked(New),General Application,23.99,40,40.0,"Neck Fan, 4 Turbos Foldable Portable Fan, 6000mAh Bladeless Neck Fan Rechargeable, LED Display, 3 Speeds Adjustment, 360°Cooling Airflow For Office, Outdoor, Travel, Home"
1692,Unranked(New),General Application,189.99,27,20.0,WANAI Compact Refrigerator 3.5 CU.FT Double Door Mini Fridge With Freezer Small Refrigerator With 7 Adjustable Temperature Side Door Wire Rack Suit For Dorm Office Apartment Black
1693,Unranked(New),General Application,10.1,0,100.0,"Portable Fan, Handheld Fan Personal Mini Fan 3000mAh Rechargeable With 5 Speeds, Battery Operated Mini Fan With LED Display, 11-21Hs Desk Fan Working Time For Office Bedroom Outdoor Travel Camping"
1694,Unranked(New),General Application,126.99,34,0,"HOMCOM Mini Freezer Countertop, 1.1 Cu.Ft Compact Upright Freezer With Removable Shelves, Reversible Door For Home, Dorm, Apartment And Office, Gray"
1695,Unranked(New),General Application,174.99,24,0,WANAI Small Refrigerator With Freezer 3.5 Cu.Ft Mini Fridge With Freezer On Top Double Door Small Fridge For Bedroom Dorm Room College Office Valentines Black
1696,#6 Best Sellers,in Water Filter Cartridges,4.47,16,0,"6pcs/Set Faucet Water Filter ,  Water Purification, Faucet Multi -Function Filtration, Enjoy Clean Water, Malls Hotels Home Outdoor RV Universal Model Replaceable Filter, For Hotel Restaurant Purified Water"
1697,Unranked(New),General Application,11.0,0,0,EMS  Massage Device Muscle Training Device  Massage  Belt Abdomen Waist Instrument Smart Sculpting Abdomen Belt
1698,#2 Best Sellers,in Vacuum Cleaners,21.2,0,0,"1pc Multifunctional High Power Home Car Vacuum Cleaner With Inflator, Wireless Tyre Inflator, Portable Pet  Vacuum Cleaner For Car & Home Use"
1699,Unranked(New),General Application,12.5,0,0,"Stainless Steel Cold Water Pitcher, European Style For Home, Restaurant Or Hotel. It Is Suitable As A Gift For Business Opening. Please Do Not Use It To Boil Water."
1700,Unranked(New),General Application,12.2,28,0,Smart Watch Health Monitoring Bluetooth Call Watch Exercise Heart Rate Blood Oxygen
1701,Unranked(New),General Application,8.55,10,0,"Electric Wine Decanter, Quick Intelligent Wine Pourer, With An Automatic One-Click Dispenser And A Second Press Stopper. Built-In Air Intake To Simultaneously Air The Wine While Pouring, Saving 15-20 Minutes. Fully Charged, It Can Pour Above 30 Bottles Of Red Wine."
1702,Unranked(New),General Application,18.9,4,80.0,"1pc New Automatic Hair Trimmer, Hair Clippers, Unisex Grooming, Portable Hair Shaver With Blue Light Hair Care Function, Surprise Gift For Women's Festival"
1703,Unranked(New),General Application,5.76,37,80.0,Fascia Gun Muscle Massager Portable Fitness Muscle Relaxer Exercise Recovery Mini Electric Massage Gun
1704,Unranked(New),General Application,21.22,32,60.0,Desktop Cooling Fan USB Office Home Desktop Spray Water Cooler Mini Air Conditioning Fan
1705,Unranked(New),General Application,14.2,0,0,Electric Makeup Brush Cleaner And Dryer - Quick And Easy Cleaning And Drying In One Minute - 8 Rubber Tube Sleeves For Optimal Brush Care
1706,Unranked(New),General Application,4.9,0,90.0,"Portable Handheld Fan With Desktop Base, 3 Adjustable Speeds, Rechargeable Battery, Mini Usb Fan For Office/Travel/Outdoor/Camping/Reading, Grey"
1707,Unranked(New),General Application,14.1,3,200.0,Professional Hair Curling Iron Ceramic Triple Barrel Hair Curler Irons Hair Wave Waver Styling Tools Hair Styler Wand Heated Styling Iron Brush Fast Heating Hair Wand Curler In All Hair Type
1708,Unranked(New),General Application,14.2,16,200.0,"Pink Set Generation 2 Rechargeable Hair Trimmer, Split Ends Hair Cutter, Household 2-In-1 Portable Hair Clippers, Electric Hair Cutting Tool With Hair Clipper"
1709,Unranked(New),General Application,6.4,0,0,1pc Stainless Steel Visual Kitchen Timer With Magnetic Back Countdown Reminder For Cooking Baking Alarm Clock
1710,Unranked(New),General Application,4.8,50,10.0,"1PC Portable Wireless Handheld Car Vacuum Cleaner, Mini, For Home And Car Use"
1711,#3 Best Sellers,in Hair Straightening Irons,28.6,0,0,"angenil Argan Oil Flat Iron Curling Iron In One, Professional Portable Dual Voltage Ceramic Hair Straightener, 1.6 Inch Wide Flat Iron For Thick Hair, Fast Straightening Styling, Lcd Display"
1712,Unranked(New),General Application,10.6,20,80.0,"Powerful Portable Electric Food Chopper & Processor Made Of 304 Stainless Steel - Mini Usb Wireless Handheld Garlic Slicer With 350ml Capacity, Made Of Plastic, Suitable For Vegetables & Meat"
1713,#7 Best Sellers,in Meat Grinders,34.8,0,0,"4-In-1 Handheld Blender Set, Including Multi-Function Stick Blender, Whisk, Chopper And Beaker, Suitable For Food Processing & Baby Food Mixing"
1714,Unranked(New),General Application,7.41,22,100.0,"Women'S Depilator Shaver For Leg, Body, Face, Bikini Line Trimming, Electric Hair Depilator Wet And Dry Use Home Use Shaver Tool"
1715,Unranked(New),General Application,7.6,50,0,"1pc Yunbaoit Rainbow Visual Timer - 60 Min Countdown, Night Light, Whisper-Quiet, Classroom & Kitchen Timer For Home, School & Office"
1716,Unranked(New),General Application,24.3,2,20.0,5in1 Multifunctional Hot Airbrush Curling & Straightening Ionizing Hair Dryer For Styling
1717,Unranked(New),General Application,9.4,4,300.0,"Multifunctional Electric Shaver For Men, With Razor, Hair Clipper,Rechargeable Hair Clipper Trimmer Kit Digital Display Men's Trimmer Men's Trimmer Shaver Portable Haircut Machine For Man, Mens Grooming Kit"
1718,Unranked(New),General Application,11.3,0,30.0,"1pc Rechargeable 1800mAh Outdoor Portable Mini Fan With Neck Lanyard, Waist Clip & Table Stand, 5 Speeds, Natural Wind, Power Display, With Hanging Rope"
1719,Unranked(New),General Application,8.1,5,0,"A Type-C Rechargeable Handheld Fan With 5-Speed Level LED Display, 180° Foldable & 5-Blade High Velocity Fan. Choose From Three Colors."
1720,Unranked(New),General Application,24.1,5,20.0,"Foot Grinder, Electric Callus Remover, Foot File Grinder Pedicure Tool With Speed Controller And 20pcs Replacement Sandpaper Disk For Men Women Dead Dry Crack Skin Calluses"
1721,Unranked(New),General Application,3.7,0,0,"Compact UV LED Nail Lamp: Hypoallergenic, USB-Powered, Fast-Drying & Portable For On-The-Go Manicures, With Rechargeable Lithium Battery"
1722,Unranked(New),General Application,10.0,0,20.0,"K26 Cute Cartoon Neck-Hanging Fan, Portable, 3-Speed, Strong Wind, Long-Lasting, Lightweight, Rechargeable, For Outdoor Activities, Hand-Held, Dormitory, And Office Creative Gift"
1723,Unranked(New),General Application,18.24,40,0,Black Electric Coffee Grinder
1724,Unranked(New),General Application,18.45,10,50.0,Multi-Functional Juicer Household Automatic Juicer Separation Small Portable Orange Juice Cup USB Charging
1725,Unranked(New),General Application,9.6,0,200.0,Household Kitchen Scale Stainless Steel Weighing Scale For Food Diet Balance Measuring LCD Precision Electronic Scales 10Kg
1726,Unranked(New),General Application,26.89,0,10.0,"Toaster 2 Slice, Extra Wide Slot, Stainless Steel, 7 Browning Shade Settings, Bagel/Gluten-Free/Reheat Function, Variable Browning Control, 900 Watt"
1727,Unranked(New),General Application,30.6,4,100.0,Largner Professional Hair Clippers For Men- Hair Cutting Kit & Zero Gap T-Blade Trimmer Combo- Cordless Barber Clipper Set With Led Display For Mens Gifts(Black)
1728,Unranked(New),General Application,24.0,4,20.0,"Automatic Hair Curler, Ceramic Ionic Barrel Automatic Hair Curling Iron, Auto Curling Wand With 1"" Large Rotating Barrel & 4 Temps & 3 Timer Settings, Dual Voltage Spin Iron For Hair Styling"
1729,Unranked(New),General Application,7.8,36,100.0,"Hair Curling Comb Electric Curler Professional Styling Tools Hot Comb Hair Straightener Brush For All Hair Types, Green, Purple, Valentines Day, St Patrick Day, Mother's Day Gift 110V"
1730,Unranked(New),General Application,25.49,35,0,"Teckwe Hair Straightener,Beauty Heating Salon Flat Iron,Quick Warm-Up & LCD Display,Long-Lasting Hold And Smooth Hair & 1h Smart Shut Down For Home Travel - US Plug"
1731,#9 Best Sellers,in Portable Refrigerator,291.99,29,0,2 Doors Cold-Rolled Sheet Compact Refrigerator
1732,Unranked(New),General Application,6.1,5,50.0,LARGNER Men Electric Shaver 3D Floating Razor Washable Rechargeable Electric Razor Triple Blade Beard Trimmer Whole Body Wash USB Travel Charger - Perfect Gift For Boyfriend Or Father
1733,Unranked(New),General Application,9.7,0,10.0,Pink Electric Massage Gun For Relieving Muscle Stiffness And Soreness
1734,Unranked(New),General Application,25.9,0,70.0,"1pc PP Food Mixer, Multifunctional Household Hand Mixer For Kitchen"
1735,Unranked(New),General Application,5.7,22,500.0,Mini USB Fan Portable Fans Metal Cooler Cooling 4 Blades Desktop Mute Fans Silent Universal For Car Notebook Computer Desk Fan
1736,Unranked(New),General Application,4.1,0,0,Cartoon Modeling Yellow Duck Kitchen Mechanical Timer Baking Management Time Timing Alarm Reminder For Restaurant For Restaurant/Food Truck/Bakery
1737,Unranked(New),General Application,16.0,4,100.0,"Electric Razor For Men, Dry&Wet 3D Mens Electric Shaver , Rechargeable Rotary Shaving Machines , Father's Day Gift For Father Dad Men Husband Boyfriend"
1738,Unranked(New),General Application,11.57,43,0,"Wholesale Electronic Rechargeable Body Weight Scale, Household Precision Digital Weight Scale"
1739,#8 Best Sellers,in Hand Blenders,38.9,0,0,"4-In-1 Handheld Blender Set, Including Multi-Function Stick Blender, Whisk, Chopper And Beaker, Suitable For Food Processing & Baby Food Mixing"
1740,Unranked(New),General Application,6.78,40,0,Kitchen Scale Electronic Scale Baking Food Gram Measuring Scale Kitchen Electronic Scale Food Weighing Device Commercial Scale
1741,Unranked(New),General Application,4.0,0,80.0,"(Pink) - Crystal Hair Eraser For Women And Men, Reusable Crystal Hair Remover Magic Painless Exfoliation Hair Removal Tool, Magic Hair Eraser For Back Arms Legs (Pink)"
1742,#3 Best Sellers,in Laser Hair Removal Devices,40.8,11,0,"Laser Hair Removal For Women And Men Update Permanent Hair Removal Device With Red-Light Wave IPL Technology Ice Cool Painless Laser Epilator Hair Removal Machine For Whole Body Use3 In 1 At Home Hair Removal For Women And Men, Upgraded 3 In 1 At Home Hair Removal, 9 Levels And 999,900 Permanent Hair Remover,Painless Hair Remover On Face,Body,Bikini, Whole Body"
1743,Unranked(New),General Application,2.9,3,30.0,"All-In-One Men's Electric Shaver Razor With Digital Display, Multi-Functional, USB Charging, Triple Blade, Portable For Car Use"
1744,Unranked(New),General Application,12.3,0,10.0,"Portable Neck Fan With Display, USB Rechargeable Wearable Personal Fan With 5 Speed Adjustment, Quiet Air Conditioning Cooling Fan For Sports, Travel, Outdoors - Plastic Material, Built-In Lithium Battery, 5W Power, Indoor & Outdoor Use"
1745,#8 Best Sellers,in Electric Hair Clippers,22.6,4,0,New Multi-Functional Electric Hair Clipper Rechargeable Shaver Professional Barber Electric Fader Adjustable Head
1746,Unranked(New),General Application,9.63,10,10.0,"1pc Rechargeable Fashionable Neck Hanging Fan, Silent And Long-Lasting Waist Hanging Fan, Adjustable Wind Speed In 3 Gears,With Neck Rope"
1747,#7 Best Sellers,in Hair Straightening Irons,14.89,36,0,"Teckwe Cordless Hair Straighteners Curler 2 In 1,Cordless Flat Iron,Long-Lasting Styling Without Hair Damage & 3 Levels Of Temperature Adjustable Type-C Rechargeable"
1748,Unranked(New),General Application,10.97,12,10.0,"Portable Rechargeable Small Juicer With Double Cups (One Large And One Small Cup), Multi-Functional Juicer For Home And Dormitory,Kitchen Portable Fruit Machine,Portable Juicer And Blender,Juice,Lemon."
1749,Unranked(New),General Application,27.99,52,0,Air VENTt Exhaust Window Fan Car Fan Solar Powered Window Hanging Type Black
1750,Unranked(New),General Application,11.5,0,0,"1pc Ultrasonic Skin Scrubber Beauty Device With EMS Micro-Current, Blackhead Dead Skin Remover, Face Cleansing Instrument"
1751,Unranked(New),General Application,10.7,4,30.0,"Electric Beard Trimmer For Men, Waterproof Cordless Foil Shaver, Rechargeable Wet & Dry Shaver, Manscaping Body Groomer"
1752,Unranked(New),General Application,8.93,21,100.0,"1pc Portable USB Fan With Three-Speed Large Wind Adjustment, Waist-Hanging And Desktop Stand, Power Display, And Leafless Design"
1753,Unranked(New),General Application,4.4,50,0,"1pc, Oil Pot Storage Pot Oil Bottle, Household Kitchen Oil Bottle Oil Jar Automatic Opening And Closing Seasoning Bottle, 500ml Glass Olive Oil Bottle Vinegar Dispenser, With Drip Spout, For Cooking Kitchen,For Home,Restaurant,BBQ,Picnic"
1754,Unranked(New),General Application,4.0,0,10.0,1 Blue Electric Nail Sharpener For Home Use Kids Smart Nail Clipper Set Baby Nail Trimmer Electric Nail Clippers Free 6 Sharpeners
1755,Unranked(New),General Application,12.6,25,30.0,1pc Rechargeable Electronic Scale
1756,Unranked(New),General Application,23.5,0,0,"Lighted Travel Makeup Bag - 3 Colors, Mirror, 2-Layer Organizer With 10X Magnifying Mirror - Portable Cosmetic Case With Adjustable Dividers"
1757,Unranked(New),General Application,3.4,3,10.0,1pc Portable Mini Electric Razor Cordless Rechargeable Rotary Shavers Nice Gift For Father Or Boyfriend(74.5*44*43.5mm)
1758,#9 Best Sellers,in Electric Hair Brushes,10.82,24,0,"Hot Comb, Straightening Comb For Wigs, Hot Comb Hair Straightener, 220℃ High Heat With Dual Voltage, Portable Ceramic Beard Straightener Brush, Anti-scald Press Comb Ceramic"
1759,Unranked(New),General Application,8.3,3,0,"Led Hollywood Style Makeup Mirror Light With 8/10/12/14 Adjustable Bulbs, Color & Brightness Control, Usb Cable, For Vanity Table/Dresser (Mirror Not Included) Usb Wash Basin Makeup Mirror Lamp Bathroom Dressing Table Lighting Campaign Led Wall Lamp Total Length 2 Meters"
1760,Unranked(New),General Application,7.4,0,0,"1pc 2-In-1 Egg Poacher Egg Holder Termomix Accessories Accessories TM5 TM6 TM31 For Steamed Eggs,Egg,Kitchen,Kitchen Items,Food,Decor,Party,Camping,Organizer,Beach,Travel,Vacation."
1761,Unranked(New),General Application,6.2,0,30.0,"Mini USB Neck Hanging Fan Portable Handheld Desktop Slouchy Fan Without Blades, Quiet, USB Charging, Long Battery Life"
1762,Unranked(New),General Application,11.0,50,0,"1pc Professional Mini Titanium Flat Iron Hair Straightener, LCD Display, Fast Heating, Dual Voltage Ceramic Straightening Irons, Auto Off, With Protective Glove & 2 Clips"
1763,Unranked(New),General Application,7.6,0,100.0,"1pc Rechargeable Professional Men's Electric Hair Clipper, Bronze Dragon & Phoenix Design, Zero Gap Cordless Hair Trimmer, Barber & Beauty Kit With Led Display"
1764,Unranked(New),General Application,2.7,50,10.0,1pc 500mAh USB Rechargeable Portable Necklace Turbo Cartoon Mini Fan With 2 Wind Speeds
1765,Unranked(New),General Application,7.0,4,10.0,"Led Makeup Mirror With Touch Screen, 3 Light Modes, Portable Stand And Foldable Compact Mirror ,Lighted Travel Makeup Mirror,  Vanity Cosmetic Mirror With Lights, Rechargeable 1500mAh Battery, 3- Color Light Modes Dimming LED Light Up Mirror , Travel Accessories For Makeup"
1766,#5 Best Sellers,in Oral Care Appliances,3.4,0,0,A Rechargeable/battery Electric Toothbrush With 6 Levels Of Adjustment And 6 Brush Heads
1767,Unranked(New),General Application,147.0,33,20.0,"INSE Y10 Cordless Robotic Pool Cleaner, Automatic Pool Vacuum, 90 Mins Runtime & Powerful Suction, Self-Parking, Lightweight, IPX8 Waterproof, Ideal For Above/In-Ground Pool Up To 1100 Sq.Ft"
1768,Unranked(New),General Application,10.62,51,60.0,"1pc 1200 MAh Multifunctional Desktop Bladeless Tower Fanportable Air Conditioner Standing And Lying Down Dual-Use, Three Wind Power Wide-Angle Air Delivery, Compact And Portable, Suitable For Home/Dormitory/Office/Home/Kitchen Cooler"
1769,Unranked(New),General Application,4.0,5,10.0,Hair Clipper Electric Pusher Haircut Machine Electric Clipper Oil Head Carving Razor For Bald Head Haircut
1770,#1 Best Sellers,in Dehumidifiers,36.99,38,0,"VIVOSUN Portable Dehumidifier, Mini Ultra-Quiet 225 Sq. Ft. Dehumidifier With 500ML Water Tank, Indicator Light And Auto Shut-Off Function For Home, Bedroom, Closet, Basement, Kitchen"
1771,Unranked(New),General Application,14.5,14,20.0,"1 3L Blue Large Capacity Humidifier, Dual Spray Humidifier, Can Work Continuously For Ten Hours When Filled With Water. And The Humidifier Is Easy To Carry."
1772,Unranked(New),General Application,14.0,7,100.0,"1pc  Portable Air Conditioner Fan, Large Battery Dual Motor Household Small Air Cooler, 5-Speed Air Cooling Fan 720 ° Surround Air Blower, Office, Tourism, Camping, Outdoor RV Portable USB Fan, Thanksgiving Halloween Christmas Gift"
1773,Unranked(New),General Application,19.99,38,0,"JISULIFE Portable Handheld Fan, Mini Pocket Hand Fan, Small Battery Operated 14-21 hours, USB Rechargeable Foldable Fan, Quiet Personal Fan with Power Bank, Flashlight for Indoor, Outdoor"
1774,#1 Best Sellers,in Hair Dryers,29.0,0,0,"CRASTS 864 High-Powered Salon-Grade Hair Dryer With One-Button Switching Between Hot And Cold Winds, Four Gear Adjustable Temperature, Equipped With Two Different-Sized Nozzles, Black, 19m/S, 22000 RPM, Suitable For Home And Professional Salon Use."
1775,Unranked(New),General Application,4.8,0,1200.0,Stay Cool On-The-Go: 1pc Portable USB Mini Fan
1776,#9 Best Sellers,in Refrigerators,148.99,33,0,"HOMCOM 3.2 Cu.Ft Mini Fridge With Freezer, Single Door Compact Refrigerator With Adjustable Thermostat, Shelf And Reversible Door For Bedroom, Dorm, Home Office, Energy Efficient"
1777,Unranked(New),General Application,7.09,35,0,"LED Neck Reading Light, Bed Reading Book Light, 3 Light Colours, Bendable Arm, Rechargeable, Long Lasting, Great For Reading, Knitting, Camping And Maintenance"
1778,Unranked(New),General Application,36.7,0,200.0,"A Two-In-One Multi-Function Barber Set, Men's Cordless Barber, Adjustable Shaving Head, High Power And Durable, LCD Screen, Home Barber Set, Equipped With 11 Limited Combs And Barber Kit, For Men Only, Family Must, Can Be Applied To Travel And Holiday Gifts, Hairdressing Tools Package Hairdresser, Wireless LCD Hairdresser, Home Charging Hairdresser"
1779,Unranked(New),General Application,24.99,50,30.0,"Kalolary Roll On Wax Kit, Wax Roller Kit For Hair Removal Portable Home Waxing Kit With Wax Warmer, 2 Honey & 1 Rose Soft Wax Cartridge, 200 Non-Woven Wax Strips, Pre-Wax & After-Wax Oil For Women Men"
1780,#1 Best Sellers,in Electric Blankets,30.5,0,0,"Electric Heated Throw Blanket, 140x80cm Soft Touch Throw, USB Flannel Overblanket For Sofa, Underblanket Single, Wearable Machine Washable"
1781,Unranked(New),General Application,22.3,0,200.0,"4-Speed Airflow 7200mah Mini Extendable, Rechargeable & Foldable Desk Fan With Usb, Personalized, Cordless Electric Neck Handheld Portable Table Fan For Office, Home, Outdoor Activities"
1782,#4 Best Sellers,in Cooking Appliances,3.49,35,0,"1pc High-Precision Portable Gold & Jewelry Tea Scale P10, Rectangle Shaped, Suitable For Household And Jewelry Store (Weights Not Included)"
1783,Unranked(New),General Application,38.03,62,0,1PC Electric Milk Frother Steamer 4 In 1 Multifunctional Hot Cold Milk Foam Maker Temperature Control Automatic Quiet Milk Warmer Latte Cappuccinos Diamond Design
1784,Unranked(New),General Application,29.99,25,10.0,"Ultrean Gravity Electric Salt And Pepper Grinder Set - USB Rechargeable With Dual Charging Base - Adjustable Fineness - One Handed Operation, Stainless Steel Construction, Auto Dust Lids, LED Light"
1785,Unranked(New),General Application,14.67,10,10.0,"1pc Small Animal Weight-Balance Scale With High Precision, Intelligent Pet Scale, Detachable Scale Plate For Cats And Dogs, Kitchen Scale, Suitable For Weighing Vegetables, Fruits, Hamsters, Birds, And Rabbits (Battery Not Included)"
1786,Unranked(New),General Application,16.9,6,80.0,"Epilator For Women,Lady Shaver, 2 In 1 Hair Removal Epilator With Epilator Head & Shaver Head, Electric Cordless Hair Shaver Portable Painless Epilator Hair Removal For Face Bikini  Armpit Leg  Hand HairTrimmer Ladies & Men"
1787,Unranked(New),General Application,38.76,61,10.0,"Blow Dryer Brush, 6 In One Detachable Rotating Hair Dryer Brush Curling Wand, Upgrade Negative Ionic Hair Styling Tool Set, Automatic Hair Curler Hot Air Brush, Hair Straightener Thermal Brush (Blue)"
1788,Unranked(New),General Application,37.0,0,30.0,"Portable Air Conditioners Fan, USB Air Cooler With 7 Color Night Light 4 Wind Speed And Humidifier, Cooling Fan For Room Bedroom Home Car, Personal Mini Air Conditioner Evaporative Cooler"
1789,Unranked(New),General Application,5.9,3,300.0,"1pc Plastic Mini Fan, Modernist Portable Handheld Fan For Home, School"
1790,Unranked(New),General Application,13.99,36,40.0,"Teckwe Automatic Electric Hair Trimmer,Split End Hair Clipper,Portable Hair Shredder,Cordless Hair Clippers For Home Use,Suitable For Women Trimming Split Ends"
1791,#2 Best Sellers,in Portable Washing Machines,29.99,36,0,"Teckwe Foldable Washing Machine,Portable Bucket-Type Fully Automatic Washing And Drying Machine With 3 Modes Deep Cleaning Of Underwear,Baby Clothes And Other Small Clothes.Suitable For Apartments Dormitories Hotel 6L - US Plug"
1792,Unranked(New),General Application,4.7,4,0,"1pc Electric Shaver With 3 Steel Blades, USB Charging, Low Noise And Digital Display"
1793,Unranked(New),General Application,13.7,0,0,"Portable Blender With Straw Juicer, USB Rechargeable, Personal Size Blender For Milkshakes And Smoothies With Six Blades, Mini Milkshake Juicing Cup With Straw For Sports, Travelling, Fitness Fat Loss"
1794,Unranked(New),General Application,149.99,0,0,"Cooluli 20L Mini Fridge For Bedroom - Car, Office Desk & College Dorm Room - Glass Front"
1795,Unranked(New),General Application,199.99,64,20.0,"Auertech 1.6 Cu.Ft Portable Dryer With 850 W Rated Power, Suitable For Apartments, Dorm, RVs"
1796,Unranked(New),General Application,6.7,4,200.0,Hair Curling Iron 9Mm Women's Hair Curler Wand Hot Tools Rotating Heated Styling Iron Brush Hot Comb Straightening Iron For Hairdressing
1797,Unranked(New),General Application,22.79,14,30.0,4 Nozzles Electric Water Dental Flosser Teeth Pick Portable Cordless Oral Irrigator Rechargeable Dental Water Jet Tooth And Brace Cleaner With 4 Modes 310ML Large Water Tank
1798,Unranked(New),General Application,2.1,0,200.0,"1pc Handheld Cute Cartoon Cat Ear Manual Press Type Fan, Portable, Convenient To Carry, Suitable For Adults, Kids, High Wind Speed"
1799,Unranked(New),General Application,8.2,0,0,"1pc LED Digital Clock With Temperature Display, Modern Minimalist Style Students Alarm Clock With Mirror And Silent Operation, For Bedside Use"
1800,Unranked(New),General Application,16.2,0,60.0,Car Vacuum Cleaner Handheld Car Vacuum Cleaner Home And Car Dual Purpose Wired Cleaner 3M Cigarette Lighter Power Cord
1801,Unranked(New),General Application,59.99,40,20.0,"Paraffin Wax Machine For Hand And Feet,Touchscreen Paraffin Wax Warmer With 1.98lb Wax Moisturizing Paraffin Spa Wax Bath Kit, Large Capacity At Home For Smooth And Soft Skin"
1802,Unranked(New),General Application,4.7,0,1700.0,Mini Portable Fan  Cute Handheld Fan Battery Operated Lightweight Small Personal Fan With 3 Speeds And USB Rechargeable Eyelash Fan For Stylish Girl Kids Women Men Office Outdoor Travel Camping
1803,Unranked(New),General Application,44.2,0,50.0,"Handheld Steam Cleaner 1000W Pressurized Steam Cleaner Suitable for Home, Kitchen, Bathroom, Car Cleaning Tools-Removes Stains with Ease"
1804,Unranked(New),General Application,3.2,0,60.0,"1pc ABS Mini Fan, Funny Blue Cartoon Ear Decor Handheld Fan For Outdoor"
1805,Unranked(New),General Application,199.99,34,0,"Compact 3.2 Cu. Ft Mini Fridge With Freezer - Adjustable Thermostat, Crisper Drawer, Removable Glass Shelves - Perfect For Home, Office, Apartment, Bedroom"
1806,Unranked(New),General Application,5.3,2,10.0,1pc 600mAh Rechargeable Lithium Battery Handheld Pocket Fan With 3-Speed Adjustable And Lanyard
1807,Unranked(New),General Application,38.99,43,0,Table Desktop Fan Air Circulator Office Fan Adjustable Head Office 2 Speeds Fan
1808,Unranked(New),General Application,9.87,30,100.0,25mm Professional Triple Barrel Curling Iron Electric Ceramic Rod Hair Styling Tool
1809,Unranked(New),General Application,7.1,0,500.0,"1pc Plastic Desk Fan With Data Line, Modernist Desktop Fan For Home"
1810,Unranked(New),General Application,20.47,28,0,7-Egg Mini Practical Poultry Electric Incubator (US Standard) Yellow
1811,#9 Best Sellers,in Curling Tongs & Curling Wands,11.4,3,0,Professional Hair Crimper Wave Corn Iron Hot Curling Corrugated Automatic Curler Electric Styler Appliances Curlers For Women
1812,Unranked(New),General Application,12.6,0,0,"Portable 3 Mode Face And Neck Massager For Women - Skin Care Facial Beauty Device, Mother's Day Gift"
1813,Unranked(New),General Application,23.99,70,0,"Cooling Neck Fan Portable, 2024 New Wearable Bladeless Personal Fan With LED Display, 6000mAh USB Rechargeable Fan For Office Travel Sports, 3 Speeds, Low Noise"
1814,Unranked(New),General Application,14.0,4,20.0,"Cordless Automatic Curling Iron - USB Rechargeable, Anti-Tangle, Ceramic Cylinder, Quick Heating, 5-Level Temperature Control - Perfect For Long Hair Mother's Day"
1815,#3 Best Sellers,in Electric Grills & Electric Griddles,42.99,50,0,"Panini Press Grill, Gourmet Sandwich Maker Non-Stick Coated Plates 11"" X 9.8"", Opens 180 Degrees To Fit Any Type Or Size Of Food, Stainless Steel Surface And Removable Drip Tray, 4 Slice"
1816,#10 Best Sellers,in Meat Grinders,50.71,24,0,"1pc 150W Electric Stainless Steel Slicer - Adjustable Thickness, 0-15mm Cutting Capability, Meat Slicer, Suitable For Home And Commercial Use, Cut Deli Food, Meat, Vegetables, Fruits, Father's Day Gifts"
1817,Unranked(New),General Application,9.8,0,30.0,"1PC Men's Hair Clipper Beard Trimmer, Razor Grooming Kit LED Low Noise Wireless USB Rechargeable With Guide Comb Skull Pattern"
1818,Unranked(New),General Application,27.3,7,0,Three-In-One Curling Iron Set Hair Straightener Comb Splint Straightening Plate Electric Splint Curling Iron Dual-Purpose Set Does Not Hurt Hair Titanium Alloy Splint.
1819,Unranked(New),General Application,9.9,4,0,Portable Led Makeup Mirror Light Up Mirror Gift Practical Square Led Makeup Mirror With Light Valentine Day Gifts Cute St Patrick Day
1820,Unranked(New),General Application,11.2,3,0,"1pc Portable 22mm 25mm Simple Black Electric Hair Brush, Plastic Electric Hair Brush For Household"
1821,#8 Best Sellers,in Air Fryers,79.99,27,0,"Geek Chef Air Fryer Countertop Convection Oven, 4 Slice Toaster Air Fryer Oven Warm, Broil, Toast, Bake, Air Fry, Oil-Free, Perfect for Countertop (10QT Air Fryer Oven)"
1822,Unranked(New),General Application,19.7,8,10.0,"EMS Microcurrent Eye Massager For Home Use, Essential Absorption Device For Treating Dark Circles & Puffy Eyes"
1823,Unranked(New),General Application,2.6,4,0,"4Pcs/Set Precision Toothbrush Heads, Multi-Angle Cleaning Brush Heads, White Replacement Toothbrush Heads For Home Bathroom Travel"
1824,#2 Best Sellers,in Washing Machines,117.99,21,0,"Semi-Automatic Washing Machine, 14.3lbs Mini Washing Machine, Household Washer Machine for Clothes, Pants, Compact Twin Tub Washing Machine Built-in Drain Pump(Optional)"
1825,Unranked(New),General Application,39.99,56,0,"VEVOR Electric Fondue Pot Set For Cheese & Chocolate, 3 Quart Chocolate Melting Warmer, Stainless Steel Fondue Maker With Temperature Control And 8 Forks, For Hors D'Oeuvres, Entrees, And Desserts"
1826,Unranked(New),General Application,15.99,38,10.0,"Neck Fan,Hand Free Bladeless Neck Fan Portable Rechargeable,360° Cooling And 3 Speeds, 4000 MAh Battery Operated Wearable Personal Fan For Men Women Outdoor Indoor Black"
1827,Unranked(New),General Application,20.98,40,0,"2-Pack Handheld Mini Fan Portable USB Rechargeable Small Hand Held Fan With Base Personal Desk Fan Super Compact Cooling Fan For Makeup, Home, Office, Travel, And Outdoor Activities"
1828,Unranked(New),General Application,16.8,0,0,"S7 MaxV Ultra Accessories Kit Compatible With Xiaomi Roborock S7 S7 + S7 MaxV, S7 MaxV Plus, T7S T7 Plus T7S Plus Robot Vacuum Cleaners, 2 Roller Brush, 4 Hepa Filter, 4 Mop Pads, 6 Side Brush"
1829,Unranked(New),General Application,1.6,0,100.0,Toothbrush Heads For  Sonicare Replacement Brush Heads Protective Cover Soft  Bristles Electric Toothbrush Replacement Heads For Oral Health For
1830,Unranked(New),General Application,10.7,0,0,Abs Belt Abdominal Muscle Toner- Abs Stimulator With 6 Modes Electronic Abs Stimulating Belt EMS Muscle Toning Belt For Men Women Training Device For Muscles Stomach Workout Massager
1831,Unranked(New),General Application,1.2,50,0,"1pc Ice Cube Mold, Silicone Grenade Shape Ice Cube Mold, Multifunctional Chocolate Mold, Mold For Pudding, Jelly, Candy, Whiskey Ice Cube Tray, Ice Trays For Freezer Cocktail Whiskey, Kitchen Accessaries, Apartment Essentials, Party Supplies"
1832,Unranked(New),General Application,30.3,4,90.0,2pieces Hair Clipper And Shaver Set KM-1931 And KM-3382 Electric Hair Trimmer For Men 0mm Gapped Carving Head Beard Shaving Machine Set Light Gray Color USB Rechargeable Daily Use
1833,Unranked(New),General Application,44.99,50,10.0,"4L/8 Can Skincare Fridge, AC/DC Portable Compact Small Refrigerator for Office Dorm Car Desk for Skin Care Makeup Cosmetic, White"
1834,Unranked(New),General Application,31.9,0,0,"Handheld Electric Massage Stick, Wireless Charging Multi-functional Fitness Yoga Full-body Vibration Massager"
1835,#9 Best Sellers,in Oximeter & Blood Pressure Meter,11.7,0,0,"1pc Arm Blood Pressure Monitor With Accurate Measurement Powered By USB Cable And 4pcs Size 7 Batteries For Household Use Automatic Digital Sphygmomanometer With Voice Prompt In English, Batteries Not Included"
1836,#2 Best Sellers,in Dehumidifiers,6.5,3,0,"1pc Mini Silent Dehumidifier For Home, Bedroom, Small Moisture Absorber For Wardrobe, Shoe Cabinet, Indoor, Hygroscopicity Machine For Bathroom, Cloth Closet, Kitchen, Student Dorm, Business Office, Household Item"
1837,#7 Best Sellers,in Hair Dryers,22.7,20,0,"Multifunctional High-Power Hair Dryer With 2 Airflow Speeds And 3 Heat Settings For Hotel, Dormitory, And Hair Salon"
1838,Unranked(New),General Application,2.2,0,100.0,"4/12/20 Pack Professional Electric Toothbrush Heads Sensitive Clean Brush Heads Refill For  7000/Pro 1000/9600/ 500/3000/8000, Replacement Toothbrush Heads Compatible Oral B"
1839,Unranked(New),General Application,2.8,0,0,Mini USB Keyboard Vacuum Cleaner Mini Computer Cleaning Tool Dust Removal Brush Notebook USB Cleaner 1pc
1840,Unranked(New),General Application,39.99,43,20.0,"Sunvivi Waxing Kit, Digital Wax Warmer For Hair Removal With 5 Packs Hard Wax Beads, Wax Melt Warmer Kit For Full Body, Legs, Face, Eyebrows, Bikini, Brazilian Waxing Kit For Women Men"
1841,Unranked(New),General Application,15.4,0,30.0,"1pc Black Portable Handheld Mini Rechargeable Vacuum Cleaner With Strong Suction And Large Power, Suitable For Home/Car Use; Can Be Used To Clean Beds, Floors, Cars, Multipurpose, Long-Lasting Battery, Dry/Wet Use, Easy Cleaning"
1842,Unranked(New),General Application,4.1,0,30.0,"New Crown Design Mist Spray Fan, Handheld Mini Humidifier, Desktop Humidifying Fan, Portable With Two Modes Adjustable, USB Charging, Nano Spray, Suitable For Indoor/Outdoor Humidification And Cooling"
1843,Unranked(New),General Application,4.6,4,20.0,XFU Electric Toothbrush Sonic Toothbrush Portable For Travel Blue And Orange Color 120 Days Battery Powered IPX7 Waterproof 18000 Vibrations Per Minutes With Replacement Brush Heads Dense Bristles SG-557 Blue
1844,Unranked(New),General Application,11.3,0,200.0,"1pc USB-Powered Desktop Fan (External USB Power Required), Portable Office Home Table Fan, Silent Operation With Single-Speed And Large Blades, Keeps You Refreshed All Summer. (Requires Additional Data Cable Power Supply), Compatible With Power Banks, Computers, Phone Chargers And Other USB Power Supply Sources."
1845,Unranked(New),General Application,7.9,0,0,Ear Wax Removal Earwax Remover Tool With 8 Pcs Ear Set - Ear Cleaner With Camera - Earwax Removal Kit With Light - Ear Camera With 6 Ear Spoon
1846,Unranked(New),General Application,10.96,12,0,"Automatic Sensor Flusher - Touchless Toilet Flushing Device, Improves Hygiene Condition, Battery-Free"
1847,Unranked(New),General Application,39.99,0,60.0,"Single Serve Coffee Maker 2 in 1 for K Cup Pod & Ground Coffee, Mini K Cup Coffee Machine 14 Oz, One Cup Coffee Brewer with One-Bouton Fast Brewing, Reusable Filter"
1848,Unranked(New),General Application,18.5,0,80.0,"1PC White Noise Machine, Portable Sound Machine , Sleep Sound Machine with 16 Soothing Sounds, Hatch Sound Machine with Night Light"
1849,Unranked(New),General Application,9.9,0,0,"1 Rechargeable Desktop Handheld Mini Spray Fan,Mini Fan Humidifier,Mini Fan With Spray,Portable Fan With Water,Portable Fan With Mist,Mini Fan Water,Mini Fan With Mist,Mini Fan One,Handheld Fan Usb,Mini Fan With Water,Handheld Fan Water,Fan Mini,Mini Fan Charging,Mini Fan With Charger,Mini Fan With Batteries,Mini Fan Hand,Portable Fan Mini,Mini Fan Usb,Mini Fan Rechargeable,Mini Fan Battery,Spray Fan Usb,Spray Fan Desktop,Mini Fan Outdoor,Fan Portable,Portable Fan Hand,Handheld Fan Portable,Port"
1850,Unranked(New),General Application,12.2,0,0,"1pc White Automatic Induction Soap Dispenser, 600ML Foam Type Cleaning Liquid, Intelligent Sensor-USB Charging, Visible Capacity, Portable (No Liquid)"
1851,Unranked(New),General Application,5.0,4,30.0,1pc Women's 3-In-1 Lipstick Shaped Shaver Electric Hair Removal Eyebrow Trimmer USB Rechargeable Full Body Epilator For Women Facial Eyebrow Nose Armpit Hair Removal Women's Gift
1852,Unranked(New),General Application,10.99,35,0,"Teckwe 25mm Pink Curling Iron,2-Level Temp Rapid Heating Suitable For Home & Travel - US Plug"
1853,Unranked(New),General Application,2.28,40,0,"1pc - Square 60-Minute Mechanical Kitchen Timer - Visual Kitchen Cooking Timer Clock With Loud Alarm - No Battery Needed - Perfect For Cooking, Baking, And Kitchen Management"
1854,Unranked(New),General Application,36.99,8,0,"ECOWELL WRE100 Mini Fridge For Bedroom, 4L/6 Can Skincare Fridge, AC/DC Portable Compact Small Refrigerator For Office Dorm Car Desk For Skin Care Makeup Cosmetic, White"
1855,Unranked(New),General Application,4.6,0,0,"1pc Rechargeable Portable Handheld Mini Fan With One-Speed Setting, Outdoor Simplistic Design With Lanyard"
1856,Unranked(New),General Application,8.8,0,0,"1 Pieza Monitor De Presión Arterial, Instrumento De Medición Automático De Presión Arterial Doméstico, Monitor De Presión Arterial De Tipo Brazo, Monitor De Presión Arterial En Inglés Neutro Con Enchufe USB- ¡Esta Herramienta No Incluye Baterías"
1857,#10 Best Sellers,in Beauty & Body Care Appliances,2.7,0,0,"1PC Hair Removal Machine, Multifunctional Manual Hair Removal Machine, Hair Removal Hands And Feet, Calluses And Dead Skin Grinding Machine, Convenient And Non-Invasive Skin Hair Removal Machine"
1858,#4 Best Sellers,in Garment Steamers,11.7,0,0,Mini Garment Steamer Steam Iron Handheld Portable Home Travelling For Clothes Ironing Wet Dry Ironing Machine
1859,Unranked(New),General Application,123.99,34,0,"HOMCOM Portable Skincare Fridge, 12L Mini Fridge For Bedroom, Office, Dorm And Car, Thermoelectric Cooler And Warmer Refrigerator For Beauty, Makeup And Cosmetics"
1860,Unranked(New),General Application,12.4,0,0,"1pc Rechargeable Electronic Kitchen Scale With LED Display, Small Household Baking Electronic Scale, Coffee Bean Weighing, Timing, High-Precision Household Intelligent Baking Scale"
1861,Unranked(New),General Application,259.99,48,0,2-In-1 Stainless Steel Countertop Ice Maker Water Dispenser 48Lbs/24H W/ Scoop
1862,#2 Best Sellers,in Temperature Gauges,3.08,28,0,"1pc White Digital Hygrometer Indoor Thermometer Humidity Meter Room Thermometer with Accurate Temperature Humidity Monitor Suitable for Home, Bedroom, Baby Room, Office, Greenhouse, Cellar"
1863,Unranked(New),General Application,14.8,0,70.0,"9mm Ultra-fine Wool Curling Iron With Rapid Heating, Lcd Display And Adjustable Temperature, Hc-019, Suitable For Hair Salons And Home Use"
1864,Unranked(New),General Application,22.5,42,50.0,Fully Automatic Hair Curling Iron Negative Ion Lazy Hair Curling Iron
1865,Unranked(New),General Application,14.4,13,50.0,"Hair Parting Trimmer, Electric Hair Trimmer, Cordless Hair Tip Cutting Machine With Multiple Combs, Gift For Women"
1866,Unranked(New),General Application,5.96,24,40.0,"1PC Portable Fan, USB Rechargeable,   Handheld Fan For Men And Women - Perfect For Office, Outdoor, Travel, And Camping"
1867,Unranked(New),General Application,5.5,0,0,"1pc 500mAh Lithium Battery Rechargeable Portable Handheld Mini Fan With Base, Astronaut Design, 3 Adjustable Speeds And USB Charging Cable"
1868,Unranked(New),General Application,3.84,40,0,"1pc Stainless Steel Mechanical Cooking & Baking Timer With Magnet, Student-Specific Time Management Clock, Mechanical Kitchen Gadget Timer, Timer Alarm Clock"
1869,Unranked(New),General Application,17.1,10,100.0,Rechargeable Split Ends Trimmer Hair Haircut Device Electric Automatic Clipper Haircut Machine For Home Use Gift
1870,Unranked(New),General Application,14.97,24,20.0,"Electric Split Ends Hair Trimmer, Portable USB Rechargeable Split Ends Hair Clipper For Household, Hair Trimming Device Light Pink"
1871,Unranked(New),General Application,36.0,0,200.0,"5200mAh Solar Fan, Camping Fan With Solar Panel, Portable Fan For Outside, LED Lantern, Battery Operated Quiet Fan For Picnic, Barbecue, Fishing, Travel"
1872,Unranked(New),General Application,27.57,24,10.0,"Electric Rotary Scrubber Cleaning Brush, Long Handle Shower Scrubber, Bathtub Tile Scrubber With 6 Replaceable Brush Heads, 90-120 Minute Running Time Full Floor Bathroom Scrubber"
1873,Unranked(New),General Application,2.5,0,90.0,16pcs/set Electric Toothbrush Replacement Heads Compatible with  Oral-B Pro1000 /1500/100/500/Vitality/Genius X/7000/7500/8000/9600 Etc.
1874,Unranked(New),General Application,12.78,40,0,"1pc Portable Wireless Straightening Comb, Ionized Hair Straightener Comb, Hot Brush Hair Straightener, Compact & Lightweight, USB Type-C Charging Port, Anti-Scalding"
1875,Unranked(New),General Application,39.0,0,100.0,"1pc High Power Portable Cordless UV LED Nail Lamp With Large Capacity Battery, Gel Nail Quick Curing Dryer Lamp With 30pcs Beads, 5 Timers And Automatic Sensor, LCD Display Nail Polish Machine, Suitable For Home, Salon And Nail Shop Use."
1876,Unranked(New),General Application,109.99,0,10.0,"Hair Removal Laser For Women And Men, 3-In-1 At Home Hair Removal Device, Permanent Hair Removal Device 9 Levels Upgraded 999900 Flashes Hair Remover For Face Armpits Arms Bikini Line Legs"
1877,#4 Best Sellers,in Other Coffee Makers,39.99,50,0,"Ihomekee Programmable Coffee Maker, 12 Cup Drip Coffee Machine with Iced Coffee Function, Regular & Strong Brew, Compact Coffee Machines for Home and Office, Silver and Black"
1878,Unranked(New),General Application,10.09,28,10.0,One Pink Head Massager
1879,Unranked(New),General Application,128.51,28,0,"Stainless Steel Espresso Coffee Machine, With 61oz Removable Water Tank, 20 Bar, Professional Espresso Maker Cappuccino Machine With Steam Milk Frother, Gift For Dad Mom"
1880,Unranked(New),General Application,7.2,0,50.0,"1pc Portable Wireless Rechargeable UV LED Handheld Nail Lamp, Line-Style Manicure Light, Gel Nail Quick Curing Drying Lamp, With 1 Bead, 2 Timer Settings, LCD Display Nail Polish Machine, Suitable For Home, Salon, Nail Art Shop Use"
1881,Unranked(New),General Application,39.1,0,10.0,"1pc Black Wireless Charging High Power 7.4v Handheld Vacuum Cleaner With Large Dustbin And Multi-functional Nozzles, Suitable For Indoor And Car Use, M8"
1882,Unranked(New),General Application,5.8,0,10.0,"10pcs Disposable Hand Warmers, Winter Heat Patches For Cold-Proof, Portable & Air Activating, Odorless & Natural Components"
1883,Unranked(New),General Application,43.31,26,0,"Skincare Fge-LED Light Mirror Cosmetic Refrigerator, Portable Refrigerator With Heating And Cooling Function, 4l Mini Refrigerator For Bedrooms, Cars, And Dormitories"
1884,Unranked(New),General Application,7.0,4,0,"1pc LED Foldable Travel Makeup Mirror, Touch Screen Makeup Mirror With 3 Color Light Modes, Portable Desktop Makeup Mirror, Suitable For Travel, Makeup, And Office"
1885,Unranked(New),General Application,39.17,0,0,"Unbeatablesale 3-Speed Box Fan, White"
1886,Unranked(New),General Application,29.9,4,200.0,Professional Hair Dryer With Diffuser Ionic Conditioning Powerful Fast Hairdryer Blow Dryer AC Motor Heat Hot And Cold Wind Constant Temperature Hair Care Without Damaging Hair
1887,Unranked(New),General Application,40.99,34,100.0,"HOMCOM 37.75"" Tower Fan for Bedroom Cooling with Aroma Diffuser, 70° Oscillating, 12 Hour Timer, LED Sensor Panel, and Remote Control, Black"
1888,Unranked(New),General Application,24.8,0,100.0,"1pc 5w Hook Hanging Battery Operated Oscillating Fan With Led Light, Three Wind Speeds, Screen Displaying Battery Life, Green, Suitable For Outdoor Activities"
1889,Unranked(New),General Application,27.21,28,20.0,"Solar Fan, Camping Fan With Solar Panel, 5200mAh Rechargeable Portable Fan With LED Light With Charging Cable, Outdoor Fishing Camping Cooling Device"
1890,Unranked(New),General Application,55.4,0,0,"Foldable Clothes Drying Machine For Home Use, Portable Travel Clothes Dryer For Baby Clothes"
1891,#4 Best Sellers,in Stand Mixers,93.45,41,0,"120V US Plug CHEFTRONIC Stand Mixer, 5.5 Qt Tilt-Head Electric Household Stand Mixer - 500W 6+P Speed, Multifunctional Kitchen Stand Up Mixer With Dough Hook, Whisk, Food Beater And Butter Beater(US Plug)"
1892,Unranked(New),General Application,7.5,0,300.0,"1pc Plain Electric Fan With Data Line, Black Small Table Fan For Home, Outdoor"
1893,Unranked(New),General Application,13.6,50,0,"Cordless Hair Straightener Brush, Portable Straightening Brush, Mini Ionic Hot Comb Straightener For Women, Portable Fast Heating Straightener Comb For Travel Home Outdoor, Type-C USB Rechargeable"
1894,Unranked(New),General Application,33.9,4,80.0,Kemei Brand KM-2131 Electric Hair Clipper And Shaver Set  For Men Home Use  Usb Rechargeable Hair Trimmer Set Beard Razor Cordless Hair Cutting Machine
1895,Unranked(New),General Application,4.1,0,0,One USB Rechargeable Mini Folding Handheld Fan With 3-Level Fan Speed Settings
1896,Unranked(New),General Application,36.5,4,500.0,Travel Makeup Bag With LED Lighted Make Up Case With Mirror 3 Color Setting Cosmetic Makeup Box Organizer Vanity Case For Women Beauty Tools Accessories Case Rechargeable
1897,Unranked(New),General Application,3.5,0,0,"Portable Mini Mist Sprayer For Facial Steaming, Nebulizer, And Skin Moisturizing - Handy Humidifier For Home, Office, Car, And Hotel"
1898,#5 Best Sellers,in Rice Cookers,59.47,28,0,"Pressure Cooker, Slow Cooker, Rice/Grain Cooker, Steamer, Sauté, Sous Vide, Yogurt Maker, Sterilizer, And Warmer, Includes App With Over 800 Recipes, Black"
1899,#10 Best Sellers,in Wax Heaters,11.6,0,0,Hair Removal Machine Wax Heater Depilatory Epilator Wax-Melt Waxing Paraffin Heater Wax Beans Heating Machine
1900,Unranked(New),General Application,4.55,1,500.0,1pc Rechargeable Portable Handheld Simple Outdoor Mini Fan With One Gear Adjustment And Lanyard
1901,Unranked(New),General Application,3.0,0,0,Portable Mini Flashlight Nail Lamp With 9 Lamp Beads For Quick-Drying Nail Polish Gel And Phototherapy
1902,Unranked(New),General Application,5.9,0,20.0,"1pc Portable Lint Remover Cutting Machine Suitable For Sweaters, Coats, Bedsheets Etc."
1903,Unranked(New),General Application,7.5,40,20.0,1pc 3-In-1 Hair Trimmer Electric Clipper Vintage Oil Head Carving Machine Professional Hair Cutting Tools Electric Shaver
1904,Unranked(New),General Application,2.52,10,100.0,"2024 New Arrival 3pcs/Set Skin Fold Caliper, Body Tape Measure, Body Fat Percentage Chart For Men And Women, Convenient Portable Tool For Measuring Body Fat Percentage, Perfect For Sports And Fitness Enthusiasts Who Want To Stay In Shape"
1905,Unranked(New),General Application,23.98,40,200.0,"Hair Straightener Flat Iron For Hair,1Inch Round Straightener Iron, Ceramic Flat Irons Dual Voltage Hair Straightener And Curler, Grey"
1906,Unranked(New),General Application,8.8,3,0,"9D Electric Shavers For Men Waterproof Electric Trimmer Razor Wet &Amp Dry Use Rechargeable Battery Rotary Shavers Machine Shaving, Gray"
1907,Unranked(New),General Application,69.99,46,30.0,"LUCKYERMORE 43"" Tower Fan Bladeless Oscillating Fan Remote Control 7H Timer 3 Speeds Standing Floor Bedroom"
1908,Unranked(New),General Application,19.14,28,0,"Mini Portable Travel Iron For Clothes, 180° Rotatable Handheld Steam Iron, Foldable Small Size Steamer Ironing Machine With Dry & Wet Ironing For Home, Business, Fabric Wrinkles Remover"
1909,Unranked(New),General Application,6.0,0,800.0,"1PC Cartoon Plastic Water Bottle, Cute Straw Cup With Strap,600ml/20.29oz, Portable Water Bottle For Sports, Fitness, Outdoor Travel, Back To School Supplies"
1910,Unranked(New),General Application,5.22,40,10.0,"The Food Scale Digital Kitchen Scale Is Suitable For Food Ounces And Grams, And The Small Electronic Pocket Scale Is Used For Weight Loss, Baking, Cooking, Coffee, Jewelry 0.1g-3000g"
1911,Unranked(New),General Application,29.99,44,10.0,Costway 14'' Mini Oscillating Tower Fan Electric Desk Fan w/3 Speed & Timer
1912,Unranked(New),General Application,5.2,0,300.0,1pc Portable Usb Rechargeable Fruit Shaped Handheld Mini Fan With Stand
1913,#8 Best Sellers,in Table Fans,18.63,10,0,Cooler Portable Air Conditioning Fan Multi-Function Usb Humidification Aire Acondicionado Office Desktop Electric Fan Chiller Home Mini Portable Air Conditioner
1914,#8 Best Sellers,in Vacuum Cleaners,51.99,56,0,"VEVOR 2.6Gal 4Gal Wet Dry Vac Portable 3 In 1 Shop Vacuum With Blowing Function Peak 2.5 Or 5 HP Attachments Storage, Perfect For Cleaning Floor, Upholstery, Gap, Car ETL Listed, Black/Yellow"
1915,Unranked(New),General Application,13.7,4,20.0,"Electric Body Hair Trimmer, Waterproof Hair Clipper For Shaving, Male And Female Private Body Hair Leg Hair Cutting Machine"
1916,Unranked(New),General Application,7.3,0,200.0,"1pc, Mini Portable Foldable Fan With Spray Humidifier USB Rechargeable Handheld Fan With Water Mist, Cooling Comfort For Indoor & Outdoor Travel, Living Room Classroom, School Bedroom, Office Outdoor Sports, Picnic Travel, Summer Essential, Beach Vacation Essential Back To School Supplies"
1917,Unranked(New),General Application,18.7,0,0,"1pc Touch Free Smart Open Lid Trash Can, Household Garbage Can For Bathroom, Living Room, Kitchen,Kitchen,Kitchen Items,Food,Cooking,Camping,Vacation,Beach,Room Decor,Organizer,Party,Travel."
1918,Unranked(New),General Application,1.7,0,0,"10pcs Creative Garbage Barrel Clip, Garbage Bag Holder, Anti Slip Trash Can Garbage Bag Fixed Clip, Small Divider Side Clip, Home Supplies"
1919,Unranked(New),General Application,1077.99,56,0,"VEVOR Commercial Meatball Forming Machine, 280 PCs/Min Meatball Maker Machine, 1100W Electric Fish Beef Pork Ball Making Tool With 18/20/22/26/30 Mm Models, Stainless Steel"
1920,Unranked(New),General Application,9.3,4,10.0,"1pc USB Rechargeable Neck Hanging Fan, 5-Speeds Adjustable Via Digital Display, Neck Size Adjustable With Silicone Gel, Long-Lasting Battery Life, Ideal For Students, With 360° Surrounding Air Flow, Hands-Free/Neck AC, Keeps Cool And Comfortable, Suitable For Home, Sports, Climbing, Camping, Tent, Office, Fishing, Etc."
1921,Unranked(New),General Application,13.2,0,0,"450ml Portable USB Rechargeable Juicer, Household Item For Making Fruit And Vegetable Juice, Supplementary Food"
1922,#4 Best Sellers,in Electric Deep Fryers,55.99,44,0,"SUSTEAS Deep Fryer With Basket, 1500W Electric Deep Fryers For Home Use With Temperature Control, Removable Lid And 2.5L Non-Stick Inner Pot Easy To Clean"
1923,Unranked(New),General Application,9.3,3,0,"1 Pc, Hair Straightener Brush, Enhanced Ionic Straightening Brush, USB Cordless Rechargeable Straightening Brush With Mobile Heat Comb For Home Salon"
1924,Unranked(New),General Application,159.99,36,30.0,"Robot Vacuum Cleaner And Mop Combo LDS Laser Navigation Sweeping Robot 3000Pa Strong Suctions Intelligent Vacuum Robot For Pet Hair, Carpet,Hard Floor"
1925,Unranked(New),General Application,14.0,0,300.0,1pc Summer Car Car Home Double-Headed Mini Fan
1926,Unranked(New),General Application,17.5,4,60.0,"Largner Electric Razor For Women, Rechargeable Waterproof Electric Shaver, Cordless Hair Remover For Legs Face Lips Bikini Body Trimmer - As Seen On Tv (Upgraded)"
1927,Unranked(New),General Application,21.8,6,100.0,"LED Foldable Makeup Mirror With Charging Function And Rotatable Three-Color Light, Intelligent Dressing Table Cosmetic Mirror, Multifunctional Storage Box, Exquisite Make-Up Helper, Good Gift For Valentine"
1928,Unranked(New),General Application,149.99,0,0,Supersonic 19 Inch 1080p LED HDTV With DVD Player OPEN BOX
1929,Unranked(New),General Application,11.97,34,60.0,"1 Smart LED Electronic Scale With Mobile Application, Without Battery"
1930,Unranked(New),General Application,45.99,55,0,"VEVOR 8in Foldable Oscillating Standing Fan With Remote Control, 4 Speed Adjustable Portable Desk Quiet Fan, 7200mah Rechargeable USB Small Fan, Folded Rotating Floor Fan For Bedroom Office Travel"
1931,#5 Best Sellers,in Water and Ice Dispensers,8.6,0,0,1PC Automatic Electric Water Dispenser Household Gallon Drinking Bottle Switch Smart Water Pump Water Treatment Appliances
1932,Unranked(New),General Application,32.99,48,50.0,"Reemix Sandwich Maker 3 in 1, Waffle Maker 750W Panini Press Grill with Non-stick Plates, Double-Sided Heating, Indicator Lights, Cool Touch Handle, Easy to Use & Clean, Black"
1933,Unranked(New),General Application,3.7,0,100.0,Handheld Mini Cartoon Style Hand Crank Fan For Summer
1934,Unranked(New),General Application,12.5,4,80.0,"Hair Shaver Double Blades Shaver Electric Shaver Razor For Men Close Bald Head Barber Shaver Trimmer Cordless,Professional Rechargeable Shaver/Shaper,Ultra-Close Shave"
1935,Unranked(New),General Application,7.2,0,0,"1pc Portable 2000ml Outdoor Sports Water Bottle, Leak-Proof Straw Bottle, Ideal For Outdoor Activities, Sports, Travel, Birthday Gift, With Double Cup Design, Durable & Heat-Resistant, Suitable For Hiking And Mountaineering"
1936,Unranked(New),General Application,24.99,55,0,Battery Operated Clip On Mini Fan USB Rechargeable Desk Fan Portable Cooling Fan
1937,Unranked(New),General Application,5.59,33,20.0,"1pc Multifunctional Handheld Wireless Car & Home Vacuum Cleaner With Strong Suction, Portable Mini Air Pump With High Power For Blowing And Suction, Can Be Used As Desk Dust Cleaner"
1938,Unranked(New),General Application,19.2,40,40.0,"1pc, 1.5L Electric Heating Lunch Box, 304 Stainless Steel , 60W Quick Heating, No Water Required, Strong Sealing, Leak-Proof, Dual Voltage For Heating Food, Multi-Functional For Home/Car, Perfect For Office Workers, Students, Camping And Outdoors. Electric Heating Lunch Box Store"
1939,Unranked(New),General Application,15.9,0,0,"1pc Electric Facial Cleansing Device With Multiple Cleaning Heads, Silicone Face Brush For Pore Cleansing, Requiring 2 AA Batteries (Not Included), Multifunctional And Cleansing"
1940,Unranked(New),General Application,43.2,0,100.0,"3pcs Professional Barber Clipper Hair Trimmer And Shaver Set, Cordless Hair Clippers For Men, Electric Hair Cutting Kit, Rechargeable Men's Beard Trimmer And Body Trimmer Set"
1941,Unranked(New),General Application,41.21,16,0,"Three Layer Chocolate Fountain Machine, Detachable Mini Nostalgia Melting Chocolate Fondue, Chocolate Fondue For Party Games Night Christmas"
1942,Unranked(New),General Application,8.0,0,0,"Eye & Face Massage Tool Wand Pen - Heated Vibration, Skin Care Tool For Eyes, Rechargeable - Perfect Gift For Her"
1943,Unranked(New),General Application,19.98,40,0,"Food Scale, 10kg/22lb Digital Kitchen Scale Weight Grams And Ounces For Baking Cooking Coffee Package Postage, 6 Units With Tare Function, LCD Display, Easy Clean Stainless Steel"
1944,Unranked(New),General Application,6.9,0,0,1pc USB Rechargeable Ultrasonic Electric Toothbrush With Dental Water Jet
1945,Unranked(New),General Application,2.2,0,0,"1pc Silver Manual Glass Frosted Epilator, Pain-Free Physical Exfoliating Hair Removal Tool For Women, Suitable For Home Use/Traveling"
1946,Unranked(New),General Application,99.99,57,40.0,"Homeika Cordless Vacuum Cleaner, 20KPa 8-In-1 Powerful Suction Vacuum With LED Display, Lightweight Stick Vacuum Cleaner With Detachable Battery 30 Min Runtime For Home/Carpet/Hard Floor/Pet Hair Blue"
1947,Unranked(New),General Application,1.8,40,10.0,"1pc ABS Mini Fan, Simple Pink Portable Handheld Fan For Summer"
1948,Unranked(New),General Application,10.5,40,0,1pc Sweetfull Rechargeable 4000mAh Battery Display Mini Desktop & Clip Fan With 4 Speeds For Home Use
1949,Unranked(New),General Application,12.5,0,100.0,"1pc Wax Bean Heater Hair Removal Tool For Both Women & Men, Large Capacity"
1950,#8 Best Sellers,in Electric Deep Fryers,76.99,53,0,ZOKOP EH82 5000W MAX 110V 12.7QT/12L Stainless Steel Double Cylinder Electric Fryer US Plug
1951,Unranked(New),General Application,4.2,0,300.0,"Mini Handheld Fan, 3-Speed Portable Personal Mini Fan Usb Rechargeable, Small Table Fan With Base, Battery Powered Fan Cute Cat Ear Design, Suitable For Travel/Commuting/Makeup/Office"
1952,Unranked(New),General Application,23.3,0,20.0,New Single-Sided Makeup Mirror With 12 Or 4 Led Lights On Stand With Adjustable 3 Color Temperature
1953,Unranked(New),General Application,1.44,40,0,Nose Hair Trimmer Electric Nose Hair Cleaner Clippers For Men And Women
1954,Unranked(New),General Application,4.5,2,500.0,"1pc Rechargeable Portable Handheld Mini Fan With One Speed Setting For Outdoor Use, Comes With A Lanyard"
1955,Unranked(New),General Application,49.99,38,20.0,"18"" Fan Head, 48"" Tall, 3-Speed Oscillating Pedestal Fan With Tilt Adjustable Fan Head, Black, New"
1956,Unranked(New),General Application,14.3,0,0,Carsun Wired Car Cigarette Lighter Portable Cleaning Dust Collector Vacuum Cleaner
1957,Unranked(New),General Application,10.4,0,30.0,"1pc Portable Car Vacuum Cleaner, Rechargeable Handheld Automotive Vacuum Cleaner For Car Wireless Dust Catcher Cyclone Suction"
1958,Unranked(New),General Application,105.9,24,40.0,"3 in 1 Evaporative Air Cooler, Portable Cooling Fan w/ Humidifier & Remote Control,3 Wind Speeds,Detachable Water Tank & 4 Ice Packs Windowless Room Cooler"
1959,Unranked(New),General Application,13.3,0,0,"1pc, Portable Air Conditioner Fan, Large Battery Dual Motor Household Small Air Cooler, 5-Speed Air Cooling Fan 720 ° Surround Air Blower, Office, Tourism, Camping, Outdoor RV Portable USB Fan, Thanksgiving Halloween Christmas Gift"
1960,Unranked(New),General Application,34.27,28,0,"Hair Dryer Brush, 5 In One Detachable Blow Dryer Brush Curling Wand, Upgrade Negative Ionic Hair Styling Tool Set, Automatic Hair Curler Hot Air Brush"
1961,Unranked(New),General Application,33.49,15,10.0,"Heated Electric Blanket Throw Queen Size with Dual Control, Flannel Sherpa Heating Blankets, Soft Thicken Heated Throws for Couch with 5 Heat Settings and 4 Hours Auto Shut Off Grey"
1962,Unranked(New),General Application,3.84,40,0,"1pc Stainless Steel Visual Kitchen Timer With Magnetic Back, Countdown Cooking Timer Alarm Clock For Time Management Reminder"
1963,Unranked(New),General Application,32.38,28,0,"Juicer Machines, SiFENE 3"" Big Mouth Centrifugal Juicer For Fruits & Vegetables, Easy-Clean Juicing Maker, Stainless Steel, Red"
1964,Unranked(New),General Application,13.8,0,300.0,"1pc&2pcs Portable Handheld Fan, Neck Fan, 3600mAh Desk Fan, 180° Adjustable, 6 Speed Wind,USB Rechargeable Foldable Fan, Quiet Personal Fan With Power Bank Blue"
1965,Unranked(New),General Application,155.99,22,0,LUCKYERMORE 1.6 Cu.Ft Mini Fridge With Freezer Refrigerator Compact Single Door Removable Shelf Stainless Steel Apartment
1966,Unranked(New),General Application,9.2,4,0,"1pc LED Makeup Mirror With Stand, Portable Small Tabletop Vanity Mirror For Women, Ins Style, Dormitory, Household"
1967,#8 Best Sellers,in Garment Steamers,32.0,3,0,Quick-Heat Handheld Garment Steamer - Deep Wrinkle Removal - Portable Design For Travel & Home Use
1968,Unranked(New),General Application,3.1,0,0,"1pc 60ml USB Rechargeable Ultrasonic Aromatherapy Diffuser With Colorful Atmosphere Lamp, 4-Level Adjustable Function, Can Be Placed On Table Or Wall-Mounted, Need To Purchase Fragrance And Diffuser Together"
1969,Unranked(New),General Application,7.3,0,100.0,20pcs Self Adhesive 3.5mm Electrode Pads 5.5x8cm Replacement Gel Pads TENS EMS Massage Pad For Pulse Massager Muscle Stimulator
1970,#10 Best Sellers,in Electric Hair Brushes,11.9,0,0,"CRASTS Star Maker 25mm Pink Girls Instant On/Off Switch Curling Iron FS-H186-9, Suitable For Home And Travel"
1971,Unranked(New),General Application,6.1,0,0,New Mini Desktop/Tabletop USB Rechargeable Hanging Fan With Long Battery Life
1972,Unranked(New),General Application,5.3,2,300.0,1pc 600mah Rechargeable Lithium Battery Portable Handheld Pocket Mini Fan With 3-Speed & Lanyard
1973,Unranked(New),General Application,14.6,0,40.0,"1pc Black Mini Portable Wireless Charging Car Vacuum Cleaner With Double Filter And High Suction Power, Handheld Dust Remover For Car/Home"
1974,Unranked(New),General Application,36.99,66,10.0,"VIVOSUN Quiet Register Booster Fan 4""*10"", Summer Fan, Smart Register Vent With Intelligent Thermostat Control, Cooling Heating AC Vent Booster Fan, Brown & White"
1975,Unranked(New),General Application,18.8,8,0,1 Pc PTC Heater Flat Iron LED Display 2 In 1 Hair Straightener And Curler
1976,Unranked(New),General Application,39.99,44,30.0,Costway Folding Foot Spa Basin w/Heat Bubble Roller Massage Temp&Time Set
1977,Unranked(New),General Application,23.2,6,0,"1pc New Leaf Less Fan For Home, Office, Desktop, Rechargeable Small Fan, Convenient Tower Fan For Both Standing And Lying Positions"
1978,#9 Best Sellers,in Epilators,13.8,0,0,1pc Women's Underarm Hair Remover With 2 Adjustable Speed Modes For Full Body
1979,Unranked(New),General Application,9.4,0,0,"Misting Fan Portable Handheld Fan, 1200mAh Hand Held Mist Fan Rechargeable Power Bank, Small Mister Fan, Personal Cooling Water Spray Fan For Men Women Travel Home Outdoor"
1980,Unranked(New),General Application,9.9,0,0,"Mini Meridian Massage Device, Multiple Modes, Massage For Various Body Parts, Rechargeable"
1981,Unranked(New),General Application,34.7,9,100.0,"Travel Makeup Bag With LED Mirror, Cosmetic Bag Organizer Bag Makeup Case With Lighted Mirror 3 Color Lights, Portable Waterproof Makeup Box Adjustable Dividers"
1982,#5 Best Sellers,in Slow Cookers,33.99,32,0,"Bear Rice Cooker 2-Cups Uncooked, 1.2L Small Rice Cooker with Non-stick Coating, BisphenolA FREE, Portable Mini Rice Cooker, One Button to Cook and Keep Warm Function"
1983,Unranked(New),General Application,10.98,40,0,1 USB Portable 3L Creative Air Humidifier Large Capacity Triple Nozzle 3D Circulationcool Mist Humidifiers - Desktop Dormitory Office Night Light Aromatherapy Essential Oil Diffuser Humidifiers For Bedroom
1984,Unranked(New),General Application,36.1,9,0,"Rechargeable Handheld Massager For Full Body Massage, High Power Vibration Massage Hammer For Back And Health Care"
1985,Unranked(New),General Application,30.99,20,0,"Hair Straightener And Curler 2 In 1 With Ionic Airflow, MOCEMTRY Ceramic Flat Iron Curling Iron, Professional Curling Wand With 360° Cooling Air Vents, Dual Voltage & Adjustable Temp"
1986,Unranked(New),General Application,4.75,50,0,"Milk Frothing Jug With Thermometer, 600ml Small Stainless Steel Milk Frothing Jug, Stainless Steel Controlled Temperature Milk Frothing Jug Coffee Tool Cup 20oz (600ml)"
1987,Unranked(New),General Application,27.99,42,10.0,29000pa Cordless Hand Held Vacuum Cleaner Mini Portable Car Auto Home Wireless
1988,Unranked(New),General Application,11.2,0,30.0,"Portable USB-Powered Electric Nail Drill Set For Professional Acrylic/Gel Nail Art, Manicure And Pedicure Care, Suitable For Home And Salon Use"
1989,Unranked(New),General Application,29.7,4,200.0,Kemei Brand KM-2296 New Version Professional Hair Clipper  For Men  Hair Cutting Machine Electric Hair Trimmer Powerful Rechargeable Adjustable Cordelss With Charging Base Haircut Machine  For Home Use Or Barber Shop Use
1990,#8 Best Sellers,in Curling Tongs & Curling Wands,14.3,3,0,"Hair Curler With Negative Ion Generator, Hair Curler With Intelligent Timmer, Curling Iron With Intelligent Sensor,Fully Automatic 32Mm Hair Curler, Anti Scalding, Non Damaging, Large Curling And Wavy Hair Curler"
1991,Unranked(New),General Application,3.7,0,0,Multi-Colored Minimalist Handheld Portable Fan
1992,Unranked(New),General Application,3.34,38,0,"Mini Alarm Clock With Led Night Light, Music Alarm, Silent, Slouchy Electronic Clock With Temperature Display, Creative Gift"
1993,Unranked(New),General Application,4.9,4,0,LED Cosmetic Mirror LED Vanity Mirror Three Level Dimming Portable Flip Cover Circular Folding LED Makeup Mirror With One Side Enlarged 3X Beauty Mini USB Light Emitting Charging Small Mirror  LED Makeup Mirror  LED Compact Mirror
1994,#6 Best Sellers,in Hair Dryers,26.0,0,0,5 In 1 Hot Air Brushless Hair Dryer Negative Ion Hair Care Curling Iron Hair Styling Comb Straightener
1995,#7 Best Sellers,in Digital Kitchen Scales,3.42,10,0,"1pc Portable Handheld Electronic Scale With Hook For Home, Travel, Luggage, Shopping, Hotel Weighing"
1996,Unranked(New),General Application,13.31,19,10.0,"Professional Nano Disinfectant Spray Gun: Electric Sprayer And Cordless Handheld Nano Steam Gun, With Blue Light, Enabling Contactless Disinfection."
1997,Unranked(New),General Application,65.99,44,0,Costway Steam Foot Spa Bath Massager Foot Sauna Care w/Heating Timer Electric Rollers
1998,Unranked(New),General Application,39.95,20,0,"Dinosaur Mini Waffle Maker- 5 Different Shaped Dinos in Minutes - Make Fun Jurassic Breakfast for Kids and Adults with Cool Novelty Pancakes, Electric Non-Stick Waffler Iron, Fun Gift for Holiday"
1999,Unranked(New),General Application,14.04,40,20.0,"1pc 25/32/38mm Ceramic Hair Curler LCD Display,Long Barrels Curling Iron For All Hair Types,With Protective Glove & 2 Clips"
2000,Unranked(New),General Application,24.99,58,10.0,"Portable Garment Steamer, Powerful Foldable Handhled Steamer 1300W, Travel Size Steamer For Clothes 20S Fast Heat-Up, Fabric Steamer For Home & Travel, 120V Only"
2001,Unranked(New),General Application,12.4,0,40.0,"Mini Hair Straightener & Curler 2-in-1 With Negative Ion Function, No Harm To Hair, Electric Hair Straightener And Curling Iron"
2002,Unranked(New),General Application,59.99,14,0,"Whall-Nicebay WHALL Touchscreen 2 Slice Toaster,The All-In-One Toaster, Stainless Steel, Digital Timer, Toaster With Sound Function, Smart, Extra Wide Slots, 6 Shade Settings"
2003,Unranked(New),General Application,18.99,61,0,Handheld Rechargable Bladeless Fan Portable 2W USB Charging Mini Air Cooler Fan
2004,#9 Best Sellers,in Stick Vacuum Cleaners,68.53,28,0,"INSE Cordless Vacuum Cleaners, 6-In-1 Stick Vacuum For Floor Pet Hair Home, V770"
2005,#8 Best Sellers,in Refrigerators,64.99,55,0,"VEVOR Mini Fridge, 10L/12 Can Luxury Mini Refrigerator For Beverage Skincare & Cosmetic, AC/DC Cooler & Warmer, Mute Portable Tiny Fridge For Bedroom Office Dorm Desk Car Travel, ETL Certified, White & Black"
2006,Unranked(New),General Application,7.2,37,0,"Cartoon Duck & Fish Thermometer, 3-In-1 High-Precision Water Temperature Gauge With Battery, Suitable For Bathtub, Bathroom, And Sink"
2007,Unranked(New),General Application,16.7,6,0,1pc Electric Cleaning Kit Handheld Multifunctional Intelligent Wireless Electric Brush With Replaceable Brush Head For Household Kitchen Slouchy Hand Care Gift For Mom And Beloved Ones
2008,#9 Best Sellers,in Hot Tea Makers,23.99,11,0,"PUSEE Mug Warmer,Coffee Warmer For Desk Coffee Cup Warmer Auto Shut Off,Smart Candle Warmer With 3 Temp Settings,Electric Beverage Warmer Plate For Coffee,Cocoa,Tea,Water And Milk"
2009,Unranked(New),General Application,11.2,0,400.0,"1Ps Clip Fan,Mini Portable Fan With Clip, Clip On Fan For Bed,Can Stand, Clip And Hang Small Fan With Strong Airflow,3 Speeds Personal Fan,7000 MAh Rechargeable Clip-On Fan, 360°Rotate Desk Fan For Home Office Travel Stroller Camping"
2010,Unranked(New),General Application,1.14,40,0,Soft Scalp Massage Brush Bath Massage Brush Silicone Shampoo Brush Handheld Round Hair Shower Brush Comb Portable Hair Care
2011,Unranked(New),General Application,7.86,40,0,1PC Charging Electric Toothbrush Multi-Function Multi-Mode Electric Toothbrush With Cleaner Features IPX7 Waterproof Toothbrush With Two Brush Heads And A Cleaner Working Head With Base
2012,Unranked(New),General Application,20.24,16,100.0,"At-Home Ipl Hair Removal For Women And Men, Permanent Hair Removal 999,999 Flashes Painless Hair Remover On Armpits Back Legs Arms Face Bikini Line, 5 Different Modes Electric Razor"
2013,Unranked(New),General Application,5.3,0,0,"10 Pcs Plastic Champagne Flutes, With Golden-Edge Disposable Clear Plastic Champagne Glasses, Plastic Crystal Champagne Glasses, Plastic Wine Glasses, Plastic Toast Flutes For Weddings, Parties And Cocktails"
2014,#10 Best Sellers,in Epilators,5.11,42,0,1 PC Mini Portable AAA Battery Powered Epilator For Women Epilator For Women Facial Hair Removal Smooth Glide Epilator For Women Facial Armpit Bikini Line Arm Legs Hair  Epilator For Women Facial Hair Removal With LED Light
2015,Unranked(New),General Application,9.4,0,0,"2pcs Solar Powered Ultrasonic Animal Repellent With Waterproof & Sunscreen Features, Pest Deterrent For Snake, Mole, Rat"
2016,Unranked(New),General Application,21.0,0,10.0,"Portable Handheld Turbo Fan, Mini Desktop Fan With Adjustable Speed (1-100), 3600mAh Rechargeable Battery Operated Personal Cooler For Cooling Air, Digital Display, Ideal Gift For Women, Perfect For Home/Office/Hiking/Commute/Camping/Travel, Hanging Rope Included"
2017,Unranked(New),General Application,1.83,70,70.0,1pc Retro T9 Electric Hair Clipper Professional Hair Trimmer For Men With Scissor And Shaver Functions And Rechargeable Battery
2018,Unranked(New),General Application,17.4,0,40.0,"Usb Electric Heated Hand And Wrist Massager With Vibration Heating Pad, Designed For Hand Massage And Heat Therapy, With 3 Heating Levels And Automatic Shut-Off Function"
2019,Unranked(New),General Application,24.0,0,0,"1 Piece Of Physical Muscle Stimulator TENS&Amp;EMS; Portable Dual-Channel 12-Mode 16-Intensity TENS Machine, 3 Pairs Of Electrodes Of Different Sizes, Relieve Pain, Massage And Relax Muscles To Promote Local Blood Circulation"
2020,#4 Best Sellers,in Major Appliances Parts,6.2,0,0,"Wireless Presenter, Hyperlink Volume Control Presentation Clicker RF 2.4GHz USB PowerPoint Clicker Presentation Remote Control Pointer Slide Advancer (Black)"
2021,Unranked(New),General Application,19.5,0,0,1pc Capsule Fruit And Vegetable Cleaner Household Food PurifierDisinfection And Sterilization Vegetable Washer Wireless Washer
2022,Unranked(New),General Application,7.25,59,0,"PANCERKA 1 Set Electric Spin Scrubber With 5 Replaceable Brush Head, TYPE-C Rechargeable Power Cord Electric Cleaning Brush, Three-Speed Adjustable Handheld Shower Scrubber For Bathroom, Kitchen, Bathtub, Tile, Shower, Cleaning Supplies"
2023,Unranked(New),General Application,14.06,41,40.0,"1pc Electric Body Massager, Abdomen, Legs, Waist Massager, Multi-Functional Handheld Body Beauty Instrument"
2024,Unranked(New),General Application,10.7,0,0,"1pc Adjustable Led Illumination Battery-Operated Grinder - Ideal For Pepper Salt Mixer And Spice Grinding - Kitchen Gadget, Combining Plastic And Stainless Steel, With Cd Pattern Button, Easy One-Handed Operation, Clear Front Container For Easy Monitoring, Led Indicator Lights Up When Grinding Activated, Equipped With Ceramic Grinding Core - Batteries Not Included"
2025,Unranked(New),General Application,7.9,4,0,"1pc Dual-Use Hair Straightening And Curling Iron For Household, Mini Straightening & Curling Tool, Wet & Dry Bangs Clipper"
2026,#7 Best Sellers,in Portable Washing Machines,9.6,0,0,1pc Portable Mini Ultrasonic Turbine Washing Machine With Rotary Function For Travel And Dorm Use
2027,Unranked(New),General Application,12.0,0,0,"USB Charging Juicer Cup, Portable 500ML Electric Juicer For Home, Mini Rechargeable Juice Blender For Smoothies And Ice Blended Drinks"
2028,Unranked(New),General Application,10.5,40,0,"Rechargeable Cordless Split Hair Trimmer, Hair Split Ends Trimmer, Remover Damaged Hair, Repair Hair Care Treatment, Portable Rechargeable Split Ends Hair Clipper For Household, Hair Trimming Device, Hair Care"
2029,Unranked(New),General Application,43.9,13,10.0,"1pc Cordless Rechargeable Home Car Vacuum Cleaner, 9000Pa Handheld Vacuum High Power With Multiple Replaceable Suction Heads, High Capacity Battery"
2030,Unranked(New),General Application,22.99,57,0,Portable Rechargeable Handheld Fan W/ Flexible Tripod Clip  3 Speed 360° Tilt
2031,Unranked(New),General Application,12.4,0,0,"Portable USB Charging Electric Makeup Brush Cleaner, Suitable For All Brush Sizes - Ideal For Daily Use And Travel"
2032,Unranked(New),General Application,4.1,2,600.0,1pc + Rechargeable + 500mah Battery + Portable Hook + Handheld + Mini Fan + 3 Gears
2033,Unranked(New),General Application,30.3,4,10.0,"Home Eye Massager, Bluetooth Eye Massager Vibration Air Pressure Hot Compress Eye Massager Simulated Manual Massage With Light Music Eye Care Instrument"
2034,Unranked(New),General Application,23.99,70,0,"Cooling Neck Fan Portable, 2024 New Wearable Bladeless Personal Fan With LED Display, 6000mAh USB Rechargeable Fan For Office Travel Sports, 3 Speeds, Low Noise"
2035,Unranked(New),General Application,9.9,8,0,"1pc Aromatherapy Essential Oil Diffuser Ultrasonic Aroma Humidifier With 7-Color LED Night Light, 150ml Water Capacity, Timer, Simple White Wood Grain Design, Suitable For Home, Bedroom, Spa, Yoga, Office, Etc."
2036,Unranked(New),General Application,13.86,40,0,Dual-Head Fascia Massage Gun USB Charging Handheld Electric Fitness Muscle Relaxation Massage Device
2037,Unranked(New),General Application,4.5,0,30.0,"Facial Hair Remover, Painless Removal Shaver, USB Rechargeable Eyebrow Face Razor Trimmer For Lips, Body, Arms, Mustaches, Fuzz And Chin"
2038,Unranked(New),General Application,8.6,0,0,"1pc Rechargeable Desktop Cooling Fan With 5-Speed Digital Display, Indoor Circulation Hanging And Vertical Portable Air Conditioner For Bedroom, Office, Kitchen Cooler"
2039,Unranked(New),General Application,26.98,36,70.0,1000W/2000W Portable Electric Burner Single/Dual Stove Hot Plate Heating Cooktop Camping
2040,Unranked(New),General Application,16.99,55,0,"Vacuum Sealer Machine for Food Srorage, Automatic Food Sealer Portable Vacuum Sealer Dry Moist Air Sealing System, with 10 Food Vacuum Sealers Bags, Compact Food Preservation Sealing Machine for Home & Kitchen, Black"
2041,Unranked(New),General Application,8.9,0,10.0,"1pc 4-Inch Desktop Clip-On Fan, Quiet & Powerful Folding Mini Fan For Baby Stroller, Outdoor Activities & Students"
2042,Unranked(New),General Application,14.5,0,0,Car Vacuum Cleaner 9800PA Strong Suction Wireless Portable Vacuum Cleaner Dual Use Mini Handheld Cleaning For Car Home Desktop
2043,Unranked(New),General Application,42.34,28,0,"1pc, Mini Refrigerator, Car Home Refrigerator, 4L Portable Thermoelectric Cooler Semiconductor Refrigerator For Skin Care, Beverage, Food, Cosmetics, Home, Office And Car Use, 110V/12V Dual Purpose"
2044,Unranked(New),General Application,14.99,70,0,"HOMM Electric Salt Grinder Pepper Grinder, Battery Operated Pepper Grinder, Stainless Steel, LED Light, Automatic Salt or Pepper Mill with Adjustable Coarseness, Battery Powered One Handed Pepper Salt Mill, 1 Pack"
2045,Unranked(New),General Application,12.0,0,100.0,"1pc Rechargeable Leg Hair Remover For Women, Womens Electric Razor For Legs,Bikini Trimmer For Women,Facial Hair Removal For Women,Shaver For Women"
2046,Unranked(New),General Application,5.4,0,50.0,"12pcs/Pack 1cm Diameter Standard Clean Replacement Electric Toothbrush Heads Compatible With Oral B 7000/Pro 1000/9600/5000/3000/8000/Genius/Smart, Etc."
2047,#7 Best Sellers,in Hair Curling Irons,9.0,0,0,1pc Spiral Design Hair Curling Iron
2048,Unranked(New),General Application,15.2,0,20.0,3-In-1 Car Vacuum Cleaner With Strong Suction Power Portable Compact Handheld Wireless Vacuum Cleaner Suitable For Dry And Wet Cleaning
2049,Unranked(New),General Application,3.05,50,0,"10-Pack Body Warmer Patch For Hands, Feet, Waist And Back, 18 Hours Heating Time, Winter Warm-Up Essential"
2050,#2 Best Sellers,in Laser Hair Removal Devices,25.1,0,0,"One Device For Whole Body Hair Removal, Body Pubic Bikinis Depilator Remover Permanent 5-Level Epilator Painless For Women Hair Removal Home Use Devices"
2051,Unranked(New),General Application,2.8,3,0,1pc ABS Portable Electric Eyebrow Trimmer USB Rechargeable Mini Painless Electric Eyebrow Trimmer Facial Hair Removal Shaver Epilator Pen Kit For Women
2052,Unranked(New),General Application,18.99,59,10.0,"Makeup Mirror Vanity Mirror With Lights, 1X 3X 5X Magnification, Lighted Makeup Mirror, Touch Control, Makeup Mirror, Portable LED Makeup Mirror, Women Gift"
2053,Unranked(New),General Application,6.5,10,200.0,"1pc Black USB Powered 4-Inch Iron & Aluminum Leaf Portable Mini Fan With Bottom Sound Function, Metal Desk Fan, Air Conditioner, Cooler, Suitable For Students, Outdoor, Home Use As A Small Gift In Summer"
2054,Unranked(New),General Application,16.4,9,80.0,"Rechargeable Cordless Split Hair Trimmer, Hair Split Ends Trimmer, Remover Damaged Hair, Repair Hair Care Treatment, Portable USB Rechargeable Split Ends Hair Clipper For Household, Hair Trimming Device, Hair Care"
2055,Unranked(New),General Application,10.08,40,10.0,"3-In-1 Handheld Mixer Set, Egg Beater 7-Speed Hand Mixer ,Including Multi-Function Stick Blender, Whisk, Chopper And Beaker, Suitable For Food Processing & Baby Food Mixing"
2056,Unranked(New),General Application,24.0,0,0,"1pc Mini USB Cold Air Fan With Mist Humidifier, Portable Desktop Air Conditioner, Dorm Room Mobile Fan, Dorm Room Cooler Fan"
2057,Unranked(New),General Application,91.7,7,10.0,"1pc MiniQ Portable Capsule Coffee Maker, With Temperature Control, Compact & Fashionable Design, Silent Operation, 20-Second Rapid Heating, Suitable For Home & Office Use, Can Also Brew Tea Or Floral Tea"
2058,Unranked(New),General Application,35.9,40,40.0,"1pc Portable Hanging Neck Fan,Hotsales Neck Fan, Hands Free Bladeless Neck Fans Portable Rechargeable, 360° Cooling Neck Fan, 4 Speeds, Quiet, 5200 MAh Battery Operated USB Wearable Personal Fan For , Travel, Outdoor,Work, Family, Outdoor Sports"
2059,#6 Best Sellers,in Portable Refrigerator,189.0,30,0,"ICEPURE 12 Volt Portable Refrigerator, 38 Quart Car Refrigerator, RV Refrigerator With 12/24V DC 110-240V AC, Temperature Control Range -4℉-68℉, Freezer Fridge Cooler For Car, RV, Outdoor And Home Use"
2060,Unranked(New),General Application,43.27,40,10.0,"Dryer,Portable Clothes Dryer For Apartments Dormitory Business Ts,Portable Clothes Drying Bag, Control Electric Dryer,Small Dryer Dual Speed Mode 8 Stages Timed 480 Minute Drying"
2061,Unranked(New),General Application,36.99,38,0,Portable Car Vacuum Cleaner - Lightweight Handheld Wet Dry Vacuum With Strong Su
2062,Unranked(New),General Application,27.96,30,0,"Electric Spin Scrubber, Cordless Cleaning Brush, Shower Cleaning Brush With 6 Replaceable Brush Heads, Power Scrubber 2 Adjustable Speeds & Extension Handle For Bathroom, Tile, Toilet, Floor"
2063,Unranked(New),General Application,15.7,0,0,"1pc Rechargeable Cordless Hair Curler - Effortless, Precise Curling With 6Heat & Timer Settings, Fast Heating, And Auto Shut-Off - Hassle-FreeStyling Experience,Battery Upgrade Version"
2064,Unranked(New),General Application,15.0,4,0,"Hair Straightener, Dual-Use Hair Straightener Curler, Negative Ion Does Not Hurt Hair, Holiday Gift Mother's Day Gift"
2065,#5 Best Sellers,in Wax Heaters,12.6,0,0,"[US Plug] OAKEER Hair Removal Waxing Kit (Wax Pot Only, No Other Products Included)/Hot Waxing Machine Kit (With Wax Warmer, Wax Beans, And Wooden Spatulas), 200ml Capacity, Professional Beauty SPA Hair Removal Tool, Manual Wax Pot, Wax Bean Heater, Hot Wax Machine, Wax Melter, Wax Therapy Machine, Suitable For All Types Of Wax: Hard Wax Beans, Wax Blocks, Canned Wax, Honey Wax, Brazilian Wax, Etc. (White)"
2066,Unranked(New),General Application,150.62,25,0,"BedsPick 30lbs Capacity Twin Tub Compact Laundry Machine 19Lbs Washer And 11lbs Spin Dryer With Built-In Drain Pump, Small Washing Machine For Apartments, Dorms, RVs"
2067,Unranked(New),General Application,44.19,36,0,"Immersion Blender Handheld 1000W Powerful Scratch Resistant Hand Blenders For Kitchen, Stick Blender Immersion 12 Speed And Turbo Mode, Low-Noise, Beaker Chopper Whisk Milk Frother"
2068,#3 Best Sellers,in Portable Washing Machines,59.4,0,0,"1 Plug 10-Liter Large Capacity Purple Portable Folding Washing Machine,Washing Machine Portable,Washing Machine Special,Washing Machine Kids,Machine Laundry,Washing Machine Mini, Can Be Folded Into The Suitcase, Suitable For Home, Travel, Outdoor, Office And Other Scenarios, With Water Drainage Pipe, Wash Underwear, Socks, Small Clothes, Convenient Storage, Beautiful"
2069,Unranked(New),General Application,24.9,10,0,"At-Home IPL Hair Removal 999000 Flashes IPL Epilator LCD Laser Hair Removal Painless Permanent Photoepilation For Men Women Trimmer Electric Depilador For Facial Legs Arms Whole Body Treatment 1pc 24w Elektrisches Laser-Haarentfernungsgerät Für Den Heimgebrauch, Ipl Beauty Hautverjüngungsmaschine Mit Eiskompresse Home Laser Hair Removal Device With Cooling System Multifunctional Painless Laser Epilator For Woman And Men Whole Body Use Permanent IPL Hair Removal Machine On Facial Legs Armpit Biki"
2070,Unranked(New),General Application,43.59,0,0,"Unbeatablesale J-Jati Cotton Candy Electric Maker, White"
2071,Unranked(New),General Application,13.3,0,10.0,"1pc, Portable Air Conditioner Fan, Large Battery Dual Motor Household Small Air Cooler, 5-Speed Air Cooling Fan 720 ° Surround Air Blower, Office, Tourism, Camping, Outdoor RV Portable USB Fan, Thanksgiving Halloween Christmas Gift"
2072,Unranked(New),General Application,66.99,34,10.0,"HOMCOM Room Air Cooler With Remote, 15H Timer, Oscillating, LED Display"
2073,Unranked(New),General Application,4.55,1,100.0,1pc Rechargeable Portable Handheld Fan With One Gear Led Light For Outdoor Use With Hanging Rope
2074,Unranked(New),General Application,23.9,0,100.0,"D4 Hair Clippers For Men Professional - Cordless&Corded Barber Clippers For Hair Cutting & Grooming, Rechargeable Beard Trimmer Hair Clippers Professional Cordless For Men, Barber Clippers For Hair Cutting Kit, Wireless LCD Display Hair Trimmers Set, Rechargeable Haircut Machine For Family Pro High-Performance Corded Home Haircut & Grooming Kit For Men – Electric Hair Clipper"
2075,Unranked(New),General Application,6.84,10,10.0,Usb Handheld Mini Rechargeable Portable Fan With Led Screen Display
2076,Unranked(New),General Application,11.1,40,10.0,"Air Purifier, Household Negative Ion Air Purifier, Suitable For Bedrooms, Studies, Cars, Garages, Toilets With Odor And Smoke"
2077,#6 Best Sellers,in Vacuum Cleaners,42.0,24,0,"1pc Cordless Rechargeable Home Car Vacuum Cleaner, 9000Pa Handheld Vacuum High Power With Multiple Replaceable Suction Heads, High Capacity Battery"
2078,Unranked(New),General Application,12.0,0,0,"USB Rechargeable Juice Extractor Cup, Portable 500ml Electric Juicer, Mini Smoothie Blender For Home, Travel, And More"
2079,Unranked(New),General Application,21.99,56,30.0,"KIPOZI 0.3"" Titanium Pencil Flat Iron Hair Straightener, Black"
2080,Unranked(New),General Application,69.99,30,40.0,"AMULISS Professional Hair Clippers Trimmer & Electric Foil Shavers Set Beard Trimmer For Men Cordless T-Blade Hair Trimmer Electric Razor, Men's Beard Grooming Kit"
2081,Unranked(New),General Application,79.87,22,0,"9 In 1 Electric Pressure Cooker,Slow Cook,Rice/Grain Cooker,Steamer,With Non-Stick Coating Inner Pot,Stainless Steel,6 Quart"
2082,Unranked(New),General Application,10.6,19,80.0,Powerful 304 Stainless Steel Portable Electric Food Chopper & Processor - Plastic 350ml Mini Usb Wireless Handheld Garlic Slicer For Vegetables And Meat
2083,Unranked(New),General Application,14.76,40,0,"1pc ABS Vanity Light, Modern Ear & Bow Decor Foldable Makeup Mirror Light For Home"
2084,Unranked(New),General Application,17.99,0,0,Unbeatablesale Checkerboard Blue Maltese Compact Mirror- 2.75 X 3 X .3 In.
2085,#5 Best Sellers,in Garment Steamers,65.99,53,0,"Professional Steamer For Clothes, Reemix Standing Steamer With Garment Hanger, Heats In 30 Seconds, Large Detachable Water Tank For 1 Hour Continuous Steaming, Includes Fabric Brush, Easy-Roll Wheels"
2086,Unranked(New),General Application,2.6,0,0,"1pc Cute Plush Sleep Eye Mask - Soft Breathable Eye Cover - Ensures Faster & Better Deep Sleep, With Elastic Band Light-Proof | Perfect Choice For Comfortable Travel"
2087,Unranked(New),General Application,5.9,12,0,"1pc Bar Pineapple Cocktail Glass,Luxury Embossed Cocktail Glass, Juice Glass, Mixing Glass For Bar, Pub, Club, Restaurant, Home Use, Drinkware(Two Types Of Straws Are Randomly Shipped)"
2088,Unranked(New),General Application,26.1,0,0,1pc Mini USB Rechargeable Portable Outdoor Party Bar Gift Wine Opener For Grape And Red Wine
2089,Unranked(New),General Application,10.01,13,200.0,"Super Small Curling Iron, Portable Knitted Curler, Cylinder-Shaped Curling Iron For Women, Ceramic Thin Barrel Hair Curler Tailored For Women With Long Hair"
2090,Unranked(New),General Application,28.5,0,30.0,"Stay Cool Anywhere: Portable USB Outdoor Fan With Infinite Speed Control, Strong Wind, Rechargeable Battery & Lighting"
2091,Unranked(New),General Application,37.29,28,0,"Portable Hair Straightener & Curling Iron 2-In-1, Travel Portable Rechargeable Hair Straightener, Quick Heating, Compact Mini Travel Hair Straightener For Fine Straight Hair"
2092,Unranked(New),General Application,4.8,0,500.0,Stay Cool On-The-Go: 1pc Portable USB Mini Fan
2093,Unranked(New),General Application,12.2,4,50.0,"1pc Epilator, Epilator For Women, 2 Speed Setting Of Facial Epilator, Smooth Glide Epilator For Women Face Epilator, Facial Hair Removal Epilator Hair Remover For Women Face Legs Bikini Area Arms Legs"
2094,Unranked(New),General Application,17.3,4,0,Split Hair End Trimmer Cutting USB Charging Hair Split Clipper Portable Rechargeable Cordless Hair Trimmer
2095,Unranked(New),General Application,18.7,4,20.0,"2000W Hair Dryer, High-Speed Electric Turbine Airflow, Low Noise, Constant Temperature And Quick Drying."
2096,Unranked(New),General Application,17.2,8,100.0,"Professional Cordless Hair Trimmer, Hair Clipper T-Blade Hair Clipper For Men Electric Grooming Kit Beard Shaver For Barbershop"
2097,Unranked(New),General Application,1.0,0,0,1pc Square Random Color Omelette Mold
2098,Unranked(New),General Application,6.75,10,40.0,Usb Rechargeable Hand-Held Mini Portable Fan With Led Display Screen
2099,#9 Best Sellers,in Major Appliances,99.99,50,0,"Portable Air Conditioners, Fast Cooling Evaporative Air Cooler, Portable AC For Room, 3 Mode/3 Speed/Timer, 2.6 Gal Swamp Cooler With Remote, Windowless Air Conditioner For Bedroom Garage"
2100,Unranked(New),General Application,34.99,30,0,"Camping Fan,7800mAh Rechargeable Battery Operated Portable Fan With LED Lantern,4 Speeds Powerful Wind And LED Light Solar Fan,For Picnic,Barbecue,Fishing,Travel"
2101,Unranked(New),General Application,7.8,0,0,"1PC Portable Fan, USB Rechargeable,   Handheld Fan For Men And Women - Perfect For Office, Outdoor, Travel, And Camping"
2102,Unranked(New),General Application,11.8,0,40.0,"CRASTS Star-Maker 2-In-1 Big Wavy Styler Volumizing Root Lifter Hair Dryer And Brush With 20000 RPM, 13m/S Wind Speed, 800W, MD-17, Suitable For Home Or Travel"
2103,Unranked(New),General Application,35.2,61,50.0,5 In 1 Multifunctional Hair Dryer Brush Set Curling Wand Blow Dryer Styler For Home
2104,Unranked(New),General Application,44.99,0,0,"Mason Jar Glass Beverage Dispenser With Jar Mugs And Lids, 5 Pcs Set"
2105,Unranked(New),General Application,2.96,37,0,1PC Battery-Operated Electric Shaver Armpit Personal Hair Remover Is Easy To Carry Without Taking Up Space (Without Battery)
2106,Unranked(New),General Application,1.66,54,200.0,5 Rolls Mini Printing Paper 57mm Wide White Continuous Paper Self-Adhesive Transparent Sticker Rolls For Portable HD Photo Printer
2107,Unranked(New),General Application,4.8,4,0,"Rechargeable Hair Clippers For Men, Hair Trimmer T Blade Trimmer Zero Gapped Trimmer, Professional Hair Cutting Machine Beard Shaver Hair Care And Styling Tools"
2108,Unranked(New),General Application,22.3,0,10.0,1 Moving Head Outdoor Camping Multi-Functional Fan Quiet Lighting Digital Display Large Capacity Portable Camping Fan Outdoor Camping Multifunctional Fan
2109,Unranked(New),General Application,5.2,4,10.0,"New Retro T9 Electric Cordless Barber Professional Men's Hair Trimmer, Razor Color Limit Comb"
2110,Unranked(New),General Application,4.1,2,700.0,"Hair Dryer Diffuser Attachment, Adjustable For Curly Hair And Natural Waves, Fit For Nozzle Diameter 1.35 Inch - 2 Inch, Compatible With 90% Different Designed Hair Dryers In The Market, Black Friday"
2111,#10 Best Sellers,in Other Coffee Makers,79.99,34,0,"HOMCOM Espresso Machine with Milk Frother Wand, 15-Bar Pump Coffee Maker with 1.5L Removable Water Tank for Espresso, Latte and Cappuccino"
2112,Unranked(New),General Application,5.5,50,0,"1Set Nail Polisher, Home Portable Manicure And Nail Removal Tool Rechargeable Grinder Pen Electric Nail Grinder Manicure Care"
2113,#7 Best Sellers,in Major Appliances Parts,4.14,10,0,"Energy Saving Device, Intelligent Household Power Saver, Air Conditioner & Electricity Meter Control, Power Saving Device"
2114,Unranked(New),General Application,38.2,49,0,"6 In 1 Hot Air Brush, Blow Dryer Brush, Hair Dryer Brush, Ionic Blow Out Brush Dryer, Styler Volumizer, Air Culer Wand, Hair Straightener Brush, Left & Right Wrap Curling Wand, Hair Styling Tools Set"
2115,Unranked(New),General Application,22.2,7,0,"1pc Rechargeable 8000mAh Outdoor Camping Fan Campsite Ceiling Fan, Small Ceiling Fan With Night Light, Outdoor Portable Tent Fan"
2116,#8 Best Sellers,in Hair Curling Irons,18.3,0,0,"1pc Electric Automatic Hair Curler For Large Wavy Curls, 15-second Beep Prompt, One-key Operation"
2117,Unranked(New),General Application,20.9,10,0,"Cellulite Massager, Body Sculpting Machine, Lymphatic Drainage Massager, Stomach Massager, Vibrating Cellulite Roller,Handheld Beauty Sculpt Massager For Belly Butt Waist Leg Used At Home"
2118,Unranked(New),General Application,56.99,43,0,"FOHERE Orange Juicer Squeezer, Cast Iron Lemon Squeezer, Commercial Citrus Juicer Hand Press For Orange, Lemon, Pomegranate, Grapefruit, Easy To Clean Citrus Squeezer-Bonus A Stainless Steel Cup"
2119,Unranked(New),General Application,155.79,57,10.0,"VEVOR Automatic Ice Cream Maker With Built-In Compressor, 2 Quart No Pre-Freezing Fruit Yogurt Machine, Stainless Steel Electric Sorbet Maker, 3 Modes Gelato Maker With LCD Display & Timer, Silver"
2120,Unranked(New),General Application,167.19,57,0,VEVOR 110V Mini Dutch Pancake Baker 50PCS 1700W Commercial Electric Nonstick Waffle Maker Machine 1.8 Inches For Home And Restaurants
2121,Unranked(New),General Application,89.0,51,0,"Poweart N7S Cordless Vacuum Cleaner, 6-In-1 Multifunction Vacuum, Quiet Stick Vacuum Cleaners For Home Pet Hair"
2122,Unranked(New),General Application,24.69,35,0,"New Hair Dryer With High Speed Moto - Normal Curly Hair Fast Drying For Home Salon Travel Woman Including Curly Hair Styling Nozzle, Anionic Hair Care"
2123,Unranked(New),General Application,12.6,0,0,"Portable Neck Hanging Fan, Personal Travel Fan, Mini Wearable Neck Fan, Battery Powered Charging Fan, Hands-Free Fan, 3-Speed Wind, Suitable For Summer, Outdoor Activities, Home, Office, Travel"
2124,Unranked(New),General Application,21.99,58,0,Stand Fan Portable Folding Pedestal USB Rechargeable Telescopic Table Desk Fan
2125,Unranked(New),General Application,18.4,4,0,"Kemei Brand Painless Lady Shaver Electric  Razor For Women 2 In 1  Painless Hair Remove For Face Lip, Leg, Arm, Armpit, Bikini Washable Hair Remove Machine Rechargeable Epilator Strong Power Good Quality"
2126,Unranked(New),General Application,149.19,18,0,"YONGSTYLE Electric Clothes Spin Dryer, Portable Mini Dryer, 110V Compact Spin Dryer Laundry Dryer For Apartment, School, Dorm, RV, Camping"
2127,Unranked(New),General Application,65.99,44,20.0,Foldable Massage Mat Full Body Massager w/ Heat & 10 Vibration Motors
2128,Unranked(New),General Application,16.8,0,0,"A Four-Head Massager For Neck, U-Shaped For Convenient Wearing, Multiple Functions, With Micro-Electricity Function. During Use, There Will Be A Tingling Electronic Sense, Which Can Be Switched If Not Accustomed To."
2129,Unranked(New),General Application,17.8,4,0,Type-C Charging 4000mAh TEC Cooling System 5 Fan Speeds LED Display Foldable 2 Colors Handheld/Desktop Air Cooler Fan Mobile Power Bank Combo Portable Cooling Fan
2130,#10 Best Sellers,in Rice Cookers,23.22,10,0,"Electric Lunch Box Food Warmer Portable Food Heater For Car & Home - Leak Proof, Lunch Heating Microwave For Truckers With Removable Stainless Steel Container 1.5 L, 110V/12V[Upgraded]"
2131,Unranked(New),General Application,11.0,0,30.0,"Multi-Functional Simple White Egg Steamer For Home Use, Quick Breakfast Egg Cooker"
2132,Unranked(New),General Application,3.06,40,0,"1pc Electric Eyelash Curler, Usb Rechargeable Mini Heated Eyebrow Curler, Digital Display Portable Eyelash Styling Tool, For Women's Eyelashes Use"
2133,#6 Best Sellers,in Hot Tea Makers,7.0,0,0,"Kitchen Accessories Thermostatic Seat Warm Cup, Constant Temperature Coaster 55 Degrees Heating, Artifact Thermostat Heating Base Gift"
2134,Unranked(New),General Application,12.3,0,30.0,"Ear Wax Removal, Waterproof Earwax Cleaner With Camera, LED Lights, WiFi Ear Cleaning Kit, Otoscope With Light,Compatible With iPhone ,iPad, Android Smart Phone"
2135,Unranked(New),General Application,10.1,0,60.0,"1pc White USB Desktop Fan, Lightweight And Portable, 2-Speed Wind Adjustment, Adjustable And Rotatable Cooling Fan, Suitable For Home, Office, Dorm"
2136,Unranked(New),General Application,18.55,50,0,"Upgraded Body Massager, Skin Tightening And Tightening Device, EMS Microcurrent Body Slimming And Butt Lifting Radio Frequency Device"
2137,Unranked(New),General Application,57.98,3,0,"PERSONAL CHILLER 6.2L Mini Fridge Cooler And Warmer With LED Lighted Mirrorr, Portable Mini Fridge For Makeup, Skincare, Snacks, Bedroom Vanity & More"
2138,Unranked(New),General Application,23.99,40,0,"Food Scale, 0.1g, Digital Kitchen Scale With Detachable Bowl, Precise Weight Grams And Ounces For Baking, Cooking, Meal Prep, 11lb/5 Units, Large LCD Display, Stainless Steel"
2139,Unranked(New),General Application,79.99,66,20.0,Air Fryer 12QT Convection Oven 10-In-1 Multi Function Touchscreen
2140,Unranked(New),General Application,31.8,0,60.0,"Professional Rechargeable Nail Grinding Machine, 35000rpm Electric Nail File Cordless Portable Nail Drill, Suitable For Acrylic Nails, Gel Nails, Pedicure Tools"
2141,Unranked(New),General Application,85.16,44,0,"1400W 5.3Qt Digital Air Fryer, Oil- Cooking"
2142,Unranked(New),General Application,13.6,7,100.0,"Automatic Curling Iron, Cordless Auto Hair Curler, Ceramic Rotating Hair Curler With 6 Temps & Timers, Portable Rechargeable Curling Wand, Auto Shut-Off, Fast Heating Iron For Styling"
2143,Unranked(New),General Application,8.7,6,0,"VGR Travel Portable Electric Shaver Mini Shaver For Men, V-390 Black With Box"
2144,Unranked(New),General Application,38.99,0,0,Dual Electric Chocolate Melting Pot Gift Set
2145,Unranked(New),General Application,35.3,0,0,Unbeatablesale 10 In. Deep Fryer - Gray
2146,Unranked(New),General Application,86.9,3,0,Electric Hot Dog - Sausage Grill Cooker Machine - 6 Hot Dog Capacity - Household Hot Dog Machine For Children And Adults
2147,Unranked(New),General Application,46.69,0,0,Unbeatablesale 4 Ft. Fiberglass CB Antenna With 0.38 X 24 In. Threads - Black
2148,Unranked(New),General Application,50.4,0,0,Unbeatablesale STF-060705-002-0000 11 In. The Rock Deep Fry Pan
2149,Unranked(New),General Application,58.39,3,0,"Travel Rice Cooker,Mini Rice Cooker By C&H"
2150,Unranked(New),General Application,246.99,2,0,"Gdle Electric 22, 3000W Electric Flat Top Grill, Stainless Steel Countertop Electric Gdle Nonstick With 122~572Adjustable Temperature Control For Restaurant Kitchen"
2151,Unranked(New),General Application,26.38,0,0,Unbeatablesale Velura Microfiber Scarf Cold - Navy
2152,Unranked(New),General Application,37.99,50,0,"VEVOR IPL Hair Removal, Permanent Hair Removal With Sapphire Ice Cooling System, Painless At-Home Hair Removal Device For Women Men, Auto/Manual Modes, 5 Levels For Body & Face"
2153,Unranked(New),General Application,83.04,3,0,Rice Cooker 0.5 To 1.5 Pair Small Mini Rice Cooker White YJE-M150 W
2154,Unranked(New),General Application,73.32,3,0,"Cooking Stones For Grilling Smokeless Korean BBQ Grill Indoor Outdoor Grill Removable Natural Cooking Stone Fast Heating, Ideal For Dinner And Family Fun"
2155,Unranked(New),General Application,20.99,59,0,6 Inch USB Desk Table Fan Portable Ultra-Thin Fan Quiet Mini Fans 4 Speeds Black
2156,Unranked(New),General Application,128.99,19,0,16 Inch Pedestal Standing Fan W/ 3 Speeds & Adjustable Height Home Office
2157,Unranked(New),General Application,36.99,45,0,VENTtilador De Portatil Para Colgar En El Cuello Ajuste De 3 Velocidades Sin Aspa
2158,Unranked(New),General Application,35.99,45,0,5000mAh USB Neck Hanging Fan Leafless Air Cooler Portable Mini Air Conditioner
2159,Unranked(New),General Application,29.99,50,0,Mini Air Conditioner Humidifier Cooler USB Fan Portable Purifier Cooling Fan
2160,Unranked(New),General Application,38.99,43,0,Portable USB Rechargeable Neckband Lazy Neck Hanging Dual Cooling Mini Fan USA
2161,Unranked(New),General Application,29.99,50,0,Portable Waist Clip Fan USB Rechargeable Neck Hanging Air Conditioner USA
2162,Unranked(New),General Application,36.99,45,0,VENTtilador De Portatil Para Colgar En El Cuello Ajuste De 3 Velocidades Sin Aspa
2163,Unranked(New),General Application,68.99,30,0,AplusChoice Pedestal Air Circulator Fan 90° Oscillation Height 3-Speed Control
2164,Unranked(New),General Application,25.99,54,0,Portable Air Cooler Fan Mini Air Conditioner USB Cooling Fan Desk LED Light Fan
2165,Unranked(New),General Application,71.86,0,0,Unbeatablesale 14 X 25 X 2 In. Fiberglass 4 MERV Air Filter - Pack Of 12
2166,Unranked(New),General Application,149.99,17,0,"16"" Standing Pedestal Fan W/ 3 Speed Settings Carrying Handle Aluminum Blades"
2167,Unranked(New),General Application,67.89,3,0,"Small Compact Electric Air Fryer Oil Quick Cook With Time & Temperature Control & Auto Shut Off Feature, Non-Stick Air Fry Basket, 2.6 Quart, 1200W, Black"
2168,Unranked(New),General Application,95.05,3,0,"Oscar Mayer Extra Large 8 Hot Dog & Bun Toaster Oven, Stainless Steel Grill , Non-Stick Warming Racks, Perfect For Dogs, Veggie Sausages, Brats, Adjustable Timer"
2169,Unranked(New),General Application,85.54,3,0,"Newest 4 In 1 Breakfast Maker Station With Grill, Toast Drawer And Frying Basket, Removable Nonstick Plates, Dual Temperature Control, Essential For Breakfast Burgers Eggs, Silver"
2170,Unranked(New),General Application,80.11,3,0,4 C Rice Cooker With Stainless Body
2171,Unranked(New),General Application,16.99,64,0,3 Speeds Portable Clip On Fan USB Mini Cooling Fan Table Fan For Baby Stroller
2172,Unranked(New),General Application,134.99,18,0,16 Inch Pedestal Standing Fan W/ 3 Speeds & Adjustable Height Home Office
2173,Unranked(New),General Application,66.75,0,0,Unbeatablesale Mesa Safe Dehumidifier
2174,Unranked(New),General Application,31.75,0,0,Unbeatablesale 0.37 In. Airline Disconnect
2175,Unranked(New),General Application,44.99,40,0,"8"" Portable Clip On Fan USB 3 Speed Quiet Desk Table Fan Air Cooling Fan Outdoor"
2176,Unranked(New),General Application,36.99,45,0,Mini Aire Acondicionado VENTtilador De Cuello Portátil Colgante USB Refrigeración
2177,Unranked(New),General Application,42.99,41,0,Vintage Desk Fan USB Charging Easy To Clean Portable Vintage Table Fan Metal For
2178,Unranked(New),General Application,42.99,41,0,USB Desk Clip On Fan Rechargeable Mini Portable Cooling Camping Baby Stroller
2179,Unranked(New),General Application,32.95,0,0,"Electric Fondue Maker Deluxe Gift Set W 4 Forks, Removable Serving Tray & Melting/Warming Setting"
2180,Unranked(New),General Application,44.63,0,0,Unbeatablesale Blackbox Pedal Set Gopher Trap
2181,Unranked(New),General Application,34.8,0,0,"Unbeatablesale Handheld Garment Steamer With Stainless Steel Nozzle, Gray"
2182,Unranked(New),General Application,44.99,40,0,Portable Oscillation Personal Desk Fan 4 Speed Foldable LED Light Quiet USB Fan
2183,Unranked(New),General Application,22.99,57,0,Portable Fan 3000mAh Rechargeable Mini Handheld Stand Fan Air Cooling Power Bank
2184,Unranked(New),General Application,35.99,45,0,5000mAh USB Neck Hanging Fan Leafless Air Cooler Portable Mini Air Conditioner
2185,Unranked(New),General Application,52.99,36,0,Technical Pro AdvENTture Series Rechargeable Desk/Wall Fan W LED Work Lamp
2186,Unranked(New),General Application,28.99,51,0,Portable Waist Clip On Fan Hanging Cooling Fan Rechargeable Power Bank Fan NEW
2187,Unranked(New),General Application,32.99,48,0,Funme USB Fan Desktop Rechargeable Fan 3 Speeds With 6700mAh Battery 7 Inch US
2188,Unranked(New),General Application,28.99,44,0,Stalwart Electric Car Blanket- Heated 12V Polar Fleece Travel Throw For Car Truck And RV- Great For Cold Weather Gray Plaid
2189,Unranked(New),General Application,44.99,40,0,Folding Stand Fan USB Rechargeable Table Floor Fan Adjustable Home Office Fan US
2190,Unranked(New),General Application,23.99,56,0,Personal Mini USB 6Blade Ceiling Fan Hanging Household Mute Large Wind Power Fan
2191,Unranked(New),General Application,38.99,43,0,Portable USB Rechargeable Neckband Lazy Neck Hanging Dual Cooling Mini Fan USA
2192,Unranked(New),General Application,25.99,54,0,2Pack  4inch 3.9 Feet Cord Powerful Mini USB Powered Cooling Fan For Office Desk
2193,Unranked(New),General Application,28.02,46,0,Stalwart Electric Car Blanket- Heated 12V Polar Fleece Travel Throw For Car Truck And RV-Great For Cold Weather Orange Plaid
2194,Unranked(New),General Application,54.99,0,0,"Ultrasonic Cool Mist Humidifier & Essential Oil Diffuser, White"
2195,Unranked(New),General Application,53.14,0,0,Unbeatablesale 6 In. Duct Booster - 240 CFM - Silver
2196,Unranked(New),General Application,61.45,0,0,Unbeatablesale 3 Ft. Underhood CB Antenna Kit - White
2197,Unranked(New),General Application,42.84,0,0,Unbeatablesale 96 X 4 In. Dia. Silver & White Aluminum Dryer Vent Kit
2198,Unranked(New),General Application,37.99,44,0,Small RGB USB Fan Cooling Quiet Colorful Lights High Wind Power Rechargeable USA
2199,Unranked(New),General Application,24.99,55,0,Battery Operated Clip On Mini Fan USB Rechargeable Desk Fan Portable Cooling Fan
2200,Unranked(New),General Application,19.99,60,0,Portable Desk Fan USB Rechargeable Table Cool Fan Home Office Desktop Fan Quiet
2201,Unranked(New),General Application,38.99,43,0,Neckband Portable Air Cooler Fan For Indoor Outdoor AdjustmENTt Dual Cooling USA
2202,Unranked(New),General Application,36.99,45,0,Mini Air Conditioner Cool Cooling USB Mini Cooling Purifier Portable Cooler Fan
2203,Unranked(New),General Application,19.99,60,0,Portable Desk Fan 3 Speed Adjustable Strong Wind Rechargeable Quiet Small Fan
2204,Unranked(New),General Application,18.99,61,0,Mini Hand-Held Fan 2 In 1Portable/Desk Fan Cooler Cooling USB Rechargeable Fan
2205,Unranked(New),General Application,38.99,43,0,Portable Hanging Sport Fan USB Electric Mini Air Cooler Air Conditioner 3 Speeds
2206,Unranked(New),General Application,29.99,50,0,1500mAh USB Neck Hanging Fan Cooling Air Cooler Portable Little Air Conditioner
2207,Unranked(New),General Application,63.82,3,0,"7 Cup Stainless-Steel Thermo Rice Cooker, Stainless Steel And Black Design, Cool Touch Rice Cooker, Simple Operation, Dishwasher Safe."
2208,Unranked(New),General Application,149.99,42,0,"Auertech Swamp Cooler Air Conditioner With Remote, 1800CFM 12H Timer 3 In 1 Portable Evaporative Air Cooler W/ 5.3 Gal Water Tank, 4 Ice Pack, 3 Speed, 3 Model, For Indoor Outdoor Garage Living Room"
2209,Unranked(New),General Application,249.99,31,0,"4.3 Cu.Ft Mini Fridge With Freezer, Single Door Mini Fridge W/7 Settings Temperature Adjustable, Mini Refrigerator For Apartment, Bedroom, Office, Dorm, Grey"
2210,Unranked(New),General Application,174.37,28,0,"Food Dehydrator Machine, 10 Stainless Steel Trays, 1000W Electric Food Dryer With Digital Adjustable Timer & Temperature For Jerky, Herb, Meat, Beef, Fruit, Dog Treats And Vegetables, 10 Stainless Steel Trays, 1000W Electric Food Dryer With Digital Adjustable Timer & Temperature For Jerky, Herb, Meat, Beef, Fruit, Dog Treats And Vegetables"
2211,Unranked(New),General Application,216.59,53,0,"VEVOR Solder Fume Extractor, 150W 165CFM Soldering Smoke Extractor With 3-Stage Filters, 3 Speed Adjustable Smoke Absorber And Purifier For Soldering, Engraving, DIY Welding, Salon"
2212,Unranked(New),General Application,18.99,61,0,USB Portable Fan Desktop Mini Camping Heating Fan Outdoor Travel Shed Greenhouse
2213,Unranked(New),General Application,25.99,54,0,Portable USB Rechargeable Neckband Lazy Neck Hanging Dual Cooling Mini Fan USA
2214,Unranked(New),General Application,76.1,0,0,Unbeatablesale Pediatric Head Immobilizer - Royal Blue
2215,Unranked(New),General Application,48.54,0,0,Unbeatablesale 465-12QTLF 12 In. Antisiphon Frost-Proof Hydrant
2216,Unranked(New),General Application,99.99,0,0,"1.6 Cu Ft Single Door Mini Fridge,18.3"" W Mini Fridge With Freezer,Front Open Door"
2217,Unranked(New),General Application,11.84,28,0,"Salt Or Pepper Grinder Battery Operated, Automatic Salt And Pepper Mill Grinder Shakers With LED Light One Hand, Adjustable Coarseness, Free Brush And Spoon, Stainless Steel 1 PACK"
2218,Unranked(New),General Application,78.99,49,0,"VEVOR IPL Hair Removal, Permanent Hair Removal With Sapphire Ice Cooling System, Painless At-Home Hair Removal Device For Women Men, Auto/Manual Modes, 5 Levels For Body & Face"
2219,Unranked(New),General Application,134.43,3,0,"Kotobuki 190-803 Earthenware 1.5 Cup Uncooked Resulting In 4 Cup Cooked Rice Cooker, Matte Black"
2220,Unranked(New),General Application,37.02,0,0,Unbeatablesale White Square Capital Crown Ceiling Diffuser 8-7-6 In. Boot & Rotary Damper
2221,Unranked(New),General Application,31.79,0,0,Unbeatablesale White Square Magnetic RetroFit Kit
2222,Unranked(New),General Application,68.21,3,0,"Portable Rice Cooker For Travel,12V 100W 1.3 L Portable Mini Multifunctional Electric NonStick Pot For Outdoor Travel Car Cooking Soup Rice Stews Grains Oatmeal Electric Food Steamer#2"
2223,Unranked(New),General Application,117.98,3,0,Banko Ware Rice Pot Handmade Black Glaze Two Cup Capacity Made In Japan
2224,Unranked(New),General Application,119.99,68,0,"6.5QT Electric Stand Mixer, 3-IN-1 Tilt Head Kitchen Mixer For Most Home Cooks, 660W 10-Speed With Pulse Button, Attachments Include Splash Cover, Bowl, Dough Hook, Beater And Whisk"
2225,Unranked(New),General Application,108.63,3,0,Electric Smokeless Indoor Grill 13.3 * 6.5inch W/Non-Stick Cooking Surface & Adjustable Temperature Knob From Warm To Sear For Customized BBQing
2226,Unranked(New),General Application,43.54,0,0,"ASP-137 Grillet 3Qt. 3-In-1 Cool-Touch Electric Indoor Grill Portable, Dishwasher Safe, 3-Quart, White"
2227,Unranked(New),General Application,119.99,68,0,"6.5QT Electric Stand Mixer, 3-IN-1 Tilt Head Kitchen Mixer For Most Home Cooks, 660W 10-Speed With Pulse Button, Attachments Include Splash Cover, Bowl, Dough Hook, Beater And Whisk"
2228,Unranked(New),General Application,119.99,68,0,"6.5QT Electric Stand Mixer, 3-IN-1 Tilt Head Kitchen Mixer For Most Home Cooks, 660W 10-Speed With Pulse Button, Attachments Include Splash Cover, Bowl, Dough Hook, Beater And Whisk"
2229,Unranked(New),General Application,18.71,0,0,"Unbeatablesale 5.5 In. Kelly Forceps, Straight"
2230,Unranked(New),General Application,59.99,50,0,"VEVOR IPL Hair Removal, Permanent Hair Removal With Ice Cooling System For Women Men, Auto/Manual Modes & 5 Levels, Painless At-Home Hair Removal Device For Legs, Arms, Armpits, Bikini Line"
2231,Unranked(New),General Application,274.99,2,0,"Big Rice Cooker Commerical 60 Cup Cooked, 14QT Big Electrical Rice Cooker For Restaurant, Multi Function Stainless Steel Rice Cooker Large, For 30-60 People, With Soup, Porge Setting"
2232,Unranked(New),General Application,119.99,68,0,"6.5QT Electric Stand Mixer, 3-IN-1 Tilt Head Kitchen Mixer For Most Home Cooks, 660W 10-Speed With Pulse Button, Attachments Include Splash Cover, Bowl, Dough Hook, Beater And Whisk"
2233,Unranked(New),General Application,81.47,3,0,GRC970 11-In-1 Digital 20-Cup Rice Cooker - Clear Glass Lid For Easy Viewing - Steam Tray - Delay Timer - Touch Controls - Stainless Steel Exterior - Recipe Book Included
2234,Unranked(New),General Application,37.99,44,0,Portable Cooler Fan Mini Air Conditioner Bedroom Office Cool USB Cooling Fan
2235,Unranked(New),General Application,19.99,60,0,Portable Desk Fan USB Rechargeable Quiet 5 Blades Desktop Table Cooling Fan
2236,Unranked(New),General Application,49.14,0,0,Unbeatablesale 24 X 24 X 4 In. 8 MERV Pleated Air Filter - Case Of 3
2237,Unranked(New),General Application,52.88,0,0,Unbeatablesale Sangerfield Deep Fryer Set
2238,Unranked(New),General Application,22.99,57,0,Personal Portable Waist Clip Fan USB Neck Hanging Air Conditioner Power Bank Fan
2239,Unranked(New),General Application,35.99,45,0,VENTtilador Portatil Recargable USB 3 Velocidades Fan De Banda Para El Cuello NEW
2240,Unranked(New),General Application,37.99,44,0,Quiet Personal Table Fan For Air Fan Circulator Home Office 270° Pivoting Head
2241,Unranked(New),General Application,27.99,52,0,Air VENTt Exhaust Window Fan Car Fan Solar Powered Window Hanging Type Black
2242,Unranked(New),General Application,43.99,41,0,VCK 13'' Towwer Fan For Bedroom 80° Oscillating Floor Fan Quiet Cooling Room Fan
2243,Unranked(New),General Application,28.99,51,0,VENTtilador Portatil Recargable VENTtiladores USB Fan De Banda Para El Cuello
2244,Unranked(New),General Application,45.41,31,0,Stalwart 2Pack Heated Blanket Portable 12V Electric Travel Blanket Set For Car Truck RV
2245,Unranked(New),General Application,45.41,31,0,Stalwart 2Pack Heated Blanket Portable 12V Electric Travel Blanket Set For Car Truck RV
2246,Unranked(New),General Application,45.41,31,0,Stalwart 2Pack Heated Blanket Portable 12V Electric Travel Blanket Set For Car Truck RV
2247,Unranked(New),General Application,45.41,31,0,Stalwart 2Pack Heated Blanket Portable 12V Electric Travel Blanket Set For Car Truck RV
2248,Unranked(New),General Application,19.99,60,0,Desk Mini Fan USB Rechargable Fan Ultra Quiet Portable Fan 3 Speed Adjustable
2249,Unranked(New),General Application,28.99,51,0,Portable Waist Clip On Fan Hanging Cooling Fan Rechargeable Power Bank Fan NEW
2250,Unranked(New),General Application,52.99,36,0,Portable 180° Tilt Personal Desk Fan 4 Speed USB Rechargeable Fan W/Hanging Hook
2251,Unranked(New),General Application,46.36,28,0,VEVOR Mini Fridge For Bedroom 6L Luxury Skin Care Refrigerator Cosmetic Cooler For Office Dorm Car Small Makeup Cooling For Beauty Face Mask Beverage Chill White
2252,Unranked(New),General Application,51.4,28,0,VEVOR CO2 Regulator Gauge With 0-60PSI Heavy Duty CO2 Gauge Gas System Draft Beer Regulator With Adjustable Pressure Regulator Check Valve For Draft Beer Homebrew (5 LBS CO2 Tank)
2253,Unranked(New),General Application,39.99,15,0,"Portable Air Conditioners,Personal Evaporative Air Cooler 3in1 Mini Desktop Cooling Fan,900ML Water Tank,3 Cool Mist,3 Wind Speed,7 LED Light,2-8H Timer AC Air Conditioners For Room/Office"
2254,Unranked(New),General Application,65.39,0,0,Unbeatablesale 18x20x1 In. Fiberglass 4 MERV Air Filter - Pack Of 12 - White
2255,Unranked(New),General Application,76.6,0,0,Unbeatablesale Quick Connect Louvered Return - Black - 2 X 2 Ft.
2256,Unranked(New),General Application,18.99,61,0,Handheld Rechargable Bladeless Fan Portable 2W USB Charging Mini Air Cooler Fan
2257,Unranked(New),General Application,35.93,0,0,Unbeatablesale Microwave Cookware Set Turquoise
2258,Unranked(New),General Application,22.99,57,0,Foldable Mini Fan Handheld Stand Fan Air Cooling 3000mAh Rechargeable Power Bank
2259,Unranked(New),General Application,35.56,0,0,Unbeatablesale Electric Can Opener Magnetic Lid Holder&#44; Black
2260,Unranked(New),General Application,139.99,22,0,"CASABREWS Espresso Machine 20 Bar, Professional Coffee Maker Cappuccino Latte Machine With Steam Milk Frother, Espresso Coffee Machine With 49oz Removable Water Tank, Stainless Steel, Gift For Dad Mom"
2261,Unranked(New),General Application,309.99,0,0,"12000BTU Portable Air Conditioner,4-In-1 Air Cooler With Dehumidifier,Fan,Up To 550 Sq.Ft,White"
2262,Unranked(New),General Application,10.07,28,0,"SPOVEN Portable Handheld Fan, Mini Foldable Hand Fan With USB Rechargeable Battery, Small Personal Pocket Fan For Girls, Women, Men, Outdoor, Travel"
2263,Unranked(New),General Application,10.07,28,0,"SPOVEN Portable Handheld Fan, Mini Foldable Hand Fan With USB Rechargeable Battery, Small Personal Pocket Fan For Girls, Women, Men, Outdoor, Travel"
2264,Unranked(New),General Application,10.07,28,0,"SPOVEN Portable Handheld Fan, Mini Foldable Hand Fan With USB Rechargeable Battery, Small Personal Pocket Fan For Girls, Women, Men, Outdoor, Travel"
2265,Unranked(New),General Application,28.99,51,0,VENTtilador De Abanico De Banda Para Cuello Manos Libres Recargable USB Personal
2266,Unranked(New),General Application,163.39,53,0,"VEVOR Solder Fume Extractor, 100W Soldering Smoke Extractor With 3-Stage Filters, 240 M³/H Strong Suction Smoke Absorber And Purifier For Soldering, Engraving, DIY Welding, Salon"
2267,Unranked(New),General Application,45.79,0,0,Unbeatablesale Square Display Tubes - 12 In. - Clear
2268,Unranked(New),General Application,10.07,28,0,"SPOVEN Portable Handheld Fan, Mini Foldable Hand Fan With USB Rechargeable Battery, Small Personal Pocket Fan For Girls, Women, Men, Outdoor, Travel"
2269,Unranked(New),General Application,113.99,21,0,16 Inch Pedestal Standing Fan W/ 3 Speeds & Adjustable Height Home Office
2270,Unranked(New),General Application,10.07,28,0,"SPOVEN Portable Handheld Fan, Mini Foldable Hand Fan With USB Rechargeable Battery, Small Personal Pocket Fan For Girls, Women, Men, Outdoor, Travel"
2271,Unranked(New),General Application,42.76,0,0,"Unbeatablesale Low Pressure Regulator, 0.375 In. FPT, For Use With QCC-1 Gas Grill Systems"
2272,Unranked(New),General Application,33.41,28,0,"Manual Lemon Juicer Squeezer With Cup - Orange And Lemon Hand Juicer, Portable Countertop Juice Squeezer, Stainless Steel Large Fruit Juice Press For Commercial And Home"
2273,Unranked(New),General Application,73.68,28,0,"Suttik® Hair Clippers For Men Professional, 20pcs Hair Grooming Kit, Professional Hair Carving, Electric Shavers Razor, Beard Trimmer, Barber Kit With Case, Hair Trimmer Set For Men, Barber Tool Set, Barbershop Supplies, Hair Cutting, Shaving For Men"
2274,Unranked(New),General Application,67.89,3,0,"Bear Rice Cooker 4 C UnCooked, Rice Cooker Small, 6 Cooking Functions, Advanced Fuzzy Logic Micom Technology, 24 Hours Preset Keep Warm, For White/Brown Rice Quinoa Oatmeal Soup Cake, 2L Green"
2275,Unranked(New),General Application,20.99,59,0,Portable Personal Handheld Fan 3 Speed USB Rechargeable Mini Desk Fan W/Lanyard
2276,Unranked(New),General Application,194.74,53,0,"VEVOR Auto Heat Press Machine, 15 X 15 In Smart T Shirt Press Machine With Auto Release, Heats Up Fast And Evenly, Sublimation Heat Press For T Shirts, Sublimation, Vinyl, Heat Transfers Projects"
2277,Unranked(New),General Application,52.99,50,0,"VEVOR IPL Hair Removal, Permanent Hair Removal For Women And Men, Auto/Manual Modes & 5 Adjustable Levels, Painless At-Home Hair Removal Device For Legs, Armpits, Bikini Line, Whole Body"
2278,Unranked(New),General Application,22.99,57,0,Portable Fan 3000mAh Rechargeable Mini Handheld Stand Fan Air Cooling Power Bank
2279,Unranked(New),General Application,81.47,3,0,"Indoor Grill Cooker Kebab Grill, Electric Grill, Electric Gdle, Kebob, Kabob, Indoor Smokeless Rotating Skewers BBQ Portable Non-Stick Counter-Top Party Grill"
2280,Unranked(New),General Application,64.99,32,0,"Fantask 35W 28"" Oscillating Towwer Fan 3 Wind Speed Quiet Bladeless Cooling Room"
2281,Unranked(New),General Application,38.99,43,0,Portable Hanging Sport Fan USB Electric Mini Air Cooler Air Conditioner 3 Speeds
2282,Unranked(New),General Application,81.47,3,0,"Kotobuki 190- Earthenware Rice Cooker With Matte And Cobalt Blue Spoke, Black"
2283,Unranked(New),General Application,130.19,0,0,"Tower Fan With , Standing Oscillating Fan Cooling Fan For Bedroom Office, Electric Bladeless Fan Quiet Floor Fan With 49 Ft/S Velocity, 8 Speeds, 4 Modes, 12H Timer, Gray"
2284,Unranked(New),General Application,19.77,0,0,Unbeatablesale Letter L Flowers & Butterflies Teal Blue Compact Mirror
2285,Unranked(New),General Application,61.1,3,0,"8 Cup Cooked/4 Cup Uncooked Rice Cooker, Easy Clean Removable Non-Stick Inner Pan And Rice Spatula, Simple Operation With Automatic Keep Warm Function, Safe Cool Touch Exterior, White"
2286,Unranked(New),General Application,98.99,0,0,Waffle Maker 2800W Commercial Bubble Waffle Maker Machine Non-Stick Egg Waffle Maker Electric Bubble Waffle Baker For Home Or Commercial Use
2287,Unranked(New),General Application,16.99,64,0,New 4 Inch For Office Desk Superpower Airflow Quite USB Powered Cord Cooling Fan
2288,Unranked(New),General Application,33.24,28,0,"Professional Hair Clippers, Men's Grooming Shavers, Hair Carving And Styling Tools, Men's Personal Care Set, Body Hair Trimmers, Perfect Gifts For Lovers Father's Day Gift"
2289,Unranked(New),General Application,38.99,43,0,Table Desktop Fan Air Circulator Office Fan Adjustable Head Office 2 Speeds Fan
2290,Unranked(New),General Application,32.31,0,0,Unbeatablesale A/C Safe Interior Cover For Small Window Air Conditioners
2291,Unranked(New),General Application,28.99,51,0,VENTtilador De Abanico De Banda Para Cuello Manos Libres Recargable USB Personal
2292,Unranked(New),General Application,21.99,58,0,Portable USB Rechargeable Neckband Lazy Neck Hanging Dual Cooling Mini Fan USA
2293,Unranked(New),General Application,10.07,28,0,"SPOVEN Portable Handheld Fan, Mini Foldable Hand Fan With USB Rechargeable Battery, Small Personal Pocket Fan For Girls, Women, Men, Outdoor, Travel"
2294,Unranked(New),General Application,141.11,28,0,"Electric Food Dehydrator Machine, 800W Electric Food Dryer, 10 Stainless Steel Trays, With Digital Adjustable Timer & Temperature For Jerky, Herb, Meat, Beef, Fruit, Dog Treats And Vegetables"
2295,Unranked(New),General Application,22.99,57,0,Foldable Mini Fan Handheld Stand Fan Air Cooling 3000mAh Rechargeable Power Bank
2296,Unranked(New),General Application,244.95,0,0,Smeg Smeg | Hand Blender HBF22 With Accessories
2297,Unranked(New),General Application,683.4,0,0,Smeg Smeg | Espresso Machine
2298,Unranked(New),General Application,37.99,44,0,8.6 Inch Portable Mini Small Cooling Table Fan Desk Personal Desktop Cooler
2299,Unranked(New),General Application,263.8,2,0,"Teppanyaki, Electric Gdle Cooktop Countertop Flat Top Grill Gdles BBQ Plate Grill Thermostatic Control"
2300,Unranked(New),General Application,35.99,45,0,VENTtilador Portatil Recargable USB 3 Velocidades Fan De Banda Para El Cuello NEW
2301,Unranked(New),General Application,89.62,3,0,"2-In-1 Multifunctional Electric Grill,Indoor Smokeless Electric Gdle Electric Skillet With Removable Non-Stick Plate+Pot+Lid,1400W Adjustable Temperature Party Gdle"
2302,Unranked(New),General Application,638.36,0,0,Breville Breville | Bambino Plus ThermoJet Espresso Maker With Steam
2303,Unranked(New),General Application,70.18,3,0,"14-Cup Cooked / 3Qt. Select Stainless Pot- Rice Cooker, & Food Steamer, One-Touchhh Operation, Automatic Keep Warm Mode, White ARC-757-1SG"
2304,Unranked(New),General Application,22.17,28,0,"Electric Spin Scrubber, Cordless Electric Cleaning Brush,Electric Cleaning Brush Scrubber For Bathroom Kitchen,With 7 Replaceable Brush Heads, Electric Scrubber For Bathroom And Kitchen(White)"
2305,Unranked(New),General Application,28.07,0,0,Unbeatablesale C123RW30X6 Baseboard Return Air Grille White - 30 X 6 In.
2306,Unranked(New),General Application,49.99,17,0,"Nekteck Foot Massager With Heat, Shiatsu Heated Electric Kneading Foot Massager Machine For Plantar Fasciitis, Built-In Infrared Heat Function And Power Cord (Black)"
2307,Unranked(New),General Application,25.99,54,0,Portable USB Rechargeable Neckband Lazy Neck Hanging Dual Cooling Mini Fan USA
2308,Unranked(New),General Application,118.99,1,0,"Fruit Wine Press, 3.17 Gallon/12L Solid Wood Basket With 8 Blocks, 100% Nature Apple Grape Berries Crusher Machine, Heavy Duty Cider Wine Making Press Manual Syrup Maker For Home Kitchen Outdoor"
2309,Unranked(New),General Application,38.84,0,0,"Unbeatablesale 8 X 1 X 0.4 In. Front Caster With Bearing, Black"
2310,Unranked(New),General Application,153.16,0,0,Ninja Ninja | Foodi® SS101 Smoothie Bowl Maker And Nutrient Extractor
2311,Unranked(New),General Application,252.69,53,0,"VEVOR Auto Heat Press Machine Kit Tumbler Press 2-In-1, 15 X 15 In Smart T Shirt Press Machine With Auto Release, Tumbler Press Machine For 11-30 Oz Tumblers, For Sublimation Heat Transfers Projects"
2312,Unranked(New),General Application,43.99,41,0,"Pelonis 16"" 3-Speed Oscillating Pedestal Fan, FS40-19MW, New, White"
2313,Unranked(New),General Application,94.98,3,0,"Oscar Mayer Extra Large 8 Hot Dog & Bun Toaster Oven, Stainless Steel Grill , Non-Stick Warming Racks, Perfect For Dogs, Veggie Sausages, Brats, Adjustable Timer, Red"
2314,Unranked(New),General Application,230.0,23,0,"Medify Air MA-50 Air Purifier V3.0 With True HEPA H13 Filter | 2,640 Ft² Coverage In 1hr For Smoke, Wildfires, Odors, Pollen, Pets | Quiet 99.9% Removal To 0.1 Microns | White, 1-Pack"
2315,Unranked(New),General Application,32.48,0,0,Unbeatablesale 68004 46 In. Hose &Amp; Regulator
2316,Unranked(New),General Application,51.27,0,0,Unbeatablesale AZ-74-5010-2N 16 X 18 X 2 In. Wheelchair Cushion - Navy
2317,Unranked(New),General Application,140.15,3,0,EB-DLC10 Indoor Electric Grill
2318,Unranked(New),General Application,11.45,0,0,Unbeatablesale 0.12 In. Brass Compression Nut- 2 Piece
2319,Unranked(New),General Application,116.78,3,0,"1500W Gdle,14 Electric Gdles Grill, Flat Top Gdle Countertop Gdle Hot Plate Kitchen Stainless Steel Restaurant Grill With Gdle Accessories1500W Commercial Griddles 15x14"""
2320,Unranked(New),General Application,21.99,58,0,Portable Mini Desk Table Cooling Fan USB Rechargeable Air Circulator Quiet Dorm
2321,Unranked(New),General Application,49.6,0,0,"COS-23AFAKB 2.3 Quart Electric Small Air Fryer With Temperature Control, Timer, Auto Shut-Off, Non-Stick Frying Tray, 1000W Compact Mini Air Fryer 2.3 Quarts, Stainless Steel/BlackStainless Steel / Black 2.3 Quarts Air Fryer"
2322,Unranked(New),General Application,38.99,43,0,"8.6"" 2 SPEED OSCILLATING MULTI-USE FAN STAND UP WALL MOUNT CLIP ON CIRCULATING"
2323,Unranked(New),General Application,38.99,43,0,Neckband Portable Air Cooler Fan For Indoor Outdoor AdjustmENTt Dual Cooling USA
2324,Unranked(New),General Application,99.99,0,0,"1.6 Cu Ft Single Door Mini Fridge,18.3"" W Mini Fridge With Freezer,Front Open Door"
2325,Unranked(New),General Application,31.99,48,0,Portable Fan USB Rechargeable Desk Stand Swivel Air Cooling Camping LED Lamp Fan
2326,Unranked(New),General Application,43.48,29,0,Stalwart 2Pack Heated Blanket USB-Powered Sherpa Throw Blankets Winter Car Accessories
2327,Unranked(New),General Application,43.48,29,0,Stalwart 2Pack Heated Blanket USB-Powered Sherpa Throw Blankets Winter Car Accessories
2328,Unranked(New),General Application,44.44,29,0,Stalwart 2Pack Heated Blanket USB-Powered Sherpa Throw Blankets Winter Car Accessories
2329,Unranked(New),General Application,35.76,3,0,Stalwart Heated Blanket Portable 12V Electric Travel Blanket For Car Truck Or RV
2330,Unranked(New),General Application,35.76,3,0,Stalwart Heated Blanket Portable 12V Electric Travel Blanket For Car Truck Or RV
2331,Unranked(New),General Application,35.76,3,0,Stalwart Heated Blanket Portable 12V Electric Travel Blanket For Car Truck Or RV
2332,Unranked(New),General Application,35.76,3,0,Stalwart Heated Blanket Portable 12V Electric Travel Blanket For Car Truck Or RV
2333,Unranked(New),General Application,35.76,3,0,Stalwart Heated Blanket Portable 12V Electric Travel Blanket For Car Truck Or RV
2334,Unranked(New),General Application,43.99,41,0,"VCK Portable Oscillating Towwer Fan,Desk Table Fan,3 Speeds,Quiet Cooling"
2335,Unranked(New),General Application,36.99,45,0,Mini Aire Acondicionado VENTtilador De Cuello Portátil Colgante USB Refrigeración
2336,Unranked(New),General Application,22.99,57,0,Portable Mini Fan Handy Rechargeable Fan Pocket Size Air Cooler USB W/Battery
2337,Unranked(New),General Application,29.99,50,0,Portable Waist Clip Fan USB Rechargeable Neck Hanging Air Conditioner USA
2338,Unranked(New),General Application,21.99,58,0,Stand Fan Portable Folding Pedestal USB Rechargeable Telescopic Table Desk Fan
2339,Unranked(New),General Application,22.99,57,0,Personal Portable Waist Clip Fan USB Neck Hanging Air Conditioner Power Bank Fan
2340,Unranked(New),General Application,25.19,28,0,"Rechargeable Portable Camping Fan With LED Lantern, 4000 MAh Battery Operated Small  Cordless Fans With Hook, 3 Speeds USB Recharge For Travel Tent Fishing"
2341,Unranked(New),General Application,15.99,65,0,Portable Rechargeable Fan Mini Handy Fan Pocket Size Air Cooler USB W/ Battery
2342,Unranked(New),General Application,28.99,51,0,VENTtilador Portatil Recargable VENTtiladores USB Fan De Banda Para El Cuello
2343,Unranked(New),General Application,16.99,64,0,USB Desk Table Fan Personal Small Air Circulator Quiet Mini Portable Fan Purple
2344,Unranked(New),General Application,28.99,51,0,1000mAh Mini VENTtilador Abanico Personal Portatil Para El Cuello USB Recargable
2345,Unranked(New),General Application,21.99,58,0,Portable Handheld Fans USB Rechargeable Foldable Personal Fan With Power Bank
2346,Unranked(New),General Application,40.99,42,0,Portable 3 Speed Personal Handheld Fan USB Rechargeable Mini Desk Fan W/Lanyard
2347,Unranked(New),General Application,60.32,28,0,"Mini Washing Machine, 10W 11 Pounds Mini Compact Washer, Portable Washer ,Semi Automatic Laundry Machine, IP54 Waterproof Small Washer For Baby Clothes, Underwear Or Small Items"
2348,Unranked(New),General Application,28.99,51,0,1000mAh Mini VENTtilador Abanico Personal Portatil Para El Cuello USB Recargable
2349,Unranked(New),General Application,51.41,28,0,"110LBS Mechanical Dial Scale, Mechanical Food Scales For Kitchen, High Accuracy Mechanical Retail Store Scale, Heavy Duty Industrial Dial Scale For Supermarket, Food Market, Snack Shop"
2350,Unranked(New),General Application,29.99,50,0,1500mAh USB Neck Hanging Fan Cooling Air Cooler Portable Little Air Conditioner
2351,Unranked(New),General Application,23.93,28,0,"Electric Mason Jar Vacuum Sealer, 3 In 1 Vacuum Sealer For Jars Compatible With Vacuum Bag, Jar Vacuum Sealer For Wide And Regular Mouth Mason Jars, Cordless Vacuum Sealing Machine(Auto Stop Black)"
2352,Unranked(New),General Application,48.75,3,0,Reversible Grill/Gdle Plate For Gdler -4N 5-In-1
2353,Unranked(New),General Application,40.31,28,0,"RISLG, Space Heater, 1500W Fast Electric Heater For Indoor Use With Remote & Bluetooth App Control, PTC Small Heater With Heating And Fan Modes For Bedroom, Office, Kids Room,"
2354,Unranked(New),General Application,39.47,0,0,Unbeatablesale 16 X 20 X 1 In. Fiberglass 4 MERV Air Filter - 12 Per Pack - Pack Of 12
2355,Unranked(New),General Application,37.99,44,0,8.6 Inch Portable Mini Small Cooling Table Fan Desk Desktop Personal Cooler
2356,Unranked(New),General Application,37.99,44,0,8.6 Inch Portable Mini Small Cooling Table Fan Desk Personal Cooler Desktop US
2357,Unranked(New),General Application,42.99,41,0,"8.6"" Clip On Fan Stand Up Wall Mount Fan Oscillating Adjustable Tilt W/2 Speeds"
2358,Unranked(New),General Application,42.99,41,0,"8.6"" 2 Speed Oscillating Quiet Fan Clip On Wall Mount Office Circulating Fan US"
2359,Unranked(New),General Application,31.99,48,0,Portable Ceiling Fan Mini TENTt Fans 5200mAh For RV Camping Outdoor Gazebo Canopy
2360,Unranked(New),General Application,20.99,59,0,Personal Desk Fan USB Small Table Cooling Air Circulator Quiet Dorm Portable US
2361,Unranked(New),General Application,21.99,58,0,Portable USB Rechargeable Neckband Lazy Neck Hanging Dual Cooling Mini Fan USA
2362,Unranked(New),General Application,385.55,28,0,"Commercial Ice Maker, 150lbs/24H Stainless Steel Under Counter Ice Machine, Ice Machine With 24 Hour Timer, 33lbs Ice Storage Capacity, Freestanding Ice Makers For School, Home, Bar, RV, Restaurant, Office"
2363,Unranked(New),General Application,91.9,0,0,"UKLISS 7 In 1 Multi-Functional Hot Air Brush, Ionic Technology Hair Dryer And Styler, Curling Or Straightening Hair"
2364,Unranked(New),General Application,29.8,0,0,"One Piece Portable Blender,Personal Size Blender, Battery Powered USB Blender, With Four Blades, Mini Blender Travel Bottle For Juice, Shakes, And Smoothies,Suitable For Kitchen, Outdoor"
2365,Unranked(New),General Application,4.3,0,0,"Mini SnacksBag Sealer, Rechargeable 2 In 1 Bag Heat Sealer With Cutter For Chip, Plastic Bag Re-Sealer Keep Food Fresh, Small Sealing Machine With A Cutter Blade, Heat Vacuum Sealer, USB Rechargeable Sealer, Food Storage Sealer"
2366,Unranked(New),General Application,7.6,0,0,"Creative Foldable Electronic Scale, Multifunctional Cigarette Case Scale, 0.01g Mini Pocket Jewelry Scale, Portable Small Gold Electronic Scale With Stainless Steel Weighing Pan, Suitable For Weighing Jewelry, Tea, Chinese Medicine And Lipstick Making"
2367,Unranked(New),General Application,48.7,0,0,1pc + USB Charging Cable + 5W + Portable + Head Massager + HD-01 + 6-Zone Airbag Massage + Surrounding Heat Therapy + 4 Massage Modes + 3 Heat Levels + Human Hand Kneading Simulation
2368,Unranked(New),General Application,13.1,0,0,Moisture And Oil Facial Skin Tester Portable Digital Home Use Skin Analyzer For Face Skin Care For Traveling Home Gift Girls Women
2369,Unranked(New),General Application,4.2,0,0,"1pc Vacuum Packaging Bag, Embossed Vacuum Sealer Roll Bag, Air Suction Compression Packaging Bag, Thick Embossed Roll Bag, Home Use Food Vacuum Sealing Bag, Not Reusable"
2370,Unranked(New),General Application,19.4,4,0,"GTS Wireless Electric Hair Clipper With Digital Light Display 2600mAh Oil Head Razor Hair Salon Special Artifact Barber Shop Household Rechargeable Cordless Haircut Carving Hair Trimmer Grooming Kit, Gifts For Men"
2371,Unranked(New),General Application,6.2,0,0,"1pc Stainless Steel Citrus Juicer - Effortless Lemon & Orange Juice Extractor, Durable Manual Squeezer With Stylish Design - A Time-Saving Kitchen Essential & Gadget"
2372,Unranked(New),General Application,2.7,0,0,1pc Household Micro-Vibration Eye Massager Importer Electric Eye Massager Massage Pen Eye Care Beauty Device
2373,Unranked(New),General Application,12.1,0,0,"Set Of 2 Silicone Slow Cooker Liners - High Temperature Resistance, Reusable, Easy To Clean"
2374,Unranked(New),General Application,4.9,0,0,Replacement Toothbrush Heads Ultra Soft Nano Bristles For Sensitive Teeth & Gums Care Compatible With  Sonicare Electric Toothbrush Brush Heads Refills 1100 2100 4100 4300 5100 5300 6100 6500 7000 7300 7500 9000 9300 9500 9700 9750 9900 C1 C2 C3 D12
2375,Unranked(New),General Application,21.6,4,0,"28mm Automatic Hair Curler, Ceramic Big Wavy Curler For Women, Mother's Day Gift"
2376,Unranked(New),General Application,41.4,4,0,"Smart LED UV Protection UV Detection Rechargeable Portable Beauty Makeup Mirror. Three Levels Of Adjustable Daylight Displaydifferent Light Colors, Illuminate Different Beauty Of The Makeup. 0-180° Rotation, Makeup Without Dead Corners, So That The Beauty Appears More Exquisite.  So That The Lights Bright For A Long Time, Travel Anytime And Anywhere To Illuminate The Beauty,Don't Worry About Wearing Makeup When Traveling Outdoors! Beauty Queen Recommended High-Tech Magic Mirror: Love Beauty More"
2377,Unranked(New),General Application,3.2,6,0,"1pc Rechargeable Electric Eyebrow Trimmer For Men And Women, Automatic Hair Remover And Beauty Pencil"
2378,Unranked(New),General Application,165.2,0,0,"15L Air Fryer, Large Capacity Intelligent Electric Roasting Oven, Smokeless French Fries Maker 2-In-1 Machine With Visible Window"
2379,Unranked(New),General Application,2.3,0,0,"3-In-1 Oval Egg Pedicure File - Stainless Steel Callus & Cuticle Remover, Foot Scrubber With Sandpaper, Dead Skin Exfoliator Tool With Cover For Home Use - Pink"
2380,Unranked(New),General Application,47.8,0,0,"FK12 New High-Speed Negative Ion Hair Dryer With High Power, Constant Temperature, Leafless Design, Multi-Level Cold/Hot Air Blowing And Four Color Temperature Control"
2381,Unranked(New),General Application,17.1,0,0,"Mini Portable USB Wireless Hair Straightener Curling Iron - Intelligent Temperature Control, Anti-Scalding, Thermostatic, Auto Power-Off, Wet And Dry Use - Rechargeable Lithium Battery, Large Capacity, Long Lasting Life, Travel And Party Ready,Hair Straightener,Curling Iron,Flat Iron,Rizadora Para El Cabello,Curling Wand,Planchas Del Cabello,Straightener,Plancha De Cabello, Hair Curler,Plancha,Crimp,"
2382,Unranked(New),General Application,51.4,28,0,"SiFENE Juicer Machine, Rapid Juice Extractor Machine, 1000W Powerful Motor, Big 3.2'' Feed Chute For Whole Fruit & Veg Juicing, Easy To Clean, Red"
2383,Unranked(New),General Application,35.9,0,0,"1pcs Electric Rechargeable Shiatsu Shoulder & Neck Massager 6D Mimicking Massage Heads Suitable For Home, Office, Traveling, Holiday Gifts"
2384,Unranked(New),General Application,125.95,28,0,52 Inch 5-Blade Plywood Ceiling Fan Light (Excluding Light Bulbs)
2385,Unranked(New),General Application,128.51,28,0,52 Inch 5-Blade Decorative Crystal Chandelier Ceiling Fan With Light (Excluding Light Bulbs)
2386,Unranked(New),General Application,15.6,0,0,"1pc Full Automatic Electric Knife Sharpener - Quick And Efficient Kitchen Gadget For Sharpening Knives, USB Rechargeable, Suitable For All Kinds Of Knives And Scissors, Multiple Sharpening Slots"
2387,Unranked(New),General Application,5.1,0,0,"1pc Portable Multi-Functional Full Body Triangle Acupoint Vibrating Mini Massager, With USB And Battery, Neck & Cervical Vertebra Massager"
2388,Unranked(New),General Application,23.5,4,0,Hair Straightener And Curler 500 Degree High Temp Professional Hair Straighteners 30s Fast Heating Ceramic Flat Iron 2 In 1 Plasma Flat Iron Get Frizz-Free Dual Voltage For Travel Using
2389,Unranked(New),General Application,10.3,4,0,"KEMEI KM-313 Multifunctional Cordless Nose Hair Trimmer Set, Rechargeable 3-In-1 Nose Hair Clippers Kit For Men"
2390,Unranked(New),General Application,157.65,28,0,"52 Inch 5-Blade Ceiling Fan Light With Light, Remote Control, Glass Lampshade (Excluding Light Bulbs)"
2391,Unranked(New),General Application,128.52,28,0,"52 Inch Elegant Ceiling Fan Light With Remote Control, Crystal Ceiling Light Fan With 5 Chrome Plated Flippable Wooden Leaves (Excluding Light Bulbs)"
2392,Unranked(New),General Application,103.67,28,0,20 Inch Small Enclosed Ceiling Fan With Lantern Style (Excluding Light Bulbs)
2393,Unranked(New),General Application,143.09,28,0,"52 Inch Crystal Ceiling Fan Light With 5 Reversible Blade Light Kits And Remote Control, Adjustable In 3 Levels (High, Medium, Low) (Without Light Bulbs)"
2394,Unranked(New),General Application,131.09,28,0,"52 Inch Dual Crystal Lampshade Ceiling Fan, 5 Reversible Blades, 3 Wind Speeds"
2395,Unranked(New),General Application,2.7,0,0,"1pc 5 Layers Stainless Steel Kitchen Scissors - Ideal For Chopping Onions, Vegetables, Herbs And Spices - Must-Have Cooking Tool"
2396,Unranked(New),General Application,107.08,28,0,"18.1"" Caged Ceiling Fan With Remote Control,Timer, 3 Speeds Indoor Ceiling Fan For Farmhouse, Bedroom Living Room(No Include Bulbs)"
2397,Unranked(New),General Application,143.09,28,0,"52"" Crystal Ceiling Fan With 5 Reversible Blades Light Kit And Remote Control, 3-Speed (High, Mid,Low) Adjustable For Living Room, Bedroom, Kitchen"
2398,Unranked(New),General Application,25.7,0,0,"For  Supersonic Hair Dryer Stand Holder,  Blow Dryer Accessory Organizer, Attachments Counter Storage Rack"
2399,Unranked(New),General Application,126.54,28,0,"52'' ABS Blades Ceiling Fan With Lights And Remote (5 Speeds Adjustable) , DC Motor Modern Ceiling Fan With 3 ABS Fan Blades & 2 Down Rods, Indoor Ceiling Fan With Light For Home Use"
2400,Unranked(New),General Application,14.7,0,0,"Cute Pet Shaped USB Rechargeable Desktop Fan, Dual Purpose For Home Use"
2401,Unranked(New),General Application,144.81,28,0,52 Inch 5-Blade Crystal Glass Lampshade Ceiling Fan Light With Remote Control For 3 Speeds (Excluding Light Bulbs)
2402,Unranked(New),General Application,132.79,28,0,"Low Profile Ceiling Fan With Lights(No Include Bulb),Blade Dark Wood 52-Inch Ceiling Fan"
2403,Unranked(New),General Application,134.51,28,0,52 Inch 5-Blade Ceiling Fan Light With Remote Control (Excluding Light Bulb)
2404,Unranked(New),General Application,47.99,20,0,"Eye Massager With Heat,Heated Eye Mask With Bluetooth Music, Face Massager, Eye Care Device, Smart Eye Mask For Relax Eye, Reduce Eye Strain, Black Color"
2405,Unranked(New),General Application,65.6,0,0,"Coffee Maker, 3 In 1 Single Serve Coffee Machine, Pod Coffee Maker For K-Pod Capsule Pod, Ground Coffee Brewer, Leaf Tea Maker, 6 To 10 Ounce Cup, Removable 50 Oz Water Reservoir"
2406,Unranked(New),General Application,344.73,28,0,"6000BTU U-Shaped Window Air Conditioner - Cools Up To 250 Sq. Ft., Open Window Flexibility, 6 Modes, Ultra Quiet & Energy Efficient For Bedroom, Room, Office"
2407,Unranked(New),General Application,24.19,28,0,"1 Massage Gun, Handheld Massager For Body, Back And Neck Pain, Elegant Shape, Perfect Gift For Family, Friends, Partners And Couples"
2408,Unranked(New),General Application,1.4,0,0,1pcViolin Thermometer Guitar Thermometer
2409,Unranked(New),General Application,30.24,28,0,"Handheld Vacuum Cordless, High Power 11000PA Suction Portable Car Vacuum Cleaner Rechargeable, 3 In 1 Mini Air Duster With 2 Filters, Grey"
2410,Unranked(New),General Application,23.79,20,0,"1 Pc Brightup Men's Electric Razor Trimmer With 4 Interchangeable Blade Heads And Storage Bag And IPX7 Waterproof Wet/Dry Shade Bulb Nose Body Hair Face Razor With LED Light, Ideal For Men's Gifts"
2411,Unranked(New),General Application,30.24,28,0,"Handheld Vacuum Cordless, High Power 11000PA Suction Portable Car Vacuum Cleaner Rechargeable, 3 In 1 Mini Air Duster With 2 Filters, Grey"
2412,Unranked(New),General Application,34.26,28,0,"Electric Salt And Pepper Grinder Set, Automatic Salt & Pepper Mill Refillable With Rechargeable Base, USB Cables, 2 Adjustable Coarseness Mills, One Hand Operation, LED Light"
2413,Unranked(New),General Application,5.0,0,0,"Mini USB Handheld Fan With Ultra-Long Battery Life And Cooling Function, Portable And Quiet, 3-Speed Mode"
2414,Unranked(New),General Application,4.1,0,0,"1Pc,Kitchen Timer: Clockwork Driven Timer, Time Reminder Timer, Used For Short Breaks Or Kitchen Cooking Timing. Can Be Used As A Gift For Friends Or Family, Made Of ABS Material."
2415,Unranked(New),General Application,198.57,28,0,52 Inch 5-Blade White Modern Ceiling Fan Light With Remote Control For 3 Speeds (Excluding Light Bulbs)
2416,Unranked(New),General Application,141.37,28,0,"52 Inch Indoor Modern LED Ceiling Fan With Light And Remote Control, Reversible 6 Blades , Reversible Motor - (Matte Black)"
2417,Unranked(New),General Application,8.4,0,0,"Retro Speaker Mist Fan, Humidifier Fan, Mini Night Light Fan, Desktop USB Rechargeable Fan"
2418,Unranked(New),General Application,149.52,28,0,52 Inch Farmhouse Glass Shading 5-Blade Reversible Ceiling Fan Light (Excluding Light Bulbs)
2419,Unranked(New),General Application,162.79,28,0,20 Inch 5-Blade Cage Ceiling Fan Light (Excluding Light Bulbs)
2420,Unranked(New),General Application,143.09,28,0,"52 Inch 4-Light Ceiling Fan With 5 Wooden Blades, Dual Color Blades, AC Motor, Remote Control, Reversible Airflow, 3-Speed, Adjustable Height (Excluding Light Bulbs)"
2421,Unranked(New),General Application,157.65,28,0,"52 Inch 5-Leaf Plywood Leaf Ceiling Fan, Double Lampshade Ceiling Fan (Excluding Light Bulbs)"
2422,Unranked(New),General Application,96.4,28,0,"18 Inch 5-Blade Ceiling Fan Light, Cage Style Enclosed Industrial Style Retro Fan Ceiling Light Fan, 3-Speed Adjustable (Excluding Light Bulbs)"
2423,Unranked(New),General Application,104.11,28,0,"20.4-Inch 5 ABS Fan Blade, Cage Style Ceiling Fan Light, With Remote Control, Silent Reversible AC Motor (Excluding Light Bulb)"
2424,Unranked(New),General Application,119.95,28,0,"52 Inch Modern Ceiling Fan With Remote Control, Wooden Ceiling Fan With Light, LED Ceiling Fan With 6 Blades, 3-Speed AC Motor Indoor Ceiling Fan"
2425,Unranked(New),General Application,714.66,28,0,"VEVOR Commercial Slushy Machine 15Lx2 Tank Margarita Maker, 1000W Stainless Steel Smoothie Frozen Drink Maker For Supermarkets Cafés Restaurants Bars Home Use"
2426,Unranked(New),General Application,23.18,28,0,"1 Massage Gun, Handheld Massager, For The Back Neck And Waist Of The Body, Elegant Shape, Suitable For Family Friends Partners Couples Gifts"
2427,Unranked(New),General Application,5.3,0,0,"Portable Handheld Fan Mini Electric Fan, Silent Small Desk Fan For Dorm, Office, Table, And Travel"
2428,Unranked(New),General Application,334.15,28,0,"Electric Meat Slicer, Meat Cutter Machine 800W Pure Copper Motor, Detachable Stainless Steel Blade, Automatic Electric Slicer, 3mm Adjustable Thickness, Meat Cutter For Commercial Kitchen & Restaurant"
2429,Unranked(New),General Application,572.53,28,0,"VEVOR Commercial Slushy Machine 3LX2 Tank Slush Drink Maker, 370W Frozen Drink Machine Slush Frozen Drink Machine With Automatic Clean For Home"
2430,Unranked(New),General Application,13.6,0,0,Skin Scrubber Facial Scraper Skin Scraper Pore Cleanser Blackhead Remover Facial Deep Cleansing Tool - 4 Modes With 2 Silicone Head Covers
2431,Unranked(New),General Application,137.08,28,0,"18'' Farmhouse Ceiling Fans Light - Caged Ceiling Fan With Remote Control (3-Speeds Adjustable), Wood Rustic Enclosed Reversible Ceiling Fans For Bedroom , Living Room, Kitchen."
2432,Unranked(New),General Application,11.4,0,0,Kemei KM-PG5002 Wholesale Professional Electric Lady Shaver 3 In 1 Women's Care Body Shaver
2433,Unranked(New),General Application,127.65,28,0,"52 Inch Farmhouse Ceiling Fan With Lights And Remote,3-Lights Ceiling Fan With Caged Light Fixture (No Include Bulbs), Ceiling Fan For Patio,Living Room,Kit"
2434,Unranked(New),General Application,144.81,28,0,52 Inch 5-Blade Ceiling Fan With 3 Lights (Excluding Light Bulbs)
2435,Unranked(New),General Application,33.7,0,0,"Percussion Massage Gun For Deep Tissue Muscle Relaxation With 4 Massage Heads, 6 Speeds And High-Frequency Vibration For Home Use"
2436,Unranked(New),General Application,16.8,0,0,"Intelligent Rotating Electric Toothbrush, 3 Modes USB Cable Base Wireless Charging Rechargeable Smart Rotary Rotation Electric Toothbrushes With Timer, Travel Case And 2 Brush Heads, Compatible With Oral B Replacement Toothbrush Brush Heads"
2437,Unranked(New),General Application,12.4,0,0,LED Lighting High-Definition Plus Makeup Mirror For Girls Make-Up Dormitory Home Simple Wind USB Charging Makeup Mirror
2438,Unranked(New),General Application,47.99,20,0,"Eye Massager With Soothing Music And Heat - Rechargeable, Unscented, And Portable Eye Mask For Relaxation After Night Shift, Work, Study, Driving - Ideal Gift For Mom, Dad, Couples, And Family"
2439,Unranked(New),General Application,1.8,0,0,4pcs Bundled Arched Chair Foot Pads Floor Anti-Wear Silent Protective Cover
2440,Unranked(New),General Application,86.9,0,0,"1pc  Rechargeable Wireless Mini Fascia Gun, PPM3151G Deep Muscle Massager With 4 Massage Heads, Full Body Muscle Relaxation, Gift For Sports And Fitness Enthusiasts, Birthday Gift For Boyfriend/Girlfriend"
2441,Unranked(New),General Application,2.1,0,0,"1pc Creative 360° Rotating Faucet Extender With Splash-Proof Nozzle, Upgraded Kitchen Water-Saving Faucet Hose Extension"
2442,Unranked(New),General Application,31.7,0,0,"1pc Rechargeable 1200mAh Kneading Massage Head Massager K-111, Waterproof To Level 7"
2443,Unranked(New),General Application,45.9,0,0,"1pc  Rechargeable Electric Shaver, Wet & Dry Epilator, Ergonomic Design Fits Skin, Whole Body Hair Removal, Suitable For Arms, Legs, Underarms, Bikini Area"
2444,Unranked(New),General Application,128.51,28,0,Hot Sell Industrial Ceiling Fan Light Kit For Living Room Bedroom Kitchen And Bladeless Caged Ceiling Fan With Lights
2445,Unranked(New),General Application,69.55,28,0,"High Performance Outdoor Indoor Speakers With Powerful Bass, 5 Core Outdoor Speakers Stereo In Wall Speaker Pair 100W Peak Passive Outside Surface Mount Wired Waterproof Patio House Garage Indoor Exterior Audio System Out Door Bocinas Para Casa"
2446,Unranked(New),General Application,9.7,0,0,Boys And Girls Universal LED White Two Kinds Of Lights High-Definition Makeup Mirror Can Adjust The Angle Of Comfort White Simple Style Dormitory And Home Portable Makeup Mirror Can Send Gifts
2447,Unranked(New),General Application,137.49,28,0,"52'' Modern Ceiling Fans With Remote,Wood Ceiling Fan With Lights,LED Ceiling Fan Light With 6 Blade,3 Speed AC Motor Indoor Ceiling Fan For Patio,Living Room,Bedroom--Chrome"
2448,Unranked(New),General Application,136.23,28,0,"20'' Small Size Ceiling Fan With Kit ,5 ABS Blades Antique Brown Decorate Ceiling Fan Light With Remote Control For Bedroom"
2449,Unranked(New),General Application,19.7,0,0,Cooling Ice Compress Fan Handheld Portable Small Desktop Charging Turbine Mini Usb Fan
2450,Unranked(New),General Application,12.9,0,0,"Robot Mini Bladeless Neck Fan USB Rechargeable Outdoor Portable Wireless Electric Air Cooling Hand Fan For Kids Adults Birthday Gifts (White)[High Quality]: The Neck Fan Is Equipped With A High-Quality Rechargeable Battery, Which Can Last Up To 6 Hours At The Lowest Speed. Powerful Airflow Keeps You Cool All Day. [Cool Trendy Mecha Style Design]: Silicone Lanyard Design, The Fan Can Be Easily Hung Around The Neck. It's A Must-Have For The Beach, Camping, Hiking, Traveling, Picnic, Park, Concert Or Sporting Event. [3-Gear Wind Speed Adjustable]: Just Click The Power Button Repeatedly To Adjust To The Most Comfortable Speed You Want, Allowing You To Enjoy The Coolness Anytime, Anywhere. [Mute Run]: This Mini Electric Fan Adopts A Safe Bladeless Fan Design, Which Can Well Protect Children From Being Damaged By The Fan Blades, And Can Be Used Safely."
2451,Unranked(New),General Application,22.8,0,0,"1pc Manual Ice Crusher, Shaved Ice Machine With 45° Thick Cutting Blade, For Finer Ice, Summer Snow Cone Maker, DIY Ice Cream, Milk Ice Breaker Machine, Household Snow Cone Machine"
2452,Unranked(New),General Application,32.5,0,0,"Cross-Border Fascia Gun With Four Heads, Fully Automatic Deep Muscle Relaxation With Six Gears, Electric High Frequency Vibration Massager For Home Use"
2453,Unranked(New),General Application,119.94,28,0,"52 Inch Crystal Ceiling Fan , Modern Electrical Fan With 5 Wood Reversible Blades, 4 Bulbs Not Included,Noiseless Reversible AC Motor For Bedroom/Living Room/Study/Patio Home Decoration (Chrome)"
2454,Unranked(New),General Application,7.2,0,0,"ABS Training Fitness EMS Stimulator, 8 Modes & 19 Intensity Levels, Suitable For Men & Women's Abdominal Exercise At Home Or Office"
2455,Unranked(New),General Application,17.1,0,0,"Portable Mini Cordless Hair Straightener With Ceramic Coating For Women, Lightweight And Compact Hair Styling Tool With Type-C USB Charging Port For Travelling And Parties. 2-In-1 Wireless Mini Portable USB Hair Straightener And Curling Iron With Large Capacity Battery For Long Battery Life. A Thoughtful Gift For Women, Perfect For Traveling, Adjustable Temperature Rechargeable Hair Styling Tool, Ideal For Mother's Day Gift. Ionizing Wireless Travel Hair Styling Tool Equipped With Smart Anti-Scald Technology For Effortless Styling Anytime, Anywhere. Home Hair Beauty Tool With Adjustable Temperature. Suitable For Dry Hair And Best For Hair Straightening, Curling, And Crimping."
2456,Unranked(New),General Application,2.3,0,0,"1pc Triangle Finch Massager, Fragrant Wood Multi-Function Point Rod, Mahogany Three-Pronged Foot Point Pressing Solid Wood Foot Massage Cone"
2457,Unranked(New),General Application,17.6,0,0,"Summer Automatic Split Hair Clipper, Type C Rechargeable Hair Trimmer, Automatic Split End Hair Trimmer, Professional Hair Care Gift, Father's Day Gift, Automatic Electric Hair Clipper, Type C Rechargeable Hair Split End Trimmer For Home Salon, Wireless Edge Control Trimmer"
2458,Unranked(New),General Application,18.3,0,0,"Portable Rechargeable Electric Nail Grinder Set, Cordless Manicure Grinding Machine, Nail Polish Stripper, Nail Trimming, Nail Art Tool"
2459,Unranked(New),General Application,20.9,0,0,Facial Massage & Cleansing Device
2460,Unranked(New),General Application,3.1,0,0,1pc Mini Wave Electric USB & Battery Operated Triangle Vibrating Massager
2461,Unranked(New),General Application,7.1,0,0,"1pc Rechargeable Electric Foot Grinder - Dual-Thickness Grinding Heads For Thick Leather Polishing, USB Charging, Lithium Battery Powered, Portable And Easy To Use"
2462,Unranked(New),General Application,54.3,0,0,"Cordless UV LED Nail Lamp, 60W 8000mah Rechargeable UV Light For Nails LED Nail Dryer With USB Port For Charging Phone And Nail Drill, Professional Nail Lamp For Gel Nail Polish"
2463,Unranked(New),General Application,17.4,0,0,"SilkySoft Massage Hair Comb - Advanced Electric Massage With Vibration, Anti-Stripping, Hair & Skin Care - Soft Silicone, Red/Blue Color Options, Gentle Light Care Head For Healthy Hair And Glowing Skin"
2464,Unranked(New),General Application,9.6,0,0,"1pc Rechargeable Mini Hair Straightener,3-Speed Adjustment Temperature USB Rechargeable Hot Comb For Women All Hair Types,Cordless Hair Straightener Brush,Portable Straightening Brush With Negative Ion,Hot Comb Hair Straightener Hot Tools,Lightweight & Mini For Travel"
2465,Unranked(New),General Application,25.3,0,0,"Hair Dryer Holder For  Supersonic, Aluminum Alloy Bracket Power Plug Holder, Bathroom Organizer For  Supersonic Hairdryer Care Tools"
2466,Unranked(New),General Application,131.09,28,0,Dual Crystal Lamp Shade Crystal Ceiling Fan With Lights Fandelier Chandelier Reversible Blades 3 Wind Speeds Remote Control For Bedroom Living Dining Room Chrome 52 Inch
2467,Unranked(New),General Application,122.51,28,0,"20''Industrial 5-Blade Ceiling Fan With Remote Control ,5 ABS Blades Small Size Ceiling Fan"
2468,Unranked(New),General Application,26.21,28,0,"1 Massage Gun, Portable Handheld Massager, For The Back Of The Body Neck And Waist, Elegant Shape, Suitable For Family Friends Partners Couples Gifts"
2469,Unranked(New),General Application,13.5,0,0,"Intelligent  Electric Toothbrush, USB Rechargeable  Care Smart Toothbrushes With Timer, Travel Case And 2 Brush Heads, Compatible With  Sonicare Replacement Toothbrush Brush Heads"
2470,Unranked(New),General Application,42.84,28,0,"High Power Mite Remover, Household Bed Mite Remover, Wireless Bed Sheet Vacuum Cleaner, Handheld Mite Remover"
2471,Unranked(New),General Application,10.2,0,0,Three In One Multifunctional Electric Hair Clipper Reciprocating Shaver Nose Hair Trimmer Set
2472,Unranked(New),General Application,6.5,0,0,"1pc Rechargeable Electric Pedicure Foot Callus Remover - Vacuum, Dual Grinding Heads, USB Charged, Efficient Thick & Fine Skin Removal"
2473,Unranked(New),General Application,14.0,0,0,"Desktop Double Spray Mist Water Cooling Fan With USB Charging, Long Lasting Battery Life For Home And Office"
2474,Unranked(New),General Application,8.0,0,0,1pc USB Rechargeable Mini Neck Fan With Strong Wind And Low Noise For Outdoor Slouchy Halter Fan Portable
2475,Unranked(New),General Application,138.19,28,0,"52 Inch Farmhouse Ceiling Fan Light, 5-Piece Dual Faced Blade Industrial Ceiling Fan With Adjustable Zipper Switch (Excluding Remote Control And Light Bulb)"
2476,Unranked(New),General Application,133.65,28,0,"52 Inch 5-Blade Industrial Cage Ceiling Fan Light, Indoor And Outdoor Ceiling Fan With Remote Control, Reversible AC Motor (Excluding Light Bulb)"
2477,Unranked(New),General Application,17.1,0,0,"Portable Mini Cordless Hair Straightener With Ceramic Coating For Women, Lightweight And Compact, Type-C Charging Port, USB Rechargeable, 2-In-1 Wireless Mini Portable Hair Straightener & Curler With Large Capacity Lithium Battery, Long Battery Life, Perfect For Party And Travel. Quick Charging USB Rechargeable Flat Iron And Curling Iron, With Smart Anti-Scald Technology, Adjustable Temperature Settings, Ideal For Home And Travel Use. Perfect Gift For Women, Mother's Day, Or Any Special Occassion That Requires A Travel Hair Styling Tool. Professional Hair Care Tool With Negative Ion Technology."
2478,Unranked(New),General Application,170.42,28,0,"18.1-Inch Cage Style Ceiling Fan Light With Remote Control, Timer, 3-Speed Indoor Ceiling Fan, Suitable For Farmhouses, Bedrooms, And Living Rooms (Excluding Light Bulbs)"
2479,Unranked(New),General Application,162.78,28,0,"52 Inch Antique Copper Metal 3-Light Crystal Ceiling Fan Light With 5 Wooden Leaves, Dual Color Fan Leaves, AC Motor, Remote Control, Reversible Airflow, 3-Speed, Adjustable Height (Without Light Bulb)"
2480,Unranked(New),General Application,19.6,0,0,"7.4V Portable USB Charging Mini Blender And Juicer - 3 Modes, Digital Display, 12 Blades, Easy To Clean, Perfect For Travel And On-The-Go Fresh Juice Extraction"
2481,Unranked(New),General Application,179.92,28,0,"52-In Farmhouse Glass Shade 5-Blade Reversible Ceiling Fan With Light Kit And Remote - 52 Inches For Bedroom ,Living Room--Chrome"
2482,Unranked(New),General Application,134.52,28,0,"52 Inch Crystal Chandelier Fan With Lights And Remote Control, Modern Ceiling Fan With Dual Finish Reversible Blades, Fandelier For Living Room, Dining Room, Bedroom, Family Room, Matte Black"
2483,Unranked(New),General Application,110.87,28,0,"BackID 1.3 Cu.Ft Beverage Refrigerator Cooler, 60 Can Mini Fridge With Glass Door, Digital Temperature Display For Soda, Beer Or Wine For Office Or Bar With Adjustable Removable Shelves"
2484,Unranked(New),General Application,12.2,0,0,"""Ergonomic Design"" Easy-Press Electric Pepper & Salt Grinder Set With Led Light - Adjustable Coarseness, Battery Operated (Aaa), One-Handed Operation"
2485,Unranked(New),General Application,128.51,28,0,"52"" Elegant Ceiling Fan Light With Remote, Crystal Chandelier Fan 5 Chrome Reversible Wood Blades For Dinning Room Bedroom Living Room"
2486,Unranked(New),General Application,134.51,28,0,"52"" 3-Light Chrome Ceiling Fan + Remote, Traditional Farmhouse Rustic Industrial Bohemian Country Cottage Transitional Glam For Home, Kitchen, Living Room"
2487,Unranked(New),General Application,26.7,0,0,Car Wireless Dual-Use Car Home Handheld Vacuum Cleaner
2488,Unranked(New),General Application,15.0,0,0,"Desktop USB Charging Fan, Quiet Portable Table Fan With Large Wind, Long Battery Life For Home, Dormitory With Oscillation Function"
2489,Unranked(New),General Application,489.88,28,0,"Single Wall Oven, 24"" Built-In Electric Ovens With 8 Functions, 70L Smart Oven With With LED Display, Air Fryer Combo Convection Oven, Convection Wall Oven, 3000W, 240V, Touch Control"
2490,Unranked(New),General Application,1.95,50,0,"Electric Nose And Ear Hair Trimmer, Eyebrow Shaver For Men And Women, Stainless Steel Blades, Silent Motor, Nose Cleaner, Father's Day Gift"
2491,Unranked(New),General Application,34.3,4,0,"Lighted Makeup Mirror 5X Magnifying Swivel Vanity Mirror With 72 Bright Medical LED Lights 3 Color Modes, 8 Inch Round Tabletop Standing Polished Chrome Finished Cosmetic Mirror Rechargeable"
2492,Unranked(New),General Application,19.6,4,0,"GTS Hair Clippers For Men Professional - Cordless Barber Clippers For Hair Cutting & Grooming, Rechargeable Professional Digital Tube Electric Hair Trimmer For Household Hair Salons"
2493,Unranked(New),General Application,12.5,4,0,"1Pc,Electric Rechargeable Foil Shaver,Shaving Reciprocating Double Mesh Shaver, Digital Power Display Razor,Can Shave, Shave Head"
2494,Unranked(New),General Application,11.4,4,0,"New Arrival 4 In 1 Waterproof Electric Shaver With Floating Head, USB Charging, Portable And Multifunctional, 1pc"
2495,Unranked(New),General Application,10.0,4,0,"Professional Hair Straightener, Temperature Adjustment, Flat Iron Curling Iron Hair Curler, Gifts For Women, Mother's Day Gift"
2496,Unranked(New),General Application,132.8,28,0,"Thin Ceiling Fan With Lights (Excluding Light Bulbs), With Dark Wooden 52 Inch Blades (Optional Remote Control And 2 Colors Of Optional Blades)"
2497,Unranked(New),General Application,725.75,28,0,"VEVOR Commercial Electric Meat Bandsaw 2200W Stainless Steel Countertop Bone Sawing Machine Workbeach 18.5"" X 20.9"" 0-7.1 Inch Cutting Thickness Frozen Meat Cutter With 6 Blades For Rib Pork Beef"
2498,Unranked(New),General Application,13.4,4,0,"New Portable Rechargeable Electric Shaver With 6 Floating Blades With Waterproof Stainless Steel Blades, 1pc"
2499,Unranked(New),General Application,15.4,4,0,"KEMEI Professional Rechargeable Hair Clippers Km-1512 Hair Trimmer Machine Men Oil Head Carving Haircut,Valentine Day Gifts"
2500,Unranked(New),General Application,22.18,28,0,"1.5 In Thermal Brush, 10 Temps LCD Display Up To 410°F Curling Brush Curling Iron Heated Curling Brush, Double PTC Ceramic Tourmaline Ionic Volumizing Brush, 110-240V Travel Whether You're Looking"
2501,Unranked(New),General Application,23.18,28,0,"1.5 In Thermal Brush, 10 Temps LCD Display Up To 410°F Curling Brush Curling Iron Heated Curling Brush, Double PTC Ceramic Tourmaline Ionic Curling Comb Volumizing Brush, 110-240V Travel Curling Iron"
2502,Unranked(New),General Application,172.3,3,0,"Latte Coffee Makers Espresso Machine 20 Bar, 3 IN 1 Professional Espresso Maker With Barista Coffee Grinder/Milk Frother,For Home Brewing"
2503,Unranked(New),General Application,22.7,4,0,KEMEI Electric Hair Clippers Trimmer Km-1831 Gold 2000Mah Lithium Battery Professional Hair Clippers With Adjustable Cutter Head
2504,Unranked(New),General Application,17.0,0,0,Desktop Small Fan Rechargeable Ultra-Quiet High Wind Power Desktop Circulation Fan Summer Office Student Dormitory Dormitory Super Long Battery Life
2505,Unranked(New),General Application,65.54,28,0,"EVELYN Smart Shot Intelligent High Speed Negative Ionic Hair Dryer With Diffuser - Hot/Cool Blast And Ionic Frizz Control, Fast Drying Blow Dryer With 110000 RPM Motor - 4 Temps & 2 Speeds, Pink…"
2506,Unranked(New),General Application,25.7,28,0,"Massage Belt, A Set Of 15 Minute Massage Belts With 6 Modes And 18 Intensity Levels, Suitable For Abdomen, Back, Arms, Legs, Blue, Suitable For Adults To Use As Holiday Gifts"
2507,Unranked(New),General Application,29.98,28,0,Electric Salt And Pepper Grinder Set Rechargeable - Stainless Steel Automatic Salt And Pepper Grinder Set With LED Light Refillable With 6 Adjustable Coarseness Settings
2508,Unranked(New),General Application,145.65,28,0,"Ceiling Fan AC Motor Low Noise Small Ceiling Fan Modern Enclosed Reversible Motor Ceiling Fan For Farmhouse, Bedroom Living Room Bedroom"
2509,Unranked(New),General Application,11.2,0,0,"Portable Hand Held Misting Fan, 2000mAh Rechargeable Battery Operated, Personal Foldable Makeup Fan On Desk, Portable Cooling Fan For Travel/Summer/Concerts/Lash"
2510,Unranked(New),General Application,22.18,28,0,"1.5 In Thermal Brush, 10 Temps LCD Display Up To 410°F Curling Brush Curling Iron Heated Curling Brush, Double PTC Ceramic Tourmaline Ionic Volumizing Brush, 110-240V Travel Whether You're Looking"
2511,Unranked(New),General Application,26.21,28,0,"A Handy Hand Massager, Hand Massage, And Electric Rechargeable Massage Ideal As Gifts For Family, Friends, And Partners"
2512,Unranked(New),General Application,35.27,28,0,"Medcursor Shiatsu Shoulder Neck Back Massager With Heat, Electric Deep Tissue Massage Pillow For Pain Relief, Great Gift"
2513,Unranked(New),General Application,19.2,0,0,"Portable Air Conditioning Fan Lamp With 7 Color LED Lamp - Desk Air Cooler - With Timing Function, Humidification Spray,"
2514,Unranked(New),General Application,11.0,0,0,"1pc  Portable Blender, 6 Blade Juicer Cup Suitable For Fruit Juice Citrus Lemon Vegetables"
2515,Unranked(New),General Application,18.1,4,0,Face Body Hair Removal Lady Bikini Trimmer Shaving Machine Kemei KM-6037 Rechargeable Women Epilator Electric Shaver Razor
2516,Unranked(New),General Application,34.3,4,0,"Lighted Makeup Mirror 5X Magnifying Swivel Vanity Mirror With 72 Bright Medical LED Lights 3 Color Modes, 8 Inch Round Tabletop Standing Polished Chrome Finished Cosmetic Mirror Rechargeable"
2517,Unranked(New),General Application,15.4,0,0,"1pc 3-In-1 Mini Food Processor, Electric Food Processor, Compact Food Processor With Powerful Motor, Small Food Processor With Non-Slip Pad, Portable Food, Meat, Vegetable Electric Food Processor"
2518,Unranked(New),General Application,1.6,50,0,New Mini Eye Massager Electric Vibration Beauty Device Magnetic Portable Facial Massage Stick 4 In 1 Electric Face Massager Mini Acupoint Massager Muscle Relaxation Device A Gift For Ladies
2519,Unranked(New),General Application,93.39,28,0,"Portable Carpet Cleaner, Suitable For Sofas, Pets, Car Seats, Carpets, Interior Decoration, And Furniture"
2520,Unranked(New),General Application,16.5,0,0,"1pc Silicone Ice Cube Tray With Lid, 30-40 Oz Durable Ice Tray For Whiskey, Cocktails, Beverages, Coffee, Easy-Release Flexible Ice Maker,"
2521,Unranked(New),General Application,18.14,28,0,"Handheld Fan With Aromatherapy,90° Automatic Head Shaking Rechargeable Personal Turbo Fan,Quiet Mini Portable Hand Fan,3 Speeds Battery Operated Fan And Desk Base For Travel,Home,Office"
2522,Unranked(New),General Application,8.9,0,0,"Flex Edge Beater For Kitchenaid,Kitchen Aid Mixer Accessory,Kitchen Aid Attachments For Mixer,Fits Tilt-Head Stand Mixer Bowls For 4.5-5 Quart Bowls,Beater With Silicone Edges,White,Upgrade Your KitchenAid Mixer With This 1pc Flex Edge Beater"
2523,Unranked(New),General Application,34.26,28,0,"Silent Bedroom Humidifier - 4L Top Fill Cool Mist Humidifier With Essential Oil Diffuser, Night Light, 360° Nozzle, And 50-Hour Runtime For Home, Nursery, And Plants"
2524,Unranked(New),General Application,40.32,28,0,"Silent Bedroom Humidifier - 4L Top Fill Cool Mist Humidifier With Essential Oil Diffuser, Night Light, 360° Nozzle, And 50-Hour Runtime For Home, Nursery, And Plants"
2525,Unranked(New),General Application,125.09,28,0,"BackID 1.6 Cu.Ft Beverage Refrigerator Cooler, 70 Can Mini Fridge With Glass Door, Digital Temperature Display For Soda, Beer Or Wine For Office Or Bar With Adjustable Removable Shelves"
2526,Unranked(New),General Application,33.7,0,0,"Cross-Border Fascia Gun With Four Attachments, Six Adjustable Speeds, Automatic Deep Muscle Relaxation, Electric High-Frequency Vibration Massager For Home Use"
2527,Unranked(New),General Application,2.7,0,0,"Stainless Steel Nose Hair Trimmer - Safe & Durable, Manual For Precise Trimming, Washable & Portable - Unisex, Perfect For On-The-Go Grooming"
2528,Unranked(New),General Application,16.0,0,0,"1pc Seago 507B Rechargeable  Electric Toothbrush, 5 Modes With Brushing Timer, IPX7 Waterproof, Ideal Gift For Girlfriend's Birthday"
2529,Unranked(New),General Application,8.1,0,0,Scalp Machine Pore Cleaning Acne Suction Blackhead Instrument Facial Cleansing Instrument
2530,Unranked(New),General Application,15.6,0,0,Low Noise Barber Cordless Hair Trimmer Km-643 Strong Power Best Rechargeable Professional Hair Clippers For Man
2531,Unranked(New),General Application,70.55,28,0,Kexi Portable Travel Steam Iron 1200W Powerful Lightweight Fabric Steam Iron For Home And Travelling
2532,Unranked(New),General Application,13.3,0,0,"Kemei Km-1433 Multifunctional Usb Hair Trimmer, Nose Hair Trimmer, Beard Shaver"
2533,Unranked(New),General Application,154.22,28,0,"18 Inch Ceiling Fan Light - Cage Style Ceiling Fan With Remote Control (3-Speed Adjustable), Enclosed Reversible Ceiling Fan (Without Light Bulb)"
2534,Unranked(New),General Application,489.88,28,0,"24"" Electric Wall Oven, Built-In Convection Oven With 8 Cooking Modes, Air Frying, Timer & Touch Control - Stainless Steel Finish, 2.5 Cu.Ft, 3000W, 240V"
2535,Unranked(New),General Application,21.8,0,0,"1pc New Electric Lunch Box, 2L, Double Independent Inner Layer, 304 Stainless Steel, 24-Hour Reservation, Dry-Burning Protection, Odorless Steaming, Durable And Sturdy, Bottom Can Be Added Water, Easy To Carry For Travel, Office, Convenient And Space-Saving, Ideal Gift, Sold By Electric Lunch Box Store"
2536,Unranked(New),General Application,10.9,0,0,"250ml High-Speed Electric Mini Food Chopper - Powerful 20000RPM Rechargeable Garlic Cutter, Compact Vegetable Processor, Fruit & Meat Grinder With USB Charging, Lithium Battery And Portable Design For Onion, Chili, Celery, Ginger Chopping"
2537,Unranked(New),General Application,22.0,0,0,"1pc Colorful Flame Rhythm Aroma Diffuser, 7 Color Changing Ultrasonic Essential Oil Diffuser, Super Quiet Aromatherapy Diffuser For Large Room, Bedroom, Office (Auto Shut-Off, 700mL)"
2538,Unranked(New),General Application,41.6,0,0,Nail Dust Collector 80W Powerful Nail Vacuum Dust Collection With 2 Reusable Filters Rechargeable Dust Collector Extractor Nail Salon
2539,Unranked(New),General Application,11.5,0,0,"Cat Ears Mini Portable Fan, Handheld Fan Personal Mini Fan USB Rechargeable With Ambient Light, Battery Operated Mini Fan, Desk Fan Working Time For Office Bedroom Outdoor Travel Camping Back To School Supplies"
2540,Unranked(New),General Application,40.31,28,0,"Nekteck Cordless Neck And Back Massager For Pain Relief Deep Tissue, Shiatsu Neck Massager With Heat"
2541,Unranked(New),General Application,83.0,0,0,"Household Small Smoothie Machine USB Charging Shaved Ice Machine Milk Tea Ice Breaker Ice Crusher Electric Double Blade Charging Shaved Ice Machine Household Small Milk Tea Ice Breaker 1 Battery Rechargeable Ice Shaving Machine With Double Steel Blades Quickly Crush In 3 Seconds, Easy To Clean, Snow Cone Maker Kit Includes Scraper Perfect For Home, Kitchen And Camping"
2542,Unranked(New),General Application,14.9,3,0,"GTS Mini Portable Alloy Electric Shavers For Men, IPX7 Waterproof, Wet & Dry Use, Cordless Travel Lock Beard Shaver, USB Rechargeable Electric Razor, Battery Indicator"
2543,Unranked(New),General Application,14.5,4,0,"Hair Remover For Women, Painless 5 In 1 Waterproof Lady Electric Shaver USB Rechargeable, Womens Facial Shaver For Bikini,Nose Hair,Eyebrow,Arm,Leg Facial Hair Remover"
2544,Unranked(New),General Application,6.4,4,0,Kemei Mini Hair Trimmer Portable Hair Clipper Hair Cutting Machine For Travel Or Home Use AA Battery Trimmer Machine For Men KM-666
2545,Unranked(New),General Application,7.3,0,0,Kemei KM-666 Wholesale Mini Dry Battery Hair Clipper Portable Hair Trimmer Wholesale Hair Cut Trimmer
2546,Unranked(New),General Application,7.3,0,0,Boys And Girls Universal LED Four Kinds Of Lighting High-Definition Makeup Mirror Can Adjust The Angle Of Comfort Dormitory And Home Portable Simple Style Makeup Mirror
2547,Unranked(New),General Application,65.54,28,0,"EVELYN Smart Shot Intelligent High Speed Negative Ionic Hair Dryer With Diffuser - Hot/Cool Blast And Ionic Frizz Control, Fast Drying Blow Dryer With 110000 RPM Motor - 4 Temps & 2 Speeds, Black"
2548,Unranked(New),General Application,6.6,0,0,"1pc New USB Handheld Fan Mini Portable Student Fan With Folding Display & Aroma Feature, Gift Boxed With Base, Lanyard & Charging Cable"
2549,Unranked(New),General Application,25.5,0,0,Camping Fan With LED Lantern 4000mAh Portable Tent Fan Power Supply Personal Fan Lantern For Tent RV Hurricane Emergency Outages
2550,Unranked(New),General Application,5.5,0,0,"1pc Best-Selling Mini Pocket Fan Portable Battery Quiet Small Fresh Handheld Small Fan,Dormitory Desktop Fan, Pocket Square Fan, Gift For Family And Friends"
2551,Unranked(New),General Application,6.1,0,0,"1pc Handheld Fan USB Rechargeable Portable Mini Fan, Foldable, Suitable For Indoor & Outdoor, Cute Design, Perfect For Outdoor Activities, School, Beach, Pool, Party, Office, Daily Life Use, Summer"
2552,Unranked(New),General Application,17.7,0,0,"Portable Camping Fan Rechargeable, 7800mAh Battery Powered Fan With LED Lantern Small Table Fan, USB Battery Operated Fans For Travel Tent Office Desk Barbecue Fishing"
2553,Unranked(New),General Application,136.23,28,0,"20 Inch Small Cage Style Ceiling Fan Light, 5 ABS Blades, Antique Brown Decorative Ceiling Fan, With Remote Control (Excluding Light Bulbs)"
2554,Unranked(New),General Application,17.14,28,0,"Thermal Brush, 1.25 Inch Curling Brush Curling Iron 410°F Ceramic Tourmaline 110-240V Voltage Double PTC Heater Volumizing Brush Styler Head With For Travel Heated Round Brush"
2555,Unranked(New),General Application,19.1,0,0,"Neck Fan, Rechargeable Portable Neck Fan, 5200mAh Battery Powered Bladeless Cooling Fan, 4-Speed Wearable Hands-Free Personal Fan, 360°C Cooling Airflow Hanging Neck Fan For Men, Women"
2556,Unranked(New),General Application,9.7,0,0,"Car Vacuum Cleaner 2500pa Handheld USB Charging Dual-Use Portable Multifunctional Cleaner For Home And Car, Including Blowing And Suction Function"
2557,Unranked(New),General Application,141.41,28,0,"Wall Mount Range Hood 30"", Stainless Steel Chimney-Style Over Stove Vent Hood With Ducted/Ductless Convertible Duct, 3-Speed ​​Exhaust Fan, Led Lights, Permanent Filter, 400 Cfm"
2558,Unranked(New),General Application,126.55,28,0,"52 Inch 3 ABS Blade Ceiling Fan With 3 LED Lights And Remote Control (5-Speed Adjustable), DC Motor Modern Ceiling Fan"
2559,Unranked(New),General Application,134.52,28,0,"52 Inch 5-Blade Crystal Chandelier Fan With Light And Remote Control, Modern Ceiling Fan Light With Double-Sided Reversible Blades (Excluding Light Bulbs)"
2560,Unranked(New),General Application,134.52,28,0,52 Inch Crystal Ceiling Fan Light Fan With 5 Double Faced Reversible Blades (Excluding Light Bulbs)
2561,Unranked(New),General Application,207.64,28,0,"BackID 4.5 Cu.Ft Beverage Refrigerator Cooler, 145 Can Mini Fridge With Glass Door, Digital Temperature Display For Soda, Beer Or Wine For Office Or Bar With Adjustable Removable Shelves"
2562,Unranked(New),General Application,125.09,28,0,"BackID 1.6 Cu.Ft Beverage Refrigerator Cooler, 70 Can Mini Fridge With Glass Door, Digital Temperature Display For Soda, Beer Or Wine For Office Or Bar With Adjustable Removable Shelves"
2563,Unranked(New),General Application,9.4,0,0,"1 Pc Summer Watch Handheld Fan, 3-Speed Silent USB Rechargeable, Watch Fan Portable Quiet Small Fresh Handheld Small Fan"
2564,Unranked(New),General Application,92.74,28,0,"Aspiron Upgraded Canister Vacuum Cleaner, 1200W Bagless Vacuum Cleaner, 3.7Qt Large Capacity, Automatic Cord Rewind, Dual HEPA Filters, 5 Tools"
2565,Unranked(New),General Application,411.26,28,0,"Single Wall Ovens 24 Inch Electric, 3000W Gas Oven With 8 Cooking Functions, 2.5 Cu.Ft. Built-In Wall Oven With Touch Screen & Mechanical Knobs Control, Stainless Steel"
2566,Unranked(New),General Application,25.69,28,0,"Rechargeable Desk Fan With Tripod, Camping Fan Battery Powered Table Fan, Personal Mini Fan, 4-Speed 360° Vertical Rotatable Portable USB Fan, Silent, For Bedroom, Office, Desktop And Travel (White)"
2567,Unranked(New),General Application,10.0,0,0,"1pc Creative New Item 1.5L Manual Vegetable Chopper And Meat Grinder, Household Hand-Operated Meat Mincer"
2568,Unranked(New),General Application,7.2,0,0,"1pc Mini USB Charging Collar, Handheld, Astronaut Leafless Astronaut Electric Fan, A Good Helper For Summer Outing"
2569,Unranked(New),General Application,35.9,4,0,"Vanity Mirror With Lights, 1X/10X Magnifying Makeup 8 Inch Rechargeable Double Sided Lighted Mirror, Dimmable Led 3 Color Lighting Modes"
2570,Unranked(New),General Application,22.9,4,0,"Electric Razor Shaver, Beard Trimmer Hair Trimmer Shaving Kit, Foil Shaver Barber Clipper For Men, Men's Grooming Kit, Holiday Gifts For Him"
2571,Unranked(New),General Application,34.22,28,0,"Steam Iron With Rapid Heating Soleplate, With Precise Thermostat Dial, Auto-Off, For Home Clothes Ironing Use, Electric Iron Blue"
2572,Unranked(New),General Application,8.1,0,0,"1 PP Material Kitchen Four Grid Egg Cooker Cute Chicken Model Microwave Oven Egg Cooker Egg Steamer Boiler Stove, Suitable For Household Use Of Steaming And Cooking"
2573,Unranked(New),General Application,7.3,50,0,"Rechargeable Men's Electric Shaver, 2-In-1 Wet & Dry Men's Electric Razor, Beard Trimmer, Rotary Shaver, Father's Day Gift"
2574,Unranked(New),General Application,9.6,4,0,Electric Cordless Professional Hair Clippers Kemei Km-1256 High Quality Usb Barber Waterproof Cordless Hair Trimmer
2575,Unranked(New),General Application,34.26,28,0,"Juicer Machines, SiFENE Compact Centrifugal Juicer Extractor, Juice Maker For Vegetable And Fruit With 3-Speed Setting, Easy To Clean, Black"
2576,Unranked(New),General Application,19.15,28,0,"Thermal Brush,1.25 Inch Curling Iron Brush,Thermal Hair Brush 320°F-400°F,1 1/4 Inch Travel Curling Iron Dual Voltage,PTC Heated Round Brush Ceramic Tourmaline Ionic Hot Brush,Thermal Round Brush"
2577,Unranked(New),General Application,30.84,28,0,"Juicer Machines, SiFENE Compact Centrifugal Juicer Extractor, Juice Maker For Vegetable And Fruit With 3-Speed Setting, Easy To Clean, White"
2578,Unranked(New),General Application,5.4,0,0,Folding Small Fan USB Charging Storage Office Travel Essential Wind Strong Endurance
2579,Unranked(New),General Application,171.35,28,0,"Ultenic Gyro Robot Vacuum Cleaner, 3-In-1 Sweep Vacuum Mop, 3000 Suction, 4 Cleaning Modes, 2600mAh Battery, D6S"
2580,Unranked(New),General Application,34.26,28,0,"Portable Table Fan NF1, With  Aromatherapy (Inbuilt Battery, Dark Green)"
2581,Unranked(New),General Application,21.5,0,0,"1set New Hair Clippers, Professional Quiet Hair Trimmer For Kids And Toddler, Rechargeable Cordless Hair Cutting Machine For Children, With LCD Display"
2582,Unranked(New),General Application,55.44,28,0,"Whole Body High Frequency Massager Muscle Relaxation Massager, 6 Head And Neck Membrane Massager 6 Fascia Gun"
2583,Unranked(New),General Application,54.61,28,0,"Portable Dryer, Mini Dryer With Timer - Fast And Easy To Use Compact Dryer For Apartments, Dorms, RVs."
2584,Unranked(New),General Application,19.6,0,0,"Portable Camping Fan, Desktop Style With Charging Port, Room Ornament, Multifunctional And Oscillating Mini Fan"
2585,Unranked(New),General Application,179.93,28,0,"BackID 3.2 Cu.Ft Beverage Refrigerator Cooler, 126 Can Mini Fridge With Glass Door, Digital Temperature Display For Soda, Beer Or Wine For Office Or Bar With Adjustable Removable Shelves"
2586,Unranked(New),General Application,5.5,0,0,"Portable Handheld Silent Mini Fan, Rechargeable, Suitable For Office, Desk, Dormitory, And Students, Ultra Quiet"
2587,Unranked(New),General Application,4.1,0,0,1Pc Mini Portable Fan USB Rechargeable Cooler Collapsible Handheld Desktop Fan Quiet Foldable Office Home Handy Power Bank
2588,Unranked(New),General Application,7.6,0,0,"1pc Mini Portable Fan, Handheld Fan With Mist, Cooling, And Cute Cartoon Design For Students"
2589,Unranked(New),General Application,15.4,0,0,Barber Blading Hair Cutting Machine Clipper Kemei KM-1071Grooming Cordless Rechargeable Professional Shaver Clippers
2590,Unranked(New),General Application,16.6,0,0,Kemei Cordless Rechargeable Hair Clipper Advanced Hair Clipper For Men KM-5017
2591,#2 Best Sellers,in Stick Vacuum Cleaners,172.3,0,0,"1pc Wireless Vacuum Cleaner, 25Kpa Handheld Vacuum With US Plug, 4-In-1 Cordless Stick Vacuum, 35-Minute And Removable Battery For Pet Hair On Carpet And Hard Floor, Floor Brush With LED Front Light, Powerful Suction With Brushless Motor"
2592,Unranked(New),General Application,15.8,6,10.0,"Portable & Powerful Full Body Massager, Wireless, 10 Vibration Modes, Speed Control, Ideal For Fatigue Relief & Tailored Muscle Therapy"
2593,Unranked(New),General Application,2.46,2,0,"1PC USB Charging, Thermal Eyelash Curler Thermal Eyelash Curler Temperature Control Charging Mini Lasting Makeup Tool."
2594,Unranked(New),General Application,5.52,40,0,"1pc, Kitchen Scale, Food Scale, Kitchen Weighing Scale, Accurate Kitchen Scale, Electronic Scales, Coffee Electronic Scale, Digital Scales For Kitchen, Baking Scale, Kitchen Accessaries, Baking Tools"
2595,Unranked(New),General Application,8.6,7,0,"1pc USB Rechargeable Handheld Pull-Out Mini Fan, 2000mAh Portable Pocket Fan, Quiet Desktop Fan With Mobile Power Function, Suitable For Travel And Outdoor Use"
2596,Unranked(New),General Application,17.8,0,70.0,1Pc Portable Humidifier Fan AIr Conditioner Household Small Air Cooler Hydrocooling Portable Air Adjustment For Office 3 Speed Fan
2597,Unranked(New),General Application,28.02,40,0,"Electric Food Chopper Food Processor, 1.8L Glass Bowl Grinder For Meat, Vegetables, Fruits And Nuts Stainless Steel Motor Unit And Sharp Blades, 300W Food Processor Meat Grinder Mini Electric Food Chopper For Food, Meat , Onions, Vegetables"
2598,Unranked(New),General Application,14.19,27,40.0,"1 PC Digital Bathroom Scale, Highly Accurate Body Weight Scale with Lighted LED Display, Round Corner Design, 5-180kg(11-396lbs), Black(Batteries not included)"
2599,Unranked(New),General Application,9.65,50,0,"TOUCHBeauty 1pc TOUCHBeauty Mini Air & LED Light Nail Dryer For Regular Nail Polishes, Ideal Gift To Kids Teens Powerful Fan, Battery Powered (Small-PK)"
2600,Unranked(New),General Application,14.7,4,30.0,Electric Splint Small Hair Straightener Bangs Special Straightening Portable Hair Straightener Hair Styling Tool
2601,Unranked(New),General Application,6.0,3,100.0,"Cute Bear Shaped Portable Mini Fan, Multicolor Ombre Design, Ideal For Summer Use"
2602,Unranked(New),General Application,3.3,0,10.0,"Crystal Hair Remover, Reusable Women Shaver For Underarms, Legs, Arms And Bikini Area, Waterproof Painless Exfoliation Crystal Hair Remover For Women, Provide Soft Smooth Silky Skin"
2603,Unranked(New),General Application,13.17,0,0,Unbeatablesale 0.5 X 0.5 In. PEX-A Barb Brass Tee Fitting
2604,#8 Best Sellers,in Temperature Gauges,2.2,0,0,"Wooden Wall-Mounted Thermometer, Suitable For Indoor/Outdoor Decoration Of Room, Industrial Workshop And Greenhouse, Portable And Movable Thermometer"
2605,Unranked(New),General Application,11.62,17,10.0,"1pc Usb Charging Electric Foot Grinder, Dead Skin Remover, Callus Remover Automatic Foot Care Tool"
2606,Unranked(New),General Application,4.74,31,0,3R Silicone Car Trash Can - Creative Fashion Mini Car Storage Box - Lovely Car Garbage Can
2607,Unranked(New),General Application,37.9,58,0,"Retro Mini Refrigerator, Cosmetic Refrigerators, Car Mini Fridge Portable Cooler For Office, Dorm Room, Small Fridge, Drinks Refrigerator, Food Refrigerator, Black"
2608,Unranked(New),General Application,24.69,35,0,"New Hair Dryer With High Speed Moto - Normal Curly Hair Fast Drying For Home Salon Travel Woman Including Curly Hair Styling Nozzle, Anionic Hair Care"
2609,Unranked(New),General Application,31.4,4,0,"Kemei 2pcs Professional Men Electric Shaver, Hair Trimmer Machine, Cordless Hair Cutting Machine, Professional Graffiti Pattern Hair Clipper For Men, Hair Carving Barber Kit With T-Blade"
2610,Unranked(New),General Application,9.4,0,0,"1pc + USB Car Seat Fan With Three Speed Wind Control Independent Switch, Compact & Lightweight, Innovative Design, Powerful Wind, Suitable For Car Seats With USB Port"
2611,Unranked(New),General Application,10.5,0,0,1pc POREE Rechargable PR1508 Hairball Trimmer Household Shaving Hair Ball Remover
2612,Unranked(New),General Application,41.75,12,0,Kitchen Tools Multifunctional Folding Handheld Press Noodle Machine Mould Household Noodle Machine
2613,Unranked(New),General Application,55.0,38,0,"14-Cup Programmable Coffee Maker, Regular & Strong Brew Drip Coffee Machine For Home And Office, Glass Carafe, Washable Filter, Keep Warm,  Silver & Stainless Steel"
2614,Unranked(New),General Application,46.99,41,30.0,"HOMM Juicer Machine, 800W Centrifugal Juicer Extractor with Wide Mouth 2.5” Feed Chute for Fruit Vegetable, Cold Press Electric Juicer Machine with 100% High Juice Yield, Easy Clean, Stainless Steel, 2-Speed Setting, Compact Centrifugal Juicer Anti-drip"
2615,#4 Best Sellers,in Temperature Gauges,2.46,40,0,"5pcs Hanging Thermometers With Long Rod, Portable Room Temperature Gauge, Greenhouse Vegetable Temperature Meter, Indoor Thermostat, Home Use Thermometer"
2616,Unranked(New),General Application,25.4,0,30.0,Wireless Car Vacuum Cleaner Powerful Cyclone Handheld USB Rechargeable Large Capacity Dust Cup Fast Charging Home & Car Dual-Purpose Pet Hair Cleaner
2617,#6 Best Sellers,in Water and Ice Dispensers,159.99,33,0,"Bottom Loading Water Dispenser 5 Gallon,Hot Cold And Room Water Cooler With 3 Temperature Spouts, Empty Bottle Indicator Child Safety Lock Stainless Steel Black Home And Office Use"
2618,Unranked(New),General Application,26.99,33,20.0,"KOOC Small Slow Cooker, 2-Quart, Free Liners Included for Easy Clean-up, Upgraded Ceramic Pot, Adjustable Temp, Nutrient Loss Reduction, Stainless Steel, Pink, Round"
2619,Unranked(New),General Application,319.99,55,0,"Commercial Ice Maker Machine 100lbs/24H With 2 Water Inlet Modes, 36Pcs Ice Cubes In 8-15 Mins, Stainless Steel Under Counter/Freestanding Ice Machine With Large Storage Bin For Home/AShop/Office/Bar"
2620,Unranked(New),General Application,59.99,30,10.0,"Paris Rhône Space-Saving Fan TF002, Stand Up Floor Bladeless"
2621,Unranked(New),General Application,24.99,38,10.0,"1Pc For Women KidsDual Voltage Hair Dryer,Travel Mini Hair Dryer Lightweight Quiet Compact Blow Dryer With Concentrator, 1000W Hairdryer With European Plug Travel Size Bag For International Tarvel"
2622,Unranked(New),General Application,17.1,0,10.0,"720-Key Fascia Massage Gun, 1200mAh Rechargeable USB Upgrade Massager For Muscles Relaxation, 4 Massage Heads And 6 Speed Levels, Suitable For Office Sedentary Massage, Athletes And Bodybuilders For Relaxation After Exercise."
2623,Unranked(New),General Application,8.33,33,300.0,"1pc Women's Underarm Hair Removal Device, Epilator For Women, Womens Shaver & Trimmer, Cordless, Rechargeable"
2624,Unranked(New),General Application,13.2,0,0,1pc Three Colors Dimmable Led Lighted Makeup Mirror Women's Portable Folding Student Ins-Style Vanity Mirror With Lights For Dormitory/Desktop
2625,Unranked(New),General Application,5.2,0,0,"1pc Electronic Measuring Spoon, Spoon Design Electronic Scale For Kitchen"
2626,Unranked(New),General Application,13.7,4,30.0,"Cone Hair Curler,Hairstyling Tool Hair Curling Wand, Ceramic Hair Curler 13-25mm Heating Tube Hairstylist For Salon , Professional Hot Tools Curling Curler Wand"
2627,Unranked(New),General Application,5.7,40,0,"1pc Baking Electronic Scale, Stainless Steel Portable Food Scale For Kitchen"
2628,Unranked(New),General Application,31.1,4,20.0,Kemei Electric Clipper KM-2296 Cross Border Electric Clipper With Base USB Oil Head Engraving Clipper Hair Salon Barber
2629,Unranked(New),General Application,44.14,20,0,Waffle Iron Sandwich Maker3 In 1 Mini Waffle Maker With Removable Plates Waffle Irons Non-Stick Waffle Cone Maker Waffle Machine For Waffle Grill Sandwich
2630,Unranked(New),General Application,2.6,0,0,"16pcs/Set Replacement Brush Heads Compatible With Oral B  Electric Toothbrush, White. Deep And Precise Cleaning, Compatible With   Pro1000 /1500/100/500/Vitality/Genius X/7000/7500/8000/9600 Etc."
2631,Unranked(New),General Application,25.1,0,80.0,"Men Hair Clipper, Haircut Set & Zero Space T Cutter Combo, Cordless Hair Clip Set For Hair Cutting, With LED Display Christmas Gifts"
2632,#5 Best Sellers,in Laser Hair Removal Devices,19.7,0,0,"1pc White Plug Powered Laser Hair Removal Pulses 500,000 Flashes IPL Epilator 5 Levels Depilator Remover Permanent Professional Painless For Women Body Pubic Bikinis Home Use Devices"
2633,Unranked(New),General Application,170.63,0,0,Fruit Wine Press-4.8Gallon/18L
2634,Unranked(New),General Application,8.7,3,0,"1pc Portable Electric Hair Removal Device, Mini Lady Body Hair Shaver, Full Body Hair Removal For Women, Private Hair Removal"
2635,Unranked(New),General Application,40.99,42,0,360° Aire Para Carro De VENTtilador Aires Acondicionados Portatil VENTtilacion 12V
2636,#7 Best Sellers,in Curling Tongs & Curling Wands,11.4,7,0,"3 Barrels Hair Curling Iron, 1pc 22Mm Hair Crimper Temperature Adjustable, Ceramic Tourmaline Fast Heating Hair Curling Iron For Water Ripple Crimping, Egg Rolls, Straightening, Curling"
2637,Unranked(New),General Application,22.4,4,0,"Beard Trimmer, Mens Grooming Kit With Hair Clippers, Electric Razor, Shavers For Mustache, Body, Face, Ear, Nose Hair Trimmer, USB Rechargeable & LED Display"
2638,Unranked(New),General Application,112.33,44,60.0,"24'' Inch Summer Industrial Fan For Patry, Wedding, Festival,  3 Speed 8100 CFM Air Circulation High Velocity Fan For Warehouse, Workshop, Factory, Commercial, Residential And Greenhouse Black"
2639,Unranked(New),General Application,10.7,4,0,"Mini Ionic Hair Curler With LCD Display, Wool & Ceramic Hair Curling Iron, Small Hair Styling Tool"
2640,Unranked(New),General Application,39.99,50,0,"Automatic Mouthwash Dispenser Touchless 700mL(23.67 Oz),Wall Mounted Mouth Wash Dispenser for Bathroom with Magnetic Cups,Perfect for Kids and Adults"
2641,Unranked(New),General Application,9.3,0,0,"H13 True HEPA Filter Replacement For Fillo/Halo/Mooka Allo,3-In-1 Pre-Filter And Activated Carbon Filtration System With Filter Replacement, 1 Pack."
2642,Unranked(New),General Application,26.7,4,80.0,"1pc Newest Automatic Curling Wand Rotating Curling Iron, Professional 28mm/1.1 Inch Hair Curler Hair Styling Irons Fast Heating Wand For Medium/Long Hair"
2643,Unranked(New),General Application,96.99,43,0,84 Inches Long Portable 2 Folding Massage Bed Spa Bed W/Carry Case Table Heigh Adjustable Salon Bed Face Cradle Bed
2644,Unranked(New),General Application,43.51,5,20.0,Handheld Steam Cleaner 1.2L Portable High-Temperature Pressurized Steam Cleaning Machine With Brush Head For Kitchen Furniture Bathroom
2645,Unranked(New),General Application,29.99,40,0,"Masticating Juicer Attachment For KitchenAid Stand Mixers, Slow Juicer, White (Machine/Mixer Not Included)"
2646,Unranked(New),General Application,23.97,19,30.0,1pc 30KG / 1G Precision  LCD Digital Scale Electronic Balance Weight Scale Plastic Weight Scale Accuracy Weight Balance food Scales
2647,Unranked(New),General Application,13.01,55,10.0,"Portable Blender, Blender for Shakes and Smoothies, Personal Blender, USB Rechargeable 14 Oz Mini Blender With for Traveling, Outdoor, Gym, Office(White))"
2648,Unranked(New),General Application,171.35,28,0,"Mini Refrigerator With Freezer, Dual Storage Zone 3.2 Cu.Ft Compact Mini Fridge, Adjustable Thermostat Control, Reversible Doors, Ideal For Dorm, Office, Rv, Garage, Apartment"
2649,Unranked(New),General Application,219.99,39,40.0,"TOSHIBA 6-In-1 Inverter Microwave Oven Air Fryer Combo, MASTER Series Countertop Microwave, Healthy Air Fryer, Broil, Convection, Speedy Combi, Even Defrost 11.3'' Turntable Sound On/Off, 27 Auto Menu"
2650,Unranked(New),General Application,18.4,0,60.0,A5 Wireless Handheld Vacuum Cleaner (Black+Silver) With Hose
2651,#5 Best Sellers,in Table Fans,6.53,22,0,"Clip-On Usb Powered Fan With 3 Adjustable Speeds, Mini & Quiet Rechargeable Clip Fan, Suitable For Dorm, Office, Study, Etc. White Color, 2 Power Supply Modes: Battery Storage (Including A 18650 Lithium Battery) And Usb Power (Can Be Plugged Into A Computer Usb Port), Blade Diameter: 80mm"
2652,Unranked(New),General Application,30.98,61,0,"Electric Spin Scrubber, 2024 New Cordless Shower Scrubber With 8 Replaceable Brush Heads, 2.5H Bathroom Scrubber Dual Speed, Shower Cleaner Brush With Extension Arm For Bathtub Tile Floor"
2653,Unranked(New),General Application,12.6,0,0,1pc Portable 400ml Rechargeable Juicer Blender High Capacity Battery Six Blade Fast Ice Crushing For Smoothies  Veggie And Fruit Juices Perfect For Kitchen And Travel
2654,#8 Best Sellers,in Cleaning Appliances,101.95,46,0,"1pc Cleaning Vacuum Cleaner Washing Machine, Deep Cleaning For Sofa, Mattress, Pet, Seat, Carpet, Curtain, Bedding Decoration"
2655,Unranked(New),General Application,23.4,0,0,Black Manual Capsule Coffee Machine
2656,Unranked(New),General Application,31.34,22,0,"Dezin Mini Rice Cooker 2 Cups Uncooked, 1L Rice Cooker Small, Portable Travel Electric Cooker, Multi-Function Non-Stick Rice Maker With Timer Delay & Keep Warm Function"
2657,Unranked(New),General Application,44.99,50,20.0,"HOMM Juicer Machine, 800W Centrifugal Juicer Extractor With Wide Mouth 2.5"" Feed Chute For Fruit Vegetable, Cold Press Electric Juicer Machine With 100% High Juice Yield, Easy Clean, Stainless Steel, 2-Speed Setting, Compact Centrifugal Juicer Anti-Drip,Red"
2658,Unranked(New),General Application,64.3,0,0,"Laser Hair Removal For Women And Men - IPL Hair Removal With Ice-Cooling System For Painless & Long-Lasting Result, Whole Body Hair Removal"
2659,Unranked(New),General Application,69.99,55,0,"VEVOR Pivoting Utility Fan, 600 CFM High Velocity Floor Blower For Drying, Cooling, Ventilating, Exhausting, 300° Blowing Angle Air Mover, Portable Carpet Dryer Fan For Home, Work Shop"
2660,Unranked(New),General Application,4.7,0,0,"1pc Electric Shaver For Trimmers Battery Operated Travel Friendly Body Hair Trimmer For Women, Cordless Lady's Hair Removal, Dry Use Bikini Trimmer For Legs, Underarms, Bikini (Battery Not Included)"
2661,Unranked(New),General Application,18.8,0,0,"1pc USB Power Cord 300ML Essential Oil Diffuser, Quiet Premium Humidifier With Remote Control, Natural Home Fragrance Aroma Diffuser With 7 LED Color Changing Light And Timer- Wood Grain/Solid Color"
2662,Unranked(New),General Application,14.4,0,10.0,"Automatic Electric Hair Curling Roller Machine, Ceramic Straightening & Wavy Hair Curling Styling Tool For Women & Teen Girls, Easy Operation Hair Curler"
2663,#7 Best Sellers,in Electric Space Heater,29.99,55,0,"Space Heater HE003, 1500W 24"" Oscillating Ceramic Tower Heater W/ Remote, Indoor, Black"
2664,Unranked(New),General Application,39.99,56,0,"29"" 1500W Countertop Electric Barbecue Grill Hot Plate Temperature Control Cooking BBQ Griddle Non-Stick Table Top Grill Griddle Portable For Indoor Outdoor Kitchen Camping Picnic"
2665,Unranked(New),General Application,21.6,4,20.0,"D4 Hair Clippers For Men Professional - Cordless&Corded Barber Clippers For Hair Cutting & Grooming, Rechargeable Beard Trimmer Hair Clippers Professional Cordless For Men, Barber Clippers For Hair Cutting Kit, Wireless LCD Display Hair Trimmers Set"
2666,#9 Best Sellers,in Styling Tools & Appliances,8.2,0,0,"1pc Multi-functional 28mm Spiral Hair Curling Iron, Suitable For Wet And Dry Hair, Create Different Types Of Wavy Curls"
2667,Unranked(New),General Application,10.5,40,0,"New Outdoor Solar Animal Repellent Rat Repellent Bird Repellent Flash Animal Repellent, Animal Repellent."
2668,Unranked(New),General Application,10.2,4,0,"1pc LED Makeup Mirror, 3 Lighting Modes, Adjustable Brightness, Foldable Function, Portable High-Definition Mirror, Rechargeable For Use"
2669,Unranked(New),General Application,10.4,4,0,"Professional Electric Hair Clipper USB Cordless Electric Clipper Barber Beard Trimmer,USB Rechargeable Barber Hair Clipper Beard Rrimmer, Powerful Haircut Machine"
2670,Unranked(New),General Application,12.84,38,10.0,"Automatic Curling Iron, Negative Ion, Large Curl, Big Wave, Long Lasting Styling, Adjustable Curling Artifact."
2671,Unranked(New),General Application,15.3,0,0,"1pc Rechargeable Portable Humidifier Fan For Air Conditioning, Household Small Air Cooler, Water-Cooled Portable Air Conditioning, Office 5-Speed Fan"
2672,Unranked(New),General Application,9.6,0,0,"Kemei Professional Female Hair Removal Machine, Two Colors To Choose (Pink, Purple) , Easy To Quickly Hair Removal, Detachable Knife Head, Easy To Clean, Battery Durable And Rechargeable, Ladies Must, Family Must, Applicable To Travel And Holiday Gifts"
2673,Unranked(New),General Application,59.9,54,0,"New Tower Fans For Home, 80° Oscillating Standing Fans With Remote, 18 Ft/S Velocity Quiet Bedroom Fan, 3 Speeds, Bladeless Floor Fan, Black"
2674,Unranked(New),General Application,8.9,0,0,"2-In-1 Hair Straightener And Curler, Mini Hair Curling Wand, Hair Styling Tool For Straightening And Curling, Wet & Dry Bangs Clipper, Home Use"
2675,Unranked(New),General Application,11.2,0,10.0,1 Pcs Fabric Shaver Lint Remover Rechargeable Electric Portable Sweater Defuzzer With 3 Speeds Digital LED Display To Remove Pilling For Clothes Furniture Sweater Couch Blanket
2676,Unranked(New),General Application,11.1,0,0,"1pc Mini Smart Fingerprint Padlock, Waterproof Security Door Lock, Antitheft Keyless USB Rechargeable Lock For Suitcase Luggage"
2677,Unranked(New),General Application,12.1,0,0,"Portable 4 In 1 Electric Vegetable Slicer Set, Wireless Food Processor, With Clean Brush For Garlic Chili Onion Celery Ginger Meat"
2678,Unranked(New),General Application,37.99,61,50.0,"Juicer Machine, 500W Centrifugal Juicer Extractor With Wide Mouth 3"" Feed Chute For Fruit Vegetable, Easy To Clean, Stainless Steel,Red"
2679,Unranked(New),General Application,2.17,65,10.0,"Precision Replacement Brush Heads Compatible With Oral B Electric Toothbrush, White."
2680,Unranked(New),General Application,3.2,3,0,"1pc Mini Portable Electric Shaver With USB Charging, Razor"
2681,Unranked(New),General Application,111.99,49,0,"VIVOSUN 24"" Summer Industrial Fan Heavy Duty High Velocity Floor Standing Fan 3 Speed Air Circulation For Basement, Warehouse, Factory, Workshop And Greenhouse, ETL Certified"
2682,Unranked(New),General Application,16.7,4,20.0,"1pc 2x 3x Magnification Three-Folding Makeup Mirror With 22 LEDs, Suitable For Home, Travel, Portable, Foldable USB Makeup Mirror"
2683,Unranked(New),General Application,16.6,0,0,"Adult Ultrasonic Electric Toothbrush, USB Rechargeable, 3 Working Modes, With 4 Replaceable Microfiber Brush Heads, Medium Hardness, Unscented,, Lithium Battery Powered, Suitable For Sensitive Gums - Full Mouth Cleaning, Daily Use"
2684,Unranked(New),General Application,21.49,28,0,"Heavy Duty Manual Meat Grinder, Aluminum Alloy Food Mincer Durable Grind Manual Sausage Meat Grinder Clamp-On Hand Grinder For Home Use"
2685,Unranked(New),General Application,39.99,33,0,"Mini Skincare Fridge 4L With Dimmable LED Light Mirror, Cooler And Warmer For Refrigerating Make Up, And Food, Portable Mini Fridge For Bedroom, Office And Car Usage, Pink"
2686,Unranked(New),General Application,8.01,10,30.0,"Nail Clippers, Nail File, Electric Nail Clipper, Electric Automatic Nail Clipper, Electric Nail Clippers For Adults, Seniors, Nail Clippers Electric, Automatic Nail Clippers, Electric Nail Trimmer, Christmas Gift"
2687,Unranked(New),General Application,17.2,17,0,Electric Toothbrush Ultrasonic Cleaning Wireless Charging 5 Modes 6 Replacement Brush Heads Ipx7 Waterproof Protection For Dental Health With Travel Box For Home And Travel Use
2688,Unranked(New),General Application,12.8,3,0,"1 Piece Rechargeable 304 Stainless Steel Multifunctional Electric Vegetable Chopper,350ml Easy To Carry,Food Processor And Chopper For Garlic, Pepper, Onion, Celery, Ginger, Meat,Kitchen Gadgets"
2689,Unranked(New),General Application,68.99,30,0,"High Velocity 12"" Floor Fan Portable Outdoor Indoor 3 Speeds Adjustable Tilt Fan"
2690,Unranked(New),General Application,48.99,48,0,"Electric Meat Grinder Heavy Duty, 3000W Max Meat Mincer With 3 Stainless Steel Grinding And Sausage Stuffing Tubes For Home Use &Commercial"
2691,Unranked(New),General Application,11.8,0,10.0,"1pc English Language Wrist Blood Pressure Monitor With USB Cable, Adjustable Blood Pressure Monitor For Home Use, Large Screen Display And Voice Reporting, Measures Heart Rate, Powered By Lithium Battery"
2692,Unranked(New),General Application,110.0,4,0,"Venice Babe 1.25"" Flat Iron With Luxe Gem Infused Plates"
2693,Unranked(New),General Application,54.98,44,20.0,Costway 1000W Multifunction Portable Hand-held Steam Cleaner W/10 Accessories
2694,Unranked(New),General Application,12.6,10,0,"Heating Pad For Period Cramps, Portable Menstrual Cordless Electric Heated Pads For Pain Relief With Massager Rechargeable Heating Pad Birthday Gifts For Mom Women Girlfriend"
2695,Unranked(New),General Application,41.5,3,0,"Household Induction Cooker, Intelligent Multifunctional Hot Pot And Stir Fry Cooker"
2696,Unranked(New),General Application,32.39,40,0,"Table Fan, Rechargeable Battery Operated Desk Fan With Auto Oscillation 90 Foldable Ultra Quiet 4 Speeds Light, Portable Air Circulator Fan With Hook, Wall Fan For Bedroom Home Desktop"
2697,Unranked(New),General Application,3.6,0,0,LineHome Vacation Portable Black Mini Letter Fan With Battery For Summer
2698,Unranked(New),General Application,231.33,28,0,"Nugget Ice Maker Countertop, 40lbs/24H, Pebble Ice Maker With Soft Chewable Ice, Self Cleaning Ice Machine, Stainless Steel With Touch Screen, Compact Design For Home Office Bar Party -Silver"
2699,Unranked(New),General Application,2.97,1,1600.0,"1pc Portable Handheld Mini Fan With One-Speed Adjustment, Powered By Aa Battery, Suitable For Outdoor Activities"
2700,Unranked(New),General Application,7.08,40,0,1Pc Portable Mini Hand Clip Fan USB Charging Quiet Desktop Electric Fan  Student Dormitory Small Cooling Ventilador Fans
2701,Unranked(New),General Application,12.76,45,0,"2-in-1 Hair Straightener Flat Iron, Straightener and Curler for All Hairstyles,LCD 248°F-392°F,60 minute timed shutdown,17 gear temperature regulation"
2702,Unranked(New),General Application,47.9,52,0,6 In 1 Hair Dryer Brush Blow Dryer Brush Curling Wand Set
2703,Unranked(New),General Application,79.99,0,0,"Cooluli 10L Mini Fridge For Bedroom - Car, Office Desk & College Dorm Room - 12v Portable Cooler"
2704,Unranked(New),General Application,6.2,0,10.0,"1pc Multicolor Innovative USB Rechargeable Octopus Mini Fan - 3 Speeds, Wearable & Multi-Functional - Ideal For Stroller, Outdoor, Table, & Necklace - Ultra-Portable Cooling Companion"
2705,Unranked(New),General Application,17.4,0,10.0,Portable Multi-Function Car Vacuum Cleaner Large Suction Wireless Charging Small Handheld High Power Powerful Vacuum Cleaner In The Home Car Special
2706,Unranked(New),General Application,42.99,9,0,Impress Impress Mighty Mite 10-Inch Oscillating Portable Standing Fan With Metal Blades
2707,#5 Best Sellers,in Exhaust Fans,26.4,0,0,"1pc Portable Range Hood For Cooking,  Portable Kitchen Exhaust Fan, Portable Exhaust Fan For Kitchen, Desktop Range Hood, Portable Range Hood For Kitchen, Portable Kitchen Hood Vent"
2708,Unranked(New),General Application,16.5,0,10.0,"CRASTS Star MD-15 Foldable Hair Dryer With Concentrator Nozzle, Low Noise High Power Cold And Hot Airflow 3-Speed Settings 12m/S 17000r/Min Black, Suitable For Home And Salon Use"
2709,Unranked(New),General Application,11.34,10,10.0,"1pc Rechargable 500mAh Smooth & Shiny Nails Instantly - Electric Nail Grinder, Mini Manicure Pen & Multi-Head Grinder Set"
2710,#5 Best Sellers,in Hair Dryers,4.3,4,0,"Hair Dryer Diffuser Attachment For Curly And Natural Wavy Hair, Fit With Nozzle Diameter 1.35-2 Inches And 90%+ Hair Dryer Designs On The Market, Black Friday"
2711,Unranked(New),General Application,53.54,20,0,"IPL Laser Hair Removal, Upgraded To 999,900 Flashes, 9-Position Adjustment, Permanent Hair Removal For Home Use, Full Body Treatments For Face, Legs, Arms And Bikini Line (Ai-12)"
2712,Unranked(New),General Application,58.7,0,50.0,"3-In-1 At-Home IPL Laser Hair Removal Device - Laser Hair Removal With Cooling For Women & Men - 9 Levels Upgrade & 999900 Flashes For Face, Armpit, Arm, Bikini Line, Leg & Whole Body"
2713,Unranked(New),General Application,10.35,10,20.0,"1pc Manual Coffee Grinder, Portable Hand Crank Coffee Bean Grinder, Hand Grinding Coffee Machine with Adjustable Ceramic Core"
2714,Unranked(New),General Application,44.19,43,0,"Mini Donut Maker- Donut Maker Machine For Home -16 Small Donut Maker,Electric Non-Stick Surface Makes For Kids Donut Maker, Makes Doughnuts White"
2715,#2 Best Sellers,in Hair Curling Irons,12.1,0,0,"CRASTS Star Maker 32mm/25mm Quick Heat Up One Button Switch Large Wavy Curling Wand 1039, Suitable For Home Or Travel"
2716,Unranked(New),General Application,3.3,3,0,"LARGNER Portable Mini Shaver For Men, Electric Razor Waterproof For Full Body Wash, USB Rechargeable With Long Battery Life, Great Father's Day Gift"
2717,Unranked(New),General Application,8.6,0,0,"1pc UV LED Nail Lamp , Professional Nail Dryer Gel Polish Light, UV Nail Light With 3 Timer Setting, Nail Polish Curing Gel LED Dryer, Professional Nail Art Tools With Automatic Sensor, LCD Display"
2718,Unranked(New),General Application,21.21,40,0,Pronto Digital Multifunction Kitchen And Food Scale
2719,Unranked(New),General Application,72.68,5,0,"Meat Slicer 200W Electric Deli Food Slicer, 0-15mm Cutting Capability, Meat Slicer, Adjustable Thickness For Home Use, Easy To Clean, Cuts Meat, Bread And Cheese"
2720,Unranked(New),General Application,6.0,0,0,"Rechargeable Electric Toothbrush - Waterproof, Automatic, USB Charging, Replaceable Brush Head"
2721,Unranked(New),General Application,17.1,0,100.0,"Roll On Wax, Wax Roller Kit For Hair Removal, Honey Roller Waxing Kit Include 2 Honey Soft Wax Cartridge & 100 Non-Woven Wax Strips, Portable Pink Wax Heater Machine For Women & Men, Waxing Roller Kit Depilatory Wax For Sensitive Skin"
2722,Unranked(New),General Application,17.1,0,60.0,"Roll On Wax, Wax Roller Kit For Hair Removal, Roller Waxing Kit Include 2 Soft Wax Cartridge & 100 Non-Woven Wax Strips, Portable Pink Wax Heater Machine For Women & Men, Waxing Roller Kit Depilatory Wax For Sensitive Skin"
2723,Unranked(New),General Application,15.98,40,0,"Handheld Fan Rechargeable, Mini Portable Fan Small Hand Fan, 3000mAh Battery Operated 22Hrs+ Makeup Eyelash Fan Personal Fan Gifts For Women Girls Men Travel Indoor Outdoor (Black)"
2724,Unranked(New),General Application,161.27,28,0,"12 Volt Refrigerator 12V Car Fridge 42 Quart Portable Freezer Compressor Cooler Compressor Freezer, 12/24V DC 110~240 Volt AC, -4℉~68℉ For Truck RV SUV Home Use"
2725,Unranked(New),General Application,18.65,16,40.0,Electric Hair Trimmer The Broken Hair Fork End Trimming Can Charging The Ropeless Hair End Cutting Machine For Home Use Of A Split -End Trimber
2726,Unranked(New),General Application,55.0,8,0,"Tropico Getaway 0.5"" Flat Iron With Travel Bag + ""Spotlight"" LED Selfie Light"
2727,Unranked(New),General Application,50.27,37,0,3L Hot Pot Cooker Skillet Steamer - Multifunction Frying Pan 110V Non-Stick Grill Stir-Fried Stewed Cookware Steak Noodle Ramen Shabu Shabu Pot - Home Office Party Kitchen Dorm Cooking White
2728,Unranked(New),General Application,17.5,0,0,"Automatic Hair Repair Split End Remover Trimmer, For Dry, Split Ends, Damaged And Brittle Hair, Hair Grooming Tool For Men And Women, Portable USB Hair Cutting Tool, Automatic Electric Hair Clipper, Ideal Gift For Women On Special Occasions"
2729,Unranked(New),General Application,39.03,40,0,YONGSTYLE Wooden Tortillera Press Set Include 1 Mexican Tortillera Presser 10 Inch Rotatable Tortilla Press Maker 200 Parchment Paper 1 Wood Cutter With Accessories For Mexican Taco Round
2730,Unranked(New),General Application,43.1,41,0,3 In 1 Breakfast Sandwich Maker Nonstick Panini Press Waffle Maker Bubble Waffle Egg Electric Grill With Non-Stick Coating & Removale Plates
2731,Unranked(New),General Application,10.4,5,0,Hanging Neck Fan Usb Portable 5-Gear Adjustable With Digital Display Mini Portable Small Lazy Person Hanging Neck Neck Leafless Rechargeable 360° Adjustable Refrigeration Air Conditioning Outdoor Student Mute Large Wind Fan Cooling Artefact Gift/Vale
2732,Unranked(New),General Application,2.77,13,0,"1pc 1.2m Zinc Alloy 3-In-1 USB Charging Data Cable, Compatible With Huawei, Android, And Apple Devices"
2733,Unranked(New),General Application,8.3,0,0,"1pc Lovely Portable Humidifier, USB Desktop Humidifier With Color Lights, Cold Mist Mute Ultrasonic Fragrance Diffuser, Suitable For Cars, Offices, Bedrooms"
2734,Unranked(New),General Application,18.2,0,60.0,"CRASTS Big Diameter 40mm Curling Iron HC-010, Violet, For Quick Heat-Up And Big Wavy Style, Suitable For Home, Travel, And Salon Use."
2735,Unranked(New),General Application,25.7,4,200.0,"1 Piece Automatic Curling Lron, Electric HeatedHair Curler, Automatical Rotating Curling LronsPortable Heated Hair Styling Tool For Home,Salon, Barbershop, Beauty Products"
2736,Unranked(New),General Application,23.99,40,0,"Car Wireless Mini Vacuum Cleaner, 12000pa USB Charging Handheld Car Vacuum Cleaner, Multipurpose Dust Cleaner, Dust Remove Cleaning Tool For Car Home Use,High Power With Fast Cahrge Tech,Portable Vacuum With Large-Capacity Battery"
2737,Unranked(New),General Application,89.99,38,20.0,"1300W GDOR JE2105 Juicer with Larger 3.2” Feed Chute for Whole Fruits and Veggies, Titanium Enhanced Cut Disc, Full Copper Motor Heavy Duty Centrifugal Juice Extractor Machines, Dual Speeds, BPA-Free, Silver."
2738,Unranked(New),General Application,4.4,0,0,1pc Blue Practical And Portable Adjustable Telescopic Back Scratcher With Pocket Clip Manual Massager Kit Handheld Tool
2739,Unranked(New),General Application,11.4,0,0,Professional Electric Nose Hair Trimmer Km-313 3 In 1 Sideburns Knife Head Eyebrow Trimming Nose Hair Shaver Nose Hair Trimmer
2740,Unranked(New),General Application,55.99,7,10.0,"VNIMTI Mini Skincare Fridge, Portable Cosmetic Fridges With Makeup Mirror, Cooler & Warmer, AC & DC, Small Refrigerator For Bedroom, Car, Office, Outdoor"
2741,Unranked(New),General Application,23.95,20,0,"Camping Fan, 2-In-1 Rechargeable Camping Fan And LED Lantern With 270° Rotation And Built-In Hook For Camping"
2742,Unranked(New),General Application,60.84,33,10.0,"Cotton Candy Machine Kit - Red Sugar Candy Maker, Effortless Home Cotton Candy Maker Machine with Comprehensive User-Friendly Guide, Ideal for Parties & Fun Gatherings"
2743,Unranked(New),General Application,49.68,28,0,"6.5QT Air Fryer Oven, 8-In-1 Stainless Steel Air Fryer With Digital Touchscreen"
2744,#8 Best Sellers,in Hair Clippers,17.8,0,0,"KEMEI Professional Electric Cordless Hairdresser, Razor, Long-Life High-Speed Motor Power, USB Data Line Straight, Plus Three Limit Combs And Cleaning Brushes, Home Haircuts, Small And Portable, Holiday Gifts, Men Only, Applicable To Travel"
2745,Unranked(New),General Application,7.8,4,0,"LARGNER Mini Electric Shaver,Electric Shaves For Men,Alloy Body,25 Small Blades,6500RPM Motor,Type-C Charging Use For 45 Days,IPX7 Waterproof,Travel Shaver,Uitable For Home,Car,Trave"
2746,Unranked(New),General Application,11.3,0,20.0,"Electric Men's Razor, Mini-Shave Electric Shaver For Travel & Camping, Portable Beard Trimmer Shaving Machine Hair Clipper Facial Epilator, Perfect Father's Day & Friend Gift!"
2747,Unranked(New),General Application,10.7,0,0,"1 Pc -50°C~550 °C  Household Handheld Infrared Thermometer Digital Non-Contact IR Temperature Sensor Pyrometer Professional Tool For Home Use, Cooking, Appliances Reparing (Battery Not Included)"
2748,Unranked(New),General Application,5.98,26,0,"2 PCS Washer Door Striker 131763310 Replacement Part Compatible for Frigidaire & Kenmore Washers Machine, Replaces 131763300 AP3580441 PS890617 1032664"
2749,Unranked(New),General Application,56.0,63,90.0,"INSE Stick Corded Vacuum Cleaner, 18KPA Powerful Suction with 600W Motor, 3-in-1 Handheld for Pet Hair Hard Floor Home"
2750,#9 Best Sellers,in Laser Hair Removal Devices,34.8,0,0,"1pc 999,990 Flashes IPL Epilator For Women Body Pubic Bikini 5 Gears Photoepilator Laser Hair Removal Pulses Depilator Home Use Device Remover"
2751,Unranked(New),General Application,16.35,27,10.0,"1 Pc Portable Air Compressor Air Pump, 150PSI Air Pump For Swimming Rings, Balloons, Air Mattresses, Balls, Tires, Air Beds, Inflation Electric Air Pump With Accurate Digital Pressure Gauge LCD Display, With Emergency LED Light"
2752,Unranked(New),General Application,68.0,20,0,"IPL Laser Hair Removal With Cooling System, Upgraded To 999,999 Flashes, 3 Functions, 9 Energy Levels, Painless Hair Remover, Full Body Treatments For Face, Legs, Arms And Bikini Line (Ai-10)"
2753,Unranked(New),General Application,3.31,23,0,1pc Food Thermometer Coffee Thermometer Stainless Steel Coffee Pot Thermometer Milk Frothing Pitcher Accessory Clip-On Dial Probe Metal Pointer Temperature Gauge For Hand Drip Coffee Home Supplies
2754,Unranked(New),General Application,12.48,40,0,1pc Modern Smart Floating Lamp Creative Luxury Gift Home Decor
2755,Unranked(New),General Application,20.4,0,0,"2pcs Electric Salt And Pepper Grinder Set, Salt Or Pepper Grinder, Adjustable Coarseness, Battery Operated, With LED Light, One-Hand Automatic Operation, Stainless Steel"
2756,#8 Best Sellers,in Massage Chair,584.64,28,0,"Massage Chair Recliner With Zero Gravity, Full Body Massage Chair With Heating, Bluetooth Speaker, Airbags, Foot Roller, Touch Screen, Space-Saving For Office,Faux Leather (Black)"
2757,Unranked(New),General Application,84.66,28,0,"PrettyCare Stick Vacuum Cleaner, 6 In 1 Lightweight Cordless Vacuum Cleaner With Powerful Suction, 180° Bendable Wand Rechargeable House Vacuum For Home Hardwood Floor Pet Hair"
2758,Unranked(New),General Application,21.7,0,0,"Double-Layer Anti-Scald Stainless Steel Electric Kettle With Auto Shut-Off Feature, Small Capacity For Home Use"
2759,Unranked(New),General Application,162.82,22,0,"Full-Automatic Portable Washing Machine, 17.6Lbs Capacity Portable Washer With Drain Pump, 10 Wash Programs/LED Display/8 Water Levels/Faucet Adapter, 2.3 Cu.Ft Full-Automatic Compact Laundry Washer For Apartment, Dorm, Rvs"
2760,Unranked(New),General Application,20.7,3,20.0,"1pc 1800mah Rechargeable Vacuum Cleaner For Household And Car Use, Suitable For Indoor And Outdoor Use All Year Round"
2761,Unranked(New),General Application,1.02,40,0,"2pcs Disposable Hand Warmer, Adhesive Body Warmer For Winter Outdoor Activities, Natural Scent-Free, Air Activated"
2762,#10 Best Sellers,in Vacuum Cleaners,89.0,44,0,"INSE N5T Cordless Vacuum Cleaner, 6 In 1 Rechargeable Powerful Lightweight Stick Vacuum With 2200 MAh Battery For Home Hard Floor Carpet Pet Hair"
2763,Unranked(New),General Application,2.5,0,0,Portable Battery-Powered Men's Nose Hair Trimmer
2764,Unranked(New),General Application,169.99,0,0,"Bottom Loading Self Cleaning Water Dispenser For 3 Or 5 Gallon Bottles,Stainless Steel Water Dispenser With 3 Temperatures-Hot, Cold & Room Water, Anti-Scalding Design And Child Safety Lock"
2765,Unranked(New),General Application,189.99,30,0,LUCKYERMORE 2.6 Cu.Ft. Mini Fridge With Freezer Compact Refrigerator Single Door Adjustable Thermostat Removable Shelves Reversible Dorm
2766,Unranked(New),General Application,57.7,0,0,6 In 1 Foldable Hair Styler Set Hair Dryer Brush Blower High-Speed Negative Ionic Hot Air Brush With Interchangeable Brush Head Hair Dryer Comb For Fast Drying Curling Volumizing Straightening
2767,Unranked(New),General Application,7.62,40,20.0,1Pc Portable Mini Hand Clip Fan USB Charging Quiet Desktop Electric Fan  Student Dormitory Small Cooling Ventilador Fans
2768,Unranked(New),General Application,9.7,0,100.0,1pc Portable Mini Hair Straightener Flat Iron Hair Curler For Men Women Short Hair Wave Hairstyling Dual Voltage Straightening Irons
2769,Unranked(New),General Application,59.66,0,0,Unbeatablesale J-15 WHT Citrus Squeezer
2770,Unranked(New),General Application,4.45,50,0,"[New Arrival] Stainless Steel Accurate Kitchen Electronic Scale For Home Food Weighing, Baking, Small And Compact"
2771,#8 Best Sellers,in Hair Straightening Irons,14.0,0,0,"1pc Dual-use Hair Straightener And Curler With Plug, 4 Adjustable Temperature Settings And Negative Ion Hair Care Function"
2772,Unranked(New),General Application,99.99,41,0,"Steam Cleaner With 21 Accessories, Steamer For Cleaning, 5 Minutes Fast Heating, Portable Canister Steamer For Floors, Carpet, Cars, Tiles, Grout Cleaning, Chemical-Free, 1.5L Capacity (Guncolor) HK019"
2773,Unranked(New),General Application,495.88,28,0,"TASVAC Cordless Robotic Pool Cleaner, Automatic Pool Vacuum, 100-140 Mins Runtime, Powerful, Self-Parking, Lightweight, Ideal For Flat Above/In-Ground Pool Up To 80 Feet/2000 Sq.Ft"
2774,Unranked(New),General Application,44.99,40,0,"8"" Portable Clip On Fan USB 3 Speed Quiet Desk Table Fan Air Cooling Fan Outdoor"
2775,Unranked(New),General Application,100.99,38,10.0,3-In-1 Evaporative Portable Air Cooler With 3 Modes Include Remote Control-White
2776,Unranked(New),General Application,10.5,0,0,"Mini Cute Desktop Dust Vacuum Cleaner, Desktop Cleaner, Portable Corner Table Vacuum Cleaner Mini Cute Vacuum Cleaner Dust Sweeper"
2777,Unranked(New),General Application,23.59,41,40.0,"Gevi 5 Cups Small Coffee Maker, Compact Coffee Machine with Reusable Filter, Warming Plate and Coffee Pot for Home and Office"
2778,Unranked(New),General Application,138.29,34,0,"YONGSTYLE Mini Fge,20L Compact Skincare Fge, 60W Portable Cooling and Heating Refrigerator for Skincare, Foods, Medications, Bedroom, Office & Car, black"
2779,Unranked(New),General Application,0.96,40,0,"1pc Insect Trap Handy Scoopers, Bug Catcher Set Insects Scissors, Outdoor Portable Insects Catcher Tongs Light Tweezers"
2780,Unranked(New),General Application,64.01,36,0,"Waffle Maker, 1400W Double Belgian Waffle Iron 180 , 8 Slices, Rotating & Nonstick Plates, Removable D Tray For Easy Cleaning, Cool Touch Handles, Space Saving Storage, Black"
2781,Unranked(New),General Application,22.7,0,0,"1pc Electric Toothbrush For Adults, Ultrasonic Toothbrushes With 8 Brush Heads, Rechargeable Electronic Toothbrush, Comes With A Travel Box White, 8 Replacement Heads,Replacement Head Can Be Used For 2 Years,Sensitive Gums And Teeth Special Soft Toothbrush"
2782,Unranked(New),General Application,16.4,9,50.0,"Rechargeable Cordless Split Hair Trimmer, Hair Split Ends Trimmer, Remover Damaged Hair, Repair Hair Care Treatment, Portable USB Rechargeable Split Ends Hair Clipper For Household, Hair Trimming Device, Hair Care"
2783,Unranked(New),General Application,2.3,0,0,"1pc Portable Mini UV LED Nail Lamp With USB Cable, Egg Shape Design Nail Dryer Fast Drying"
2784,Unranked(New),General Application,44.9,0,0,Multifunctional 6-In-1 60000rpm High Power Hair Dryer Negative Ions Do Not Damage Hair Hot Air Comb
2785,Unranked(New),General Application,17.02,33,10.0,"Wireless Home Cleaning & Car Vacuum Cleaner, Handheld Cordless Vacuum Cleaner For Car Interior, Home, Kitchen, Keyboard, Sofa And More."
2786,Unranked(New),General Application,199.99,23,0,WANAI Retro Mini Fridge Compact Refrigerator with Freezer 3.2 Cu.Ft Classic Refrigerator 2 Door Mini Refrigerator Adjustable Removable Glass Shelves & Drawer Suitable for Dorm Garage and Office
2787,Unranked(New),General Application,34.7,2,0,Portable Solar Panel Powered Fan Rechargeable Battery With 2 Lights Fans Quiet Height Adjustable USB Floor Fan For Outdoor Trave
2788,Unranked(New),General Application,46.82,9,10.0,"YONGSTYLE 3D Shiatsu Heated Massager: Deep Tissue Kneading Pillow For Neck, Back, Shoulder, Leg, And Body - Muscle Pain Relief For Home, Office, And Car - Perfect Holiday Gift"
2789,Unranked(New),General Application,379.99,12,50.0,"eufy Clean by Anker, Clean G40Hybrid+, Robot Vacuum, Self-Emptying, Robot Vacuum and Mop, 2,500Pa Suction Power, WiFi Connected, Planned Pathfinding, Ultra-Slim Design, Perfect for Daily Cleaning"
2790,Unranked(New),General Application,16.1,0,30.0,"Cordless Hair Straightener, Usb Charging Portable Mini Ceramic Curling Iron, 3 Levels Of Adjustable Temperature, Perfect For Travel"
2791,Unranked(New),General Application,90.74,28,10.0,"TASVAC Portable Carpet & Upholstery Cleaner Machine, Spot And Stain Deep Cleaner With Two Brushes & Remover Formula For Pets, Stairs, Couch Area Rugs, Upholstery, Car Seat, C7-Purple"
2792,Unranked(New),General Application,16.4,9,30.0,"Rechargeable Cordless Split Hair Trimmer, Hair Split Ends Trimmer, Remover Damaged Hair, Repair Hair Care Treatment, Portable USB Rechargeable Split Ends Hair Clipper For Household, Hair Trimming Device, Hair Care"
2793,Unranked(New),General Application,64.01,42,0,"3-In-1 Waffle, Omelet, Egg Waffle Maker, 3 Removable Nonstick Baking Plates, Upgraded 360 Rotating Belgian Maker"
2794,Unranked(New),General Application,13.14,40,0,1Pc New 5 In 1 Electric Hair Dryer Hot Air Brush Multifunctional Hair Straightener Negative Ion Curler Blow Dryer Styling Tool Set
2795,Unranked(New),General Application,74.58,15,0,"6 Quart Electric Pressure Cooker: 9-In-1 Multi-Cooker, Pressure Cooker, Slow Cooker, Rice Cooker, Steam, Saut, Yogurt Maker, Warmer & Sterilizer, Programmable Pressure Cooker With 24H Delay Timer"
2796,Unranked(New),General Application,39.99,57,10.0,"Ihomekee Espresso Machine, 3.5Bar Espresso and Cappuccino Machine with Preheating Function, 4 Cup Coffee Maker with Milk Frothing Function and Steam Wand"
2797,Unranked(New),General Application,24.9,10,0,"At-Home IPL Hair Removal 999000 Flashes IPL Epilator LCD Laser Hair Removal Painless Permanent Photoepilation For Men Women Trimmer Electric Depilador For Facial Legs Arms Whole Body Treatment 1pc 24w Elektrisches Laser-Haarentfernungsgerät Für Den Heimgebrauch, Ipl Beauty Hautverjüngungsmaschine Mit Eiskompresse Home Laser Hair Removal Device With Cooling System Multifunctional Painless Laser Epilator For Woman And Men Whole Body Use Permanent IPL Hair Removal Machine On Facial Legs Armpit Biki"
2798,Unranked(New),General Application,27.4,0,20.0,Wireless Portable Car Vacuum Cleaner With Super Suction Power Rechargeable Handheld Home & Car Dual-Use Vacuum Cleaner Wet & Dry Pet Hair Cleaner
2799,Unranked(New),General Application,38.99,40,0,"Portable Neck Fan, Hands Free Bladeless Fan, 4000 MAh Battery Operated Wearable Personal Fan, Leafless, Rechargeable, Headphone Design,3 Speeds Gifts For Women Men-Dark Green"
2800,Unranked(New),General Application,7.9,0,80.0,1pc Multifunction 2 In 1 Electric Curler Hair Curling Iron Hair Straightener Heated Roller Professional Hair Styling Tools
2801,Unranked(New),General Application,5.46,40,0,"New Foldable And Extendable Dual-Head Mini Fan For Desk, USB-Powered Portable And Compact Fan"
2802,Unranked(New),General Application,101.78,28,0,"Poweart Cordless Vacuum Cleaner, 30Kpa Powerful Stick Vacuum Up To 45 Min Runtime, 8 In 1 Vacuum For Hardfloors Pet Hair Home-V870 Blue"
2803,Unranked(New),General Application,5.95,50,30.0,"25/28/32mm Ceramic Coating Curling Iron Wand With 360 Degree Swivel Cord, Suitable For Short, Medium & Long Hair, Dry Or Wet Hair, Creating Various Classic Curls."
2804,Unranked(New),General Application,58.7,0,10.0,"3-In-1 At-Home IPL Laser Hair Removal Device - Laser Hair Removal With Cooling For Women & Men - 9 Levels Upgrade & 999900 Flashes For Face, Armpit, Arm, Bikini Line, Leg & Whole Body"
2805,Unranked(New),General Application,15.66,17,0,"Car vacuum cleaner, handheld wet and dry vacuum cleaner, wireless car home dual-use high-power vacuum cleaner and dust blower"
2806,Unranked(New),General Application,3.2,0,0,1 Rechargeable/Battery Powered Electric Toothbrush With 6 Brush Heads
2807,Unranked(New),General Application,14.2,0,0,"Desk Fan Oscillating Bladeless Fan,Portable Small Tower Fan Electric Quiet Fan With Dual Air Circulation,Personal Cooling Fan With Cool Air Usb Bedside Fans For Home Office Bedroom Desktop"
2808,Unranked(New),General Application,31.6,0,0,"Wireless Handheld Vacuum Cleaner - Portable High Power Cordless Mini Car Vacuum Cleaner For Home Pet Hair Car Cleaning,Powerful Suction & Durable Body Portable USB Rechargeable(Red)"
2809,Unranked(New),General Application,2254.99,55,0,"VEVOR Commercial Ice Cream Machine, 20-25L/H Yield, 2400W 1-Flavor Hard Serve Ice Cream Maker,  8L Stainless Steel Cylinder, Digital Display Auto Clean Adjustable Hardness, For Restaurant Snack Bars"
2810,Unranked(New),General Application,9.4,0,0,"1pc Mini Electric Heated Eyelash Curler, New Model, Portable Design, Black Color, Fast Heating, Long-Lasting Curls, Suitable For Daily Makeup, Holidays, Essential Beauty Tool, Precise Temperature Control, Protects Lashes Without Damaging Hair, Suitable For Beginners And Professional Makeup Artists"
2811,Unranked(New),General Application,143.99,26,0,Compact Twin Tub With Built-In Drain Pump 14.3(7.7 6.6)Lbs Semi-Automatic Gray Cover Washing Machine
2812,Unranked(New),General Application,27.97,44,100.0,"1pc Titanium Flat Iron With Adjustable Temp(290°F-450°F), 1 Inch Plate For All Hairstyles Hair Straightener Irons"
2813,Unranked(New),General Application,13.5,4,100.0,"1pc Hair Clipper For Men, Rechargeable Electric Professional Grooming Cutting Kit, Mustache T Blade Liners Trimmer Electric Shavers, Cordless Hair Clippers Barber Supplies For Body Face Mustache Grooming, Gifts For Men"
2814,Unranked(New),General Application,27.4,0,400.0,"【US】ANGENIL Professional  Titanium Flat Iron Hair Straightener and Curlers 2 in 1, Straightening Curling Hair Styling Irons for Women All Hair Types, Fast Heating, 1 inch Dual Voltage Travel Flat Iron, 360° Swivel Cord"
2815,Unranked(New),General Application,16.14,40,0,"Digital Display Automatic Car Air Compressor Pump, Suitable For Basketball, Bicycle, Motorcycle, Inflates Automatically Stop When It's Full"
2816,Unranked(New),General Application,5.7,14,0,Women's Electric Eyebrow Shaper Portable Mini Electric Eyebrow Shaper New Shaver Battery Eyebrow Shaper
2817,Unranked(New),General Application,53.44,22,10.0,"YONGSTYLE Portable Camping Fan with Lights, 20000mAh Detachable Rechargeable Battery Operated Fan, Battery Powered Outdoor Tent Fan with 4 Speeds & Hook, Personal USB Table Fan for Camping Accessories"
2818,Unranked(New),General Application,15.99,40,0,"Mini Portable Fan Handheld Fan, 3 Speed USB C Rechargeable Battery Operated Mini Pocket Personal Lash Fan With Lanyard Base Cooling Desk Fan For Kids Girls Women Travel Indoor Outdoor Black"
2819,Unranked(New),General Application,105.45,25,0,"YONGSTYLE Select Stainless Digital Rice & Grain Multicooker, Rice Cooker 4 Cup uncooked"
2820,Unranked(New),General Application,79.99,38,10.0,"GDOR SJ-017 Cold Press Juicer With 3.5” Feed Chute, Tritan Material, Powerful 100NM Motor Slow Juicer Machines, Heavy Duty, Masticating Juice Extractor Fits Whole Fruits & Veggies, Easy To Clean, Cool Grey."
2821,Unranked(New),General Application,19.7,11,0,"Electric Hair Curler Comb For Short Hair, Puffy & Curly Hairstyle With No Hair Damage, Straightening Hair Comb For Women, Mom, Girlfriend, Valentine's Day Gift - Pink"
2822,Unranked(New),General Application,22.99,62,0,Electric Mason Jar Vacuum Sealer Kit For Wide-Mouth & Regular
2823,Unranked(New),General Application,72.99,48,0,"Mini Fridge For Bedroom 15L/21 Cans - Small Refrigerator For Car, Office & Dorm - 110V/ 12V Portable Thermoelectric Cooler & Warmer For Food, Drinks, Beverage, Skincare & Cosmetic- Black"
2824,Unranked(New),General Application,22.2,0,80.0,"Crasts Star Md-19 High Speed Low Noise High Power Hair Dryer With Drying Wind Hood And Concentrator Nozzle, Blue Light Hair Protection, Cool/hot Air Three Gears Adjustment, 13m/s, 2000w 19000 Rpm, Suitable For Home And Salon Use"
2825,Unranked(New),General Application,29.82,40,0,"(US Plug )Painless Epilator,Laser Hair Removal Device, IPL Hair Removal For Women And Men, 3-In-1 At-Home Permanent Hair Removal Device 5 Levels Upgraded 999990 Flashes Hair Remover For Whole Body Armpits Back Legs Arms Face Bikini Line, Corded,Reduce Hair Growth"
2826,Unranked(New),General Application,97.84,57,0,"VEVOR Mini Dutch Pancake Maker, Heart-Shaped Dutch Pancake Machine, 25PCs Pancake Maker Electric Commercial, 850W Mini Pancake Maker, 110V Proffertjes Muffin Waffle Maker For Kitchen Bakery Snack Bar"
2827,Unranked(New),General Application,110.84,5,0,"Fish Fryer 10 Qt/Cooker - 55,000 BTU"
2828,Unranked(New),General Application,291.31,28,0,"10,000 BTU Portable Air Conditioners, 5 In 1 Portable AC Unit For Room Up To 250 Sq.Ft With Cool, Dehumidifier, Fan Mode, Sleep Mode, 24H Timer, Window Kit & Remote Control"
2829,Unranked(New),General Application,85.68,28,0,"7 In 1 110000 RPM 1400W Hot Air Brush, High Speed Hair Dryer With Diffuser,Hair Dryer Brush Blow Dryer Brush, Hair Style,Drying,Oval Brush,Air Curling Wand,Concentrator Attachment,Styler Tools"
2830,#7 Best Sellers,in Electric Lunch Boxes,17.04,40,0,"One Plug 1.5 Liter Heated Lunch Box,Electric Lunch Box,Lunch Box Portable,Insulated Lunch Boxes,Lunch Box Kids,Lunch Box Set,Lunch Box For School, Lunch Box With Fork,Easy To Carry, Can Be Charged On The Car, Truck Driver, Office, Travel, Business Trip, Electric Thermal Insulation Food Box Lunch Box, Students, Work, Outdoor, Bento"
2831,Unranked(New),General Application,35.99,49,0,"Hair Straightener Brush, Cordless Hair Straightener Portable Hot Comb For Travel, Negative Ion Straightening Iron With Built-In Comb, USB Rechargeable & 3 Temp Settings & Anti-Scald"
2832,Unranked(New),General Application,15.99,57,100.0,"JISULIFE Handheld Mini Fan, 3 IN 1 Hand Fan, Portable USB Rechargeable Small Pocket Fan, Battery Operated Fan [14-21 Working Hours] With Power Bank, Flashlight Feature For Women,Travel,Outdoor"
2833,Unranked(New),General Application,41.72,28,0,110V 3000W Electric Tankless Instant Hot Water Heater For Bathroom Kitchen
2834,Unranked(New),General Application,69.99,22,0,"Air Fryer , Paris Rhône 14.8 Quart Toaster Oven AF013, 5-in-1 Convection Oven for 4-Slice"
2835,Unranked(New),General Application,21.9,4,10.0,"LARGNER Multifunctional Long Standby Shaver For Men, Beard Trimmer, Bald Head Clipper, Nose Hair Trimmer, Facial Cleansing Device With Brush, Hair Styling Comb, USB Charging, Waterproof And Portable For Travel"
2836,Unranked(New),General Application,12.4,0,40.0,"CRASTS Star Creativity Automatic Hair Curler, Left And Right Adjustable, Quick Heat Up, Easy To Make Big Waves, Violet Color HC-013. Suitable For Home Use And Traveling."
2837,Unranked(New),General Application,87.79,34,0,"MCPR120A 8 Quart Digital Pressure Cooker With 13 Pre-Set Multi Function Features, Stainless Steel"
2838,Unranked(New),General Application,73.99,40,0,Portable Salon Ion Aqua Foot Bath Beauty Kit Ionic Detox Foot Bath Spa MACchinne
2839,Unranked(New),General Application,10.1,4,100.0,"Automatic Hair Curler For Home Use, Slouchy Hair Styling Tool For Women, Dormitory, Electric Curling Iron Wand Curling Iron Hairdressing Hot Tools Gift For Home Dormitory Salon Use"
2840,Unranked(New),General Application,7.1,4,0,Spiral Curl Ceramic Curling Iron Professional Hair Curler Waver Maker Portable Curling Wand Holiday Gift Professional Hair Curler Spiral Curling Iron - Portable Barber Salon Tool For
2841,Unranked(New),General Application,40.99,40,0,"Portable Handheld Misting Fan, Rechargeable Personal Mister Fan, Battery Operated Spray Water Mist Fan, Foldable Electric Mini Cooling Hand Fans For Beach Travel Outdoors Makeup(Royal Blue)"
2842,Unranked(New),General Application,36.99,45,0,Mini Air Conditioner Cool Cooling USB Mini Cooling Purifier Portable Cooler Fan
2843,Unranked(New),General Application,45.39,20,0,Body Sculpting Tools For Full Body - Cellulite-Busting Wood Therapy Massage Tools - Massage Tools Include Lymphatic Drainage Tool & Dry Brush- Smooth And Tone Your Skin With Natural Beauty
2844,Unranked(New),General Application,86.49,14,0,"7 Quart Air Fryer, LCD Digital Oilless Electric Cooker Temperature Control"
2845,Unranked(New),General Application,149.99,17,0,"16"" Standing Pedestal Fan W/ 3 Speed Settings Carrying Handle Aluminum Blades"
2846,Unranked(New),General Application,219.99,44,0,3.2 Cu.Ft Mini Refrigerator With  Freezer Compact Fridge With  2 Reversible Door
2847,Unranked(New),General Application,13.4,0,0,UV Nail Lamp Dryer  LED UV Lamp For Gel Nail Polish With 4 Timer Power Display For Professional Manicurists
2848,Unranked(New),General Application,12.1,11,10.0,"Office, Home, Dormitory Wall Mounted/Desktop Folding Charging Fan"
2849,Unranked(New),General Application,99.99,29,70.0,"Bawetech Dog Clipper Grooming Kit And Vacuum, Suction 99% Pet Hair, 2.5L Large Capacity Dust Cup, 5 Pet Grooming Tools, Low Noise Dog Hair Remover Pet Grooming Supplies For Dogs Cats"
2850,Unranked(New),General Application,14.99,53,80.0,"JISULIFE Portable Handheld Fan, Mini Pocket Hand Fan, Small Battery Operated 14-21 hours, USB Rechargeable Foldable Fan, Quiet Personal Fan with Power Bank, Flashlight for Indoor, Outdoor"
2851,Unranked(New),General Application,15.6,0,0,"1pc Type-C Car Diffuser, 100ml Small Essential Oil Humidifier Aromatherapy Diffusers With 7 Color Lights For Office Room Or Car"
2852,Unranked(New),General Application,19.79,40,0,Desk Fan Battery Operated Fan Rechargeable 180°Tilt Folding Personal Fan Ultra Quiet Small Portable Fan 3 Speed Adjustable Strong Wind USB Fan For Office Bedroom Home Desktop Camping (White)
2853,Unranked(New),General Application,27.3,0,0,"Desktop Air Cooler Fan,Portable Desk Fan, 100 Gear Speed Adjustment,  USB Charging Quiet Fan,  Small Compact Fan With Strong Wind For Home, Bedroom, Tabletop, Office, Travel"
2854,#7 Best Sellers,in Other Coffee Makers,28.35,10,0,"Personal Single-Serve Compact Coffee Maker Brewer Includes 14Oz. Stainless Steel Interior Thermal Travel Mug, Compatible With Coffee Grounds, Reusable Filter"
2855,Unranked(New),General Application,309.99,52,0,"58"" Fireplace TV Stand W/ 1400W Electric Fireplace For TVs Up To 65 Inches Grey/Black/Brown/White"
2856,Unranked(New),General Application,198.99,34,0,"Air Cooler, Portable Fan, 3 In 1 Portable Evaporative Cooler, Indoor, Outdoor, 4118CFM Personal Air Cooler, Mechanical Controls, Large 13.2 Gallon Water Tank And Rolling Casters, 4 Ice Packs"
2857,Unranked(New),General Application,17.1,8,0,"Portable Cordless Hair Straightener With Ceramic Coating, Hot Comb Hair Straightener For Women, Lightweight & Mini, Type-C Charging Port, Ideal For Travel, USB Rechargeable Hair Iron Straightener, 2 In 1 Wireless Mini Portable USB Hair Straightener Curling Iron, Large-Capacity Lithium Battery Lasting Life, Perfect For Party & Travel, Mini 2-In-1 Hair Styler - Wireless Freedom, Quick-Charging USB Rechargeable Flat Iron & Curling Iron, Compact, Portable & Perfect For On-The-Go Beauty - A Thoughtful Gift For Women, Perfect For Travel."
2858,Unranked(New),General Application,45.0,18,20.0,"5-In-1 1000W High Power Hot Air Brush, Multi-Functional Interchangeable Hot Air Comb, Dry & Wet Automatic Curler, Hair Dryer & Straightener"
2859,Unranked(New),General Application,39.99,80,0,"KNQZE Neck Massager With Heat, Electric Deep Tissue 4D Expert Kneading Massage, Shiatsu Neck And Back Massage Pillow For Neck, Back, Shoulder And Leg Pain Relief, Gift For Men Women Mom And Dad"
2860,Unranked(New),General Application,8.4,0,0,"Painless Electric Hair Remover For Women, Multifunctional Full Body & Bikini Shaver, Dry & Wet Use, Battery Operated,Portable Epilator (Without Battery)"
2861,Unranked(New),General Application,3.3,0,20.0,"Men Multi-Functional Electric Hair Clipper Trimmer Kit, Professional Cordless Haircut & Beard Trimming Tool"
2862,Unranked(New),General Application,3.25,50,0,"1pc Indoor Dual-Use Thermometer With Button Battery And Water Thermometer, Cartoon Yellow Duck & Dinosaur Animal Design Bath Water Thermometer With Electronic Digital Display, Household Reminder For Water Temperature Changes - Upgraded Waterproof"
2863,Unranked(New),General Application,16.1,0,10.0,Portable USB Charging Wireless Hair Straightener - Only For Bangs Or Curling Hair- Perfect Tool For Travel And Hair Styling
2864,Unranked(New),General Application,20.99,70,0,Foot Scrubber Brush Slipper Bath Shower Spa Easy Cleaner Scrub Feet Massage Wash
2865,Unranked(New),General Application,110.0,4,0,"Instaglam 1.25"" Flat Iron With Rose Gold Accents"
2866,Unranked(New),General Application,185.24,57,0,"VEVOR Upright Automatic Ice Cream Maker With Built-In Compressor, 2 Quart No Pre-Freezing Fruit Yogurt Machine, Stainless Steel Electric Sorbet Maker, 4 Modes Gelato Maker With Digital Display & Timer"
2867,Unranked(New),General Application,145.99,44,0,84''L Portable Massage Table Adjustable Facial Spa Bed Tattoo w/ Carry Case
2868,Unranked(New),General Application,103.53,29,50.0,"Meat Slicer 200W Electric Deli Food Slicer, 0-15mm Cutting Capability, Meat Slicer, Adjustable Thickness For Home Use, Easy To Clean, Cuts Meat, Bread And Cheese"
2869,#6 Best Sellers,in Ice Makers,207.99,68,0,VIVOHOME Electric Portable Compact Countertop Automatic Chewable Nugget Ice Cube Maker Machine with Hand Scoop 10 Ice Bags and Self Cleaning Function 44lbs/Day Silver
2870,Unranked(New),General Application,11.4,4,0,"Kemei Brand KM-189B Hair Remover Women's Underarm Remover Electric Epilator For Lady USB Rechargeable Cordless Women Hair Trimmer For Armpit, Leg, Private Part Hair Remove Machine"
2871,Unranked(New),General Application,23.99,40,0,"Portable Baby Stroller Fan, Mini Baby Fan Clip On Fan, LED Display, 360° Rotate Flexible Tripod, Rechargeable Small Personal Handheld Fan Cooling Desk Fan For Car Seat Crib Treadmill Travel"
2872,Unranked(New),General Application,35.3,0,0,"1pc Body Pubic Bikinis 999,990 Flashes IPL Pulsed Light Depilator LCD Display 8 Levels Manual And Automatic Painless Permanent Laser Epilator For Women Hair Removal Home Use Devices"
2873,Unranked(New),General Application,76.6,28,0,"Cordless Vacuum Cleaner,30Kpa 8 In 1 Powerful Suction Stick Vacuum With LED Display, 3 Suction Modes, Anti-Tangle Lightweight Vacuum Cleaner For Home, Hardwood Floor, Carpets, Pet Hair"
2874,Unranked(New),General Application,22.4,0,30.0,"SH-1711 Black Beard Trimmer For Men, Waterproof Electric Hair Trimmer Beard Grooming Kit Mustache Nose Hair Trimmer Body Shaver, Cordless Hair Clippers Electric Razor For Men, Mustache, Face, Balls, Nose, Ear, Body Shavers -Gifts For Men Father"
2875,Unranked(New),General Application,33.1,0,0,"Mini Car Vacuum Cleaner, 15000PA High Power, 3 In 1 Handheld Vacuum Cleaner With Brushless Motor, Portable Cordless Vacuum Cleaner For Car, Office And Home Cleaning"
2876,Unranked(New),General Application,39.4,6,0,New Multi-Functional Electric Hair Clipper Rechargeable Shaver Professional Barber Electric Fader Adjustable Head
2877,Unranked(New),General Application,19.8,44,20.0,1.5 Inch Thermal Brush Heated Round Brush LCD Display 10 Temperatures Heated Curling Brush
2878,Unranked(New),General Application,8.28,40,0,"One Type-C Charging Portable Powerful Fan With 100-Grade Stepless Speed Regulation, Gear Power Display Screen, 5 Blades, Two Colors Optional"
2879,Unranked(New),General Application,21.99,58,0,Portable Handheld Fans USB Rechargeable Foldable Personal Fan With Power Bank
2880,Unranked(New),General Application,65.99,34,0,"IAGREEA Stainless Steel 3 Piece Kit - Dough Hook, Flat Beater, Wire Whip Fits For KitchenAid 4.5-5QT Tilt-Head Stand Mixer K45SS, KSM75, KSM90, KSM95, KSM150, Heavy Duty And Dishwasher Safe"
2881,Unranked(New),General Application,10.29,45,10.0,"1 piece of hair straightener, suitable for all hairstyles of straighteners and curlers, LCD display, 176 ° F-446 ° F, multi-level speed regulation, 60 minute timed off (1.06IN)"
2882,Unranked(New),General Application,49.99,50,0,"29"" 1500W Countertop Electric Barbecue Grill Hot Plate Temperature Control Cooking BBQ Griddle Non-Stick Table Top Grill Griddle Portable For Indoor Outdoor Kitchen Camping Picnic"
2883,Unranked(New),General Application,8.5,0,0,"Wood Massage Tools For Body, Wood Massage Tools Lymphatic Drainage Massager Wood Massage Rollers For Neck Back Relaxation, Foot Calf Leg Massager - Facial Care Gifts For Mother"
2884,Unranked(New),General Application,19.18,0,0,Unbeatablesale Cando Round Foam Roller 4x12
2885,Unranked(New),General Application,26.66,20,0,"Professional Automatic Rotating Curling Iron, 13 Adjustable Temperatures, 30 Seconds Instant Heat-Up, 1 Hour Auto Shut-Off, Dual Voltage 110-240V, Automatic Heat-Up Time, Dual Voltage 110-240V."
2886,Unranked(New),General Application,36.99,54,40.0,"Yabano Professional Countertop Blender for High-Speed Shakes, Smoothies, Juicing & More - Crush Ice, Frozen Fruit, and More with 4 Stainless Steel Blades & 60oz Jar - Easy to Clean, Perfect for Kitchen Use"
2887,Unranked(New),General Application,9.0,3,0,"Women's Rechargeable Hair Removal Device, Full Body Shaver For Armpits, Private Parts, Legs, Home Trimmer Clippers, Electric, Gift For Her"
2888,Unranked(New),General Application,15.5,0,0,"Portable Sleep Sound Machine, White Noise Machine Sound Machines With 16 Soothing Sounds 3 Timers For Home Office Travel Gift, Suitable For Everyone"
2889,Unranked(New),General Application,40.92,33,0,"6 In 1 Wood Therapy Massage Tools, Maderoterapia Kit, Wood Therapy Set, Lymphatic Drainage Massager, Wooden Gua Sha Tools, Wooden Massager Rope For Body Shaping Anti Cellulite"
2890,Unranked(New),General Application,89.99,44,0,Costway 3-in-1 Evaporative Air Cooler Portable Air Cooling Fan w/ Fan & Humidifier
2891,Unranked(New),General Application,19.2,4,10.0,"Automatic Hair Curler, Curling Lron With 3 Temperature Settings 30 Seconds Fast Thermal Anion Technology, Suitable For Any Occasion Easy Styling, Safe Automatic Closing Function"
2892,Unranked(New),General Application,27.5,4,10.0,"Multifunctional Women Hair Remover Kit, Including Underarm Hair Trimmer, Electric Shaver, Epilator"
2893,Unranked(New),General Application,7.82,15,0,Rotation 10X Makeup Mirror With LED Light Foldable Magnifying Tool Vanity Mirrors Travel Home Dressing Table Accessories
2894,Unranked(New),General Application,33.0,6,0,NV650 Monocular-Telescope 1080P HD Infrared Night Vision Device For Camping Star Watching Bird Wildlife
2895,Unranked(New),General Application,39.99,43,0,Portable Air Conditioner USB Mini Air Cooler Fan Water Cooling Fan With 3 Speed 2 Modes Spray Humidifier Purifier For Car Home
2896,Unranked(New),General Application,22.6,9,0,"Wireless Hair Curler Cordless Automatic Curling Iron - USB Rechargeable, Anti-Tangle, Ceramic Cylinder, , 3-Level Temperature Control - Perfect For Long Hair, Includes Gift Box"
2897,Unranked(New),General Application,23.99,8,50.0,"3/8 Inch Curling Wand Irons For Short&Long Hair, 9mm Thin Curling Iron With Long Barrel, Tiny Hair Curling Wand Tourmiline Ceramic Barrel With 9 Heat Settings,Dual Voltage|Golve Include"
2898,Unranked(New),General Application,29.99,57,0,"Professional Ionic Hair Dryer, Blow Dryer With Diffuser And Concentrator For Curly Hair, 1875 Watts"
2899,Unranked(New),General Application,21.99,29,30.0,"1Pc With 13 Adjustable Temp(210°F-450°F),1'' Plate,For All Hairstyles Mini Hair Straightening Irons Black"
2900,Unranked(New),General Application,4.4,0,0,"1pc Kitchen Scale Electronic Measuring Spoon Scale, Handheld Ingredient Weighing Electronic Scale, Gram Scale For Home Cooking (Food And Supplement)"
2901,Unranked(New),General Application,51.32,24,0,"Electric Skillet, 12 Inch Deep Non Stick Electric Frying Pan With Standable Glass Lid, 3 Marked Heating Levels, Heat Resistant Handles And Non-Stick Coating Easy To Clean, 1360W, Black"
2902,Unranked(New),General Application,20.8,0,100.0,"1pc Multiple Temperature Rotatable & Anti-Scalding 25mm Hair Curling Iron With Clip, Glove And Power Cord For Hair Styling"
2903,Unranked(New),General Application,88.19,60,0,"VEVOR Vending Machine, 25.2\"" Height Candy Gumball Machine, Huge Load Capacity Gumball Bank, Candy Vending Machine For 1.8\""-2.2\"" Gadgets, Perfect For Game Stores And Retail Stores Vintage Style Blue"
2904,Unranked(New),General Application,8.71,34,0,"Sleep Aid Watch, Helping To Fall Asleep Quickly, Giving Good Gifts, Practical Gifts For Parents, Family, Boyfriends, And Best Friends"
2905,Unranked(New),General Application,119.99,8,0,"AMACOOL 12 Inch Auto Oscillating Rechargeable Camping Fan 40000mAh Portable Battery Operated Fan With LED Light And Remote Control For Travel, Hiking, Fishing"
2906,Unranked(New),General Application,42.01,30,0,Waffle Cone Maker Ice Cream Cone Maker 8.6 Inches Household Waffle Bowl Maker Non-Stick Egg Roll Maker For DIY Ice Cream Waffle Cone DessertsFlat Shape 8.7 Inches
2907,Unranked(New),General Application,15.9,0,0,"1pc Household USB Electric Mosquito Killer With Purple Light And Electric Shock, Bug Zapper For Indoor Lighting And Mosquito Repellent"
2908,Unranked(New),General Application,44.85,28,0,"New Portable Washing Machine Foldable,9L Mini Washing Machine,Small Washing Machine,Mini Lavadora For Underwear,Baby Clothes Or Small Items,Mini Washer For Apartment,Camping,Travel,RV,9L"
2909,Unranked(New),General Application,89.99,44,0,Costway 16'' Adjustable Oscillating Pedestal Fan Dual Blades w/Remote Control
2910,Unranked(New),General Application,92.73,28,0,VEVOR Commercial Food Warmer 1 Pot Steam Table With Lid 9.5 Quart Full-Size Electric Food Warmers Stainless Steel Bain Marie Buffet Equipment Fits 21 X 13.2 Pan 400W For Restaurant
2911,Unranked(New),General Application,24.99,58,0,"Portable Garment Steamer, Powerful Foldable Handhled Steamer 1300W, Travel Size Steamer For Clothes 20S Fast Heat-Up, Fabric Steamer For Home & Travel, 120V Only"
2912,Unranked(New),General Application,35.99,36,0,16000PA Portable Cordless Hand Held Mini Car Vacuum Cleaner Air Blower 4 Filter
2913,Unranked(New),General Application,37.71,31,0,"Electric Skillet, 6 Inch, Black"
2914,Unranked(New),General Application,29.23,28,0,"Handheld Bed Vacuum Cleaner With UV-C Ultraviolet Lamps Rechargeable Handheld Vacuum With Uv Mite Control, Strong Suction 7.8KPa, 65dB Noise, Foam Filter, USB Charging, Lithium Battery 18650, 1H Battery Life, 3.38-6.76oz Dust Cup"
2915,Unranked(New),General Application,5.0,0,10.0,"8pcs Electric Toothbrush Replacement Heads With Plaque Control And Germ Defense, Compatible With  Sonicare C2 W4100 5100."
2916,Unranked(New),General Application,38.2,28,0,"Portable Neck Fan, Hands-Free Bladeless Fan, 5200mAh Battery Operated Wearable Personal Fan, Leafless, Rechargeable, USB Powered Desk Fan,4 Speeds, For Unisex,Student, Travel, Outdoor"
2917,Unranked(New),General Application,28.2,0,0,"Vacuum Sealer Food Packaging Machine, Mini Household Plastic Sealer, Food Preservation Machine"
2918,Unranked(New),General Application,5.0,0,10.0,"8pcs Electric Toothbrush Replacement Heads With Plaque Control And Germ Defense, Compatible With  Sonicare C2 W4100 5100."
2919,Unranked(New),General Application,38.2,28,0,"Portable Neck Fan, Hands-Free Bladeless Fan, 5200mAh Battery Operated Wearable Personal Fan, Leafless, Rechargeable, USB Powered Desk Fan,4 Speeds, For Unisex,Student, Travel, Outdoor"
2920,Unranked(New),General Application,28.2,0,0,"Vacuum Sealer Food Packaging Machine, Mini Household Plastic Sealer, Food Preservation Machine"
2921,Unranked(New),General Application,62.99,44,80.0,Costway 40''Tower Fan with Remote 75 Degree Oscillating Fan w/ 3 Wind Modes & 4 Wind Speeds
2922,Unranked(New),General Application,59.84,28,0,"2 In 1 Facial Steamer With 3X Magnifying Lamp, Esthetician Steamer Professional Aromatherapy Humidifier Face Spa Mist Steam For Home Beauty Salon, Personal Skin Care Deep Cleaning"
2923,Unranked(New),General Application,64.99,28,0,"PARIS RHÔNE Wall Mount Fan, 16 Inch Wall Fan TF011 With 5-Blades, 5 Speeds"
2924,Unranked(New),General Application,43.31,42,0,"YONGSTYLE Foot Massager With Heat, 2-In-1 Shiatsu Gentle Foot And Back Massager Machine With 3 Adjustable Heating Levels, Foot Warmer Under Desk, Pain Relief, Gifts For Women,Men"
2925,Unranked(New),General Application,23.99,56,0,Personal Mini USB 6Blade Ceiling Fan Hanging Household Mute Large Wind Power Fan
2926,Unranked(New),General Application,399.99,50,0,DC DICLASSE 63 Quart Portable Freezer Refrigerator Compressor Cooler App Control Wheels Outdoor Home Use Travel Camping With Handle
2927,Unranked(New),General Application,4.5,0,0,"1pc Portable Mini Digital Scale, 0.01g Precision Jewelry Scale, Counting LCD Display Weigher For Grams And Ounces"
2928,Unranked(New),General Application,39.31,28,0,"Hair Dryer Brush And Styler Volumizer, Detachable Blow Dryer With Ceramic Coating, Hair Styling Tool Set, Holiday Gifts"
2929,#8 Best Sellers,in Hair Dryers,5.5,4,0,"1 Hair Dryer Diffuser Attachment For Adjustable Curls And Natural Waves, Universal Diffuser For Curly Hair, Adjustable Diffuser Attachment For Hair Dryers, Fits Most Hair Dryers Fits Nozzle Diameter Inches 1.65-2.05 Inches Hair Dryer Perm Curling Wind Cover Blowing Hair Styling Hair Cover Drying Universal Universal Cover Drying Hair Magic Weapon"
2930,Unranked(New),General Application,29.99,50,0,Mini Air Conditioner Humidifier Cooler USB Fan Portable Purifier Cooling Fan
2931,Unranked(New),General Application,16.6,0,40.0,"CRASTS Star Shaped Big Wave One-Step Hair Curler For Girls, Pink, HC-015, Suitable For Home Use And Travel"
2932,Unranked(New),General Application,10.6,11,10.0,"1pc 32mm Multifunction Champagne Portable Electric Hair Brush, Plastic Electric Hair Brush For Household"
2933,Unranked(New),General Application,256.49,57,0,"VEVOR 110V Commercial Ice Shaver Crusher 1100LBS/H With 17.6 LBS Hopper, 350W Tabletop Electric Snow Cone Maker 320 RPM Rotate Speed Perfect For Parties Events Snack Bar"
2934,Unranked(New),General Application,80.27,30,0,"Stainless Steel Pressure Cooker, 1.8L Electric Pressure Cooker 1.8 Liter Mini Pressure Cooke Slow Cooker Explosion Proof Rice Cooker Yogurt Maker Cake Maker Egg Cooker Hot Pot"
2935,Unranked(New),General Application,21.1,10,10.0,"1pc Rechargeable 3 In 1 Wireless Desktop Cooling Fan Oscillating Head Clip Portable Air Conditioner 3-Speed Night Lighting 4-Speed Timer 5-Speed Wind Speed Speed Brushless Motor Silent Running 120° Oscillating Head Suitable For - Home Bedroom, Office, Dormitory, Camping"
2936,#4 Best Sellers,in Massage Chair,839.99,30,0,"BOSSCARE Full Body Airbag Massage Chair Recliner, Zero Gravity, Electric Shiatsu Message Chair With Bluetooth Speaker For Family Friends, Faux Leather"
2937,Unranked(New),General Application,144.39,57,0,"VEVOR Hot Dog Roller 7 Rollers 18 Hot Dogs Capacity 1050W Stainless Sausage Grill Cooker Machine With Dual Temp Control Glass Hood Acrylic Cover Bun Warmer Shelf Removable Oil Drip Tray, ETL Certified"
2938,Unranked(New),General Application,25.99,54,0,Portable Air Cooler Fan Mini Air Conditioner USB Cooling Fan Desk LED Light Fan
2939,Unranked(New),General Application,9.8,4,10.0,"Portable Makeup Mirror With LED Lights, Foldable Design, Touchscreen And USB Rechargeable"
2940,Unranked(New),General Application,35.0,0,0,1pc Rechargeable S1213 Electric Shaver Windchill Shaving System Full Body Waterproof 40-Minute Battery Life
2941,Unranked(New),General Application,82.99,38,0,Foot Soaker Washing Sauna Soaking Bath Wood Foot Basin Feet Barrel Tub Bucket US
2942,Unranked(New),General Application,135.0,4,0,2inONE Digital Rose Gold Titanium Straightener
2943,Unranked(New),General Application,26.4,0,0,"A Bronze Color Simulation Carving Dragon Professional Electric Hairdresser, Razor, Professional Shaving Hair, Can Be Used For A Variety Of Shapes, Full Power, USB Data Line Charging, LCD Display More Clear At A Glance Battery Power, Equipped With Eight Limit Combs And Cleaning Brushes, Men's Only, Family Must-Have, Also Applicable To Holiday Gifts"
2944,Unranked(New),General Application,5.7,0,40.0,"1pc Electric Hair Removal Device, Unisex Motion Sensor Shaving Device, Blue-Light Women's Shaving Device, Female Depilator"
2945,Unranked(New),General Application,24.44,0,0,Unbeatablesale American Wick AW4E AW4 Kerosene Heater Allied Wick
2946,Unranked(New),General Application,90.99,18,0,"Compact Nugget Ice Maker, Countertop Pebble Ice Machine with Ice Scoop and Basket, 6 Minutes Ice Making, One-Click Operation, Low Noise"
2947,#7 Best Sellers,in Warming Products,32.19,5,0,"Heated Electric Blanket Throw, Flannel Sherpa Heating Blankets, Soft Thicken Heated Throws For Couch With 5 Heat Settings And 4 Hours Auto Shut Off"
2948,Unranked(New),General Application,963.72,0,0,Frigidaire FFEC3025US 30 Inch Black 4 Burner Electric Cooktop
2949,Unranked(New),General Application,23.99,56,0,Portable Fan USB Rechargeable Foldable Table Desk Fan Telescopic Floor Mini Fan
2950,Unranked(New),General Application,48.23,0,0,"Unbeatablesale DA1424W White Aluminum Dual Louvers, 14 X 24 In."
2951,Unranked(New),General Application,24.5,4,0,"Beard Trimmer For Men, All-In-One Men's Hair Clipper Hair Trimmer, Mustache Body Nose Ear Facial Cutting Shaver, Electric Razor Grooming Kit, USB Rechargeable Cordless & Led Display"
2952,Unranked(New),General Application,22.7,0,0,"1pc Blue Car/home Dual-use Handheld Vacuum Cleaner With Suction And Blow Functions, Mini Size"
2953,Unranked(New),General Application,33.99,62,0,1Pc Moclever 400W Electric Cotton Candy Maker Portable Pink Cotton Candy Machine Electric Cotton Candy Express For Christmas Gift Birthday
2954,Unranked(New),General Application,31.34,22,0,"Dezin Mini Rice Cooker 2 Cups Uncooked, 1L Rice Cooker Small, Portable Travel Electric Cooker, Multi-Function Non-Stick Rice Maker With Timer Delay & Keep Warm Function"
2955,Unranked(New),General Application,63.56,46,30.0,"An Air Purifier With Touch Screen Control, Negative Ion Purification, High-Efficiency Filter Element Purification, 4-Speed Wind Adjustment, HEPA-12 Level, Air Purifiers For Bedroom HEPA Air Purifier With Aromatherapy Function For Pet Smoke Pollen Dander Hair Smell 20dB Air Cleaner For Bedroom Office Living Room Kitchen,"
2956,Unranked(New),General Application,34.99,13,10.0,"Travel Blow Dryer Brush In One, Mini Hot Air Brush, Hair Trends  2 Inch One Step Hair Dryer And Styler Volumizer-Not Dual Voltage"
2957,Unranked(New),General Application,111.3,0,10.0,"True HEPA Air Purifier For Home Office Living Room - Digital Display Air Cleaner With Air Monitor & HEPA Filter - Removes 99.98% Of Smoke, Dust, And Pet Dander - Night Light - Covers Up To 500 Sq Ft"
2958,Unranked(New),General Application,46.63,0,0,"Japanese Deep Fryer Pot, 304 Stainless Steel Deep Fryer With Oil Draining Rack For Chips, Temperature Resistance Nonstick Coating, Easy Clean Up20cm"
2959,Unranked(New),General Application,69.99,50,60.0,"Ihomekee Espresso Machine 15 Bar Pump Pressure, Espresso and Cappuccino Coffee Maker with Milk Frother/Steam Wand for Latte, Mocha, Cappuccino, Silver, 1350W - CM6826T"
2960,Unranked(New),General Application,14.1,3,0,Professional Hair Clippers For Men Electric Haircut Kit Hair Trimmer Grooming Waterproof Rechargeable Close Cutting T Blade Trimmer USB Rechargeable Clippers For Hair Cutting With Guide Combs(Silver)
2961,Unranked(New),General Application,29.5,0,0,Portable Dual Head Tower Fan Electric USB Office Desk Rechargeable Air Conditioner With New Triple Hole Dual Head Mist Spray Fan USB Mini Desktop Humidifier Cooling Air Conditioner Fan
2962,Unranked(New),General Application,17.2,8,100.0,"Professional Cordless Hair Trimmer, Hair Clipper T-Blade Hair Clipper For Men Electric Grooming Kit Beard Shaver For Barbershop"
2963,Unranked(New),General Application,109.99,35,0,"Aspiron Steam Cleaner Powerful Multipurpose Portable Heavy Duty Steamer For Carpets, Floors, Cars, Tiles, And Grout Cleaning With 70S Heat Up, 6M Power Cord Deep Continuous On-Demand Steamer For Home CA030"
2964,Unranked(New),General Application,24.99,17,0,"1 Inch Extra Long Barrel Curling Iron, Ceramic Tourmaline Curling Wand Professional Dual Voltage"
2965,Unranked(New),General Application,119.0,34,0,"Vacuum Sealer Machine, 90Kpa Food Vacuum Sealer Machine Preservation Dry/Moist/Liquid Modes, LED Indicator Light, Handle Locked Design, Built-In Cutter And Bag Storage, Starter Kit"
2966,Unranked(New),General Application,12.9,0,10.0,Cross-Border One Unisex Portable Electric Shaver Hair Remover Usb Rechargeable
2967,Unranked(New),General Application,149.99,0,0,West Bend PCMC20RD13 Popcorn Cart Popcorn Maker
2968,Unranked(New),General Application,20.45,17,20.0,Wired Green Car Vacuum Cleaner With Storage Bag
2969,Unranked(New),General Application,65.99,44,10.0,Costway 20''High Velocity Floor Fan Heavy Duty Industrial Floor Fan with 3 Wind Speeds
2970,Unranked(New),General Application,8.1,14,0,"An Intelligent Finger-Clamp Pulse Oximeter, Portable Finger Pulse Rate Detector, Home Monitoring Device"
2971,Unranked(New),General Application,58.67,32,20.0,"HIENA Men's Barber T Liners Barber Trimming Set, Shaver, Men's Professional Cordless Charging Barber Set with LED Display, Men's Gift (Black Gold Set)"
2972,Unranked(New),General Application,13.5,0,0,New Analog Human Body Temperature Advanced Technology Mosquito Trap Light Electric Shock Violet Wave Mosquito Trap Light Household Indoor Restaurant Restaurant Mosquito Trap Light Desktop Wall Hanging Dual-Purpose Charging Mosquito Killer
2973,Unranked(New),General Application,7.41,35,0,"1pc Portable LED Makeup Mirror With Adjustable Light, Touch Control Illuminated Vanity Mirror, Dual Power Battery/USB, Ideal For Home, Travel, Office Use"
2974,Unranked(New),General Application,36.28,28,0,"390ML Large Capacity Water Tank Water Flosser, Portable Cordless Oral Irrigator, IPX7 Waterproof Cordless Water Dental Flossers"
2975,Unranked(New),General Application,23.99,88,0,"Portable Neck Fan, USB Rechargeable Personal Fan, Hands Free Bladeless Fan, 4000 MAh Battery Operated, 3 Speeds Adjustable, Faster Cooling, Ultra Quiet, Suitable For Home, Office, Travel, Sports"
2976,Unranked(New),General Application,120.0,4,0,Digital 2inONE Twist Flat Iron With Rose Gold Titanium Plates
2977,Unranked(New),General Application,410.49,11,0,"10QT Commercial Food Mixer, Stand Mixer 450W With 3 Speeds Adjustable, Dough Mixer Machine With Stainless Steel Bowl Dough Hooks Whisk Beater, With Safety Guard, For Bakeries Pizzerias - Blue"
2978,Unranked(New),General Application,57.99,20,0,"IPL Laser Hair Removal, 5 Adjustable Gears, Automatic Continuous Light Output, HR/SC/RA Integrated Lamp Head, Permanent Hair Removal At Home, Face, Arms And Bikini Line (Ai-09)"
2979,Unranked(New),General Application,34.9,50,40.0,5 In 1 Multifunctional Hair Dryer Brush 60000RPM Blow Dryer Curling Wand
2980,Unranked(New),General Application,35.99,40,0,"Battery Operated Fan,Portable Rechargeable USB Floor Table Desk Fan With Adjustable Height, 4 Speed Settings Pedestal Fan For Bedroom Office Fishing Camping Travel, White 7.7"""
2981,Unranked(New),General Application,17.2,3,0,"Automatic Hair Repair Split End Trimmer, For Dry, Split, Damaged And Brittle Ends, Male And Female Hair Beauty Tool"
2982,Unranked(New),General Application,16.0,0,0,"Ozone Machine Odor Removal For Home & Pets, Portable Ozone Generator, 99% Odor Eliminator For Home, Smoke, Room Deodorizer For Pets, Closet, Toilet"
2983,Unranked(New),General Application,22.0,8,0,"Multifunctional Hot Air Comb, Hair Curler, Hair Straightener, Straight And Curly Dual-Purpose Large Curling Inward Bangs Curling Iron"
2984,Unranked(New),General Application,26.99,53,0,Portable Air Cooler Fan Mini Air Conditioner USB Cooling Fan Desk LED Light Fan
2985,Unranked(New),General Application,56.99,40,10.0,"High Efficiency Electric Ice Crusher Shaver Machine 300W, 143 Lbs/H Snow Cone Maker With Waterproof On/Off Switch, Anodized Aluminum Casing And Stainless Steel Bowl Ideal For Home, Bar, And Restaurant Use, Includes Easy Clean Features And Low Maintenance Design (Orange)"
2986,Unranked(New),General Application,18.21,0,0,Unbeatablesale Air Hose Repair Kit For 0.25 In. Hose
2987,Unranked(New),General Application,54.99,45,50.0,"Pelonis PELONIS 16'' Wall Mounted Fan 2 Packs With 3 Speed Settings 2 Packs Oscillating Wall Fan With Adjustable Tilt, High Velocity, 50dB Quiet Fan For Garage Patios Bedroom,  White"
2988,Unranked(New),General Application,98.99,24,0,"Medify MA-25 Air Purifier With True HEPA H13 Filter | 825 Ft² Coverage In 1hr For Allergens, Smoke, Wildfires, Odors, Pollen, Pet Dander | Quiet 99.9% Removal To 0.1 Microns | White, 1-Pack"
2989,Unranked(New),General Application,74.99,52,10.0,"Hot Towel Warmer Salon Towel Hot Cabinet For Facials Barber Esthetician, Spa Beauty Tattoo Massage Manicure Equipment (18L,Black)"
2990,Unranked(New),General Application,68.53,28,0,"1pc Countertop Ice Maker, Fast Ice Making, Self-Cleaning, Portable Machine For Home, Kitchen, Office, Bar, Party"
2991,Unranked(New),General Application,30.99,49,0,Mini Air Conditioner Humidifier Cooler USB Fan Portable Purifier Cooling Fan
2992,Unranked(New),General Application,49.21,34,0,"Compact Masticating Slow Juicer, Small Cold Press Juicer Machine, Space-Saving Juice Extractor Maker For Fruit And Vegetables, High Juice Yield, Nutrient And Dense, Easy To Clean, White"
2993,Unranked(New),General Application,13.56,40,0,"Professional Ceramic Heated Straightening Brush, High Temperature Dual Voltage Straightener For Women, 30s Fast Heating, Anti-Scald And LED Display, Electric Hair Comb For Beard With Christmas And Holiday Specifications"
2994,Unranked(New),General Application,41.99,48,0,"PARIS RHÔNE 6L Smart Humidifiers For Bedroom, Quiet Cool Mist Humidifiers With App, WiFi, Bluetooth, Diffuser And Nightlight, 60H Long Runtime Top Fill Humidifiers For Home, Plant, Large Room"
2995,Unranked(New),General Application,2.6,0,0,"1 Rechargeable 1200mAh Battery, Deep Tissue Muscle Handheld Percussion Massage Gun, Suitable For Body, Back, And Neck Pain, Ultra Compact And Elegant Design, High Torque Driven Massage Gun"
2996,Unranked(New),General Application,21.2,0,0,"Portable Blender With The Straw, USB Travel Juice Cup Mixing Juicer Machince With Updated 10 Blades With Powerful Motor 3000mAh Rechargeable Battery"
2997,Unranked(New),General Application,13.9,0,0,"450ml Rechargeable Portable Blender With Six-Leaf Blade Electric Juice Machine For Smoothies, Shakes, And Juices Home Blender Mixer Usb Wireless Juice Blender Pink Blue"
2998,Unranked(New),General Application,17.8,4,0,"Electric Hair Trimmer, 1 Piece USB Rechargable Hair Clipper, Multifunctional Hair Trimmer For Damaged And Brittle Split Ends, Portable Hair Styling Tool For Home & Travel"
2999,Unranked(New),General Application,79.99,44,10.0,6.6 Gallon 4.8 Peak HP Wet/Dry Vacuum 3 in 1 Shop Vacuum Cleaner w/Blower
3000,Unranked(New),General Application,22.99,69,0,Electric Foot Massager Leg Reshaping Pad EMS Feet Muscle Stimulator Mat  US
3001,Unranked(New),General Application,107.94,28,0,Park- Charcoal Grill Heavy Duty Steel Outdoor BBQ Grill With Grate And Single Post Outdoor Cooking Backyard Barbecues Camp Grilling 25x17x11 Inch 25x17x11 Inch
3002,Unranked(New),General Application,70.35,36,0,"4.3 Quart Air Fryer, Electric Hot Air Fryers Oilless Cooker With Digital LCD Touch Screen, Nonstick Basket, 1400W, UL Listed White"
3003,Unranked(New),General Application,184.99,20,0,Chest Freezer Small Deep Freezers WANAI 3.5 Cubic Feet Mini Freezer White Free-Standing Top Door Freezer Removable Storage Basket Compact 7 Temperature Control Energy Saving for Office Dorm or Apartment
3004,Unranked(New),General Application,47.9,52,10.0,"Hair Dryer Brush & Volumizer, WeChip 4 In 1 Detachable Negative Ion Hair Dryer, Blow Dryer Brush For Straightening/Drying/Curling, With Carrying Case"
3005,Unranked(New),General Application,41.7,0,0,Unbeatablesale RG2195 4 X 12 In. Light Oak Floor Register
3006,Unranked(New),General Application,220.39,24,0,VEVOR 30L Industrial Ultrasonic Cleaner With Digital Timer&Heater 40kHz Professional Large Ultrasonic Cleaner Total 1200W For Wrench Tools Industrial Parts Mental Instrument Apparatus Cleaning
3007,Unranked(New),General Application,65.48,0,0,Unbeatablesale 12 X 24 X 1 In. 8 MERV Air Filter - Case Of 12
3008,Unranked(New),General Application,29.99,50,0,"Food Processors With 3L Bowls, Meat Grinder 4 Bi-Level Blades, 2 Speed 300W Mini Electric Food Chopper For Food, Meat, Onion, Vegetables, Fruits Chopper Sausage Maker"
3009,Unranked(New),General Application,26.91,10,50.0,"Personal Single-Serve Compact Coffee Maker Brewer Includes 14Oz. Stainless Steel Interior Thermal Travel Mug, Compatible With Coffee Grounds, Reusable Filter"
3010,Unranked(New),General Application,43.3,36,0,"YONGSTYLE Shiatsu Neck Massager with Heat, Back Massager, 8 Massage Nodes,Deep Kneading Shoulder Massager Pillow for Pain Relief,Gift for Mom,Dad,Men,Women,Office,Home Use"
3011,Unranked(New),General Application,106.26,19,0,"Yedi Tango, 2-In-1 Air Fryer And Pressure Cooker, 6 Quart, With Deluxe Accessory Kit"
3012,Unranked(New),General Application,295.99,58,0,"HTVRONT Auto Heat Press Machine - 15""X15"" Smart Heat Press Machine For Clothes TShirts- Heat Up Fast & Distribute Heat Evenly, Intelligent Tshirt Press Machine For HTV, Sublimation, Heat Transfer Projects"
3013,Unranked(New),General Application,16.7,0,80.0,"32mm Diameter Large Wavy Lcd Display Adjustable Temperature Curling Iron, Fast Heat Up For All Seasons, Suitable For Home And Hair Salon"
3014,Unranked(New),General Application,57.99,20,0,"IPL Laser Hair Removal, 5 Adjustable Gears, Automatic Continuous Light Output, HR/SC/RA Integrated Lamp Head, Permanent Hair Removal At Home, Face, Arms And Bikini Line (Ai-05)"
3015,Unranked(New),General Application,35.99,49,0,"Hair Straightener Brush, Cordless Hair Straightener Portable Hot Comb For Travel, Negative Ion Straightening Iron With Built-In Comb, USB Rechargeable & 3 Temp Settings & Anti-Scald"
3016,Unranked(New),General Application,17.2,3,0,"Automatic Hair Repair Split End Remover Trimmer, Suitable For Dry, Split Ends, Damaged And Brittle Hair, Hair Care Tool For Men And Women, Portable USB Hair Trimming Tool, Automatic Electric Hair Clipper, Perfect Female Holiday Gift"
3017,Unranked(New),General Application,78.62,28,0,"7 In 1 110000 RPM 1400W Hot Air Brush, High Speed Hair Dryer With Diffuser,Hair Dryer Brush Blow Dryer Brush, Hair Style,Drying,Oval Brush,Air Curling Wand,Concentrator Attachment,Styler Tools"
3018,Unranked(New),General Application,72.99,44,10.0,Costway Foot Spa Bath Tub w/Heat & Bubbles & Electric Massage Rollers
3019,Unranked(New),General Application,17.99,25,0,Portable EMS Electric Foot Massager Pad Blood Circulation Muscle Stimulator Mat
3020,Unranked(New),General Application,33.7,12,0,"1pc Mini Portable Massage Device With Triple Modes Heating, Kneading & Vibration Function, 4.5W USB Rechargeable With Built-In Music (Model 906Q)"
3021,Unranked(New),General Application,66.52,28,0,"Cotsoco Shiatsu Massage Seat Cushion With Heat, Massage Chair Pad Kneading Back Massager For Home Office Seat Use, Father's Day Gifts"
3022,Unranked(New),General Application,14.6,0,10.0,"3pcs Men's Rechargeable Electric Hair Cutter/Trimmer With Silver Head, Type-C Charging, Dragon & Phoenix Pattern, Black, Made Of Aluminum Alloy, For Home Use"
3023,Unranked(New),General Application,13.0,0,0,"1pc High-Powered 7.4V Cordless Vacuum Cleaner, Mini Portable Car Use Handheld Vacuum, Double Battery, Strong Suction Guaranteed"
3024,Unranked(New),General Application,60.0,8,0,"""Blown Voyage"" 2-Piece Set - Purple/White"
3025,Unranked(New),General Application,102.59,19,0,"VEVOR Ultrasonic Cleaner 6L With Digital Timer & Heater, Professional Ultra Sonic Jewelry Cleaner, Stainless Steel Heated Cleaning Machine For Glasses Watch Rings Small Parts Circuit Board"
3026,Unranked(New),General Application,35.07,42,0,"Porseme 280ml Essential Oil Diffuser, 3D Glass Aromatherapy Diffusor, Ultrasonic Cool Mist Aroma Humidifier With Timer And Color Changing Function, Waterless Shut-Off For Home Office Room"
3027,Unranked(New),General Application,36.66,40,0,Electric Massage Instrument
3028,Unranked(New),General Application,41.5,0,10.0,"Portable Handheld Folding Iron, Wet And Dry Ironing Machine, 1500W High-Power Handheld Steamer, 288ml And 168ml Large-Capacity Removable Water Tank, 30 Seconds Fast Heating, Portable Mini Fabric Steam Iron, Suitable For Home Travel Office"
3029,Unranked(New),General Application,13.5,22,0,"Hair Clippers For Men Professional - Beard Trimmer For Man. Cordless Clippers For Hair Cutting & Multi Grooming Kit, Multi Trimmer Kit ,Rechargeable 3-IN-1 Trimmer Blade Head, Nose Trimmer ,Detail Trimmer, Hair Clipper"
3030,Unranked(New),General Application,37.29,47,0,1PC 1000W Portable Handheld Clothes Steamer With Brush Foldable Travel Electric Steamer For Garments Clothing Wrinkles Remover 30S Heat Up 120ML Water Tank
3031,#6 Best Sellers,in Hot Plates,182.39,54,0,"VEVOR 6-Pan Commercial Food Warmer, 6 X 8QT Electric Steam Table, 1200W Professional Countertop Stainless Steel Buffet Bain Marie With 86-185°F Temp Control For Catering And Restaurants, Silver"
3032,Unranked(New),General Application,19.6,0,10.0,1200MA Rechargeable Cordless Hair Trimmer Kemei Km-2299 USB Fast Charging Barber Machine Blades Hair Cutter
3033,Unranked(New),General Application,80.63,28,0,"Espresso Machine With Milk Frother, 20 Bar Pump Pressure Coffee Machine, 1.5L/50oz Removable Water Tank, 1050W Semi-Automatic Espresso/Latte/Cappuccino Machines For Home Barista, Office"
3034,Unranked(New),General Application,12.59,21,0,LCD Digital Thermometer Clock Monitor Wireless Transmitter Temperature Meter Gauge Indoor/Outdoor ℃/℉
3035,Unranked(New),General Application,99.99,5,0,Curl Me Perfection Automatic Hair Curler
3036,#10 Best Sellers,in Ultrasonic Cleaners,102.59,57,0,VEVOR 6/10/15/22/30L Ultrasonic Cleaner 304 Stainless Steel Professional Knob Control Ultrasonic Cleaners With HeaterTimer For Jewelry Watch Glasses Circuit Board Dentures Small Parts Dental Instrument
3037,Unranked(New),General Application,52.99,49,0,Foot Spa Bath Massager Heating Pedicure Foot Soak Tub Timing Temp Control NEW
3038,Unranked(New),General Application,17.46,10,10.0,"2 IN 1 Cordless Split End Hair Trimmer, Women Electric Hair Split Ends Trimmer Cutting Split End Remove, USB Charging Hair Split Clipper Hair Cutter"
3039,Unranked(New),General Application,30.99,9,0,Impress Impress Mid-Size Cord-Rewind Iron With Non-Stick Spray And Burst
3040,Unranked(New),General Application,3.84,40,0,1pc 21oz Cute Cartoon Plastic Water Cup With Lid And Straw Portable Sports Water Bottle Outdoor Camping Travel Cartoon Print Water Bottle Durable Water Bottle Home Kitchen Items Birthday Gifts Mothers Day Gifts Teacher Gifts Back To School Supplies Plastic Water Bottle  Water Cups  Summer Drinkware  Travel Accessories  Gifts
3041,Unranked(New),General Application,24.02,24,20.0,Eu Standard Mini B Heat Press Machine For Home Diy Transfer Printing
3042,Unranked(New),General Application,37.01,28,0,"Silent Bedroom Humidifier - 4L Large Capacity Top Fill Cool Mist Humidifier For Home, Baby Nursery, And Plants, With Essential Oil Diffuser, Night Light, 360° Nozzle, And 50-Hour Long Operation"
3043,Unranked(New),General Application,27.0,14,0,A0Pro Car Vacuum Cleaner Wireless Mini Portable Auto Vacuum Cleaner Cordless Vehicle Vacuum Cleaner For Car PC Cleaning
3044,Unranked(New),General Application,99.99,55,0,Gymax Portable Air Evaporative Cooler Fan W/ Remote Control Casters Home Office
3045,#9 Best Sellers,in Electric Blade Grinders,18.5,0,0,"1pc 100G Large-Capacity Eight-Blade Electric Grinder Machine For Grinding Coffee Beans, Grains, Etc. With US Plug. Modern Blue Design, Suitable For Office, Home, Picnics And Outdoor Use."
3046,Unranked(New),General Application,28.25,50,0,"Handheld Cordless Car Vacuum Cleaner, 13000Pa High Power Brushless Motor Mini Portable Cordless Vacuum Cleaner, Type-C Fast Charging, LED Lights Display,Clean Car, Kitchen, Office, Camping, Dust, Pet Hair"
3047,Unranked(New),General Application,199.99,9,0,"eufy by Anker, BoostIQ RoboVac 11S (Slim), Robot Vacuum Cleaner, Super-Thin, 1300Pa Strong Suction, Quiet, Self-Charging Robotic Vacuum Cleaner, Cleans Hard Floors to Medium-Pile Carpets"
3048,Unranked(New),General Application,70.6,0,0,BTS TinyTAN RM - Air Purifier【Official Licensed】
3049,Unranked(New),General Application,17.2,3,0,"Spring Automatic Electric Hair Clipper, 1 Piece Multi-Functional Type C Rechargeable Hair Split End Clipper, Professional 2 In 1 Hair Edge Control Trimmer, Portable Wireless Hair Trimmer, Hair Care Products, Mother's Day Gift, Trending Products"
3050,Unranked(New),General Application,46.99,52,0,Leg Foot Massager Heat Air Compression For Circulation Pain Relief Muscles
3051,Unranked(New),General Application,65.99,59,10.0,"High-Power 1800W Stainless Steel Wet/Dry Vacuum Cleaner – 5 Gallon Capacity, Versatile Shop Vac"
3052,Unranked(New),General Application,54.31,3,0,"2Pcs Reusable Air Fryer Liners Square, 8.5 Inch Ceramic Bowls For Air Fryer, Easy Clean Air Fryer Accessories, Replacement For Silicone Air Fryer Liners 8.5 Inch Square: Purple+White"
3053,Unranked(New),General Application,51.59,3,0,"Extra Large Air Fryer Basket For Oven, 18.7'' X 11.9'' Stainless Steel Crisper Basket For Convection Oven, Baking Pan Perfect For The Grill, Dishwasher Safe, 2 Pack"
3054,Unranked(New),General Application,103.18,3,0,Kitchen Supply Universal Stainless Steel Fryer Guard 2
3055,Unranked(New),General Application,48.86,3,0,"Air Fryer Basket For Oven, 18.9x13.1 Inch Stainless Steel Air Fryer Tray For Oven, Nonstick Crisper Tray Air Fryer Accessories Pans For Oven - Dishwasher And Over Safe"
3056,Unranked(New),General Application,8.76,40,0,"One Type-C Charging 100-Speed Infinite Variable Speed Gear Electric Fan With Power Display, 5 Fan Blades, Available In Two Colors, Portable Strong Turbo Handheld Fan"
3057,Unranked(New),General Application,48.99,39,0,"Sboly Conical Burr Coffee Grinder, Electric Coffee Grinder with 35 Grind Settings for 2-12 Cups, Adjustable Burr Mill Coffee Bean Grinder for Espresso, Drip Coffee, Pour Over, & French Press Coffee"
3058,Unranked(New),General Application,32.9,0,0,Unbeatablesale Over The Door Steam & Press Pad
3059,#7 Best Sellers,in Exhaust Fans,16.4,0,0,1pc Cooling Fan Desktop Air Conditioner Fan Slouchy Portable Fan 4000mAh Portable USB Charging Fan Desktop Electric Fan School Bedroom Office Summer Essential Beach Vacation Essential Back To School Supplies
3060,Unranked(New),General Application,438.72,0,0,Frigidaire FMOS1846BS 1.8 Cu. Ft. Stainless Over-The-Range Microwave
3061,Unranked(New),General Application,53.44,32,0,"6-In-1 Wood Therapy Massage Tools - Achieve Smooth, Firm Skin With Our All-Inclusive Set - Cellulite Massager - Lymphatic Drainage Massager - Fascia Blaster - Lymphatic Drainage And Body Sculpting"
3062,Unranked(New),General Application,15.18,45,10.0,"1 men's hairdresser, rechargeable 5-in-1 grooming set, with charging base, nose hair trimmer, shaver head, sideburns trimmer, hair trimmer"
3063,Unranked(New),General Application,229.99,38,0,"TOSHIBA 6-In-1 Inverter Microwave Oven Air Fryer Combo, MASTER Series Countertop Microwave, Healthy Air Fryer, Broil, Convection, Speedy Combi, Even Defrost, Sound On/Off 27 Auto Menu Stainless Steel"
3064,Unranked(New),General Application,68.53,28,0,"1pc Countertop Ice Maker, Fast Ice Making, Self-Cleaning, Portable Machine For Home, Kitchen, Office, Bar, Party"
3065,Unranked(New),General Application,89.99,47,40.0,"20 Inch Wall Mount Fan With 120° Oscillating, Wall Fan With 3-Speed, 7000 CFM Industrial Fan,High Velocity Fan For Household, Commercial Use - ETL Listed"
3066,Unranked(New),General Application,13.8,0,0,"1pc Plug-In Ultra-Thin 9mm Small Automatic Hair Curler For Knitted Roll, Bob Hairstyle And Noodles Curls With Adjustable Heat Control"
3067,#7 Best Sellers,in Ice Crushers & Shavers,64.01,24,0,Three Blades Snow Cone Maker Ice Shaver 380W 220lbs/hr Prevent Splash Electric Stainless Steel Shaved Ice Machine Home and Ice Crushers Silver
3068,Unranked(New),General Application,235.99,31,30.0,"Havato 8000 BTU Portable Air Conditioners, 3-in-1 Air Conditioner with Digital Display, with Cooling, Fan, Dehumidifier Mode for Room up to 250 Sq Ft, with Remote Control for Home/Office/Dorms,White"
3069,Unranked(New),General Application,81.99,38,0,Foot Rest Stool Chair Height Adjustable Length Nail Pedicure Chair 10kg/22lbs US
3070,Unranked(New),General Application,21.99,69,0,Reflexology Foot Massage Stick Deep Massage Acupressure Massage Stick USA
3071,Unranked(New),General Application,4.14,40,0,"300x50cm Black Car Tint Film Roll - UV & Solar Protection, Privacy Shade, PET Material, Universal Fit"
3072,Unranked(New),General Application,57.69,10,0,999900 Flashes Laser Hair Removal 3 In 1 Handhold 1 Pc Permanent Hair Remove For Whole Body On Facial Legs Arms Bikini Line By IPL Technology Quartz Lamp Used 9 Energy Levels LED Display Glasses And Razor Included At-Home Epilator Painless IPL Hair Removal
3073,Unranked(New),General Application,44.33,28,0,"Electric Kettle With Temperature Control, 27oz Rapid Heating Electric Kettle For Pour Over Coffee/Tea"
3074,Unranked(New),General Application,87.69,28,0,"UMLo Cordless Vacuum Cleaner, 25Kpa Powerful Stick Vacuum With Brushless Motor, 6-In-1 Rechargeable Cordless Vacuum, 40 Mins Runtime, Lightweight Vacuum Cleaner For Carpet Hard Floor Pet Hair"
3075,Unranked(New),General Application,25.0,20,0,"Members Only Trimmer For Men,Gray,Premium Lithium Cordless Hair And Beard Trimmer Kit, Multiple Interchangeable Heads,, USB Rechargeable Battery,,Men's Hair Trimmer, Men's Hair Trimmer, Men's Professional Hair Trimmer, Men's Professional Hair Trimmer, Men's Professional Hair Trimmer, Men's Professional Hair Trimmer"
3076,Unranked(New),General Application,89.71,28,0,"2 Burner Gas Cooktop,Stainless Steel Gas Stove Top, Dual Fuel (NG/LPG) Convertible, ETL Certificated, Heavy Duty Cast Iron Grates, 18000BTU"
3077,Unranked(New),General Application,19.7,0,0,"1pc Silver Foldable Handheld Vacuum Cleaner: Powerful Four-In-One Handheld Vacuum Cleaner For Dusting, Blowing, Charging And Extracting; Strong Sucking Force; Mini Portable Design For Home And Car; Suitable For Keyboard/Sofa/Carpet/Pet Hair, Etc."
3078,Unranked(New),General Application,5.8,0,0,"Electric Hair Clipper For Men, Cordless Electric Hair Trimmer Rechargeable Beard Trimmer Shaver, Professional Barber Clippers Set Father's Day Gift"
3079,Unranked(New),General Application,48.55,33,0,"Personal Blender Shakes And Smoothies, 3D 6-Leafs, 850W Portable Blender, One-Button Mixer, 2x17oz Personal , BPA Kitchen, Baby Food, Grinding, Juice"
3080,Unranked(New),General Application,128.51,28,0,"5000 BTU Air Conditioner Window Unit With Easy-To-Use Mechanical Controls, Window AC Unit Fast Cooling Up To 150 Sq.Ft. Energy Savings, Quiet Operation, 110-115V"
3081,Unranked(New),General Application,40.99,27,0,"Cusimax Brushed Stainless Steel 2 Slice Toaster with Large LED Display,Bread Toaster 1.5'' Extra Wide Slots & Removable Crumb Tray,6 Browning Settings,Cancel/Bagel/Defrost Function"
3082,Unranked(New),General Application,21.99,40,0,"Desk Fan Battery Operated, Portable USB Rechargeable Fan, 2000mAh 180° Tilt Folding Personal Fan With Power Display, 5 Speeds Ultra Quiet Table Fan For Desktop, Home, Travel(Black)"
3083,Unranked(New),General Application,40.99,32,0,"8 Inch Portable Rechargeable Fan, 10000mAh Battery Powered Oscillating Fan, 3 Speeds, Adjustable Height, Foldable Fan, Quiet Small Stand Fan, Powerful USB Desk Fan, Suitable For Home Office, Picnic And Camping"
3084,Unranked(New),General Application,75.6,28,0,"The Air Fryer Has A Large Capacity Of 9QT Stainless Steel, A Touch Screen, And A Stereo Controller, Which Can Accommodate 3-4 People For Dining And A Whole Chicken"
3085,Unranked(New),General Application,82.99,38,0,For Soaking Feet Wood Foot Spa Soak Bucket Pedicure Foot Bath Basin W/ Massager
3086,Unranked(New),General Application,147.54,19,0,"Mini Dutch Pancakes Maker Machine, 25Pcs 850W Electric Waffle Machine Non-Stick Dorayaki Maker 1.77"" Diameter Mini Pancakes Maker With 50-300 Temperature Timer Separate Control"
3087,Unranked(New),General Application,53.09,0,0,Unbeatablesale HS-04/T QuickSteam Hand Held Steamer With Dual Steam Settings
3088,Unranked(New),General Application,22.2,4,0,"Kemei's New Mini Portable Electric Shaver Pocket Km-683 Men's Rechargeable Electric Shaver USB Fast Charging, Four In One, Shaver; Nose Hair Trimmer; Hair Clippers; Sideburns Trimmer With Multiple Functions, Compact Body For Easy Carrying, Exquisite Appearance, Suitable For Giving To Friends, Boyfriends, And Holiday Gifts."
3089,Unranked(New),General Application,82.99,45,0,2IN1 23L Hot Towel Warmer UV Sterilizer Cabinet Spa Beauty SalonFacial Skin Care
3090,Unranked(New),General Application,169.99,19,10.0,"Geek Chef Air Fryer, 6 Slice 26QT Air Fryer Toaster Oven Combo, Air Fryer Oven, Roast, Bake, Broil, Reheat, Fry Oil-Free, Extra Large Convection Countertop Oven, Accessories Included, Stainless Steel, ETL Listed, 1700W"
3091,Unranked(New),General Application,108.22,18,0,"Air Purifiers For Home Large Room Up To 1620 sqft H13 HEPA Air Purifiers Filter With Filter Reminder Timer Sleep Air Quality Display,15 DB Quiet Air Cleaner For Pets Dander Smell Smoke Pollen"
3092,Unranked(New),General Application,144.99,26,0,Mini Portable Compact Electric Ice Maker Machine
3093,Unranked(New),General Application,110.0,4,0,Endless Summer Pastels Flat Iron
3094,Unranked(New),General Application,104.99,16,0,Oscillating Quiet Tower Fan With Control 3 Speeds 12H Timer Portable LED Display 47 Inch Electric Air Circulator Cooling Floor Standing Fan For Home Bedroom Office Living Room (Black)
3095,Unranked(New),General Application,189.99,49,0,"Portable Air Conditioner, 8000 BTU Portable AC For Room Up To 350 Sq. Ft., 3-In-1 AC Unit, Cooling, Dehumidifier & Fan With Digital Display, 24H Timer, Sleep Mode, Remote Control"
3096,Unranked(New),General Application,26.7,0,0,1pc Stainless Steel Moka Pot Double Insulated Thermal Coffee Pot Vacuum Household Hot Water Pot Leisure Entertainment Tea Pot Multi-Function Coffee Tool
3097,Unranked(New),General Application,21.7,7,0,"VGR Multi-Functional Electric Epilator For Women, Rechargeable Wireless Armpit Hair Shaver, Electric Hair Plucker V-703, White (No Box)"
3098,Unranked(New),General Application,108.85,28,0,VEVOR Commercial Food Warmer 2x1/3GN And 2x1/6GN 4-Pan Stainless Steel Bain Marie 14.8 Qt Capacity 1500W 110V Steam Table 6 Inch Deep Temp. Control 86-185℉ Electric Soup Warmer W/Lids & 2 Ladles
3099,Unranked(New),General Application,129.01,28,0,"20LBS Portable Washing Machine, Compact Mini Washer Machine & Dryer Combo, Built-In Gravity Drain, Small Tub Washer With Spin Cycle For Laundry Room, Apartments, Dorms, RV's Black"
3100,Unranked(New),General Application,3.0,14,0,Smart Mini Electric Razor For Men Shave Portable Electric Recharge Shaver Pocket Size Outdoor Shavers Get A Close Comfortable Shave Anywhere Gift For Father/Boyfriend/Husband
3101,Unranked(New),General Application,104.99,12,0,"3 Fold Spa Bed 84"" L 34"" H Inch Height Adjustable Salon Bed Lightweight Spa Table With Carry Case Portable Massage Tables"
3102,Unranked(New),General Application,35.4,22,0,Cucina 13466 Donut Maker
3103,Unranked(New),General Application,50.0,9,0,Mighty Mini Dryer (With Travel Bag Included) - Copper
3104,Unranked(New),General Application,2.55,15,0,Electric Eyebrow Pencil Lady Eyebrow Sharpener Mini-Special Automatic Eyebrow Shaver Shaving Instrument Eyebrow Trimmer Rechargeable Eyebrow Shaver
3105,Unranked(New),General Application,26.99,40,0,"Handheld Fan, Mini Small Portable Turbo Fan, USB Type-C Rechargeable With 4 High Speeds Personal Fans, Max 16 Hours Working Time, Small Hand Fan For Travel, Camping, Office, Home, Outdoor - Pink"
3106,Unranked(New),General Application,95.99,58,0,Gymax Evaporative Cooler Portable Air Cooler W/ 4 Ice Boxes & Remote Control
3107,Unranked(New),General Application,25.84,5,0,"1pc Mite Removal & Sterilization Machine For Mattress/Sofa, Low Noise Handheld & Wireless Vacuum Cleaner For Bed"
3108,Unranked(New),General Application,43.99,41,0,VCK 13'' Towwer Fan For Bedroom 80° Oscillating Floor Fan Quiet Cooling Room Fan
3109,Unranked(New),General Application,31.34,22,0,"TOPWIT Electric Kettle Glass Hot Water Kettle, 2.0L Water Warmer,  Stainless Steel Lid & Bottom, Tea Kettle With Fast Heating, Auto Shut-Off & Boil Dry Protection"
3110,Unranked(New),General Application,136.5,27,0,"12-IN-1 Air Fryer Toaster Oven, 25L Convection Oven, 1700W Stainless Steel Toaster Ovens Countertop Combo With Grill, Pizza Pan, Gloves, 12 Slices Toast, 12-Inch Pizza, Home And Commercial Use"
3111,Unranked(New),General Application,899.99,0,10.0,"Eufy X9 Pro Robot Vacuum And Mop With Auto-Clean Station, AI Obstacle Avoidance, Adaptive Pressure Cleaning With Rotating Mops, Carpet Detection With 12 Mm Auto-Lifting Mops"
3112,Unranked(New),General Application,20.22,40,0,1pc 25 MM Automatic Hair Curler LED Display PTC Heater Curling Iron
3113,Unranked(New),General Application,17.98,28,0,"Portable Strong Handheld Vacuum Cleaner, 4000PA Suction, Quick Cleaning For Home Office Car"
3114,Unranked(New),General Application,42.99,40,0,"Neck Fan Rechargeable 4 Turbo 6000mAh Portable Neck Fan 360° Cooling Airflow 3 Speeds LED Battery Display Foldable Bladeless Neck Fan Personal Fan Gift For Work,Travel,Outdoor Activities Black"
3115,Unranked(New),General Application,8.7,40,0,"1pc Plug-In Full-Automatic Hair Curler With Anti-Scalding Design, PIC Heating Technology, Suitable For Straight And Curly Hair, Hair Care Appliance"
3116,Unranked(New),General Application,46.99,39,0,13inch Portable Desk Towwer Fan For Bedroom Home Oscillating Bladeless Floor Fan
3117,Unranked(New),General Application,68.44,28,0,"Air Purifiers For Home Large Room Pets With Fragrance Up To 1300 Sq Ft, 13dB Air Purifier For Bedroom Wildfire Smoke Pet Dust Pollen Odor"
3118,Unranked(New),General Application,191.63,25,0,Hotdog Waffle Maker Machine Electric Corn Dog Maker 6 Slice Non-Stick Stainless Steel Waffle Baker Machine
3119,Unranked(New),General Application,19.95,33,0,"Electric Mason Jar Vacuum Sealer, Cordless Vacuum Sealer Kit For Wide & Regular Mouth Mason Jars For Food Storage And Fermentation"
3120,Unranked(New),General Application,104.99,34,0,"HOMCOM 42"" Oscillating Evaporative Air Cooler for Home Office with Timer, 3-In-1 Ice Cooling Tower Fan Humidifier with 3 Modes, 3 Speeds, LED Display and Remote Control"
3121,Unranked(New),General Application,27.9,40,0,"Bladeless High Speed Hair Dryer, 1600w Powerful Airflow, Household Negative Ion Hairdryer With Styling Nozzles 4pcs Set"
3122,Unranked(New),General Application,46.74,35,20.0,Us Plug 7*5inch Heat Press Machine Hp6 For Diy At Home
3123,Unranked(New),General Application,6.3,5,0,"Portable Mini Electric Shaver With Digital Display, Compact Travel Razor For Men's Shaving, Home Use"
3124,Unranked(New),General Application,79.99,60,0,"HTVRONT Heat Press Machine for T Shirts, Portable Heat Press 10""X10"" - Heat Up Fast & Distribute Heat Evenly, Tshirt Press Machine for Sublimation, HTV, Heat Transfer Projects (Light Green)"
3125,Unranked(New),General Application,169.99,41,0,"Electric Donut Maker,110V 1550W Donut Maker Machine,6 Holes Double-Sided Heating Donut Maker,Non-Stick Electric Doughnut Maker For Home And Use"
3126,Unranked(New),General Application,96.99,71,0,VIVOHOME Electric Portable Compact Countertop Automatic Ice Cube Maker Machine With Hand Scoop And Self Cleaning Function 26lbs/Day Summer
3127,Unranked(New),General Application,16.99,37,0,Pool Water Pump Filter Replaced CartRiddge For P57100102 TypeD Kits
3128,Unranked(New),General Application,180.43,28,0,"30 Inch Built-In Gas Cooktop With 5 Sealed Burners, Dual Fuel (LPG/NG), Continuous Grates, Auto Ignition, Thermocouple Protection, Stainless Steel - High Efficiency & Easy To Use"
3129,Unranked(New),General Application,133.37,28,0,"Air Purifiers,With UV-C Light Sanitizer, Purifier With 3 In1 True HEPA Fits"
3130,Unranked(New),General Application,5.0,4,0,"Ear And Nose Hair Trimmer Professional Painless Eyebrow Trimmer For Men And Women Battery-Operated Dual-Edge Blades Built-In LED Light, For Travel, Hotel, Bathroom Razor(Blue)"
3131,Unranked(New),General Application,5.0,4,0,"Ear And Nose Hair Trimmer Professional Painless Eyebrow Trimmer For Men And Women Battery-Operated Dual-Edge Blades Built-In LED Light, For Travel, Hotel, Bathroom Razor(Green)"
3132,Unranked(New),General Application,59.78,38,0,"Sandwich Maker 1200W, 3 In 1 Waffle Maker With 5-Gear Temperature Control And Removable Plates, Panini Press With Non-Stick Plates, Double-Sided Heating, Indicator Lights, Easy To Use & Clean"
3133,Unranked(New),General Application,79.99,38,10.0,"Pelonis 16'' Wall Mounted Fan 2 Packs With Remote Control, 2 Packs Oscillating Wall Fan, 3 Speed, 3 Wind Modes, 7.5H Timer, Adjustable Tilt, Powerful Airflow For Garage Patios Bedroom White"
3134,Unranked(New),General Application,5.0,4,0,"Ear And Nose Hair Trimmer Professional Painless Eyebrow Trimmer For Men And Women Battery-Operated Dual-Edge Blades Built-In LED Light, For Travel, Hotel, Bathroom Razor(Pink)"
3135,Unranked(New),General Application,5.1,0,0,1 Rechargeable/Battery-Powered Electric Toothbrush With 6 Brush Heads
3136,Unranked(New),General Application,34.99,22,0,"Paris Rhône Electric Teapot, Retro Electric Kettle For Boiling Water, Stainless Steel 2L Tea Kettle With Ergonomic Handle, 1500W Hot Water Boiler Auto Shut-Off, Boil-Dry Protection EK003"
3137,Unranked(New),General Application,47.59,10,0,"Large 19-Inch Vanity Makeup Mirror With Lights, Touch Control 3 Color Lighting Dimmable Makeup Mirror, Impeccable Illumination For Professional Makeup, 360° Rotatable Design"
3138,Unranked(New),General Application,28.43,0,0,Unbeatablesale Grinder- Number 8 - SS Plate 10mm
3139,Unranked(New),General Application,3.6,0,0,"Classic Men's Raozr, Premium 7-Layer Stainless Steel Razor Set For Daily Grooming - 1 Handle And 3 Blades, Manual Shaving Raozr, Non Slip Handle, Replacement Blades"
3140,#9 Best Sellers,in Air Conditioners,273.99,33,0,"HOMCOM 10000 BTU Mobile Portable Air Conditioner For Home Office Cooling, Dehumidifier, Ventilating, Portable AC Unit With Remote, LED Display, 24H Timer, Auto Shut-Down, Black"
3141,Unranked(New),General Application,206.99,22,0,"Havato 32'' Propane Fire Pit Table,50,000 BTU Outdoor Fireplace For Outside Backyard Garden,Imitation Rattan Weave Base,Auto-Ignition,With Lava Rocks,Steel Fire Pit Bowl,Protective Cover"
3142,Unranked(New),General Application,39.69,56,0,"VSITOO Car Electric Kettle Travel Kettle Mini Tea Kettle Electric Water Boiler With Automatic Shut Off & Keep Warm, Electric 306 Stainless Steel Water Boilers With One Key To Boil Water, DC12V/24V,Fathers Day Gifts"
3143,Unranked(New),General Application,57.2,8,30.0,"3-Piece Professional Hair Grooming Kit - USB Rechargeable, Cordless Electric Beard Trimmer And Hair Clipper Set With Fine Cutting Precision For Men"
3144,Unranked(New),General Application,44.19,35,0,Round Rotating Waffle Maker By Select Brands - Belgian Waffle Maker With Non-Stick Plates - Waffle Iron Features Latching Handle & Power Indicator Light
3145,Unranked(New),General Application,64.01,32,0,"Bear Rice Cooker 3 Cups Uncooked, Fast Electric Pressure Cooker, Portable Multi Cooker With 10 Menu Settings For White/Brown Rice Oatmeal And More, Nonstick Inner Pot"
3146,Unranked(New),General Application,229.0,31,0,"ICEPURE 12 Volt Portable Refrigerator, 53 Quart Car Refrigerator, RV Refrigerator With 12/24V DC 110-240V AC, Temperature Control Range -4℉-68℉, Freezer Fridge Cooler For Car, RV, Outdoor And Home Use"
3147,Unranked(New),General Application,16.6,3,0,"Portable Cordless Hair Straightener With Ceramic Coating, Hot Comb Hair Straightener For Women, Lightweight Mini, Type-C Charging Port For Travel Hair Straightener USB Rechargeable Hair Straightener, 2 In 1 Wireless Mini Portable USB Hair Straightener Curler, Large Capacity Lithium Battery, Long Battery Life, Perfect For Parties, Travel, Mini 2 In 1 Hairdresser - Wireless Freedom, Fast Charging USB Rechargeable Hair Straightener And Curler - Small And Portable, Ideal For Beauty On-The-Go - Thoughtful Gift For Women, Great For Travel"
3148,Unranked(New),General Application,20.45,19,0,"Wireless Home Cleaning Device, Powerful Car Vacuum Cleaner, Handheld Cordless Vacuum Cleaner, Suitable For Cleaning Car Interior, Home, Kitchen, Keyboard, Sofa, Etc."
3149,Unranked(New),General Application,18.0,0,0,"1pc USB Rechargeable 5W Electric Epilator Women's Hair Removal Tool, 2-In-1 Multi-Function"
3150,Unranked(New),General Application,49.9,67,0,"Pink Garment Steamer With Adjustable Hanger, 1500W, Quick Heating Up In 35s, 46 Minutes Of Continuous Steam, Home Steam Iron, Steamer For Clothes, Fabric & Garment Steamer, Electric Irons, Steam Ironing"
3151,Unranked(New),General Application,123.22,17,0,"360 Visible Glass Air Fryer, 2.5-Qt Air Fryers Oven Oil-free Low Fat Cooking, Compact Air Fryer with Automatic Timer and Temperature Control, Great for 1-3 People Use"
3152,Unranked(New),General Application,74.59,45,0,YONGSTYLE Mini 2 By Ashley Black - Cellulite Massager Tool - Deep Tissue And Pressure Point Massage Stick - Support For Discomfort And Body Sculpting
3153,Unranked(New),General Application,104.99,32,0,Leg Massager With Heat And Air Compression For Circulation Foot & Calf Massage
3154,Unranked(New),General Application,43.4,10,20.0,"2pcs/Set Electric Hair Clippers Set, Professional Hair Clipper Trimmer, Cordless USB Rechargeable Hair Cutting Machine For Men, Holiday Gift For Him"
3155,Unranked(New),General Application,195.99,0,0,"Cast Iron Enameled Pot/Casserole/Duch Oven 9 Qt. With Cover, Merlot"
3156,Unranked(New),General Application,57.6,0,0,1500W Handheld Steam Cleaner High Temperature Pressurized Steam Cleaning Machine Portable Car Steamer With Brush Heads
3157,Unranked(New),General Application,7.4,4,0,New 9D Electric Shaver USB Car-Mounted High-Power Full-Body Wash Beard Knife Four-In-One Rechargeable Razor
3158,Unranked(New),General Application,8.2,4,0,9D Electric Shavers For Men Waterproof Electric Trimmer Razor Wet &Amp Dry Use Rechargeable Battery Rotary Shavers Machine Shaving Men Gift
3159,Unranked(New),General Application,42.18,0,0,Unbeatablesale A/C Safe Exterior Cover For Medium Window Air Conditioners
3160,Unranked(New),General Application,23.16,40,0,"1pc, Summer New Dual Head Desk Fan Large Wind Air Circulation Fan Office Student Dormitory Quiet Double Fan 360 Degree Blowing"
3161,Unranked(New),General Application,27.6,3,0,"Clip-On Type-C Charging 4000mAh Battery Powered Fan With Auto Oscillation, 100-Speed Infinite Adjustment, Power Display Screen, 4-Leaf Turbine Fan Blade For Home/Office/Outdoor Use"
3162,Unranked(New),General Application,5.34,40,0,Men Horse Pattern Electric Hair Clipper
3163,Unranked(New),General Application,32.29,20,0,"120000 RPM High Speed Hair Dryer, 600 Million Negative Ions, Blow Dryer Brushless Motor 2 Speeds 4 Temps, Lightweight Low Noise With Magnetic Nozzle For Salon Home Travel"
3164,Unranked(New),General Application,19.4,17,0,"2 Cups Mini Stovetop Aluminum Espresso Maker With Cup, Household Italian Moka Pot Coffee Machine, Thickener, Portable And Detachable, Easy To Clean, Drip Tray To Avoid Mess"
3165,Unranked(New),General Application,76.7,42,0,"Cusimax Shop Cold Press Juicer Machines, 5 Inch127mm Slow Masticating Juicer With Large Feed Chute, 250W Electric Juicer Machines Vegetable And Fruit Stainless Steel Body"
3166,Unranked(New),General Application,1174.99,56,0,"VEVOR 110V Frozen Yogurt Blending Machine 750W, Yogurt Milkshake Ice Cream Mixing Machine 304 Stainless Steel Construction, Professional Commercial Kitchen Equipment"
3167,Unranked(New),General Application,42.01,29,0,"Mini-Donuts Maker, Mini-Pie And Quiche Maker, Taiyaki Maker  NEW 3 In 1 Three Slices Detachable Dessert Maker By  White 110-120V 50/60Hz 700-800W"
3168,Unranked(New),General Application,59.98,65,0,"Professional High Speed Hair Dryer, 200 Million Negative Ionic Blow Dryer With 110000 RPM Motor, 1500W High-Speed HairDryer With Magnetic Nozzle & Diffuser For Salon, Home, Travel, Perfect For Gifts Golden"
3169,Unranked(New),General Application,229.99,18,0,"Camplux 2.64 GPM Propane Portable Gas Water Heater, 10 L Outdoor Tankless Camping Hot Water Heater Shower, White"
3170,Unranked(New),General Application,178.99,19,0,"5,000 BTU Window Mounted Air Conditioner, AC Unit Cools Up To 150 Sq. Ft., Quiet 51dBA Window AC Unit With Easy-To-Use Mechanical Controls And Washable Filter, 30% Faster Cooling Smart Air Conditioner"
3171,Unranked(New),General Application,43.65,0,0,Unbeatablesale 12in. Skillet With Assist Handle
3172,Unranked(New),General Application,199.49,57,0,"VEVOR Commercial Ice Maker, 70lbs/24H, Ice Maker Machine, 36 Ice Cubes In 12-15 Minutes, Freestanding Cabinet Ice Maker With 12lbs Storage Capacity LED Digital Display, For Bar Home Office Restaurant"
3173,Unranked(New),General Application,3.5,20,10.0,"1pc White USB Charger Electric Toothbrush Replacement Charger For  Oral B, Portable, Travel, More Safety Compatible with Most Oral B  Toothbrush Charger Base Inductive Charger, Waterproof IPX7"
3174,Unranked(New),General Application,29.99,40,0,"Portable Neck Fan, Rechargeable Hands Free Bladeless Portable Mini Fans, 3 Speeds 72 Air Outlet, Free Adjustment Personal Wearable Neck Fan Suitable For Traveling Office White"
3175,Unranked(New),General Application,28.81,0,0,Unbeatablesale Weston 14 Mm Stainless Steel 8 Grinder Plate Disc
3176,Unranked(New),General Application,4.0,11,0,"1pc Men's Shaver, Mini Portable Shaver, Trimming Beard, Convenient To Carry And Give Him A Small Surprise"
3177,Unranked(New),General Application,203.29,57,0,"VEVOR Electric Garage Heater 5000W 7500W 10000W  Digital Fan-Forced Wall/Ceiling Mount Shop Heater, With Remote Control Overheat Protection, Hardwired Heater With 9-Hour Timer, Ideal For Workshop, ETL Listed"
3178,Unranked(New),General Application,100.0,5,0,Studio Series 32mm Curling Wand With Gem Infused Barrel
3179,Unranked(New),General Application,17.2,3,0,"Automatic Hair Repair Split End Remover Trimmer For Dry, Splitting, Damaged And Brittle Split Ends. Suitable For Both Men And Women's Hair Styling Beauty Tool."
3180,Unranked(New),General Application,30.5,3,0,"Effortlessly Glamorous Automatic Curling Iron - Ceramic Ion Technology, 1 Spin Barrel, 7 Heats, Automatic Curling Wand Creates Full, Frizz-Free Curls, Holiday Gift For Women, Smart Calculator, Create Perfect Waves With This Electric Curling Iron - An At-Home Hairstyling Tool For Creating Salon-Quality Curls And Waves"
3181,Unranked(New),General Application,149.99,20,0,"IVATION Ivation Ozone Generator Portable Air Purifier, Ionizer & Deodorizer -Room Air Purifier Purifies Up To 3,500 Square/Feet - Air Purifiers For Home Great For Dust, Pollen, Pets, Smoke & More Cherry"
3182,Unranked(New),General Application,54.99,21,0,"Leebein Electric Spin Scrubber, 2024 Upgraded Electric Scrubber For Cleaning, Spin Scrubber With Long Handle & 8 Replaceable Brush Heads, Remote Control Shower Cleaner Brush For Bathroom, Floor"
3183,Unranked(New),General Application,24.99,29,0,Portable Plug In Wall Space Heater Digital Timer Electric Personal Heater Fan
3184,Unranked(New),General Application,125.0,4,0,Wave Away Triple Barrel Curler With Tourmaline Ceramic Barrels
3185,Unranked(New),General Application,37.99,44,0,8.6 Inch Portable Mini Small Cooling Table Fan Desk Desktop Personal Cooler
3186,Unranked(New),General Application,39.99,43,0,"20"" 3-Speed Portable Box Fan, New,High-Power Heat Dissipation"
3187,Unranked(New),General Application,4.4,0,0,"Sandalwood Air Cushion Comb With Gift Box, Anti-Static Wooden Massage Comb For Detangling, Scalp Stimulation, Hair Growth And Thickening"
3188,Unranked(New),General Application,44.25,56,0,"Whall-Nicebay Whall 1 1/4 Inch Curling Iron With Ceramic Coating, Fast Heating, Dual Voltage, 60-Minute Auto-Off, Perfect For Versatile Hairstyling Gold"
3189,Unranked(New),General Application,13.2,0,0,K.SKIN Electric Manicure Polisher Set
3190,Unranked(New),General Application,95.73,19,0,"Ozone Generator 22000 mg/h - Ozone Machine Ionizer & O3 Deodorizer for Home, Basement, Smoke, and Pet Room. Blue"
3191,Unranked(New),General Application,56.72,28,0,Electric Mini Home DIy Marshmallow Machine
3192,Unranked(New),General Application,3.7,0,0,1pc Portable Multi-Functional Body Grooming Appliance Hair Trimmer Depilator Eyebrow Shaver Electric Eyebrow Trimmer Plucker Shaping Razor
3193,Unranked(New),General Application,184.67,41,0,Electric Hotdog Waffle Maker Machine 5 Slice Waffle Corn Makers Non-Stick Stainless Steel Baker Machine
3194,Unranked(New),General Application,33.47,0,0,Unbeatablesale Low Profile Refrigerator Roof Vent Cap&#44; Polar White
3195,Unranked(New),General Application,33.0,0,0,Unbeatablesale 8 Oz Glass & Silicone Glass & Ice Mold&#44; Black & Clear
3196,Unranked(New),General Application,99.99,75,0,"Teendow PB101 Vacuum Cleaners, Cordless Vacuum Cleaner With 80000 RPM High-Speed Brushless Motor, 2600mAh Powerful Lithium Batteries, 5 Stages High Efficiency Filtration, Up To 40 Mins Runtime"
3197,Unranked(New),General Application,37.99,44,0,Desktop Fan RGB IntelligENTt Colorful Lights Rechargeable High Wind Power SilENTt
3198,Unranked(New),General Application,23.51,0,0,Unbeatablesale 4 Ft. Flexi Antenna&#44; Red & Blue - Bulk
3199,Unranked(New),General Application,112.99,21,0,"Tpro Portable 12"" Rechargeable Table Fan With LED Night Light And Power Bank"
3200,Unranked(New),General Application,119.99,20,0,HealSmart 27 Inch Bladeless Floor Fan Adjustable Speeds Settings 90° Swivel
3201,Unranked(New),General Application,123.49,57,0,"VEVOR Manual Honey Extractor, 2/4 Frames Honey Spinner Extractor, Stainless Steel Beekeeping Extraction, Honeycomb Drum Spinner With Lid, Apiary Centrifuge Equipment With Height Adjustable Stand"
3202,Unranked(New),General Application,44.19,37,0,"Healthy Ceramic Nonstick, 12"" 5QT Square Electric Skillet With Glass Lid, Dishwasher Safe, Adjustable Temperature Control, PFAS-,"
3203,Unranked(New),General Application,23.3,0,0,KM-2274 Kemei/KEMEI New Home Hair Clipper With LCD Digital Display And Fast Oil Filling Head Carving For Hair Cutting
3204,Unranked(New),General Application,31.34,22,0,"TOPWIT Electric Kettle Glass Hot Water Kettle, 2.0L Water Warmer,  Stainless Steel Lid & Bottom, Tea Kettle With Fast Heating, Auto Shut-Off & Boil Dry Protection"
3205,Unranked(New),General Application,5.34,40,0,"Heated Eyelash Curlers, Rechargeable Electric Eyelash Curler With Flexible Silicone Pad 2 Heating Modes Quick Natural Curling Eye Lashes For Long Lasting, Best Gifts For Women"
3206,Unranked(New),General Application,19.99,50,0,"Travel Size Professional 1"" Titanium & Ceramic Flat Iron Hair Straightener, Ionic"
3207,Unranked(New),General Application,79.95,6,0,X Portable Blender (24oz)
3208,Unranked(New),General Application,18.99,72,0,19-Level EMS Electric Foot Massager Pad Blood Muscle Circulation Stimulator Mat
3209,Unranked(New),General Application,150.09,57,0,"VEVOR Food Dehydrator Machine, 800W Electric Food Dehydrator, 10 Stainless Steel Trays, With Digital Adjustable Timer & Temperature Food Dryer For Jerky, Herb, Meat, Beef, Fruit, Dog Treats And Vegetables"
3210,Unranked(New),General Application,17.99,74,0,NEW Electric EMS Foot Massager Leg Reshaping Pad Feet Muscle Stimulator Mat US
3211,Unranked(New),General Application,399.99,15,0,"Tineco Pure ONE S15 Essentials Smart Cordless Vacuum Cleaner, Stick Vacuum With Anti-Tangle Brush & Fade-Free Suction, Deep Clean For Hard Floor & Carpets, Pet Hair Cleaning With Led Headlights"
3212,Unranked(New),General Application,13.99,18,0,"6IN Mini Baby Stroller Fan, Handheld Personal Portable Clip On Fan With Flexible Tripod For Stroller Bike Desk Treadmill Crib Car Seat Outdoor Camping, USB Or Battery Powered (NavyBlue)"
3213,Unranked(New),General Application,146.86,25,0,Waffle Machine Hot Dog Maker 6pcs Hot Dog Sausage Maker 110v Stainless Steel Nonstick Hot Dog Machine 2 Shapes
3214,Unranked(New),General Application,24.9,0,0,1pc Minimalist Portable Juicer Bottle
3215,Unranked(New),General Application,10.7,1,0,"An Air Conditioner Air Deflector, Which Can Avoid Direct Blowing Of The Body And Prevent Catching A Cold."
3216,Unranked(New),General Application,199.99,17,0,"30 Inch Gas Stove, Built-In Propane Gas Cooktop With 5 Burner,Gas Cooktop NG/LPG Convertible"
3217,Unranked(New),General Application,38.99,0,0,"Single Serve Coffee Maker Coffee Brewer for Single Cup Capsule and Ground Coffee, Single Cup Coffee Makers with 6 to 14oz Reservoir, Mini Size"
3218,Unranked(New),General Application,1398.0,0,0,Bosch NGM5658UC 36 Inch Stainless 500 Series Gas Cooktop
3219,Unranked(New),General Application,60.0,8,0,"""Blown Voyage"" 2-Piece Set - Red/Black Dryer And Selfie Light"
3220,Unranked(New),General Application,85.99,55,0,"VEVOR Vacuum Sealer Machine, 90Kpa 130W Powerful Dual Pump And Dual Sealing, Dry And Moist Food Storage, Automatic And Manual Air Sealing System With Built-In Cutter, With Seal Bag And External Hose"
3221,#3 Best Sellers,in Hot Plates,38.99,37,0,"Techwood 7.5"" Hot Plate Portable Electric Stove For Cooking,1500W Countertop Single Burner With Adjustable Temperature & Stay Cool Handles,Stainless Steel Electric Cooktop For Dorm Office/Home/Camp"
3222,Unranked(New),General Application,197.05,28,0,"Commercial Ice Maker, 48Lbs/24H Self-Cleaning LCE Ice Maker For Home, Bar, Restaurant, Coffee Shop And Many Other Commercial Places, Chewable Pellet Ice, Ice Maker"
3223,Unranked(New),General Application,39.99,43,0,Portable Camping Ceiling LED Fan 10400mAh USB Battery Powered Hanging Tent Lantern Fan Power Bank With 3 Fan Speed 3 Light Brightness Smart Timer Remote Control
3224,Unranked(New),General Application,512.72,0,0,Samsung ME21DG6300SR 2.1 Cu. Ft. Stainless Steel Over-The-Range Microwave
3225,Unranked(New),General Application,151.99,19,0,VEVOR 15L Ultrasonic Cleaner With Digital Timer & Heater Professional Ultrasonic Cleaner 40kHz Advanced Ultrasonic Cleaner 110V For Wrench Screwdriver Repairing Tools Industrial Parts Mental Cleaning
3226,Unranked(New),General Application,9.9,9,0,Ows Wireless Bluetooth-Compatible 5.0 Headphones Air Conduction Sports Earphones Noise Canceling Headset
3227,Unranked(New),General Application,34.98,40,0,"Portable Neck Fan. Bladeless Neck Fan,For Indoor Outdoor Travelling,USB Rechargeable Personal Fan,Rechargeable, Headphone Design,3 Speeds Operated Adjustable,Neck Fans For Women"
3228,Unranked(New),General Application,20.55,28,0,"Electric Spin Scrubber,GRUTTI Power Scrubber Cordless Electric Shower Scrubber With Digital Display And 5 Replaceable Heads, 2 Adjustable Speeds,Cleaning Brush For Bathtub, Floor, Tile, Window"
3229,#10 Best Sellers,in Air Conditioners,209.99,34,0,"HOMCOM 8,000 BTU Portable Air Conditioner For 345 Sqft Room, Timer"
3230,Unranked(New),General Application,33.9,0,0,Unbeatablesale 10 Oz Orange Plastic Citrus Juicer
3231,Unranked(New),General Application,12.88,17,0,K35 Wireless Lavalier Microphone 3.5mm Round Jack Automatic Noise Reduction Lapel Mic For Camera Recording
3232,Unranked(New),General Application,10.39,17,0,C11 Car Bluetooth-Compatible 5.0 Transmitter Receiver Car Audio Aux Hands-Free Call Two-In-One Audio Adapter For Pc Tv Car
3233,Unranked(New),General Application,45.39,39,0,"Mini Donut Maker - Donut Maker Machine For Home Breakfast Desserts, Bake 7 Mini Doughnuts, 1400W Electric Doughnut Machine With Non-Stick Surface Makes For Kids Donut Maker With Oil Brush 7 Holes"
3234,Unranked(New),General Application,23.99,52,10.0,"KIPOZI 160W Personal Blender For Shakes And Smoothies, 20oz 600ml Juicer Cup With Portable Sports Bottle Single Blend Easy To Clean"
3235,Unranked(New),General Application,38.09,0,0,"Unbeatablesale Imperial Center Wall Register Boot, 10 X 4 In. Depth, 6 In. Collar - Galvanized"
3236,Unranked(New),General Application,89.0,36,20.0,"ELG01 1/2in. X 100ft Garden Hose Reel, Retractable Reel Storage With Any Length Lock, Slow Return System, 9 Patterns Adjustable, Wall-Mounted & 180° Swivel Bracket For Watering, Black & Red"
3237,Unranked(New),General Application,89.18,53,0,Gracie Mills Abe Oversized Plush Heated Throw Blanket With Built-In Control - GRACE-13876
3238,Unranked(New),General Application,50.24,3,0,"Lava Steak Stone Table Grill With Bamboo Tray Indoor Outdoor Smokeless Grill Meat, Veggies For BBQ Party, One Rechaud 8.46""*6.49"""
3239,Unranked(New),General Application,135.79,3,0,"Electric Grill Hot Pot 2 In 1,Multifunctional Smokeless Grill Indoor Teppanyaki Grill/Shabu Pot With Divider-Separate Dual Temperature Contral,Non-Stick Pan BBQ Capacity For 2-12 People,110VBlack3.0"
3240,Unranked(New),General Application,54.31,3,0,"Game Day Sausage And 5 Electric Grill With Oil D Tray, Carry Handle, And Cord Storage, Cooks , Turkey, Chicken, Veggie Sausages, Or Hot Dogs"
3241,Unranked(New),General Application,190.99,3,0,"Hot Pot With Grill, Electric Hot Pot 2 In 1 Shabu Shabu Hot Pot Korean BBQ Grill, Removable Hotpot Pot 1200W / Large Capacity Baking Tray, Separate Temperature Control, Electric Grill For 2-12 People"
3242,Unranked(New),General Application,234.25,2,0,"22"" Electric Grill Countertop Gdle Flat Top Grill Hot Plate Non-Stick Stainless Steel Teppanyaki Grill For Restaurant Kitchen, 110V 3000W"
3243,Unranked(New),General Application,10.4,0,0,"Vacuum Filters Replacement For Shark Navigator Zero-M Lift-Away Speed Upright Vacuum ZU560, ZU560C, ZU561, ZU562, ZU572,UV650,2 Post Filters + 4 Foam & Felt Filters Kit, Part #'s XHEPA560 & XFFK560"
3244,#10 Best Sellers,in Temperature Gauges,4.6,0,0,"1pc Cartoon Turtle Shaped Floating Water Temperature Meter, Suitable For Bathtubs, Swimming Pools And Aquariums"
3245,Unranked(New),General Application,5.9,0,0,"1pc Insect Repellent, Mosquito Sticker With USB Powered Purple Light Electric Bug Zapper Indoor Lighting Mosquito Killer"
3246,Unranked(New),General Application,71.94,28,0,"Low Noise Home Blender | For Shakes, Smoothies, Food Prep, And Frozen &Heat Blending | 1000-Watt Base And (1) 1500ml Cups ,Two Blades Of Different Specifications"
3247,Unranked(New),General Application,25.0,20,0,"Electric Shaver For Women Lady Epilator Electric Razors Kit Hair Remover For Face Chin Arm Leg Armpit Trimmer Painless Waterproof USB Rechargeable Dry Wet With Detachable Head 3 In 1,Rose Gold,Women's Razors,Razors For Women"
3248,Unranked(New),General Application,98.9,18,0,"YONGSTYLE 1800W Induction Cooktop Countertop Burner, 3 Hour Max Timer"
3249,Unranked(New),General Application,64.25,28,0,"1PC Heating Knee Pad, Heated Knee Massager, 3-In-1 Heating Massage Knee Pad, Shoulder And Elbow Pad, Vibrating Knee Joint Heating Pad, Adjustable Temperature For 3-Speed Massage And 5-Speed Massage, Heating And Relaxing Leg Warmer"
3250,Unranked(New),General Application,88.0,50,0,"INSE V770 Cordless Vacuum Cleaner, 6 In1 Vacuum Cleaner With Rechargeable Battery, Convenient Lightweight Stick Vacuum Cleaner With Powerful Suction, Handheld Vacuum For Carpet Hard Floor Pet Hair Home"
3251,Unranked(New),General Application,470.99,32,0,"Merax Power Lift Recliner Chair Electric Recliner For Elderly Recliner Chair With Massage And Heating Functions, Remote, Phone Holder Side Pockets And Cup Holders For Living Room"
3252,Unranked(New),General Application,111.88,28,0,VEVOR 6-Pan Commercial Food Warmer 6 X 8QT Electric Steam Table 1200W Professional Countertop Stainless Steel Buffet Bain Marie With 86-185°F Temp Control For Catering And Restaurants Silver
3253,Unranked(New),General Application,10.6,0,0,"Charcoal Fire Flame Diffuser, Aromatherapy Essential Oil Diffuser, 300ml Cool Mist Ultrasonic Humidifier For Bedroom,Office,Home,Yoga, Night Light"
3254,Unranked(New),General Application,21.5,0,0,Unbeatablesale Rubber Gasket For 16 Qt. & 22 Qt.
3255,Unranked(New),General Application,48.39,0,0,Unbeatablesale Supurr-Flex Vent Hook-Up Kit
3256,Unranked(New),General Application,23.12,28,0,"Electric Spin Scrubber,GRUTTI Power Scrubber Cordless Electric Shower Scrubber With Digital Display And 5 Replaceable Heads, 2 Adjustable Speeds,Cleaning Brush For Bathtub, Floor, Tile, Window"
3257,Unranked(New),General Application,55.0,8,0,"Tropico Getaway 0.5"" Flat Iron With Travel Bag + ""Spotlight"" LED Selfie Light"
3258,Unranked(New),General Application,80.79,0,0,Global Phoenix Electric Heated Throw Flannel Heated Blanket With 10 Heat Settings Auto Off Washable For Home Office Usage 59x51in
3259,Unranked(New),General Application,2.9,0,0,"1pc Student Kitchen Timer Count Down Electronic Alarm Clock Children Time Management Timer,Kitchen,Kitchen Items,Food,Cooking,Camping,Vacation,Beach,Room Decor,Organizer,Party,Travel."
3260,Unranked(New),General Application,10.3,0,0,1pc Battery/USB Dual Purpose Double-Sided Mirror LED Makeup Mirror Portable Makeup Mirror Makeup Light With 10X Magnification
3261,Unranked(New),General Application,53.44,22,0,"Healthy Ceramic Nonstick, 12"" 5QT Square Electric Skillet With Glass Lid, Dishwasher Safe, Adjustable Temperature Control, PFAS-, Turquoise"
3262,Unranked(New),General Application,11.3,0,0,"10 Pieces Vacuum Cleaner Bags Compatible With Xiaomi X10 And Dreame L10s Ultra Robot Vacuum Cleaner Extraction Station, 2.5L Large Capacity Replacement Vacuum Cleaner Bags"
3263,Unranked(New),General Application,94.99,50,0,"VEVOR Gumball Machine, 21"" Height Home Vending Machine, PS Bouncy Balls Dispenser, Hold 180 Capsule Toys, Rectangle Bubble Gum Machine For Game Stores, Coin Operated Gumball Bank, Red"
3264,Unranked(New),General Application,54.99,50,0,"VEVOR Gumball Machine, 17""H Home Candy Vending Machine, PC Gumball Dispenser, Bubble Gum Machine For Game Stores, Coin Operated Gumball Bank For Toy Capsules Bouncy Balls Candy, Blue"
3265,Unranked(New),General Application,54.99,51,0,"VEVOR Gumball Machine, 17""H Home Candy Vending Machine, PC Gumball Dispenser, Bubble Gum Machine For Game Stores, Coin Operated Gumball Bank For Toy Capsules Bouncy Balls Candy, Yellow"
3266,Unranked(New),General Application,51.99,37,0,USB Portable Air Cooler Fan Mini Air Conditioner Personal Cooling Desk Fan White
3267,Unranked(New),General Application,9.6,40,0,Men Chinese Dragon Decor Electric Hair Clipper
3268,Unranked(New),General Application,65.99,43,0,Electric Foot Spa Massager Foldable Foot Bath Soak Tub With Heat Bubble Massage
3269,Unranked(New),General Application,54.74,0,0,Unbeatablesale 11 In. Granite Look Non-Stick Cast Aluminum Fry Pan & Skillet
3270,Unranked(New),General Application,17.1,8,0,"Portable Cordless Hair Straightener With Ceramic Coating For Women, Hot Comb Hair Straightener, Lightweight Mini, Type-C Charging Port, USB Rechargeable, 2 In 1 Wireless Mini Portable USB Hair Straightener Curler, Large Capacity Lithium Battery, Long Battery Life, Perfect For Party, Travel And Beauty Anytime Anywhere - A Thoughtful Gift For Women, Adjustable Temperature Rechargeable Hairdressing Tools For Women's Gift, Mother's Day Gift, Hair Straightener, Curling Wand, Crimp Curling Iron, Flat Iron, Hair Curler."
3271,Unranked(New),General Application,7.9,0,0,"Kitchen Food Thermometer,  304 Stainless Steel, Temperature Measurement Range -50~300 Degrees Celsius, Accuracy +/- 0.8°C, Temperature Measuring Speed 2~3 Seconds, Requires CR2032 Battery"
3272,Unranked(New),General Application,32.46,0,0,Unbeatablesale Handheld Garment Steamer With Stainless Steel Nozzle&#44; Pink
3273,Unranked(New),General Application,31.91,0,0,"Unbeatablesale Aeromat Folding Cane Massager, Gray"
3274,Unranked(New),General Application,68.99,30,0,"High Velocity 12"" Floor Fan Portable Outdoor Indoor 3 Speeds Adjustable Tilt Fan"
3275,Unranked(New),General Application,38.99,43,0,Portable Personal Desk Fan 4 Speed 180° Tilt USB Rechargeable Fan W/Hanging Hook
3276,Unranked(New),General Application,26.99,53,0,Portable Air Cooler Fan Mini Air Conditioner USB Cooling Fan Desk LED Light Fan
3277,Unranked(New),General Application,30.99,49,0,Mini Air Conditioner Humidifier Cooler USB Fan Portable Purifier Cooling Fan
3278,Unranked(New),General Application,37.99,44,0,RGB IntelligENTt Colorful Lights Rechargeable High Wind Power SilENTt Desktop Fan
3279,Unranked(New),General Application,37.99,44,0,Desktop Fan RGB IntelligENTt Colorful Lights Rechargeable High Wind Power SilENTt
3280,Unranked(New),General Application,44.99,40,0,"8"" USB Desk Clip On Fan Rechargeable 3-Speed Portable Cooling Camping Stroller"
3281,Unranked(New),General Application,19.99,60,0,Portable Rechargeable Fan Mini Handy Fan Pocket Size Air Cooler USB White US
3282,Unranked(New),General Application,21.99,58,0,Portable Fan USB Rechargeable Foldable Table Desk Fan Telescopic Floor 3-Speeds
3283,Unranked(New),General Application,38.99,43,0,"9"" Desk Table Fan With Strong Airflow 2 Speed 270° Rotatable Fan For Home Office"
3284,Unranked(New),General Application,21.99,58,0,Car Cooling Fan Rotatable Fan Mini USB Vehicle Fan Backseat Clip Fan W/3 Speeds
3285,Unranked(New),General Application,83.99,26,0,"9"" Oscillating Pedestal Fan Portable Floor Fan W/ 3 Adjustable Heights & Speeds"
3286,Unranked(New),General Application,25.99,54,0,4000mA Rechargeable Personal Handheld Fan USB Mini Desk Fan Portable Outdoor Fan
3287,Unranked(New),General Application,46.99,39,0,13inch Portable Desk Towwer Fan For Bedroom Home Oscillating Bladeless Floor Fan
3288,Unranked(New),General Application,46.99,39,0,Portable USB Desk Fan Rechargeable Small Air Cooler Cooling Operated Mini Fan
3289,Unranked(New),General Application,64.99,32,0,"Fantask 35W 28"" Oscillating Towwer Fan 3 Wind Speed Quiet Bladeless Cooling Room"
3290,Unranked(New),General Application,36.99,45,0,Portable LED Travel Camping Fan 5000mAh Battery Operated Mini Desk Fan W/ Hook
3291,Unranked(New),General Application,38.99,43,0,Portable Air Cooling Fan Electric Room Air Cooler Table Desktop Circulator Fan
3292,Unranked(New),General Application,19.99,60,0,Handheld Rechargeable Fan LED Digital Dissplay Rechargeable Mini Portable Fan
3293,Unranked(New),General Application,30.99,49,0,Portable Mini Fan Rechargeable Desk Clip Fan 4-Speed Adjustable Air Cooler Fans
3294,Unranked(New),General Application,22.99,57,0,Rechargeable Handheld Fan W/ Flexible Tripod Clip  3 Speed 360° Tilt On Desktop
3295,Unranked(New),General Application,38.99,43,0,9inch USB Table Desktop Fan For Office Air Fan Circulator Home Bedroom 2 Speeds
3296,Unranked(New),General Application,20.99,59,0,12V Car Summer Portable 360 Rotation Cooling Fan  Vehicle Travel Auto Air Cooler
3297,Unranked(New),General Application,40.99,42,0,Stand Fan Portable Folding Pedestal USB Rechargeable Telescopic Table Floor Fan
3298,Unranked(New),General Application,64.99,32,0,Portable Desk Wired Fans 3 Speed 28W SilENTt Mode Air Circulator Head Shaking Fan
3299,Unranked(New),General Application,40.99,42,0,360° Aire Para Carro De VENTtilador Aires Acondicionados Portatil VENTtilacion 12V
3300,Unranked(New),General Application,22.99,57,0,Portable Handheld Fan Digital Dissplay 3 Speeds Ajustable  Mini Rechargeable Fan
3301,Unranked(New),General Application,35.9,55,0,"Bladeless Neck Fan - 5200mAh Portable Neck Fan With 3 Wind Speed,USB Rechargeable Personal Neck Fan, Hands-Free Design USB Fan - Ideal For Outdoor Activities And Travel"
3302,Unranked(New),General Application,22.99,57,0,Portable Rechargeable Handheld Fan W/ Flexible Tripod Clip  3 Speed 360° Tilt
3303,Unranked(New),General Application,23.99,56,0,Portable Fan USB Rechargeable Foldable Table Desk Fan Telescopic Floor Mini Fan
3304,Unranked(New),General Application,39.98,50,0,"DR.PREPARE Heated Vest, Plus Size Heated Jacket For Men Women, USB Electric Heated Clothing With 3 Heating Levels, Lightweight Adjustable Warming Vest For Hiking Skiing (Battery Pack Not Included)"
3305,Unranked(New),General Application,21.62,0,0,Unbeatablesale Dundas Jafine Inc. 4in. X 8ft. Pro Flex Clothes Dryer Transition Duct
3306,Unranked(New),General Application,16.7,4,0,"A6 Professional Hair Clipper,Electric Cordless Hairdresser, Razor, Long-Life High-Speed Motor Power, USB Data Line Straight, Plus Three Limit Combs And Cleaning Brushes, Home Haircuts, Small And Portable, Holiday Gifts, Applicable To Travel"
3307,Unranked(New),General Application,21.4,0,0,"Fully Automatic Electric Hair Clipper, Multifunctional Rechargeable Split Tail Hair Clipper, Professional 2-In-1 Hair Edge Control Trimmer For Hair Fragmentation, Portable Wireless Hair Clipper, Hair Care Products, Women's Gifts, Mother's Day Gifts"
3308,Unranked(New),General Application,44.03,28,0,A-A1 360 ° Turning TV Antenna UV Dual Section 47-860 MHz 15-18dB HD Outdoor Easy Installation And Disassembly
3309,Unranked(New),General Application,25.5,0,0,Unbeatablesale 0.625 X 0.5 In. MPT Brass Compression Tee Fitting
3310,Unranked(New),General Application,4.0,0,0,"1pc Creative Cartoon Timer Magnetic Suction Kitchen Mechanical Countdown Timer Student Time Manager,Kitchen,Kitchen Items,Food,Cooking,Camping,Vacation,Beach,Room Decor,Organizer,Party,Travel."
3311,Unranked(New),General Application,59.72,0,0,Unbeatablesale 9 Dowel Coated Aluminum Dryer
3312,Unranked(New),General Application,68.08,31,0,"Cusimax Shop Wide Mouth Extractor Juice Machine With Dual Speed Centrifugal Stainless Steel Juicer, 3.5 Cup, Chrome Silver"
3313,Unranked(New),General Application,51.4,28,0,"Wired Vacuum Cleaner, High-Power And High Suction, 600W XC-1-PURPLE	, Pet Hair, Floor, Carpet Cleaning Tool, Household Use"
3314,Unranked(New),General Application,51.4,28,0,"Wired Vacuum Cleaner, High-Power And High Suction, 600W ROSE Pet Hair, Floor, Carpet Cleaning Tool, Household Use"
3315,Unranked(New),General Application,96.99,0,0,ILIVING 7/10/12/16/18/20/24 Inch Wall-Mounted Variable Speed Shutter Exhaust Fan Crawl Space Ventilator
3316,#8 Best Sellers,in Hot Plates,129.99,19,0,"VBGK Electric Cooktop 2 Burners, 110V Electric Double Burner, Electric Stove Top With Knob Control, 2200W Countertop Burners 9 Power Levels, Cooktops Child Safety Lock And 99 MinTimer"
3317,Unranked(New),General Application,134.99,25,10.0,"Proscenic Vacuum Cleaners For Home, P11 Mopping 35Kpa Cordless Vacuum Cleaner And Mop Combo With Touch Screen, Stick Vacuum Equipped 5-Stage Filtration System, Hardwood Floor Vacuum For Pet Hair, Car"
3318,Unranked(New),General Application,64.99,32,0,"Fantask 35W 28"" Oscillating Towwer Fan 3 Wind Speed Quiet Bladeless Cooling Room"
3319,Unranked(New),General Application,75.99,24,0,"Fans For Home Bedroom, 18'' Standing Floor Fans For Home,12 Speeds Oscillating Fan With Remote, Pedestal Fan With Adjustable Height,3 Wind Modes,18H Timer, 85° Oscillation TF010"
3320,Unranked(New),General Application,55.29,0,0,Unbeatablesale Nostalgia 8482614 4 Qt. Blue Ice Cream Maker - 15 X 12 X 12 In.
3321,Unranked(New),General Application,209.99,0,0,"Tower Fan And Air Purifier, 90 Oscillating Tower Fan With HEPA Filter 99.97%, , Touch, 8H Timer, 9 Speeds, Powerful Floor Fan For Bedroom Room Home Office, White"
3322,Unranked(New),General Application,83.99,0,0,"Portable Oscillating Quiet Tower Fan With Control,3 Modes And 8 Wind Speed Setting, Built In 24 H Timer LED Display Powerful Standing Fan For Bedroom,Home,Office40 Inch, Black"
3323,Unranked(New),General Application,83.99,0,0,"Portable Oscillating Quiet Tower Fan With Control,3 Modes And 8 Wind Speed Setting, Built In 24 H Timer LED Display For Bedroom,Home,Office,Dormitory 40 Inch, Silver"
3324,#4 Best Sellers,in Ice Makers,78.37,52,0,"1pc Ice Maker Countertop, Fast Ice Making In 6-8 Mins, 2 Sizes Of Bullet Ice, Sterilizing, Low-Noise, Portable Ice Maker With Ice Scoop And Basket, Ideal For Home, Kitchen, Camping, RV"
3325,Unranked(New),General Application,83.0,48,0,"INSE N520 Cordless Vacuum Cleaner, 6-In-1 Rechargeable Stick Vacuum With 2200 MAh Battery, 20kPa Powerful Lightweight Vacuum Cleaner Up To 45 Mins Runtime, For Home Hard Floor Carpet Pet Hair"
3326,Unranked(New),General Application,55.83,65,0,Global Phoenix Electric Heated Flannel Throw Heated Blanket With 6 Heat Settings
3327,Unranked(New),General Application,79.45,0,0,Unbeatablesale Superstone La Cloche - Grey Glaze
3328,Unranked(New),General Application,45.39,39,0,"Healthy Ceramic Nonstick, 12"" 5QT Square Electric Skillet With Glass Lid, Dishwasher Safe, Adjustable Temperature Control, PFAS-, Night Blue"
3329,Unranked(New),General Application,38.99,23,0,"Deep Fryer Pot 304 Stainless Steel Frying Pan With Strainer Basket And Handle,Japanese Tempura Fryer Deep Fryers Frying Pot For Frying Fish Shrimp Chicken And Fries Silver-1"
3330,Unranked(New),General Application,190.99,33,0,HOMCOM 8000 BTU Window Portable Air Conditioner With Timer On/Off
3331,Unranked(New),General Application,18.5,0,0,Professional Electric Hair Clipper Km-1840 Barber Cordless Lcd Hair Trimmer Hair Cutting Machine For Men Cordless
3332,Unranked(New),General Application,39.19,0,0,"6 Quart Stainless Steel Stove Top Deep Fryer,Silver"
3333,Unranked(New),General Application,26.99,40,0,"Mini Portable Stroller Fan,3 Speed Personal Handheld Fan,Battery Operated Rechargeable 360° Flexible Tripod Cooling Fan, Suitable For Car Seat Crib Treadmill  Cart Travel(Yellow)"
3334,Unranked(New),General Application,65.52,0,0,Unbeatablesale 3 Qt. 6 Speed Stand Mixer&#44; Black
3335,Unranked(New),General Application,5.2,0,0,Electric EMS Foot Massager Pad Remote Controlable & Relief Relaxation Foot Acupoint Massage Pad Muscle Stimulation Improve Blood Circulation Gifts For Home Office Holiday
3336,Unranked(New),General Application,169.64,28,0,"Foldable Gaming Chair With Onboard Speakers, LED Strip Lighting, Bluetooth Music Speakers, Vibration Massage, USB Charging Port"
3337,Unranked(New),General Application,17.13,28,0,"High-Power 3-In-1 Cordless Vacuum Cleaner Can Be Used For Car And Home Suction, Pump, Blow. Battery Capacity 1800, Can Absorb Dust, Debris, Pet Hair, Air, Blow Dust, And Equipped With A Variety Of Accessories"
3338,Unranked(New),General Application,17.13,28,0,"High-Power 3-In-1 Cordless Vacuum Cleaner Can Be Used For Car And Home Suction, Pump, Blow. Battery Capacity 1800, Can Absorb Dust, Debris, Pet Hair, Air, Blow Dust, And Equipped With A Variety Of Accessories"
3339,Unranked(New),General Application,23.5,0,0,"3-In-1 Hair Dryer Brush, Curling Iron And Straightening Comb High-Power Hot Air Brush"
3340,Unranked(New),General Application,22.0,0,0,"3-In-1 Hair Dryer Brush, Curling Wand And Straightening Comb, High Power Hair Dryer Without Damaging Hair"
3341,Unranked(New),General Application,23.12,28,0,"Electric Spin Scrubber,GRUTTI Power Scrubber Cordless Electric Shower Scrubber With Digital Display And 5 Replaceable Heads, 2 Adjustable Speeds,Cleaning Brush For Bathtub, Floor, Tile, Window"
3342,Unranked(New),General Application,15.99,65,0,Portable Rechargeable Fan Mini Handy Fan Pocket Size Air Cooler USB W/ Battery
3343,Unranked(New),General Application,14.12,0,0,Unbeatablesale The Mandalorian Grogu Sleeping Air Freshener
3344,Unranked(New),General Application,12.8,0,0,"1pc Electric Nail Clipper, Nail Filing, Nail Polishing, Nail Buffing, Nail Shaping, Nail Care Tools, Suitable For Manicure, Nail Care, Nail Tips, Nail Supplies, Etc. Perfect Gift For Friends And Family"
3345,Unranked(New),General Application,63.12,0,0,Unbeatablesale Indoor & Outdoor Mobility Step - 19.5 X 15.5 X 3.5 In.
3346,#6 Best Sellers,in Air Conditioners,209.99,19,0,"8000 BTU Portable Air Conditioner - Fast Cooling 3-In-1 AC For Rooms Up To 300 Sq.Ft, Includes Remote, Dehumidification, Air Circulation, Timer, And Window Kit"
3347,Unranked(New),General Application,16.99,64,0,USB Desk Table Fan Personal Small Air Circulator Quiet Mini Portable Fan Purple
3348,Unranked(New),General Application,31.99,47,0,"Spa Filter Replacement, Pool Filters Cartridge Compatible With Pleatco PRB25-IN, Unicel C-4326, Filbur FC-2375, Hot Tub Filters 25 Sq. Ft, 2 Pack"
3349,Unranked(New),General Application,230.0,2,0,"""Galaxy Getaway"" Flat Iron Duo"
3350,Unranked(New),General Application,25.2,0,0,Portable Car Vacuum Cleaner
3351,Unranked(New),General Application,92.99,35,0,Shower Foot Rest Massageable Pedicure Foot Rest For Home For Bathroom
3352,Unranked(New),General Application,63.97,19,0,"Powerful Electric Juicer With High Juice Yield | Citrus Juicer 200W + 2 Cones | Lemon, Lime, Orange Juice Squeezer Machine With Innovative Lever Press | Exprimidor De Naranjas Electrico"
3353,Unranked(New),General Application,121.99,20,0,"HEPA Air Purifiers For Large Room, 5-Stage Air Cleaner,H13 Up To 1730Sq.Ft,PM2.<Wbr/>5"
3354,Unranked(New),General Application,15.9,0,0,"MK04 Replacement Filter Compatible With  H13 Hepa Filter Replacement For Filte Pet Dander,2 Pack Replacement Filter For Bedroom And Office, Part #MK04LX"
3355,Unranked(New),General Application,42.99,56,0,"Yabano Espresso Machine, 3.5Bar Espresso Coffee Maker, Espresso and Cappuccino Machine with Milk Frother, Espresso Maker with Steamer, Black"
3356,Unranked(New),General Application,21.99,58,0,Car Cooling Fan Rotatable Fan Mini USB Vehicle Fan Backseat Clip Fan W/3 Speeds
3357,Unranked(New),General Application,21.99,58,0,Portable Fan USB Rechargeable Foldable Table Desk Fan Telescopic Floor 3-Speeds
3358,Unranked(New),General Application,20.99,59,0,Portable Personal Handheld Fan 3 Speed USB Rechargeable Mini Desk Fan W/Lanyard
3359,Unranked(New),General Application,7.6,0,0,"1pc Rechargeable Hot Compress Eye Massager With High Frequency Vibration, Red/Blue/Purple Light And Constant Temperature At 42 Degrees, 3 Modes"
3360,Unranked(New),General Application,74.58,33,0,"YONGSTYLE Mini Shiatsu Neck Massager, Shoulder Neck Massager With Heat For Pain Relief Deep Tissue, Neck, Back, Shoulder, Leg Electric Kneading Massager, Perfect Gifts For Men Women Dad Mom"
3361,Unranked(New),General Application,2399.99,27,0,"BOSSCARE Full Body Zero Gravity 4D Massage Chair, 2024 APP & AI Control Massage Recliner, SL Track Yoga Stretching Shiatsu Message Chair, Body Scanning,HIFI Bluetooth Speaker With Heated"
3362,Unranked(New),General Application,519.99,44,10.0,Costway 12000 BTU Mini Split Air Conditioner & Heater Ductless 17 SEER2 750 Sq. Ft
3363,Unranked(New),General Application,47.53,0,0,Unbeatablesale LamaFlex Connector - 5 Layer Foil Laminate - Flexible Aluminum - UL Listed - 6in. X 25ft.
3364,Unranked(New),General Application,45.38,0,0,Unbeatablesale 0.12 Female National Pipe Thread To 0.25 In. Airline Straight Fitting - 10 Piece
3365,Unranked(New),General Application,47.22,0,0,Unbeatablesale C168-OLF 04X10 4 X 10 In. Floor Register
3366,Unranked(New),General Application,55.29,0,0,Unbeatablesale 0.12 Male National Pipe To 0.25 In. Thread Airline 90 Degree Swivel Elbow Fitting - 10 Piece
3367,Unranked(New),General Application,228.99,33,0,"HOMCOM 10000 BTU Mobile Portable Air Conditioner with Cooling, Dehumidifier, and Ventilating with Remote Control, 2 Speed Fans, 24-Hour Timer for Bedroom, Living Room, Home Office, White"
3368,Unranked(New),General Application,17.41,0,0,"Unbeatablesale QFX 8-In-1 Universal Remote Control With Glow-In-The-Dark Buttons, Black"
3369,Unranked(New),General Application,119.99,68,0,"6.5QT Electric Stand Mixer, 3-IN-1 Tilt Head Kitchen Mixer For Most Home Cooks, 660W 10-Speed With Pulse Button, Attachments Include Splash Cover, Bowl, Dough Hook, Beater And Whisk"
3370,Unranked(New),General Application,119.99,68,0,"6.5QT Electric Stand Mixer, 3-IN-1 Tilt Head Kitchen Mixer For Most Home Cooks, 660W 10-Speed With Pulse Button, Attachments Include Splash Cover, Bowl, Dough Hook, Beater And Whisk"
3371,Unranked(New),General Application,171.35,28,0,"Portable Air Conditioner 8000Btus, Air Conditioners 3-In-1 Cools Up To 350 Square Feet, Indoor Standing Ac Unit W/Dehumidifier, Remote Control Fan 61℉-90℉, Quiet Operation Include Window Kit, White"
3372,Unranked(New),General Application,71.9,55,0,"7 In 1 Hair Dryer Brush, Blow Dryer Brush Hair Styler Set, Mother's Day Gift"
3373,Unranked(New),General Application,3.1,0,0,Hair Clipper Hairdressing Electric Pusher Electric Hair Clipper Oil Head Carving Shaver Bald Head Hair Trimmer
3374,Unranked(New),General Application,685.43,28,0,"Commercial Countertop Refrigerator 120L- Display Case W/Led Lighting, Auto Defrost, Air-Cooling, Rear Sliding Door, Countertop/Floor Refrigerator"
3375,Unranked(New),General Application,1299.99,57,0,"Artist Hand Massage Chair Full Body, SL Track Zero Gravity Massage Chair Recliner With 12 Modes, Bluetooth, Body Scan, Foot Roller & Airbags Massage, Knee Massage And Heating"
3376,Unranked(New),General Application,65.68,0,0,Unbeatablesale 14 X 25 X 1 In. Fiberglass 4 MERV Air Filter - Pack Of 12
3377,Unranked(New),General Application,59.68,0,0,Unbeatablesale 14 X 20 X 1 In. Fiberglass 4 MERV Air Filter - Pack Of 12
3378,Unranked(New),General Application,19.99,60,0,Handheld Rechargeable Fan LED Digital Dissplay Rechargeable Mini Portable Fan
3379,Unranked(New),General Application,40.99,42,0,"BESKAR Small Clip On Fan, 3 Speeds USB Fan With Strong Airflow, Clip & Desk Fan"
3380,Unranked(New),General Application,40.99,42,0,"Portable Standing Fan 4 Speed 7.5"" Foldable Desk Fan Adjustable Height 180°"
3381,Unranked(New),General Application,29.99,50,0,Speeds Small Room Air Circulator Fan 6-Inch Blade Black Hang Desk
3382,Unranked(New),General Application,34.99,46,0,Portable Fan Desk Stand Fan Swivel Air Cooling Camping LED Lamp USB Rechargeable
3383,Unranked(New),General Application,41.99,42,0,"Portable Standing Fan 7.5"" Foldable Desk Fan 7200Mah USB Telescopic Pedestal Fan"
3384,Unranked(New),General Application,73.99,29,0,Desk And Table Fan Air Circulator Fan Portable Travel Fans Adjustable Height
3385,Unranked(New),General Application,54.99,35,0,3-Gear 28W SilENTt Desktop Multi Speed Fan Table Air Circulator Fan Ship From US
3386,Unranked(New),General Application,58.99,34,0,3 PACK Of TREVA/O2COOL Clip Fan Comes With Batteries
3387,Unranked(New),General Application,67.99,31,0,TENTt Poles Clip Fan Monkey Fan Manually Adjustable 90Â° Angles 15W
3388,Unranked(New),General Application,68.99,30,0,Portable Camping Fan W/LED Light USB Rechargeable Variable Speed Battery Powered
3389,Unranked(New),General Application,20.99,59,0,Mini Portable Fan Handheld Personal Rechargeable USB Cooling Desk Table Fans
3390,Unranked(New),General Application,51.99,37,0,USB Portable Air Cooler Fan Mini Air Conditioner Personal Cooling Desk Fan White
3391,Unranked(New),General Application,61.99,33,0,Portable Battery Powered Camping Fan Super Long Lasting Battery Operated Fan ...
3392,Unranked(New),General Application,18.99,61,0,Portable Desk Fan Adjustable Mini 3 Speeds Fan Low Noise USB Rechargeable White
3393,Unranked(New),General Application,38.99,43,0,Foldable Desk Fan Portable Fan Rechargeable Battery Operated Air Circulator Fan
3394,Unranked(New),General Application,38.99,43,0,Portable Air Circulator Fan 360° Adjustable Tilt Head Desk Fan For Office Home
3395,Unranked(New),General Application,36.99,45,0,USB Portable Air Circulator Fan 270° Adjustable Tilt Small Quiet Table Desk Fan
3396,Unranked(New),General Application,39.99,43,0,Rechargeable Battery Air Circulator Fan 4 Speeds Automatic Oscillating Desk Fan
3397,Unranked(New),General Application,25.2,0,0,"800ML Portable Juicer, Multifunctional Juicer For Home Use, Fruit Juice Blender, Ton Ton Barrel,Vegetable Fruit Tools,Kitchen Items,Cutter,Food,Salad,Decor,Storage,Party,Birthday,Camping,Summer Beach."
3398,Unranked(New),General Application,107.85,28,0,VEVOR 3-Pan Commercial Food Warmer 3 X 8QT Electric Steam Table 1500W Professional Countertop Stainless Steel Buffet Bain Marie With 86-185°F Temp Control For Catering And Restaurants Silver
3399,Unranked(New),General Application,42.83,28,0,"Power Scrubber X03 Turbo Cordless W/ 8 Brush Heads, 3 Speeds Up To 450RPM, Electric Spin Scrubber For Tile, Bath, Floor, Sink, And Window Cleaning"
3400,Unranked(New),General Application,22.99,57,0,Portable Mini Fan Handy Rechargeable Fan Pocket Size Air Cooler USB W/Battery
3401,Unranked(New),General Application,18.99,61,0,Mini Hand-Held Fan 2 In 1Portable/Desk Fan Cooler Cooling USB Rechargeable Fan
3402,Unranked(New),General Application,22.99,57,0,Rechargeable Handheld Fan W/ Flexible Tripod Clip  3 Speed 360° Tilt On Desktop
3403,Unranked(New),General Application,22.99,57,0,Portable Handheld Fan Digital Dissplay 3 Speeds Ajustable  Mini Rechargeable Fan
3404,Unranked(New),General Application,19.99,60,0,Desk Mini Fan USB Rechargable Fan Ultra Quiet Portable Fan 3 Speed Adjustable
3405,Unranked(New),General Application,19.99,60,0,Portable Rechargeable Fan Mini Handy Fan Pocket Size Air Cooler USB White US
3406,Unranked(New),General Application,20.99,59,0,12V Car Summer Portable 360 Rotation Cooling Fan  Vehicle Travel Auto Air Cooler
3407,Unranked(New),General Application,64.99,13,0,"Tower Fan With Remote, 44"" Bladeless Fan, 70° Oscillating Fan For Bedroom, 3 Speeds, 3 Modes, 12H Timer, LED Display, Quiet Cooling Standing Floor Fans For Home Living Room Office TF030"
3408,Unranked(New),General Application,81.99,38,0,Modern Pedicure Chair Foot Bath Salon Spa Beauty EquipmENTt Supplies Adjustable
3409,Unranked(New),General Application,48.88,3,0,"2-Serving Classic Plate Grill Maker And Panini Press, Black, -306"
3410,Unranked(New),General Application,11.0,0,0,"Electric Hair Comb, USB Charging, Quiet & Safe, 2-Speed Adjustable For Household Use"
3411,Unranked(New),General Application,139.97,30,0,"SCEPTRE 43"" LED TV FHD 1080P Monitor Display 1920x1080 60Hz Edgeless Design, VESA Wall Mount Ready Dual 10W Speakers Metal Black (X43 Series)"
3412,Unranked(New),General Application,36.83,28,0,"Commercial Manual Juicer, Stainless Steel Hand Press Citrus Presser With Stainless Steel Cup, Portable Countertop Juice Squeezer For Lemon"
3413,Unranked(New),General Application,16.67,0,0,Unbeatablesale Letter D Back To School Initial Compact Mirror
3414,Unranked(New),General Application,44.19,38,0,"4-Slice Belgian Waffle Maker, 3 Levels With Nonstick Square Waffler Iron Plates, 1200 Watts, Compact Design For Easy Storage, Stainless Steel/Black"
3415,Unranked(New),General Application,30.7,0,0,"Handheld Steamer For Clothes, Strong Power Garment Steamer With 10.14oz Tank, Fast Heat-Up, Portable Travel Steam Iron Fabric Wrinkle Remover With Brush, For Home, Travel, RV"
3416,Unranked(New),General Application,55.43,28,0,"Shiatsu Back Shoulder And Neck Massager, Ideal For Gift Giving, Best Gift For Women, Men, Moms, Dads For Pain Relief"
3417,Unranked(New),General Application,4.9,0,0,Replacement Toothbrush Heads Ultra Soft Nano Bristles For Sensitive Teeth And Gums Care Compatible With  Sonicare Electric Toothbrush Brush Head Refills 1100 2100 4100 4300 5100 5300 6100 6500 7000 7300 7500 9000 9300 9500 9700 9750 9900 C1 C2 C3 D12
3418,Unranked(New),General Application,16.0,0,0,"1set Portable Wireless Electric Nail Drill Machine Kit, Professional Acrylic Nail Drill For Manicure, Lightweight"
3419,Unranked(New),General Application,15.3,0,0,"1set Cordless Electric Nail Drill, Portable Professional Rechargeable Efile Nail File Machine With Nail Drill Bits & Sanding Bands For Acrylic & Gel Nails, Manicure & Pedicure Polishing"
3420,Unranked(New),General Application,16.4,0,0,"1 Set Portable Wireless Electric Nail Drill, Professional Nail Drill Machine Kit, Acrylic Nail Material, Lightweight For Manicure"
3421,Unranked(New),General Application,42.83,28,0,"VEWIOR Air Purifiers For Home, HEPA Air Purifiers For Large Room Up To 600 Sq.Ft, H13 True HEPA Air Filter With Fragrance Sponge 6 Timers Quiet Air Cleaner For Pets Dander Odor Dust Smoke Pollen"
3422,Unranked(New),General Application,85.67,28,0,"VEWIOR H13 True HEPA Air Filter For Wildfire Smoke Pets Pollen Odor, With Air Quality Monitoring Light, Auto/Sleep Mode, 6 Timer,Air Purifiers, Home Air Purifier For Large Room Bedroom Up To 1560ft²"
3423,Unranked(New),General Application,43.1,23,0,3-In-1 Sandwich Waffle Eggette Maker Portable Cooking Non-Stick Coated Detachable Bakeware Plates Electric Panini Press Double-Sided Heating Breakfast Toaster
3424,Unranked(New),General Application,35.0,40,0,"Mechanical Kitchen Weighing Food Scale Weighs Up To 11lbs, Measures In Grams And Ounces, Black And Silver"
3425,Unranked(New),General Application,139.97,39,0,"SCEPTRE Sceptre 43"" LED Television 1080P HDTV FHD Monitor Multiview Display 1920x1080 60Hz Edgeless Design, VESA Wall Mountable MEMC120 2x10W Speakers Metal Black (X437 Series)"
3426,Unranked(New),General Application,34.26,28,0,"SZFIXEZ Electric Spin Scrubber, Portable Electric Cleaning Brush, Power Shower Scrubber With 2 Adjustable Speeds And 9 Replaceable Cleaning Heads For Bathroom, Tub, Tile, Floor, Wheel, DST-180"
3427,Unranked(New),General Application,34.26,28,0,"SZFIXEZ Electric Spin Scrubber, Shower Cleaner Brush KS-2633, Handheld Power Brush With 2 Adjustable Angle, 6 Replacement Head For Cleaning Bathroom, Tub, Tile, Sink, Window, Car (Grey)"
3428,Unranked(New),General Application,34.26,28,0,"SZFIXEZ Electric Spin Scrubber With 3 Speeds & LED Display, Shower Scrubber For Cleaning, Cordless Cleaning Brush With Adjustable & Detachable, 9 Replaceable Brush Heads For Tile Tub Bathroom TD-8136"
3429,Unranked(New),General Application,30.98,61,0,"Electric Spin Scrubber, 2024 New Cordless Shower Scrubber With 8 Replaceable Brush Heads, 2.5H Bathroom Scrubber Dual Speed, Shower Cleaner Brush With Extension Arm For Bathtub Tile Floor"
3430,Unranked(New),General Application,76.6,28,0,"Cordless Vacuum Cleaner,  28Kpa Powerful Suction Stick Vacuum, Detachable Battery, 3 Power Modes & LED Display, 6 In 1 Lightweight Vacuum For Hardwood Floor Carpet Pet Hair"
3431,Unranked(New),General Application,71.9,55,0,Multifunction Hair Dryer Brush Hair Styler Set Blow Dryer Brush Curling Wand Tools
3432,Unranked(New),General Application,37.29,28,0,"VEVOR Ozone Generator, 24000mg/H Ozone Machine Odor Remover, High Capacity Commercial/Industrial Ozone Generator Machine, Home Air Ionizers Deodorizer With 0-120 Min Time Setting For Rooms, Cars, Pets"
3433,Unranked(New),General Application,34.26,28,0,"SZFIXEZ Electric Spin Scrubber, Portable Electric Cleaning Brush, Power Shower Scrubber With 2 Adjustable Speeds And 9 Replaceable Cleaning Heads For Bathroom, Tub, Tile, Floor, Wheel, DST-180"
3434,Unranked(New),General Application,34.26,28,0,"SZFIXEZ Electric Spin Scrubber With 3 Speeds & LED Display, Shower Scrubber For Cleaning, Cordless Cleaning Brush With Adjustable & Detachable, 9 Replaceable Brush Heads For Tile Tub Bathroom TD-8136"
3435,Unranked(New),General Application,31.69,28,0,"Electric Spin Scrubber, 2024 New Cordless Shower Cleaning Brush With 5 Brush Heads, 2 Speeds And Led Display, Power Scrubber For Cleaning Bathroom, Bathtub, Kitchen, Tile, Window, Tub, Floor, Sink"
3436,Unranked(New),General Application,81.47,3,0,"COS-58AFAKSS 5.5 Liter Electric Hot Air Fryer With Temperature Control, Timer, Non-Stick Frying Tray, 1400W 5.8 Quarts, Stainless Steel/BlackStainless Steel / Black 5.8 Quarts Air Fryer"
3437,Unranked(New),General Application,92.89,3,0,"Digital Air Fryer With 6 Pre-Set Cooking Programs & Precise Temperature Control, Non-Stick Basket And Dishwasher-Safe, 60 Minutes Timer, 3.5 Qt, Black"
3438,Unranked(New),General Application,44.15,30,0,"Fleur De Lis Belgian Waffle Maker | Non-Stick Waffle Iron | Works Perfectly For Chaffles, Gluten Or Paleo Pancake And Waffle Mix"
3439,Unranked(New),General Application,21.99,56,0,Portable Mini Handheld Fan USB Rechargeable With Phone Holder Refrigeration Adjustable Small Pocket Air Cooling Outdoor Travel
3440,Unranked(New),General Application,24.4,4,0,"Electric Barber And Beard Trimmer For Men - 11 In 1 Men's Grooming Kit With Hair Clippers, Electric Razor, Shavers For Mustache, Body, Face, Nose & Ear Hair Trimmer"
3441,Unranked(New),General Application,99.99,17,0,"Taotronics Air Fryer, 19 Quart 15-In-1 Family-Sized Toaster Oven AF012"
3442,Unranked(New),General Application,23.4,0,0,Car Wireless Rechargeable High-Power Car With Dual-Use Dual-Use Household Vacuum Cleaner Powerful Special Suction Power
3443,Unranked(New),General Application,75.99,60,0,Ihomekee Espresso Machine Coffee Makers 15 Bar Cappuccino Machines with Milk Frother for Espresso/Cappuccino/Latte/Mocha for Home Brewing 1350W - CM6927
3444,Unranked(New),General Application,339.0,0,0,Moccamaster 49520 KM5 Burr Grinder - Polished Silver
3445,Unranked(New),General Application,85.99,64,0,Sherpa Heated Blanket
3446,Unranked(New),General Application,148.59,37,0,"110V Waffle Donut Machine 6 Holes Double-Sided Heating 50-300, Electric Doughnut Maker 1550W, Non-Stick Donut MakerTeflon-Coating For Professional Kitchen Depth:0.55"",Dia:2.95"""
3447,Unranked(New),General Application,45.36,28,0,"TASVAC EB5 Electric Spin Scrubber, 450RPM Cordless Shower Brush With 5 Replaceable Cleaning Heads And Adjustable Extension Arm, 1.5H Power Bathroom Scrubber For Bathtub, Grout, Tile, Floor, Wall, Sink"
3448,Unranked(New),General Application,42.83,28,0,"Power Scrubber X03 Turbo Cordless W/ 8 Brush Heads, 3 Speeds Up To 450RPM, Electric Spin Scrubber For Tile, Bath, Floor, Sink, And Window Cleaning"
3449,Unranked(New),General Application,107.85,28,0,Happybuy Commercial Food Warmer Countertop 110V 3 Pan Electric Food Warmer 850W Stainless Steel Buffet Warmer Server Steam Table For Parties Restaurants Cabinet
3450,Unranked(New),General Application,19.17,0,0,"Unbeatablesale Checkerboard Lime Green Silver Gray Poodle Compact Mirror, 2.75 X 3 X .3 In."
3451,Unranked(New),General Application,64.01,36,0,"Deep Fryer Pot With Lid And Basket Stainless Steel Asparagus Steamer Pot 2 In 1 Fry Pot With Mesh Steamer For French Fries, Chicken, Cooking Vegetables"
3452,Unranked(New),General Application,77.92,0,0,"Cast Iron Enameled Pot/Casserole/Duch Oven 6 Qt. With Cover, Blue"
3453,Unranked(New),General Application,16.99,64,0,New 4 Inch For Office Desk Superpower Airflow Quite USB Powered Cord Cooling Fan
3454,Unranked(New),General Application,129.99,19,0,"PARIS RHÔNE Evaporative Air Cooler, 4-In-1 Evaporative Cooler, Portable Swamp Cooler With Negative Ion, LED Display, 2.6Gal Water Tank, Remote Control, Casters For Home, Office TF028"
3455,Unranked(New),General Application,37.75,44,0,"Ultrasonic Cleaner, Professional Ultrasonic Jewelry Cleaner  With Five Digital Timer, Watch Holder,Cleaning Basket, SUS Tank For Cleaning Eyeglasses, Ring,Watches, Dentures"
3456,Unranked(New),General Application,29.39,0,0,"13x9.6 Inch Stainless Steel Air Fryer Basket For Oven, Toaster Oven Crisper Tray, Air Fryer Basket For Convection Oven Cooking Baking Cooling, 2-Piece Set For Fries/Bacon/ChickenSilver"
3457,Unranked(New),General Application,23.8,53,0,"1PC Electric Hair Straightening Comb Beard Comb, Rapid Heating Hair Straightening Brush, For Holiday Gifts"
3458,Unranked(New),General Application,31.99,40,0,"Portable Stroller Fan, Use As Power Bank, 55H 12000mAh Battery Operated Fan Flexible Tripod Baby Car Seat Fan, Personal Mini Handheld/Desk/Small Clip On Fans For Stroller, Carseat (Blue)"
3459,Unranked(New),General Application,11.91,0,0,Unbeatablesale 0.125 In. Brass Barb Tee
3460,Unranked(New),General Application,29.23,28,0,"Handheld Bed Vacuum Cleaner With UV-C Ultraviolet Lamps Rechargeable Handheld Vacuum With Uv Mite Control, Strong Suction 7.8KPa, 65dB Noise, Foam Filter, USB Charging, Lithium Battery 18650, 1H Battery Life, 3.38-6.76oz Dust Cup"
3461,Unranked(New),General Application,110.0,4,0,"Venice Babe 1.25"" Flat Iron With Luxe Gem Infused Plates"
3462,Unranked(New),General Application,103.99,50,0,"1000W Bullet Blender Personal Blender, Portable Blender with 12 and 24 oz To-Go Cups, Bullet Blender with 6-Blade Design, Smoothie Maker Smoothie Blender for Protein Drinks,BPA Free,Black"
3463,Unranked(New),General Application,57.85,0,0,Unbeatablesale AZ-74-5010-4BK 16 X 18 X 4 In. Wheelchair Cushion - Black
3464,Unranked(New),General Application,23.1,0,0,"1pc Electric Nail Clipper With Built-In Battery And UV Disinfection Lamp, Rechargeable And Portable"
3465,Unranked(New),General Application,26.66,20,0,"Professional Automatic Rotating Curling Iron, 13 Adjustable Temperatures, 30 Seconds Instant Heat-Up, 1 Hour Auto Shut-Off, Dual Voltage 110-240V, Automatic Heat-Up Time, Dual Voltage 110-240V."
3466,Unranked(New),General Application,196.85,30,0,"WhizMax 8000 BTU Portable Air Conditioner With Remote Control - Built-In Cool, Dry, Fan Modes For Rooms, Dormitories, Offices"
3467,Unranked(New),General Application,65.99,27,0,"Tower Fan For Bedroom, 42"" Oscillating Cooling Fan With Remote, Height Adjustable, 12H Timer, 5 Speeds, LED Display, Low Noise, Touchpad, Space-Saving, Quiet Stand Up Fan For Offices And Home TF005"
3468,Unranked(New),General Application,19.99,60,0,Portable Desk Fan 3 Speed Adjustable Strong Wind Rechargeable Quiet Small Fan
3469,Unranked(New),General Application,18.99,61,0,Portable Desk Fan Adjustable Mini 3 Speeds Fan Low Noise USB Rechargeable White
3470,Unranked(New),General Application,64.99,24,0,"TaoTronics 42in Tower Fan, 120° Oscillating Fan, 12 Speeds, 4 Modes, Standing Fan With Remote For Bedroom TF015"
3471,Unranked(New),General Application,17.99,74,0,Electric EMS Foot Massager Leg Reshaping Pad Feet Muscle Stimulator Mat 19 Level
3472,Unranked(New),General Application,108.45,3,0,"CE-DF309 Air Fryer 2.0 Liter, Black"
3473,Unranked(New),General Application,20.99,59,0,Personal Desk Fan USB Small Table Cooling Air Circulator Quiet Dorm Portable US
3474,Unranked(New),General Application,19.99,60,0,Portable Desk Fan USB Rechargeable Table Cool Fan Home Office Desktop Fan Quiet
3475,Unranked(New),General Application,25.84,0,0,Unbeatablesale 22 Oz Spray N Wash Laundry Stain Remover 00230 22
3476,Unranked(New),General Application,38.99,43,0,"9"" Desk Table Fan With Strong Airflow 2 Speed 270° Rotatable Fan For Home Office"
3477,Unranked(New),General Application,38.99,43,0,9inch USB Table Desktop Fan For Office Air Fan Circulator Home Bedroom 2 Speeds
3478,Unranked(New),General Application,46.91,39,0,Donut Maker Mini Donut Maker Easy Release Heat Dissipation Prevent Slipping Mini Donut Maker Donut Maker Easy Release Heat Dissipation Unique Gift Or Baking Activity
3479,Unranked(New),General Application,112.65,19,0,"Electric Ice Cream Cone Maker Machine, 1200W 110V Waffle Cone Maker Stainless Steel With Time & Temperature Dual Control, Nonstick Egg Roll Mold For Restaurant"
3480,Unranked(New),General Application,22.2,0,0,"6 Pack Green S9 Replacement Parts For S9 (9150) S9+ S9 Plus (9550) S-Series Vacuum Cleaners, Vacuum Cleaner Rubber Roller Brush"
3481,Unranked(New),General Application,82.71,28,0,"3.7QT Digital Air Fryer With 6 Cooking Presets, LED Touch Controls, Adjustable Temperature And Time, Detachable Dishwasher Safe Non-Stick Basket, ETL Certified, Black"
3482,Unranked(New),General Application,23.8,53,0,"Electric Hair Straightening Comb Beard Comb, Rapid Heating Hair Straightening Brush Holiday Gifts"
3483,Unranked(New),General Application,24.15,0,0,Unbeatablesale Ants No-More Bait Station
3484,Unranked(New),General Application,59.99,15,0,"VEVOR Hot Water Dispenser 3L 3.2L 4L & 5L Water Boiler And Warmer 304 Stainless Steel Countertop Water Heater For Tea, Coffee And Baby Formula"
3485,Unranked(New),General Application,42.99,41,0,USB Desk Clip On Fan Rechargeable Mini Portable Cooling Camping Baby Stroller
3486,Unranked(New),General Application,38.99,43,0,Portable Air Cooling Fan Electric Room Air Cooler Table Desktop Circulator Fan
3487,Unranked(New),General Application,43.99,41,0,"VCK Portable Oscillating Towwer Fan,Desk Table Fan,3 Speeds,Quiet Cooling"
3488,Unranked(New),General Application,31.99,48,0,Portable Fan USB Rechargeable Desk Stand Swivel Air Cooling Camping LED Lamp Fan
3489,Unranked(New),General Application,37.99,44,0,Small RGB USB Fan Cooling Quiet Colorful Lights High Wind Power Rechargeable USA
3490,Unranked(New),General Application,25.99,54,0,4000mA Rechargeable Personal Handheld Fan USB Mini Desk Fan Portable Outdoor Fan
3491,Unranked(New),General Application,37.99,44,0,8.6 Inch Portable Mini Small Cooling Table Fan Desk Personal Cooler Desktop US
3492,Unranked(New),General Application,52.99,36,0,Portable 180° Tilt Personal Desk Fan 4 Speed USB Rechargeable Fan W/Hanging Hook
3493,Unranked(New),General Application,52.99,36,0,Technical Pro AdvENTture Series Rechargeable Desk/Wall Fan W LED Work Lamp
3494,Unranked(New),General Application,30.99,49,0,Portable Mini Fan Rechargeable Desk Clip Fan 4-Speed Adjustable Air Cooler Fans
3495,Unranked(New),General Application,40.99,42,0,Stand Fan Portable Folding Pedestal USB Rechargeable Telescopic Table Floor Fan
3496,Unranked(New),General Application,36.99,45,0,Portable LED Travel Camping Fan 5000mAh Battery Operated Mini Desk Fan W/ Hook
3497,Unranked(New),General Application,37.99,44,0,Quiet Personal Table Fan For Air Fan Circulator Home Office 270° Pivoting Head
3498,Unranked(New),General Application,44.99,40,0,"8"" USB Desk Clip On Fan Rechargeable 3-Speed Portable Cooling Camping Stroller"
3499,Unranked(New),General Application,40.99,42,0,Portable 3 Speed Personal Handheld Fan USB Rechargeable Mini Desk Fan W/Lanyard
3500,Unranked(New),General Application,16.99,64,0,3 Speeds Portable Clip On Fan USB Mini Cooling Fan Table Fan For Baby Stroller
3501,Unranked(New),General Application,15.99,76,0,Foot Massage Cushion Foot Massage Pad Shiatsu Blanket Yoga Mat Game Props8323
3502,Unranked(New),General Application,17.99,74,0,2 Pcss Electric Foot Massager Leg Reshaping Pad Feet Muscle Pain Stimulator Mat
3503,Unranked(New),General Application,16.99,75,0,Portable Electric Foot Massager Pad Blood Circulation Muscle Stimulator Mat US
3504,Unranked(New),General Application,16.99,75,0,2 X Foot Massager Leg Reshaping Electric Deep Kneading Muscle Pain  MACchinne
3505,Unranked(New),General Application,64.01,42,0,"Electric Cooktop Single Burner, YONGSTYLE 1800W 110V Electric Stove Top with Knob Control, Portable Induction Cooktop with 2 Handle, Hot plate with Double Ring Heating, 4 hours Timer"
3506,Unranked(New),General Application,59.88,28,0,"Towel Warmer Cabinet, 5L Hot Bath Towel Warmer Heating Use For Facial Spa, Hair Beauty, Salon Equipment And Home (Pink)"
3507,Unranked(New),General Application,36.99,40,0,Battery Operated Stroller Fan Flexible Tripod Clip On Fan With 3 Speeds And Rotatable Handheld Personal Fan For Car Seat Crib Bike Treadmill (Black)
3508,Unranked(New),General Application,31.99,40,0,"6000mAh Handheld Fan [30H Max Cooling Time] Mini Portable Hand Fan, USB Rechargeable Small Personal Fan,Battery Operated Hand Fan With 3 Speeds For Travel/Commute/Picnic/Office-Blue"
3509,Unranked(New),General Application,76.75,0,0,"36 Inch Oscillating Tower Fan For Bedroom, 3 Speeds Standing Fan With , Quiet Cooling Fan For Indoors, 15H Timing, 3 Modes,Black"
3510,Unranked(New),General Application,97.99,0,0,"115 Oscillating Modern Tower Fan For Bedroom, 43'' Standing Fan With , 7.5H Timer, 28dB Ultra Quiet Cooling Floor Fan For Home, Office Or Bedroom"
3511,Unranked(New),General Application,88.19,0,0,Oscillating Quiet Tower Fan With Control 3 Speeds 12H Timer Portable LED Display 38 Inch Electric Air Circulator Cooling Floor Standing Fan For Home Bedroom Office Living Room Black
3512,Unranked(New),General Application,74.54,0,0,Unbeatablesale Murs Base Station
3513,Unranked(New),General Application,149.37,3,0,"5.8QT 19.3 Cup Digital Electric Air Fryer With Accessories And Cookbook- Air Frying, Roasting, Baking, Crisping, And Reheating For Healthier And Faster Cooking Blue"
3514,Unranked(New),General Application,17.99,74,0,2pcss 19 Level Electric Foot Massager Pad Blood Circulation Muscle Stimulator Mat
3515,Unranked(New),General Application,69.64,0,0,Unbeatablesale 4ss No Ground Side Body Mt Cb Antenna -White
3516,Unranked(New),General Application,21.99,58,0,Portable Mini Desk Table Cooling Fan USB Rechargeable Air Circulator Quiet Dorm
3517,#10 Best Sellers,in Major Appliances,199.99,34,0,HOMCOM 8000 BTU Window Portable Air Conditioner With Timer On/Off
3518,Unranked(New),General Application,61.99,50,0,"1.6 Gallon Fruit Wine Press, Solid Wood Basket Wine Making Press With 6 Blocks, 6 Liter Cider Apple Grape Crusher Manual Juice Maker For Kitchen Home Outdoor, Red"
3519,Unranked(New),General Application,15.99,40,0,"Digital Food Scale Small Kitchen Scales Weight In Grams And OZ For Cooking Baking Weight Loss, Stainless Steel Tare & Backlit LCD Display, Black"
3520,Unranked(New),General Application,17.97,40,0,"Premium Baking Scale, Ultra Accurate, Digital Kitchen Scale, Prep Baked Goods, Weigh Food And Coffee Or Use For Meal Prep, 4 Units Of Measurement, Designed In St. Louis (Grey, No Bowl)"
3521,Unranked(New),General Application,16.99,40,0,"Rechargeable Food Scale With Grams And Oz, Multifunction Kitchen Scale For Food - Small Kitchen Appliances"
3522,Unranked(New),General Application,129.99,35,0,Fruit Wine Press 4.8 Gallon/18L Solid Wood Basket Wine Making Press Manual Juice Maker For Home Kitchen Outdoor Fruit Wine Press Round
3523,Unranked(New),General Application,129.99,35,0,"Fruit Wine Press,4.8 Gallon Solid Wood Basket Apple Cider Press, 18 Liter Manual Juice Maker, Wine Making Press For Apple & Grape & Orange & Berry & Vegetables"
3524,Unranked(New),General Application,16.95,40,0,"Food Scale, Kitchen Scale, Gram Scale, Digital Food Scale, Weight Scale, Digital Scale, Coffee Scale, Scales Digital Weight Grams, Digital Kitchen Scale, Kitchen Small Appliances"
3525,Unranked(New),General Application,15.99,40,0,"Digital Food Scale, Kitchen Scale Weight Grams And Oz For Weight Loss, Cooking, Baking 3g/0.1oz High Precise Multifunction Scales 304 Stainless Steel With Backlit LCD Display"
3526,Unranked(New),General Application,138.02,37,0,6Pcs Waffle Makers Hot Dog Making Machine 6 G Crispy Machine Stainless Steel Body 1550W 110V Black
3527,Unranked(New),General Application,245.99,25,0,"Cooksir Electric Cooktop 30 Inch, 7400W Built-in Electric Stove Top 4 Burner, 220-240V Ceramic Hob with Glass Protection Metal Frame, Knob Control, 9 Power Level, Wiring Required, No Plug"
3528,Unranked(New),General Application,17.99,74,0,Electric EMS Foot Massager Leg Reshaping Pad Feet Muscle Stimulator Mat 10 Level
3529,Unranked(New),General Application,15.99,76,0,Natural Pumice Stone Dry Dead Skin Foot Scrubber Remover Exfoliate Tool
3530,Unranked(New),General Application,37.71,17,0,"Waffle Plates For Gdler -4NP1 5-In-1,Gdler For Waffle Plates, Fit For Gdler Waffle Plates, Nonstick Coating Baking Waffle Plates,2 Pcs"
3531,Unranked(New),General Application,16.99,40,0,"Food Scale, 11lb Kitchen Scale With 6 Units Tare Function & LCD Display, 0.05oz/1g Stainless Steel Digital Food Scale Grams And Ounces For Baking, Cooking, Dieting And Meal Prep (Batteries Included)"
3532,Unranked(New),General Application,23.99,68,0,EMS Foot Massager Neuropathy Feet 19 Level 8Mode Mat For Circulation Pain Relief
3533,Unranked(New),General Application,16.99,75,0,1pc Foot Scrubber Brush Slipper Bath Shower Spa Easy Cleaner Massage Washer
3534,Unranked(New),General Application,16.99,75,0,"2 Pc Back Scratcher Shoe Horn 20"" Plastic Backscratcher Body Hand Massager Shoes"
3535,Unranked(New),General Application,17.99,74,0,Portable Electric Foot Massager Pad Muscle Stimulator Blood Circulation Mat US
3536,Unranked(New),General Application,17.99,74,0,2pcss EMS Foot Massager Mat Electric Pad Blood Muscle Circulation Relief Pain USB
3537,Unranked(New),General Application,17.99,74,0,Electric EMS Foot Massager Rechargeable Leg Reshaping Pad Feet Muscle Stimulator
3538,Unranked(New),General Application,15.99,76,0,2X Foot Back Scrubber Exfoliating Siliconne Massager Pad Cleaning Mat Bath Shower
3539,Unranked(New),General Application,188.49,28,0,"Smart Window Air Conditioner, 6000 BTU Air Conditioner Window Unit Remote/App Control And Dehumidify Function, Quiet Operation, Energy Savings, Cools 250 Sq.Ft, 110-115V"
3540,Unranked(New),General Application,63.97,34,0,No-Mess Waffle Plates For  Smart Grill BGR820XL
3541,Unranked(New),General Application,78.47,0,0,Unbeatablesale Juice Machine With Dual Speed Centrifugal Juicer
3542,Unranked(New),General Application,218.99,2,0,"Waffle Maker,4 Pieces Nonstick Electric Waffle Maker Stainless Steel 110V Temperature And Time Control Belgian Waffle Maker For Bakery,Restaurant,Snack Bar Or Home"
3543,Unranked(New),General Application,76.35,36,0,Rotating Ceramic Nonstick Waffle Maker
3544,Unranked(New),General Application,301.39,28,0,"Kexi Bedroom Bladeless Fan, 7.9m/S Speed Silent Floor Fan, 120° Oscillating Fan, 12 Speeds, 3 Modes, 12 Hour Timer, Tower Fan, White"
3545,Unranked(New),General Application,46.99,39,0,"Ultrasonic Cleaner, Professional Ultrasonic Jewelry Cleaner  With Five Digital Timer, Watch Holder,Cleaning Basket, SUS Tank For Cleaning Eyeglasses, Ring,Watches, Dentures"
3546,Unranked(New),General Application,49.99,37,0,Ultrasonic Cleaner Professional Ultrasonic Cleaner With Digital Timer 40kHz Excellent Ultrasonic Cleaning Machine 110V For Jewelry Watch Ring Coin Diamond Eyeglasses Small Parts Cleaning
3547,Unranked(New),General Application,626.99,42,0,12000 BTU 17 SEER2 208-230V Ductless Mini Split Air Conditioner And Heater
3548,Unranked(New),General Application,13.11,0,0,Unbeatablesale 2 X 3 In. Aluminum B-Elbow&#44; Brown
3549,Unranked(New),General Application,20.25,0,0,Unbeatablesale 1 In. Float Thermometer
3550,Unranked(New),General Application,26.22,0,0,Unbeatablesale Sauce Pot & Baster - Pack Of 4
3551,Unranked(New),General Application,49.15,0,0,Unbeatablesale Refrigerator Toe Grille For GML262BTRA
3552,Unranked(New),General Application,33.95,0,0,Unbeatablesale LS02010P 0.25 In. X 10 Ft. L Type Soft Copper Tube
3553,Unranked(New),General Application,22.99,69,0,Foot Massage Stick Wand Acupressure Massager Guasha Deep Tissue Reflexology ABE
3554,Unranked(New),General Application,19.99,71,0,Electric EMS Foot Massager Pad Leg Reshaping Deep Kneading Muscle Pain  Mat
3555,Unranked(New),General Application,18.99,72,0,2 Pack Electric Foot Massager Leg Reshaping Pad Feet Muscle Stimulator Mat
3556,Unranked(New),General Application,22.99,69,0,"Posture Foot Massager Mat, Massage Pad Feet, For Lasting Foot Pain Relief"
3557,Unranked(New),General Application,23.99,68,0,Electric EMS Foot Massager Leg Reshaping Pad Feet Muscle Stimulator Mat Remote
3558,Unranked(New),General Application,22.99,69,0,NEW Electric EMS Foot Massager Leg Reshaping Pad Feet Muscle Stimulator Mat USA
3559,Unranked(New),General Application,22.99,69,0,3 X Foot Massager Electric Deep Kneading Muscle Pain  MACchinne Leg Reshaping
3560,Unranked(New),General Application,21.99,69,0,Hand Foot Massage Tool Wood Massager Wooden For Massaging Arm Leg Back And So On
3561,Unranked(New),General Application,18.99,72,0,Electric EMS Foot Massager Leg Reshaping Pad Feet Muscle Stimulator Mat Pad US
3562,Unranked(New),General Application,23.99,68,0,EMS Foot Massager Mat With Control Back & Leg Foot Massage 8 Body Pads
3563,Unranked(New),General Application,23.99,68,0,15 Level EMS Electric Foot Massager Pad Blood Circulation Muscle Stimulator Mat
3564,Unranked(New),General Application,23.99,68,0,EMS Electric Foot Massager Pad Blood Circulation Muscle Stimulator 19 Level Mat
3565,Unranked(New),General Application,18.99,72,0,2pcss Portable Electric Foot Massager Pad Blood Circulation Leg  Pain Relief
3566,Unranked(New),General Application,43.66,16,0,"12-Inch Multi-Functional Electric Skillets With Temperature Control, Rapid Heat Up, Easy To Clean, Non-Stick Detachable Electric Gdle For Roast, Fry, Saut, Steam Or Buffet, 3.5Qt"
3567,Unranked(New),General Application,22.99,69,0,Electric EMS Foot Massager Leg Reshaping Pad Feet Muscle Stimulator Mat Stock
3568,Unranked(New),General Application,24.99,64,0,"MQUPIN Rotating Curling Iron 1 Inch,1.25 Inch Professional Automatic Wave Hair Curling Wand For Women, Dual Ceramic Voltage Fast Heating Hair Curlers For All Hair Rose Gold"
3569,Unranked(New),General Application,64.01,27,0,"Waffle Maker 3 In 1 Sandwich Maker 1200W Panini Press With Removable Plates And 5-Gear Temperature Control, Non-Stick Coating Easy To Clean,Indicator Lights, Blue"
3570,Unranked(New),General Application,21.49,40,0,"Digital Kitchen Scale With LCD Display, Batteries Included, Weighs Up To 11 Pounds, Black And Stainless Steel"
3571,Unranked(New),General Application,21.72,40,0,"Precision Food Scale, 33lb Waterproof Rechargeable Digital Kitchen Scale, 1g/0.04oz Precise Graduation, Weight Grams And Ounces For Cooking Baking, 5 Units Conversion, Tare Function"
3572,Unranked(New),General Application,22.99,40,0,"11 Lb. Digital Kitchen Food Scale, Mechanical Accurate Weight Scale With 5-Unit Modes, Grams And Ounces For Weight Loss,Weighing Ingredients, Dieting, Keto Cooking, Meal Prep And Baking"
3573,Unranked(New),General Application,41.8,0,0,"Replacement True Hepa Filter For  HP04 TP04 DP04 TP05 DP05, Purifier Fan Sealed Two Stage 360° Filter System Pure Cool Purifier Fan HEPA Filter & Activated Carbon Filter(1 Pack)"
3574,Unranked(New),General Application,119.99,20,0,HealSmart 27 Inch Bladeless Floor Fan Adjustable Speeds Settings 90° Swivel
3575,Unranked(New),General Application,112.99,21,0,"Tpro Portable 12"" Rechargeable Table Fan With LED Night Light And Power Bank"
3576,Unranked(New),General Application,36.99,21,0,"Paris Rhône Electric Kettle Stainless Steel, 1.7 Liter Cordless Hot Water Boiler Electric Tea Kettle, Electric Kettle For Boiling Water Auto Shut Off & Boil-Dry Protection EK013"
3577,Unranked(New),General Application,39.99,20,0,"PARIS RHÔNE Electric Kettle Temperature Control With 6 Presets 1.7L Electric Tea Kettle Water Boiler, 30min Keep Warm, Cordless Borosilicate Glass Tea Kettle, Auto-Off & Boil-Dry Protection EK020"
3578,Unranked(New),General Application,19.99,71,0,4X Portable Mini Electric Neck Massager Cervical Massage Stimulator Stickers
3579,Unranked(New),General Application,19.99,40,0,"Food Scale, Digital Kitchen Scale Weight Grams And Ounces For Baking Cooking And Meal Prep, 6 Units With Tare Function, 11lb (Batteries Included)"
3580,Unranked(New),General Application,76.61,0,0,Philips | 4-Pk. Sonicare DiamondClean Brush Heads
3581,Unranked(New),General Application,36.28,28,0,"390ML Large Capacity Water Tank Water Flosser, Portable Cordless Oral Irrigator, IPX7 Waterproof Cordless Water Dental Flossers"
3582,Unranked(New),General Application,35.96,46,0,"Jewelry Cleaner, Professional Ultrasonic Cleaner With Timer, Portable Household Jewelry Cleaning Machine For Eyeglasses, Rings, Razors, Coin, Earrings, Necklaces, Watches, Combs, Denture 750 ML"
3583,Unranked(New),General Application,28.49,43,0,"Dezin Electric Kettle, 2L Electric Water Heater, Glass Electric Tea Kettle, 304 Stainless Steel Hot Water Kettle Warmer With Fast Boil, Auto Shut-Off & Boil Dry Protection, For Coffee, Tea"
3584,Unranked(New),General Application,39.99,20,0,"Cool Mist Humidifier,(4L Water Tank) Quiet Ultrasonic Air Humidifiers For Bedroom&Large Room/Adjustable/360 Rotation Nozzle/Auto-Shut Off Humidifiers For Babies Nursery&Whole House AH001"
3585,Unranked(New),General Application,68.44,28,0,"3in1 Compact Breakfast Maker, Toaster Oven, Coffee Maker, And Mini-Grill"
3586,Unranked(New),General Application,13.99,0,0,Unbeatablesale SCB1617X .53 In. X 24 Thread Brass Seat - 10 Pack
3587,Unranked(New),General Application,18.74,0,0,Unbeatablesale 24 In. Flexible Plastic Shoehorn
3588,Unranked(New),General Application,136.93,36,0,"Total Package 6-In-1 Digital Indoor Grill, Waffle Maker, Panini Press, Gdle, With Deluxe Accessory Kit"
3589,Unranked(New),General Application,23.99,68,0,EMS Foot Massager Neuropathy Feet For Circulation And Pain Relief  8Mode US
3590,Unranked(New),General Application,20.99,70,0,EMS Foot Massager Electric Leg Deep Reshaping Kneading Muscle Pain  MACchinne
3591,Unranked(New),General Application,22.99,69,0,Electric Foot Massager Foot Stimulator Massager USB Circulation Massager MACchinne
3592,Unranked(New),General Application,19.99,71,0,4X EMS Portable Mini Electric Neck Massager Cervical Massage Stimulator Stickers
3593,Unranked(New),General Application,22.99,69,0,Electric EMS Foot Massager Leg USB Reshaping Pad Feet Muscle Stimulator Mat USA
3594,Unranked(New),General Application,47.3,0,0,"Unbeatablesale Home Plus 6329874 Durable Foil Electric Burner Liner, Silver - Pack Of 12 - 12 Per Pack"
3595,Unranked(New),General Application,20.99,70,0,Blue Shower Foot Scrubber Cleaner Sandal Suction Cup Massager Scrubs & Brushes
3596,Unranked(New),General Application,20.99,70,0,EMS Foot Massager Mat Electric Pad Blood Muscle Circulation Relief Pain USB 2023
3597,Unranked(New),General Application,19.99,71,0,New Electric EMS Foot Massager Leg Reshaping Pad Feet Muscle Stimulator Mat -
3598,Unranked(New),General Application,19.99,71,0,Simple Foot Scrubber  Slipper Cleaner Washer Brush For Shower Floor Spas Massage
3599,Unranked(New),General Application,22.99,69,0,Portable Electric Foot Massager Pad Muscle Stimulator Blood Circulation Mat USA
3600,Unranked(New),General Application,23.99,68,0,EMS Foot Massager Neuropathy Feet Mat For Circulation Pain Relief 19 Level 8Mode
3601,Unranked(New),General Application,20.99,70,0,1pc Blue Shower Feet Foot Scrubber Massager Cleaner Exfoliating Wash Slipper
3602,Unranked(New),General Application,32.95,18,0,"Electric Nail Drill Professional, Portable Nail Drill Machine, 45000RPM Nail Drill Kit For Acrylic Gel Nails Tools"
3603,Unranked(New),General Application,27.25,6,0,Upgraded Night Vision Monocular With 3800mAh Rechargeable Battery Digital Infrared Monocular Telescope For 100% Darkness
3604,Unranked(New),General Application,15.8,0,0,"Unbeatablesale 700060-04 0.25 In. Brass Compression Sleeve, Pack Of 10"
3605,Unranked(New),General Application,51.32,34,0,"Cold Press Juicer, Compact Mini Juicer Machines Easy To Clean Space-Saving Slow Juicer With High Juice Yield, Cleaning Brush Included, Small Juicer Fit For Travel/Picnic/Office, Black"
3606,Unranked(New),General Application,40.87,0,0,"Unbeatablesale Broan-NuTone Exhaust Vent Fan Adjustable Speed Control Dial, White"
3607,Unranked(New),General Application,87.99,12,0,"Ultrasonic Cleaner With Digital Timer & Heater, Professional Ultra Jewelry Cleaner, Stainless Steel Heated Cleaning Machine For Glasses Watch Rings Small Parts Circuit Board"
3608,Unranked(New),General Application,28.82,0,0,Unbeatablesale Reston Lloyd Gas Tin Burner Cover Set 4 Almond
3609,Unranked(New),General Application,681.99,41,0,12000 BTU 21 SEER2 208-230V Ductless Mini Split Air Conditioner With Heater Pump
3610,Unranked(New),General Application,133.99,34,0,"Vinsetto Massage Office Chair With 4 Vibration, Heat, Reclining"
3611,Unranked(New),General Application,38.59,0,0,Unbeatablesale 1 Gal Covered Pitcher
3612,Unranked(New),General Application,29.8,0,0,Unbeatablesale 24 Oz Stainless Steel Pancake Batter Dispenser
3613,Unranked(New),General Application,195.69,57,0,"VEVOR Electric Soup Warmer, Four 7.4QT Stainless Steel Round Pot 86~185°F Adjustable Temp, 1500W Commercial Bain Marie With Anti-Dry Burn And Reset Button, Soup Station For Restaurant, Buffet, Silver"
3614,Unranked(New),General Application,47.74,0,0,Unbeatablesale 34 Oz PILAR Pitcher Agave Green
3615,Unranked(New),General Application,99.78,28,0,"20 Quart Roaster Oven With Self-Basting Lid, Large Turkey Roaster Oven With Defrost & Warm Function, Adjustable Temperature, Electric Roaster Oven With Removable Pan & Rack, Stainless Steel"
3616,Unranked(New),General Application,99.78,28,0,"20 Quart Roaster Oven With Self-Basting Lid, Large Turkey Roaster Oven With Defrost & Warm Function, Adjustable Temperature, Electric Roaster Oven With Removable Pan & Rack, Stainless Steel"
3617,Unranked(New),General Application,52.33,41,0,"12 X 12 Inch Nonstick Ceramic Electric Skillet With Glass Lid, Aluminum Body, 1400-Watts, Adjustable Temperature Controller Goes Up To 460 Degrees For Fry, Bake, Steam Or Simmer, Easy To Clean"
3618,Unranked(New),General Application,29.85,0,0,Unbeatablesale Reston Lloyd Gas Tin Burner Cover Set 4 Morning Run
3619,Unranked(New),General Application,120.95,28,0,"Geek Chef Air Fryer 10QT, Countertop Toaster Oven, 4 Slice Toaster Air Fryer Oven Warm, Broil, Toast, Bake, Air Fry, Oil-Free, Black Stainless Steel"
3620,Unranked(New),General Application,99.78,28,0,"20 Quart Roaster Oven With Self-Basting Lid, Large Turkey Roaster Oven With Defrost & Warm Function, Adjustable Temperature, Electric Roaster Oven With Removable Pan & Rack, Stainless Steel"
3621,Unranked(New),General Application,44.19,33,0,"Multi Mini Waffle Maker Machine, Bake 6 X 3 Inch Small Waffles, Perfect For Families And Individuals Use, Excellent Choice For Breakfast Brunch Parties & Events, Graphite"
3622,Unranked(New),General Application,44.19,35,0,"Mini Pizzelle Maker Machine With A 3'' Cutter, Mini Stroopwafel Iron, Bake 2 X 4'' Pizzelles Or 3'' Stroopwafels, Excellent For Day, Party, Dessert Treat Making & More"
3623,Unranked(New),General Application,25.69,28,0,"Electric Kettle 1.8L, 1500W, With 304 Stainless Steel Liner - Black"
3624,Unranked(New),General Application,89.99,10,0,"Air Purifiers,With UV-C Light Sanitizer, Purifier With 3 In1 True HEPA Fits  AP010"
3625,Unranked(New),General Application,38.99,43,0,"8.6"" 2 SPEED OSCILLATING MULTI-USE FAN STAND UP WALL MOUNT CLIP ON CIRCULATING"
3626,Unranked(New),General Application,32.99,48,0,Funme USB Fan Desktop Rechargeable Fan 3 Speeds With 6700mAh Battery 7 Inch US
3627,Unranked(New),General Application,135.0,4,0,2inONE Digital Rose Gold Titanium Straightener
3628,Unranked(New),General Application,41.99,42,0,New White Stand Fan Folding Pedestal USB Rechargeable Telescopic Table Floor Fan
3629,Unranked(New),General Application,43.99,41,0,"Pelonis 16"" 3-Speed Oscillating Pedestal Fan, FS40-19MW, New, White"
3630,Unranked(New),General Application,42.99,41,0,"8.6"" 2 Speed Oscillating Quiet Fan Clip On Wall Mount Office Circulating Fan US"
3631,Unranked(New),General Application,38.99,43,0,Foldable Desk Fan Portable Fan Rechargeable Battery Operated Air Circulator Fan
3632,Unranked(New),General Application,42.99,41,0,"8.6"" 2 Speed Oscillating Quiet Fan Clip On Wall Mount Office Circulating Fan US"
3633,Unranked(New),General Application,38.99,43,0,Foldable Desk Fan Portable Fan Rechargeable Battery Operated Air Circulator Fan
3634,Unranked(New),General Application,42.99,41,0,Vintage Desk Fan USB Charging Easy To Clean Portable Vintage Table Fan Metal For
3635,Unranked(New),General Application,42.99,41,0,"8.6"" Clip On Fan Stand Up Wall Mount Fan Oscillating Adjustable Tilt W/2 Speeds"
3636,Unranked(New),General Application,41.99,42,0,"Portable Standing Fan 7.5"" Foldable Desk Fan 7200Mah USB Telescopic Pedestal Fan"
3637,Unranked(New),General Application,44.99,40,0,Portable Oscillation Personal Desk Fan 4 Speed Foldable LED Light Quiet USB Fan
3638,Unranked(New),General Application,25.99,54,0,2Pack  4inch 3.9 Feet Cord Powerful Mini USB Powered Cooling Fan For Office Desk
3639,Unranked(New),General Application,29.99,50,0,Speeds Small Room Air Circulator Fan 6-Inch Blade Black Hang Desk
3640,Unranked(New),General Application,38.99,43,0,Portable Air Circulator Fan 360° Adjustable Tilt Head Desk Fan For Office Home
3641,Unranked(New),General Application,30.9,3,0,"1pc + 8-Inch Foldable Desktop Fan With USB Type-C Interface, 6000mAh, 5V/2A, Timer Function, Remote-Controlled Foldable Desktop Fan With Brushless Motor, Remote Control Timer, Oscillation Function"
3642,Unranked(New),General Application,44.9,0,0,Unbeatablesale Westpointe FT30-8HC 12 In. 3 Speed Table Fan
3643,Unranked(New),General Application,110.0,4,0,"Galaxy Collection 1.25"" Tourmaline Gem Flat Iron"
3644,Unranked(New),General Application,27.4,0,0,"26 Pack Replacement Parts For IRobot Roomba E/I/J Series, E5 E6 E7 I2 I3 I3+I4 I4+ I6 I6+ I7 I7+ I8 I8+/Plus, 2 Sets Of Multi-Surface Rubber Brushes, 8 Filters, 8 Side Brushes, And 8 Vacuum Bags"
3645,Unranked(New),General Application,110.0,4,0,"Galaxy Collection 1.25"" Tourmaline Gem Flat Iron"
3646,Unranked(New),General Application,110.0,4,0,Endless Summer Pastels Flat Iron
3647,Unranked(New),General Application,110.0,4,0,"Venice Babe 1.25"" Flat Iron With Luxe Gem Infused Plates"
3648,Unranked(New),General Application,150.0,3,0,3inONE Multistyler Flat Iron & Curling System
3649,Unranked(New),General Application,25.99,50,0,"Food Processors With 3L Bowls, Meat Grinder 4 Bi-Level Blades, 2 Speed 300W Mini Electric Food Chopper For Food, Meat, Onion, Vegetables, Fruits Chopper Sausage Maker"
3650,Unranked(New),General Application,110.0,4,0,Endless Summer Pastels Flat Iron
3651,Unranked(New),General Application,110.0,4,0,"Venice Babe 1.25"" Flat Iron With Luxe Gem Infused Plates"
3652,Unranked(New),General Application,110.0,4,0,Endless Summer Pastels Flat Iron
3653,Unranked(New),General Application,100.0,5,0,"""Fierce Glam"" Flat Iron With Travel Pouch"
3654,Unranked(New),General Application,120.0,4,0,"New 1.25"" Digital Professional Flat Iron With Extra Wide Plates - California Collection/Yellow"
3655,Unranked(New),General Application,110.0,4,0,"Instaglam 1.25"" Flat Iron With Rose Gold Accents"
3656,Unranked(New),General Application,21.82,0,0,"Unbeatablesale 413W2X12 White Floor Register, 2 X 12 In"
3657,Unranked(New),General Application,135.0,4,0,2inONE Digital Rose Gold Titanium Straightener
3658,Unranked(New),General Application,110.0,4,0,"Instaglam 1.25"" Flat Iron With Rose Gold Accents"
3659,Unranked(New),General Application,46.99,39,0,Portable USB Desk Fan Rechargeable Small Air Cooler Cooling Operated Mini Fan
3660,Unranked(New),General Application,37.99,44,0,8.6 Inch Portable Mini Small Cooling Table Fan Desk Personal Desktop Cooler
3661,Unranked(New),General Application,37.99,44,0,Portable Cooler Fan Mini Air Conditioner Bedroom Office Cool USB Cooling Fan
3662,Unranked(New),General Application,37.99,44,0,RGB IntelligENTt Colorful Lights Rechargeable High Wind Power SilENTt Desktop Fan
3663,Unranked(New),General Application,38.99,43,0,Portable Personal Desk Fan 4 Speed 180° Tilt USB Rechargeable Fan W/Hanging Hook
3664,Unranked(New),General Application,79.81,37,0,"Stainless Steel Thermal Cooker,Black,5 Qt."
3665,Unranked(New),General Application,39.99,9,0,Impress Impress 12-Inch Oscillating Portable Desk Fan
3666,Unranked(New),General Application,34.89,0,0,Unbeatablesale True & Tidy TS-20 GRAY Handheld Garment Steamer With Stainless Steel Nozzle&#44; Gray
3667,Unranked(New),General Application,27.6,0,0,"1pc Automatic Foaming Soap Dispenser-10.82oz/320ml,Wall Mount,Touchless,6 Adjustable Foam Levels,Electric Digital Display,Rechargeable Hand And Dish Soap Dispenser For Bathroom Kitchen"
3668,Unranked(New),General Application,22.27,28,0,"Wrist Blood Pressure Monitor, Bp Monitor Large LCD Display, Blood Pressure Machine, Arm Type Electronic Blood Pressure Monitor"
3669,Unranked(New),General Application,42.83,0,0,Unbeatablesale Powerball Fresh Dish Tab&#44; Pack Of 94
3670,Unranked(New),General Application,27.99,0,0,"Stainless Steel Air Fryer Basket And Tray, Compatible With Airfryer TOA-060 And TOA-065, Stainless Steel Baking Pan, Cooking And Baking For Convection Toaster Oven, 1 Set, Silver"
3671,Unranked(New),General Application,48.85,0,0,"60125401 For Deep Fryer 1175 Thermostat Compatible With Fryer, 1/4"" Thread Mpt Stuff Box, RX-1-36 Thermostat Compatible With Pitco, 200-400F"
3672,Unranked(New),General Application,113.99,21,0,16 Inch Pedestal Standing Fan W/ 3 Speeds & Adjustable Height Home Office
3673,Unranked(New),General Application,95.99,36,0,"POWEART Cordless Vacuum Cleaner, 6 in 1 Multifunction Cordless Stick Vacuum, 2200mAh Vacuum Cleaner Rechargeable, Lightweight Vacuum Cleaner Hardwood Floor Pet Hair Home"
3674,Unranked(New),General Application,74.57,42,0,"Aobosi Masticating Juicer Machine, 2-In-1 Cold Press Juicer With Large Feed Chute For Juice & Ice Cream, Powerful Slow Juicer For Vegetable And Fruit, Easy Clean Self Feeding, High Juice Yield, Grey"
3675,Unranked(New),General Application,18.56,0,0,Unbeatablesale 1 X 10 In. Master Plumber Plastic Overflow Tube
3676,Unranked(New),General Application,44.99,53,0,2 Pcss Shower Feet Foot Scrubber Massager Cleaner Exfoliating Washer Wash Slipper
3677,Unranked(New),General Application,24.99,67,0,Electric EMS Foot Massager Pad 15 Level Feet Muscle Acupoint Stimulator Mat USA
3678,Unranked(New),General Application,28.99,63,0,Foot Massager Leg Reshaping Electric Deep Kneading Muscle Pain  MACchinne US
3679,Unranked(New),General Application,28.99,63,0,19 Level LCD Electric Foot Massager Pad Blood Circulation Muscle Stimulator USB
3680,Unranked(New),General Application,26.99,65,0,Foot Massager Leg Reshaping Electric Deep Kneading Muscle Pain  MACchinne USA
3681,Unranked(New),General Application,26.99,65,0,EMS Foot Massager Mat–Foot Stimulator Massager Pad Rechargeable Wireless
3682,Unranked(New),General Application,24.99,67,0,Folding Portable Electric Foot Massage Mat USB Charging 6 Modes Foot Massage BOO
3683,Unranked(New),General Application,31.11,0,0,Unbeatablesale Victor Safe Set Rat Trap
3684,Unranked(New),General Application,109.99,21,0,Oscillating Quiet Tower Fan With Control 3 Speeds 12H Timer Portable LED Display 47 Inch Electric Air Circulator Cooling Floor Standing Fan For Home Bedroom Office Living Room (Gray)
3685,Unranked(New),General Application,181.19,24,0,Non-Stick Waffle Donut Machine 5 Holes Double-Sided 1500W Electric Doughnut Maker For Baking Delicious Donuts Mini Donut Size
3686,Unranked(New),General Application,18.13,0,0,"Unbeatablesale 54800-06 0.38 In. Flare Brass Space Heater Nut, Pack Of 5"
3687,Unranked(New),General Application,44.34,28,0,"ThermaSnug Electric Heated Throw Blanket, 50"" X 60"" Heating Blanket 10 Hours Auto Off & 6 Heating Levels, Soft Flannel Sherpa Fast Heating Blanket Over-Heat Protection, Machine Washable, Beige,Light Grey,Navy"
3688,Unranked(New),General Application,58.14,28,0,"Air Purifiers For Home Large Room Up To 1500ft² With Aromatherapy, MOOKA HEPA Air Purifier For Bedroom Pets Kitchen, Air Filter Cleaner For Smoke Pollen Dust Dander Odor, M03, White"
3689,Unranked(New),General Application,40.83,39,0,"Wood Massage Therapy Tools, 8PCS Wood Therapy Massage Tools Wooden Massage Muscle Massage Anti Cellulite Massage Gua Sha For Full Body Muscle Pain Relief"
3690,Unranked(New),General Application,18.99,27,0,Shower Head High Pressure Rain Shower Head With Anti-Clogging Silicone Nozzles Detachable Rainfall Shower Head Adjustable Angle Luxury Chrome Look 6 Inch Round For Bathroom
3691,Unranked(New),General Application,79.95,6,0,X Portable Blender (24oz)
3692,Unranked(New),General Application,21.61,0,0,Unbeatablesale Deflecto MSCX4 4 In. Adjustable Vent Clamp
3693,Unranked(New),General Application,31.69,28,0,"Rechargeable Fabric Razor, Kexi Lint Remover Sweater Detangler Lint, USB Powered And 1 Replacement Blade"
3694,Unranked(New),General Application,24.99,67,0,Portable Foot Massager Pad 15 Level Blood Circulation Electric Muscle Stimulator
3695,Unranked(New),General Application,64.99,32,0,Portable Desk Wired Fans 3 Speed 28W SilENTt Mode Air Circulator Head Shaking Fan
3696,Unranked(New),General Application,64.99,32,0,"Fantask 35W 28"" Oscillating Towwer Fan 3 Wind Speed Quiet Bladeless Cooling Room"
3697,Unranked(New),General Application,83.99,26,0,"9"" Oscillating Pedestal Fan Portable Floor Fan W/ 3 Adjustable Heights & Speeds"
3698,Unranked(New),General Application,125.99,28,0,"52"" Ceiling Fan With Lights Remote Control,Quiet DC Motor 3 Blade Ceiling Fans 6 Speed Levels,Reversible Ceiling Fan, For Patio Living Room, Bedroom, Office,Indoor.(White )"
3699,Unranked(New),General Application,74.58,18,0,"Cusimax Shop Cold Press Juicer, BPA Slow Juicer, Easy To Clean, Juicer Machines With Quiet Motor & Reverse Function, Masticating Juicer For Vegetable And Fruit"
3700,Unranked(New),General Application,128.99,19,0,16 Inch Pedestal Standing Fan W/ 3 Speeds & Adjustable Height Home Office
3701,Unranked(New),General Application,127.22,28,0,"Canister Vacuum With 5 Brushes, Lightweight Bagless Design, HEPA Filter"
3702,Unranked(New),General Application,79.95,6,0,X Portable Blender (24oz)
3703,Unranked(New),General Application,79.95,6,0,X Portable Blender (24oz)
3704,Unranked(New),General Application,60.62,0,0,Unbeatablesale UT08020 0.5 In. X 20 Ft. Utility Copper Tube
3705,Unranked(New),General Application,118.99,0,0,"20 Quart Electric Roaster Oven With Self-Basting Lid, Turkey Roaster Oven With Removable Pan And Rack, RED"
3706,Unranked(New),General Application,105.24,24,0,"Juicer Machines With 4.35 Wide Mouth, Whole Fruit Juicer, Black"
3707,Unranked(New),General Application,29.97,40,0,"Food Scale, 22lb Digital Kitchen Scale Weight Grams And Oz For Cooking Baking, 1g/0.1oz Precise Graduation, Stainless Steel And Tempered Glass (Ash Silver)"
3708,Unranked(New),General Application,26.99,40,0,"'Cooking Master' Digital Food Kitchen Scale,22lb Weight Multifunction Scale Measures In Grams And Ounces For Cooking Baking Prep,1g/0.1oz Precise Graduation,Stainless Steel And Tempered Glass"
3709,Unranked(New),General Application,43.88,40,0,"Large Kitchen Scale With 0.1g/0.001oz High Precision, Bakery Scale With% Percentage Function, Capacity 5kg/11lbs, USB Rechargeable, Full-View Angle LCD With Backlight, Stainless Steel Pan…"
3710,Unranked(New),General Application,24.98,40,0,"3000g Digital Kitchen Food Scale With 0.1g Accuracy, Tare Function, And LCD Display - For Cooking, Baking, And Jewelry"
3711,Unranked(New),General Application,26.99,40,0,"Food Scale, Rechargeable 304 Stainless Steel Digital Kitchen Scale Upto 33lb Weight Grams And Ounces With LCD Display And Type-C Charging For Baking And Cooking"
3712,Unranked(New),General Application,40.0,34,0,"Good Grips 5-Lb Food Scale With Pull-Out Display,Black"
3713,Unranked(New),General Application,28.99,63,0,15Level EMS Electric Foot Massager Pad Blood Circulation Muscle Stimulator
3714,Unranked(New),General Application,30.99,62,0,Pulse Massager Back Full Body Massage Muscle Stimulator Pain Relief Device
3715,Unranked(New),General Application,28.99,63,0,Foot Massager Leg Reshaping  Electric Deep Kneading Muscle Pain MACchinne
3716,Unranked(New),General Application,32.99,60,0,4pcss Electric Foot Massager Pad Blood Circulation Muscle Stimulator Mat Comfort
3717,Unranked(New),General Application,34.46,40,0,"Primo Digital Food Scale Multi-Functional Kitchen Scale And Baking Scale For Precise Weight Measuring And Portion Control, 8.5 X 6 X 1.5 Inches, Chrome"
3718,Unranked(New),General Application,35.78,40,0,"Digital Kitchen Scale, 304 Stainless Steel, Weight In Grams And Ounces For Baking, Cooking, And Meal Prep, LCD Display, Medium"
3719,Unranked(New),General Application,54.99,37,0,"Ultrasonic Cleaner With Digital Timer & Heater, Professional Ultra Jewelry Cleaner, Stainless Steel Heated Cleaning Machine For Glasses Watch Rings Small Parts Circuit Board"
3720,Unranked(New),General Application,24.99,67,0,Electric EMS Foot Massager Leg Reshaping Pad Feet Muscle Stimulator Mat Stock US
3721,Unranked(New),General Application,29.99,63,0,EMS Foot Massager Foot Phixnozar Neuropathy Fee For Circulation Pain Relief USA
3722,Unranked(New),General Application,26.99,65,0,Electric Foot Massager Pad Blood Circulation Muscle Stimulator Mat Pain Relief
3723,Unranked(New),General Application,27.99,64,0,Foot Massager Pad Electric Acupuncture Stimulator Leg Muscle Pain  Mat
3724,Unranked(New),General Application,24.99,67,0,EMS Electric Foot Massager Pad Blood Circulation Muscle Stimulator Mat 15 Level
3725,Unranked(New),General Application,32.99,60,0,"Back Massager, Shiatsu Neck Massager, Electric Back Massager -NEW"
3726,Unranked(New),General Application,29.99,63,0,2pcss Comb Massager Foot Scrubber Cleaner Bath Brush 3+1 Exfoliating Shower Tools
3727,Unranked(New),General Application,79.95,6,0,X Portable Blender (24oz)
3728,Unranked(New),General Application,75.23,0,0,Unbeatablesale 20 X 20 X 2 In. Fiberglass 4 MERV Air Filter - Pack Of 12
3729,Unranked(New),General Application,69.99,30,0,Ultrasonic Cleaner Professional Ultrasonic Cleaner With Digital Timer 40kHz Excellent Ultrasonic Cleaning Machine 110V For Jewelry Watch Ring Coin Diamond Eyeglasses Small Parts Cleaning
3730,Unranked(New),General Application,45.39,42,0,"Psoas Muscle Release Tool, Hip Hook, Flexor Muscle Tool, Trigger Point Massager Tool, Deep Tissue, Wood Therapy Massage Tool Adjustable With 20 Massage Heads"
3731,Unranked(New),General Application,178.88,22,0,"Doughnut Baker Maker Machine, 110V 1550W 6 Holes Double-Sided Non-Stick Waffle Donut Machine Doughnut Maker For Baking Delicious Donuts 6 Holes"
3732,Unranked(New),General Application,72.12,0,0,Unbeatablesale 20 X 30 X 1 In. Fiberglass 4 MERV Air Filter - Pack Of 12
3733,Unranked(New),General Application,52.99,49,0,Collapsible Foot Spa Bath Massager Pedicure Foot Soaker Tub Temp & Heat Foldable
3734,Unranked(New),General Application,38.99,56,0,1 Pair Human Feet Acupoint Model Foot Reflexology Acupuncture Point Massage BOO
3735,Unranked(New),General Application,44.34,28,0,"ThermaSnug Electric Heated Throw Blanket, 50"" X 60"" Heating Blanket 10 Hours Auto Off & 6 Heating Levels, Soft Flannel Sherpa Fast Heating Blanket Over-Heat Protection, Machine Washable, Beige,Light Grey,Navy"
3736,Unranked(New),General Application,39.83,39,0,"Cordless Electric Lemon Juicer Squeezer, Cusimax Shop Portable Electric Citrus Juicer With USB Cable And Spoon, Lemon And Lime Squeezer, Electric Orange Juicer Squeezer, Rechargeable Lime Juicer Green"
3737,Unranked(New),General Application,21.99,56,0,Portable Mini Handheld Fan USB Rechargeable With Phone Holder Refrigeration Adjustable Small Pocket Air Cooling Outdoor Travel
3738,Unranked(New),General Application,21.99,56,0,Portable Mini Handheld Fan USB Rechargeable With Phone Holder Refrigeration Adjustable Small Pocket Air Cooling Outdoor Travel
3739,Unranked(New),General Application,21.99,56,0,Portable Mini Handheld Fan USB Rechargeable With Phone Holder Refrigeration Adjustable Small Pocket Air Cooling Outdoor Travel
3740,Unranked(New),General Application,19.82,0,0,Unbeatablesale Gas Connector - 0.5 In. X 36 In.
3741,Unranked(New),General Application,22.11,0,0,Unbeatablesale 0.125 Male Pipe Thread X 6 Long Brass Nipple
3742,Unranked(New),General Application,20.84,0,0,Unbeatablesale Mueller Industries W610145 .5 In. Wrot Copper Coupling With Stop
3743,Unranked(New),General Application,24.02,0,0,Unbeatablesale 143WP 4 In. Plastic Under Eave Vent
3744,Unranked(New),General Application,125.0,4,0,Wave Away Triple Barrel Curler With Tourmaline Ceramic Barrels
3745,Unranked(New),General Application,90.29,0,0,"Air Purifier Tower, With Timer And Filter Light, Medium Room"
3746,Unranked(New),General Application,26.69,0,0,"Unbeatablesale 411157 Decorative Lever Universal Faucet Handle, Metal, Chrome Plated"
3747,Unranked(New),General Application,64.0,28,0,"Cold Press Juicer, Aobosi Compact Small Juicer Machines Easy To Clean Space-Saving Slow Juicer With High Juice Yield, Cleaning Brush Included, Mini Juicer Fit For Travel/Picnic/Office, Mint Green014MG 16 Ounce"
3748,Unranked(New),General Application,91.99,43,0,"Commercial Ultrasonic Cleaner, 2.1Qt/2L, 110V For Brass, Gun Parts, Carburetor Cleaning , White"
3749,Unranked(New),General Application,65.79,0,0,"Remover Machine For Smoke Smell, Smoke, Remove Lingering Smoke And Pet Smells, Air Freshener For Home Office Car 2pcs"
3750,Unranked(New),General Application,52.99,49,0,Folding Collapsible Foot Bath Spa W/ Heat & Temp Control Bubble Massage Stone LB
3751,Unranked(New),General Application,44.99,53,0,Leg Foot Massager Heat Air Compression For Circulation Muscles For Muscles
3752,Unranked(New),General Application,41.99,54,0,Electric Gua Sha Facial Care Massage Board Face Lifting Firming Scraping Device
3753,Unranked(New),General Application,52.99,49,0,Fold Collapsible Foot Bath Spa W/ Heat&Temp Control Bubble Massage Pumice Stone
3754,Unranked(New),General Application,39.83,27,0,"Cusimax Shop Electric Lemon Juicer Squeezer For Family Moments, Cordless Portable Electric Juicer For Oranges And Lemons, Bladeless Design Orange Juicer, USB Rechargeable Electric Citrus Juicer With Spoon"
3755,Unranked(New),General Application,65.99,31,0,"Desk Tower Fan With Timer And 3 Speeds, 13"" Bladeless Fan Keep Kids And Pets Safe, 90° Oscillation Tower Fan Quiet For Bedroom, Office And Home, White (No Battery)"
3756,Unranked(New),General Application,65.5,28,0,"Air Purifiers For Home Large Room Up To 1095ft², H13 HEPA Filter Air Cleaner For Bedroom, Room Air Purifier With Timer Lock 4 Modes Night Light"
3757,Unranked(New),General Application,68.4,0,0,Unbeatablesale Cover Only For 9 Roller Commercial Grade Hot Dog Machine
3758,Unranked(New),General Application,53.68,0,0,Unbeatablesale Pansaver Slow Cooker Liner For 3 To 6.5 Qt Cookers - Case Of 18
3759,Unranked(New),General Application,67.99,31,0,TENTt Poles Clip Fan Monkey Fan Manually Adjustable 90Â° Angles 15W
3760,Unranked(New),General Application,39.83,41,0,"Cordless Electric Lemon Juicer Squeezer, Cusimax Shop Portable Electric Citrus Juicer With USB Cable And Spoon, Lemon And Lime Squeezer, Electric Orange Juicer Squeezer, Rechargeable Lime Juicer White"
3761,Unranked(New),General Application,50.84,0,0,Unbeatablesale 466-06QTLF 6 In. Antisiphon Sweat Wall Hydrant
3762,Unranked(New),General Application,102.71,28,0,"Air Purifiers For Home Large Room, MOOKA H13 True HEPA Filter Air Cleaner, 100% Ozone Free Quiet Air Cleaner For Home, Bedroom And Office, E-300L White"
3763,Unranked(New),General Application,68.99,30,0,Portable Camping Fan W/LED Light USB Rechargeable Variable Speed Battery Powered
3764,Unranked(New),General Application,62.69,0,0,Unbeatablesale 16 In. Tower Heater With Remote
3765,Unranked(New),General Application,29.99,40,0,"Food Kitchen Scale 22lb, Digital Scale Weight Grams And Oz, IPX6 Waterproof, Type-C Rechargeable, 304 Stainless Steel, 0.05oz/1g Precise Graduation, 5 Units For Baking And Cooking"
3766,Unranked(New),General Application,117.6,0,0,"22 Quart Electric Turkey Roaster Oven With Removable Pan Large Stainless Steel Roaster, Visible & Self-Basting Lid, Fast Heating & Thawarming Setting, Blue"
3767,Unranked(New),General Application,56.68,0,0,Unbeatablesale 16 In. Ceramic Tower Heater
3768,Unranked(New),General Application,52.89,0,0,Unbeatablesale Ice Maker Assembly
3769,Unranked(New),General Application,76.7,38,0,"Cusimax Shop Masticating Slow Juicer Extractor With Reverse Function, Cold Press Juicer Machine With Quiet Motor, Chrome Silver"
3770,Unranked(New),General Application,73.99,29,0,Desk And Table Fan Air Circulator Fan Portable Travel Fans Adjustable Height
3771,Unranked(New),General Application,68.99,30,0,AplusChoice Pedestal Air Circulator Fan 90° Oscillation Height 3-Speed Control
3772,Unranked(New),General Application,58.99,34,0,3 PACK Of TREVA/O2COOL Clip Fan Comes With Batteries
3773,Unranked(New),General Application,80.54,28,0,"Desktop Fan With Remote, Oscillating Floor Fan, Fan Air Conditioning, Freestanding Floor Fan With 3 Wind Speeds, Household Quiet Fan For Home, Office"
3774,Unranked(New),General Application,80.54,28,0,"Desktop Fan With Remote, Oscillating Floor Fan, Fan Air Conditioning, Freestanding Floor Fan With 3 Wind Speeds, Household Quiet Fan For Home, Office"
3775,Unranked(New),General Application,244.05,28,0,"Hotdog Roller Grill | 10 Rollers Sausage Grill Cooker Machine | 1700W Stainless Steel With Dual Temp Control, 27 Hot Dogs Capacity, Removable Oil Drip Tray For Home Use"
3776,Unranked(New),General Application,62.99,24,0,"Tower Fan 31"" 3 Speeds 3 Modes,Oscillating Fan Quiet Cooling Portable Standing Bladeless Floor Fans With 0-7.5H Auto-Off Timer For Bedroom, Office, Living Room, Indoor (Black)"
3777,Unranked(New),General Application,27.3,0,0,"Kemei KM-1949 Quick Charging Men's Hair Clip - A Durable Stainless Steel Professional Trimmer That Can Perform Precise Salon Level Beauty At Home. With A Brand New Upgraded Packaging And A More Exquisite Appearance, It Is A Perfect Gift For Boyfriend"
3778,Unranked(New),General Application,49.64,39,0,Cusimax Shop Stainless Steel Electric Citrus Juicer
3779,Unranked(New),General Application,54.66,0,0,"Unbeatablesale Deep Fryer, Silver"
3780,Unranked(New),General Application,167.99,23,0,"Tower Fan Bladeless Cooling Fan, 23.62"" Tower Fan, 80° Oscillating Pedestal Fan With Control, 8 Speeds 8H Timer LED Display With Auto Off, Portable Quiet For Bedroom, Home"
3781,Unranked(New),General Application,21.34,0,0,Unbeatablesale Bird B Gone B44 MMSEB Scare Eye Balloon-1 Pk
3782,Unranked(New),General Application,116.88,38,0,Slow Masticating Juicer.Cold Press Juice Machine With 85mm Large Feed Chute. Cold Press Juicer Extractor.Ice Cream Smoothie Maker.Easy To Clean.
3783,Unranked(New),General Application,162.37,39,0,"Vegetable Juicers For Celery Wheatgrass Ginger Beets, Fruit Juicer Machines Slow Masticating Juicer Cold Press Juice Extractor Pulp Separated, Quiet Motor, BPA , Dishwasher Safe, Easy To Clean"
3784,Unranked(New),General Application,112.89,28,0,"VEVOR Commercial Food Warmer 4x1/4GN 4-Pan Stainless Steel Bain Marie 14.8 Qt Capacity 1500W 110V Steam Table 6 Inch Deep, Temp. Control 86-185℉ Electric Soup Warmer W/Lids & 2 Ladles"
3785,Unranked(New),General Application,213.59,38,0,"Masticating Juicer, Master Cold Press Juicer With 4.1-Inch 104mm Extra Large Feed Chute, Slow Electric Juicer Machines With High Juice Yield For Fruits And Vegetables"
3786,Unranked(New),General Application,123.22,40,0,"Compact Slow Masticating Juicer - Orange Juicer Machines Up To 92% Juice Yield 3.1"""" Wide Chute For High Nutrient Fruits Vegetables Easy Clean With Brush Pulp Measuring Cup Reverse"
3787,Unranked(New),General Application,106.3,42,0,"Cold Press Juicer, Masticating Juicer With 4.35"" Wide Mouth, Whole Fruit Juicer, Juicer Machines Vegetable And Fruit, Easy To Clean With Brush, High Juice Yield"
3788,Unranked(New),General Application,77.57,0,0,Unbeatablesale 4 Slice Wide Slot Toaster With Variable Browning In Black & Rose Gold
3789,Unranked(New),General Application,225.99,28,0,"Bladeless Tower Fan And Air Purifier In One, HEPA Filter 99.97% Smoke Dust Pollen Dander, Freestanding Oscillating Tower Fan With Control (White)"
3790,Unranked(New),General Application,151.39,26,0,"Non-Stick Waffle Donut Machine, 4pcs Mini Heart Donut Maker Baker Machine, Waffle Maker Machine For Making Delicious Foods 4pcs"
3791,Unranked(New),General Application,39.45,0,0,Unbeatablesale Wall Bracket For 2 Gal. Container&#44; Non-Locking&#44;Chrome
3792,Unranked(New),General Application,170.34,28,0,VEVOR 6-Pan Commercial Food Warmer 6 X 8QT Electric Steam Table 1200W Professional Countertop Stainless Steel Buffet Bain Marie With 86-185°F Temp Control For Catering And Restaurants Silver
3793,Unranked(New),General Application,108.85,28,0,VEVOR Commercial Food Warmer 24QT Bain Marie 1200W Electric Buffet Warmer Steam Table Food Warmer Countertop Stainless Steel Food Warmer Wet Or Dry Use For Parties Catering And Restaurant
3794,Unranked(New),General Application,26.79,0,0,Unbeatablesale Jmf 4506218 0.25 X 0.25 90 Deg Flare Elbow - Pack Of 5
3795,Unranked(New),General Application,51.95,0,0,Unbeatablesale 933081 Roof Vent Cover&#44; White
3796,Unranked(New),General Application,36.81,0,0,Unbeatablesale White Round Capital Crown Ceiling Diffuser And 6 In. Boot With Rotary Damper
3797,Unranked(New),General Application,48.44,0,0,Unbeatablesale Range Hood Aluminum Grease Filter For RMP 1
3798,Unranked(New),General Application,40.63,0,0,Unbeatablesale CSSC22-48P 0.75 FIP X 0.75 FIP X 48 Gas Connector - Stainless Steel
3799,Unranked(New),General Application,31.1,0,0,Unbeatablesale C104M10X10 10 X 10 In. 4 Way Supply Register White
3800,Unranked(New),General Application,44.7,0,0,Unbeatablesale B &Amp; K 601-G20CV Add-A-Line Ball Valve 0.62 In.
3801,Unranked(New),General Application,24.96,0,0,Unbeatablesale Greystone C801-06 Damper Ring Diffuser Brown - 6 In.
3802,Unranked(New),General Application,28.84,0,0,Unbeatablesale 8 In. Start Collar With Damper
3803,Unranked(New),General Application,40.81,0,0,Unbeatablesale 85285 Slant Aluminum Roof Vent - White
3804,Unranked(New),General Application,25.53,0,0,"Unbeatablesale 39038856 .37 In. Male O-Ring Boss X .37 In. Male Pipe, Hydraulic Adapter"
3805,Unranked(New),General Application,28.6,0,0,Unbeatablesale Magnetic Vent Covers 8 Inch X 15 Inch
3806,Unranked(New),General Application,42.1,0,0,Unbeatablesale Hamilton Beach 6065554 Proctor Silex 12 Cups Black Coffee Maker
3807,Unranked(New),General Application,138.02,26,0,"Cold Press Juicer, Slow Masticating Juicer Machines With Reverse Function, Quiet Motor, High Juice Yield With Juice Jug & Brush For Cleaning, Gray"
3808,Unranked(New),General Application,18.99,61,0,USB Portable Fan Desktop Mini Camping Heating Fan Outdoor Travel Shed Greenhouse
3809,Unranked(New),General Application,148.59,44,0,"Juicer Machines, Cold Press Juicer, Masticating Juicer With 4.35"" Wide Mouth, Whole Fruit Juicer For Vegetable And Fruit"
3810,Unranked(New),General Application,76.13,28,0,"9-In-1 Compact 800ml Soy Milk Maker With Smart Display, Auto-Clean, And US Plug – 304 Stainless Steel Blade, Accessories Included"
3811,Unranked(New),General Application,138.01,45,0,"Cold Press Juicer, Juicer Machines With 4.35"" Wide Mouth, Whole Fruit Juicer, Masticating Juicer, Juice Extractor For Vegetable And Fruit, Easy To Clean With Brush, High Juice Yield, Black"
3812,Unranked(New),General Application,20.23,0,0,Unbeatablesale Charlotte Pipe &Amp; Foundry PVC003000600HA 90 Deg PVC DWV Elbow 1.25 In.
3813,Unranked(New),General Application,41.18,0,0,Unbeatablesale Thermostat Cover
3814,Unranked(New),General Application,63.49,17,0,"Cusimax Shop Premium Electric Orange Juicer | Stainless Steel Citrus Squeezer With New Ultra-Powerful Motor And Soft G Handle For Effortless Juicing, Auto Shutoff, Dishwasher-Safe Parts, Pulp Control"
3815,Unranked(New),General Application,32.5,0,0,Unbeatablesale Rectangular Burner Natural Gas Air Shutter
3816,Unranked(New),General Application,32.43,0,0,Unbeatablesale JMF 4503439 0.25 X 0.37 In. Compression Connector - Pack Of 5
3817,Unranked(New),General Application,28.43,0,0,Unbeatablesale 0.5 In. Brass Bent Bathcock Coupling
3818,Unranked(New),General Application,30.18,0,0,Unbeatablesale Thermwell AC18H Air Conditioner Side Panel Kit
3819,Unranked(New),General Application,53.55,0,0,Unbeatablesale Dryer Vent Made Easy 4915542 8.25 In. X 30 In. Dia. Dryer Vent Kit
3820,Unranked(New),General Application,36.7,0,0,Unbeatablesale White Square Ceiling Diffuser With 6 In. Boot And Rotary Damper
3821,Unranked(New),General Application,26.39,0,0,Unbeatablesale 14 X 6 In. Foundation Vent
3822,Unranked(New),General Application,42.6,0,0,Unbeatablesale Mueller Industries 112-002 Compact Cylinder Valve
3823,Unranked(New),General Application,26.85,0,0,Unbeatablesale 09706ME 6 Ft. Black Power Supply Replacement Cord
3824,Unranked(New),General Application,25.15,0,0,Unbeatablesale 5 In. Start Collar With Damper
3825,Unranked(New),General Application,38.97,0,0,Unbeatablesale 2 In. Wall Flange - Polished Stainless Steel
3826,Unranked(New),General Application,47.21,0,0,Unbeatablesale Arrowhead Brass 465-10QTLF 10 In. Antisiphon Frost-Proof Hydrant
3827,Unranked(New),General Application,33.04,0,0,Unbeatablesale 1 In. 90-Deg Mild Steel Bent Elbow
3828,Unranked(New),General Application,29.23,0,0,Unbeatablesale Charlotte Pipe &Amp; Foundry PVC004011600HA PVC-Dwv Sanitary Tee 4 X 4 X 1.5 In.
3829,Unranked(New),General Application,30.13,0,0,Unbeatablesale C170 16X16 16 In. X16 In. Return Aire Grille
3830,Unranked(New),General Application,50.34,0,0,Unbeatablesale Allegro 9550-01 Duct-To-Duct Connector- 12 In.
3831,Unranked(New),General Application,41.87,0,0,Unbeatablesale 1.25 In. 90-Deg Mild Steel Bent Elbow
3832,Unranked(New),General Application,32.81,0,0,Unbeatablesale 2.25 X 12 In. Bronze Age Decorative Floor Register With Wonderland Design
3833,Unranked(New),General Application,24.98,0,0,"Unbeatablesale Floor Register, Bronze - 2.25 X 12 In."
3834,Unranked(New),General Application,34.09,0,0,"Unbeatablesale Floor Register, Black Iron - 4 X 10 In."
3835,Unranked(New),General Application,134.99,27,0,8 Types Foot Spa Bath Massager With Massage S Heat & Bubbles Temp Control
3836,Unranked(New),General Application,20.99,59,0,6 Inch USB Desk Table Fan Portable Ultra-Thin Fan Quiet Mini Fans 4 Speeds Black
3837,Unranked(New),General Application,19.99,60,0,Portable Desk Fan USB Rechargeable Quiet 5 Blades Desktop Table Cooling Fan
3838,Unranked(New),General Application,20.99,59,0,Mini Portable Fan Handheld Personal Rechargeable USB Cooling Desk Table Fans
3839,Unranked(New),General Application,29.9,67,0,"Foreverlily 3D Eye Massager With Heating, Massage, Improve Eye Area Concerns, Perfect Gift For Loved Ones, Family, Mother's Day, Valentine's Day, Christmas"
3840,Unranked(New),General Application,58.57,0,0,Unbeatablesale Water Heater Expansion Tank For Potable Water
3841,Unranked(New),General Application,30.92,0,0,Unbeatablesale 224WS 4 In. White Dryer Vent Hood
3842,Unranked(New),General Application,91.99,35,0,Leg Air Pneumatic Massager Foot Compression Pressure Massage MACchinne W/ Remoter
3843,Unranked(New),General Application,62.99,44,0,Leg Calf Massager Air Compression For Circulation Thigh Wraps Massage 3 Modes
3844,Unranked(New),General Application,74.99,40,0,Ionic Detox MACchinne Ion Cleanse Foot Bath Aqua Cell Spa Footbath Massage Arrays
3845,Unranked(New),General Application,73.99,40,0,Foot Bath Ionic Detox Spa MACchinne Portable Salon Ion Aqua Foot Bath Beauty Kit!
3846,Unranked(New),General Application,73.99,40,0,Portable Ionic Detox Foot Bath Spa MACchinne Salon Ion Aqua Foot Bath Beauty Kit
3847,Unranked(New),General Application,89.99,36,0,Ionic Detox Foot Bath SPA Cleanse MACchinne + Foldable Feet Basin Health & Beauty
3848,Unranked(New),General Application,73.99,40,0,Leg Massager Heated Circulation Air Compression Calf Massager For Pain Relief
3849,Unranked(New),General Application,82.99,38,0,Wooden Foot Spa Soak Bucket Pedicure Foot Bath Basin For Soaking Feet +Massager
3850,Unranked(New),General Application,82.99,38,0,Wooden Foot Bath Basin Massage Barrel Health + Beauty Feet  Spa Bucket Kit
3851,Unranked(New),General Application,82.99,38,0,Tall Foot Basin Wooden Bucket Foot Bath Tub Plus Cover And Massage
3852,Unranked(New),General Application,46.99,18,0,"Air Humidifiers For Bedroom,6L Cool Mist Humidifiers With Auto Shut-Off,Quiet Ultrasonic Top Fill Air Humidifier For Plant,Large Room,Home AH002"
3853,Unranked(New),General Application,85.99,37,0,Leg Foot Athlete Compression Heating Pad Massager Boots W/ Controller 6 Modes
3854,Unranked(New),General Application,43.4,47,0,1pc Fully Automatic Rechargeable Massage Belt With Heating Function For Waist And Abdomen
3855,Unranked(New),General Application,56.61,27,0,"Professional Non-Stick Copper Electric Skillet Jumbo, Deep Dish With Tempered Glass Vented Lid, Upgrade Thermostat, 16x 12x 3.15- 8 Quart"
3856,Unranked(New),General Application,38.24,0,0,Unbeatablesale 140 Deg Thermostat Kit
3857,Unranked(New),General Application,69.99,22,0,"Tower Fan With Remote, 36"" Bladeless Fan, 70° Oscillating Fan For Bedroom, 3 Speeds, 3 Modes, 12H Timer, LED Display, Quiet Cooling Standing Floor Fans For Home Living Room Office, Black"
3858,Unranked(New),General Application,71.41,43,0,"Electric Skillet Nonstick With Lid Green, Suit"
3859,Unranked(New),General Application,64.01,38,0,"Electric Skillet Nonstick With Lid,Electric Grill With Removable Plate For Indoor Cooking,1400W Adjustable Temperature Party Gdle"
3860,Unranked(New),General Application,56.61,21,0,"CE23741 12"" Inch Electric Non-Stick Skillet, Black"
3861,Unranked(New),General Application,60.83,18,0,Greenlife Turquoise 5 Quart Electric Square Skillet
3862,Unranked(New),General Application,86.99,36,0,Foot Massager Massage MACchinne Feet Deep Kneading Calf Pain Relief Electric US
3863,Unranked(New),General Application,28.2,10,0,"1pc Mini Electric Fascia Massage Ring, Vibrating Ring, Portable Muscle Relaxation Massager, Small LCD Massage Gun With Belt, Variable Frequency Vibration Sports Muscle Massage, Release Your Hands, Ideal Holiday Gift"
3864,Unranked(New),General Application,121.99,29,0,Folding Foot Spa Bath Massager Electric Heating Household Foot Bath MACchinne BOO
3865,Unranked(New),General Application,69.99,42,0,Ionic Detox Foot Bath Spa MACchinne - Portable Salon Ion Aqua Foot Bath Beauty Set
3866,Unranked(New),General Application,132.99,27,0,Cordless Knee Massager Rechargeable Electronic Infrared Heated With Red Light
3867,Unranked(New),General Application,82.99,38,0,Wood Foot Bath Basin Massage Barrel Health Beauty Feet  Spa Bucket
3868,Unranked(New),General Application,134.99,27,0,"Foot Spa Bath 16 Pedicure Spa Motorized Shiatsu  Massager With Heat, LED"
3869,Unranked(New),General Application,112.96,43,0,"Multi-Functional Nut Milk Maker Machine 30OZ/900mL,Smart Automatic Homemade Plant-Based Milk,Oat,Soy,Almond,Dairy Beverages Machine,Juicer With Mesh Strainer, Filtering,Self Cleaning"
3870,Unranked(New),General Application,36.99,35,0,Massage Gun Olive Drab PCA004
3871,Unranked(New),General Application,26.99,12,0,"Tilswall Infrared Thermometer, -58°F To 1472°F(-50~800°C), Non-Contact Digital Laser Thermometer With Probe, Adjustable Emissivity, High/Low Temperature Alarm, For Cooking/BBQ/Freezer(NOT For Human)"
3872,Unranked(New),General Application,64.5,31,0,Electric Citrus Juicer Fruit Machines - Stainless Steal Electric Citrus Jucers Machine Fruit Squeezer Orange Lemon Lime Electric Citrus Juicers Extractor With Anti - D Citrus Press 300 Watt Motor
3873,Unranked(New),General Application,74.58,44,0,"Electric Citrus Juicer Squeezer Stainless Steel 150 Watts Of Power For Orange Lemon Lime Grapefruit Juice With Soft Rubber G, Filter And Anti-D Spout Lock - Black, Black/Stainless Steel"
3874,Unranked(New),General Application,82.99,38,0,Foot Basin Foot Bath Bucket Foot Massage Plus Cover Plate + Massager Wood Bucket
3875,Unranked(New),General Application,68.99,42,0,Shiatsu Home Foot Massager With Heat Therapy Multi-Mode Kneading Massage MACchinne
3876,Unranked(New),General Application,73.99,40,0,Portable Ionic Detox Foot Bath Spa MACchinne Salon Ion Aqua Foot Bath Beauty Kit !
3877,Unranked(New),General Application,71.99,41,0,Electric Foot Massager Calf Waps Air Compression Heating Pad Massager 3 Modes
3878,Unranked(New),General Application,94.24,28,0,"20 Quart Electric Roaster Oven With Self-Basting Lid, Turkey Roaster Oven With Removable Pan And Rack, White"
3879,Unranked(New),General Application,47.99,0,0,Unbeatablesale Proctor Silex 2 Slice Toaster&#44; Black & Stainless Steel
3880,Unranked(New),General Application,35.1,0,0,Unbeatablesale Waffle Bowl Maker
3881,Unranked(New),General Application,39.92,0,0,Unbeatablesale 10.5 In. Fun Animal Design Non Stick Pancake Maker Pan With Cool Touch Handle
3882,Unranked(New),General Application,53.58,0,0,"Unbeatablesale CB19783 Salon Spa Stool Round Seat Hydraulic Adjustable Height, White"
3883,Unranked(New),General Application,92.56,51,0,Gracie Mills Bates Oversized Plaid Plush Heated Throw - GRACE-9311
3884,Unranked(New),General Application,159.13,36,0,16-Inch Electric Skillet - Rectangular Stainless Steel Pan With Handles And Lid Cover
3885,Unranked(New),General Application,249.99,44,0,Costway Portable Air Conditioner 7000 BTU (10000 BTU ASHRAE) Evaporative Air Cooler Dehumidifier
3886,Unranked(New),General Application,64.06,0,0,Unbeatablesale CPR Board
3887,Unranked(New),General Application,50.24,28,0,"CitriStar CS-1000 Citrus Juicer, Electric Juicer For Oranges And Lemons With Stainless Steel Strainer And Spout White"
3888,Unranked(New),General Application,159.13,35,0,"Cusimax Shop Citrus Press BCP600SIL, Silver"
3889,Unranked(New),General Application,40.99,42,0,"BESKAR Small Clip On Fan, 3 Speeds USB Fan With Strong Airflow, Clip & Desk Fan"
3890,Unranked(New),General Application,39.99,43,0,"20"" 3-Speed Portable Box Fan, New,High-Power Heat Dissipation"
3891,Unranked(New),General Application,34.99,46,0,Portable Fan Desk Stand Fan Swivel Air Cooling Camping LED Lamp USB Rechargeable
3892,Unranked(New),General Application,27.83,0,0,Unbeatablesale Connector Gas - 48 In.
3893,Unranked(New),General Application,39.6,0,0,Unbeatablesale White Square Ceiling Diffuser 8-7-6 In. Reducing Boot And Rotary Damper
3894,Unranked(New),General Application,30.65,0,0,"Unbeatablesale Floor Register, Black Iron - 4 X 10 In."
3895,Unranked(New),General Application,58.72,28,0,"Juicer Machine 600W Juicer With 3 Inch Wide Mouth 2 Speed Setting, Centrifugal Juicer For Fruit, Vegetables Juice Extractor Easy To Clean"
3896,Unranked(New),General Application,64.01,38,0,"Juicer Machine, 800W Juicer With 3.0"" Large Mouth For Whole Fruits And Vegetables, Juice Extractor With 3 Speeds, Easy To Use/Clean,Anti-D"
3897,Unranked(New),General Application,213.59,37,0,"Juicer Machines, Cusimax Shop 5.3-Inch Self-Feeding Masticating Juicer Fit Whole Fruits & Vegetables, Cold Press Electric Juicer Machines With High Juice Yield, Easy Cleaning, BPA , 250W-Black"
3898,Unranked(New),General Application,58.2,0,0,"Unbeatablesale Anti Tipper Pair For Wheelchair, Chrome"
3899,Unranked(New),General Application,61.68,28,0,"Pasta Maker Machine, Multi-Functional Manual Noodles Dumpling Dough Skin Maker, Hand Crank Noodle Making Cutter Machine Homemade Commercial Spaghetti Fettuccini Lasagna"
3900,Unranked(New),General Application,66.38,0,0,"Unbeatablesale 8 Ft. Continuous Un-Filtered Ridge Vent, Black"
3901,Unranked(New),General Application,73.48,0,0,Unbeatablesale 933083 Roof Vent Cover&#44; Smoke
3902,Unranked(New),General Application,54.49,0,0,Unbeatablesale 54703 Auto Gable Shutter White
3903,Unranked(New),General Application,36.99,45,0,USB Portable Air Circulator Fan 270° Adjustable Tilt Small Quiet Table Desk Fan
3904,Unranked(New),General Application,40.99,42,0,"Portable Standing Fan 4 Speed 7.5"" Foldable Desk Fan Adjustable Height 180°"
3905,Unranked(New),General Application,39.99,43,0,"20"" 3-Speed Portable Box Fan, New,High-Power Heat Dissipation"
3906,Unranked(New),General Application,39.99,43,0,"20"" 3-Speed Portable Box Fan, New,High-Power Heat Dissipation"
3907,Unranked(New),General Application,39.99,43,0,Rechargeable Battery Air Circulator Fan 4 Speeds Automatic Oscillating Desk Fan
3908,Unranked(New),General Application,28.07,0,0,Unbeatablesale 12 In. Dia. Air Scrubber Washable Outer Nylon Mesh Filter For X-3380 & X-3580
3909,Unranked(New),General Application,501.21,28,0,"Up To 350lbs Okin Motor Power Lift Recliner Chair For Elderly, Heavy Duty Motion Mechanism With 8-Point Vibration Massage And Lumbar Heating, Two Cup Holders And USB Charge Port, Black"
3910,Unranked(New),General Application,45.34,0,0,Unbeatablesale 18A 120-208-240V Double Pole Thermostat&#44; Almond
3911,Unranked(New),General Application,47.13,0,0,"Unbeatablesale Thermostat Guard - Steel, Medium"
3912,Unranked(New),General Application,79.95,6,0,X Portable Blender (24oz)
3913,Unranked(New),General Application,57.29,0,0,Unbeatablesale Quick Connect 2 X 2 Ft. Black Plastic Supply Drop In With 8 In. Boot
3914,Unranked(New),General Application,74.45,0,0,Unbeatablesale 6 In. Aluminum Adjustable Elbows - Pack Of 12
3915,Unranked(New),General Application,61.69,0,0,Unbeatablesale Manufacturing Inc 39625 Revolution Swivel RV Sewer Kit
3916,Unranked(New),General Application,79.95,6,0,X Portable Blender (24oz)
3917,Unranked(New),General Application,46.93,0,0,Unbeatablesale 3 In. No Ground Plane Antenna.
3918,Unranked(New),General Application,44.66,0,0,Unbeatablesale Monster IR Remote Control Extender Kit B - Black
3919,Unranked(New),General Application,38.84,0,0,Unbeatablesale Firestik 5-8 Wave Cb Antenna Black
3920,Unranked(New),General Application,38.32,0,0,"Unbeatablesale 0.75 Wave 4 Ft. Superflex, Blue"
3921,Unranked(New),General Application,33.59,0,0,Unbeatablesale 3 Ft. -92Cm Am-Fm Receive Antennaenna - Black
3922,Unranked(New),General Application,65.45,3,0,Peace Fixed Phrase Electric Fryer Honwakafue Electric Desk Kushiage Pot HR-8952
3923,Unranked(New),General Application,470.99,32,0,"Merax Power Lift Recliner Chair Electric Recliner For Elderly Recliner Chair With Massage And Heating Functions, Remote, Phone Holder Side Pockets And Cup Holders For Living Room"
3924,Unranked(New),General Application,54.39,0,0,Unbeatablesale PG750 750 MilliVolt Replacement Thermopile Generator
3925,Unranked(New),General Application,240.0,8,0,Patriot Collection
3926,Unranked(New),General Application,70.0,30,0,T10 Translator Intelligent Voice Camera Translator Wifi Online 137 Languages Offline 12 Languages Two-Way Translation
3927,Unranked(New),General Application,73.97,0,0,Unbeatablesale AZ-74-5710-2-16 16 X 16 X 2 In. Wheelchair Gel Cushion
3928,Unranked(New),General Application,92.39,0,0,Oscillating Quiet Tower Fan With Control 3 Speeds 12H Timer Portable LED Display 38 Inch Electric Air Circulator Cooling Floor Standing Fan For Home Bedroom Office Living Room Gray
3929,Unranked(New),General Application,134.99,18,0,16 Inch Pedestal Standing Fan W/ 3 Speeds & Adjustable Height Home Office
3930,Unranked(New),General Application,326.85,30,0,"WhizMax 14000 BTU Dual Hose Portable Air Conditioner And Heater - Dehumidifier, Fan - For Rooms Up To 700 Sq. Ft - AC Unit + Heater"
3931,Unranked(New),General Application,54.99,35,0,3-Gear 28W SilENTt Desktop Multi Speed Fan Table Air Circulator Fan Ship From US
3932,Unranked(New),General Application,61.56,3,0,"Healthy Ceramic Nonstick, 12"" 5QT Square Electric Skillet With Glass Lid, Dishwasher Safe, Adjustable Temperature Control, PFAS-, Black"
3933,Unranked(New),General Application,1399.99,30,0,"BOSSCARE 3D Full Body SL Track Massage Chair, APP Control, Body Scanning, Zero Gravity Shiatsu Massaging Recliner, Heating Therapy, Space-Saving, Bluetooth Speaker"
3934,Unranked(New),General Application,60.47,0,0,Unbeatablesale 12 X 24 X 1 In. Fiberglass 4 MERV Air Filter - Pack Of 12
3935,Unranked(New),General Application,1499.99,32,0,"BOSSCARE 3D Full Body SL Track Massage Chair, APP Control, Body Scanning, Zero Gravity Shiatsu Massaging Recliner, Heating Therapy, Space-Saving, Bluetooth Speaker"
3936,Unranked(New),General Application,1499.99,32,0,"BOSSCARE 3D Full Body SL Track Massage Chair, APP Control, Body Scanning, Zero Gravity Shiatsu Massaging Recliner, Heating Therapy, Space-Saving, Bluetooth Speaker"
3937,Unranked(New),General Application,2399.99,27,0,"BOSSCARE Full Body Zero Gravity 4D Massage Chair, 2024 APP & AI Control Massage Recliner, SL Track Yoga Stretching Shiatsu Message Chair, Body Scanning,HIFI Bluetooth Speaker With Heated"
3938,Unranked(New),General Application,1299.99,55,0,"Artist Hand Full Body Massage Chair - SL Track Zero Gravity Recliner With 12 Modes, Bluetooth, Body Scan, Foot Roller, Airbags Massage, AI Voice Control"
3939,Unranked(New),General Application,1399.99,30,0,"BOSSCARE 3D Full Body SL Track Massage Chair, APP Control, Body Scanning, Zero Gravity Shiatsu Massaging Recliner, Heating Therapy, Space-Saving, Bluetooth Speaker"
3940,Unranked(New),General Application,61.99,33,0,Portable Battery Powered Camping Fan Super Long Lasting Battery Operated Fan ...
3941,Unranked(New),General Application,54.34,0,0,Unbeatablesale 142Mhz .25 Wave Kulduckie
3942,Unranked(New),General Application,64.06,0,0,Unbeatablesale 440-460Mhz Load And Tip Only -Black
3943,Unranked(New),General Application,61.99,24,0,"TaoTronics Air Fryer, 1700W 14.8 QT, 9 In 1 Air Fryer Oven, Oil-Less Cooker With Rotisserie Shaft AF010"
3944,Unranked(New),General Application,81.47,3,0,"Air Fryer 5.3 Quart, Digital Oilless Frying Cooker, Auto Shut Off, Stainless Steel, 8 Preset Programs, 1700W"
3945,Unranked(New),General Application,501.21,28,0,"Up To 350lbs Okin Motor Power Lift Recliner Chair For Elderly, Heavy Duty Motion Mechanism With 8-Point Vibration Massage And Lumbar Heating, Two Cup Holders And USB Charge Port, Brown"
