,Employee_ID,Age,Department_Region,Status,Join_Date,Salary,Email,Phone,Performance_Score,Remote_Work,Name
0,EMP1000,25.0,DevOps-California,Active,4/2/2021,59767.65,bob.davis@example.com,-1651623197,Average,1,Bob_Davis
1,EMP1001,32.48454882571075,Finance-Texas,Active,7/10/2020,65304.66,bob.brown@example.com,-1898471390,Excellent,1,Bob_Brown
2,EMP1002,32.48454882571075,Admin-Nevada,Pending,12/7/2023,88145.9,alice.jones@example.com,-5596363211,Good,1,Alice_Jones
3,EMP1003,25.0,Admin-Nevada,Inactive,11/27/2021,69450.99,eva.davis@example.com,-3476490784,Good,1,Eva_Davis
4,EMP1004,25.0,Cloud Tech-Florida,Active,1/5/2022,109324.61,frank.williams@example.com,-1586734256,Poor,0,Frank_Williams
5,EMP1005,40.0,Sales-Texas,Inactive,6/10/2020,88642.84,alice.garcia@example.com,-5409003485,Good,0,Alice_Garcia
6,EMP1006,32.48454882571075,Admin-Nevada,Active,4/3/2020,96288.43,frank.jones@example.com,-4518376063,Good,0,Frank_Jones
7,EMP1007,30.0,Cloud Tech-Florida,Inactive,7/17/2022,94497.91,bob.jones@example.com,-4134327559,Average,1,Bob_Jones
8,EMP1008,35.0,Admin-Nevada,Inactive,12/8/2023,115565.82,frank.davis@example.com,-4177656123,Excellent,1,Frank_Davis
9,EMP1009,32.48454882571075,DevOps-New York,Active,8/4/2022,76561.88,charlie.johnson@example.com,-8156985699,Excellent,1,Charlie_Johnson
10,EMP1010,35.0,Cloud Tech-New York,Active,7/6/2024,72081.71,david.williams@example.com,-2720634590,Average,0,David_Williams
11,EMP1011,32.48454882571075,DevOps-California,Active,9/4/2023,84946.19,david.davis@example.com,-1238296576,Poor,1,David_Davis
12,EMP1012,30.0,HR-New York,Active,3/5/2024,89295.77,heidi.williams@example.com,-2429543164,Excellent,0,Heidi_Williams
13,EMP1013,32.48454882571075,Finance-California,Active,10/10/2020,85666.84,grace.williams@example.com,-2669300892,Good,0,Grace_Williams
14,EMP1014,25.0,Admin-Nevada,Active,6/10/2024,97633.68,alice.garcia@example.com,-1734206968,Excellent,1,Alice_Garcia
15,EMP1015,40.0,Sales-Florida,Pending,5/29/2021,117975.49,grace.jones@example.com,-4215291085,Good,1,Grace_Jones
16,EMP1016,25.0,DevOps-Illinois,Inactive,4/23/2024,94867.33,alice.brown@example.com,-7713334475,Poor,0,Alice_Brown
17,EMP1017,30.0,Finance-Texas,Pending,11/28/2024,100377.65,grace.garcia@example.com,-2639343625,Average,1,Grace_Garcia
18,EMP1018,32.48454882571075,Cloud Tech-Nevada,Inactive,9/19/2024,94726.46,charlie.garcia@example.com,-2044397358,Excellent,0,Charlie_Garcia
19,EMP1019,35.0,Admin-Illinois,Pending,1/2/2020,91926.12,charlie.williams@example.com,-7107256365,Average,1,Charlie_Williams
20,EMP1020,35.0,HR-New York,Active,5/8/2021,111460.67,bob.miller@example.com,-9411800536,Excellent,1,Bob_Miller
21,EMP1021,40.0,Cloud Tech-Illinois,Active,9/19/2020,96182.56,bob.jones@example.com,-5990048963,Good,0,Bob_Jones
22,EMP1022,35.0,Sales-Illinois,Inactive,3/9/2021,115023.94,charlie.johnson@example.com,-6528092427,Average,1,Charlie_Johnson
23,EMP1023,35.0,Finance-Nevada,Pending,2/3/2022,80667.01,david.garcia@example.com,-7572158623,Excellent,0,David_Garcia
24,EMP1024,30.0,Admin-Texas,Inactive,2/13/2020,91181.61,bob.brown@example.com,-1502745643,Good,1,Bob_Brown
25,EMP1025,25.0,Cloud Tech-Nevada,Pending,4/30/2020,66025.92,david.miller@example.com,-9485625727,Average,0,David_Miller
26,EMP1026,25.0,Sales-New York,Inactive,10/2/2023,83979.01,frank.miller@example.com,-7032032073,Average,0,Frank_Miller
27,EMP1027,30.0,Finance-Florida,Active,7/12/2020,56785.16,heidi.johnson@example.com,-2761707586,Excellent,1,Heidi_Johnson
28,EMP1028,40.0,Finance-Nevada,Active,10/11/2023,95741.88,grace.garcia@example.com,-7712151341,Excellent,0,Grace_Garcia
29,EMP1029,40.0,DevOps-California,Active,5/24/2021,63411.31,alice.brown@example.com,-2849939088,Excellent,1,Alice_Brown
30,EMP1030,40.0,Admin-California,Inactive,5/26/2021,111214.02,charlie.jones@example.com,-2613715040,Good,1,Charlie_Jones
31,EMP1031,25.0,DevOps-Illinois,Active,7/10/2020,114845.69,bob.smith@example.com,-6591520176,Excellent,1,Bob_Smith
32,EMP1032,40.0,Finance-Florida,Active,11/5/2024,78072.82,charlie.brown@example.com,-7490509758,Average,0,Charlie_Brown
33,EMP1033,25.0,Finance-California,Inactive,8/7/2021,79610.52,grace.johnson@example.com,-2304501895,Average,0,Grace_Johnson
34,EMP1034,30.0,Admin-California,Active,4/29/2020,90542.62,heidi.miller@example.com,-1642361031,Excellent,1,Heidi_Miller
35,EMP1035,25.0,Cloud Tech-Illinois,Inactive,10/26/2022,114357.1,frank.jones@example.com,-6642147648,Excellent,1,Frank_Jones
36,EMP1036,32.48454882571075,Cloud Tech-New York,Active,5/3/2023,54757.26,alice.brown@example.com,-2515837766,Poor,0,Alice_Brown
37,EMP1037,25.0,Sales-New York,Pending,5/2/2023,52781.92,grace.smith@example.com,-4996165925,Average,1,Grace_Smith
38,EMP1038,35.0,Admin-Nevada,Pending,10/5/2021,66708.02,frank.smith@example.com,-6108573277,Good,1,Frank_Smith
39,EMP1039,40.0,HR-Texas,Active,7/27/2022,93481.15,eva.williams@example.com,-8147617421,Poor,0,Eva_Williams
40,EMP1040,25.0,Sales-New York,Pending,6/27/2021,59271.96,bob.williams@example.com,-4386490809,Excellent,1,Bob_Williams
41,EMP1041,30.0,HR-California,Active,6/16/2022,108362.15,bob.davis@example.com,-8186617944,Excellent,0,Bob_Davis
42,EMP1042,32.48454882571075,HR-Nevada,Active,12/3/2024,59400.38,alice.johnson@example.com,-4918017225,Average,1,Alice_Johnson
43,EMP1043,32.48454882571075,Admin-California,Inactive,5/23/2023,64744.08,bob.garcia@example.com,-164597793,Excellent,0,Bob_Garcia
44,EMP1044,32.48454882571075,Finance-California,Active,7/8/2020,94399.91,eva.brown@example.com,-5232194167,Good,1,Eva_Brown
45,EMP1045,25.0,HR-New York,Pending,6/20/2021,61310.74,alice.brown@example.com,-61027768,Average,1,Alice_Brown
46,EMP1046,32.48454882571075,Cloud Tech-Texas,Active,12/13/2024,98371.37,grace.garcia@example.com,-7499564121,Excellent,0,Grace_Garcia
47,EMP1047,35.0,Sales-Illinois,Active,5/30/2022,58921.19,alice.davis@example.com,-310303722,Average,1,Alice_Davis
48,EMP1048,35.0,Admin-Nevada,Active,9/27/2023,57195.55,alice.miller@example.com,-6831472759,Excellent,0,Alice_Miller
49,EMP1049,32.48454882571075,DevOps-New York,Active,11/5/2024,61375.12,grace.miller@example.com,-1227770792,Excellent,1,Grace_Miller
50,EMP1050,40.0,Cloud Tech-New York,Pending,11/11/2021,104767.05,charlie.davis@example.com,-3496050165,Excellent,0,Charlie_Davis
51,EMP1051,35.0,Admin-Nevada,Active,2/22/2022,111051.67,david.miller@example.com,-7998407677,Good,0,David_Miller
52,EMP1052,30.0,Finance-California,Inactive,8/7/2024,105674.18,david.williams@example.com,-9973080694,Good,0,David_Williams
53,EMP1053,30.0,Finance-California,Inactive,11/5/2024,54859.45,alice.brown@example.com,-8146717956,Average,0,Alice_Brown
54,EMP1054,32.48454882571075,Finance-Nevada,Pending,11/9/2021,115746.6,frank.davis@example.com,-6024375737,Excellent,1,Frank_Davis
55,EMP1055,30.0,Sales-California,Active,8/10/2020,91759.99,eva.brown@example.com,-3959724664,Excellent,1,Eva_Brown
56,EMP1056,40.0,Sales-Illinois,Active,2/27/2022,112965.33,frank.garcia@example.com,-7293417222,Good,0,Frank_Garcia
57,EMP1057,40.0,Cloud Tech-Illinois,Pending,11/7/2023,100360.1,alice.smith@example.com,-2971674337,Excellent,0,Alice_Smith
58,EMP1058,35.0,Finance-Texas,Pending,11/7/2021,93620.88,david.williams@example.com,-54522800,Good,0,David_Williams
59,EMP1059,35.0,Sales-California,Pending,4/16/2022,72832.8,bob.jones@example.com,-5619318373,Excellent,1,Bob_Jones
60,EMP1060,30.0,Finance-Nevada,Inactive,10/19/2023,102369.42,charlie.williams@example.com,-5508428909,Average,1,Charlie_Williams
61,EMP1061,40.0,Sales-Texas,Inactive,8/10/2021,64712.79,eva.davis@example.com,-7711991807,Excellent,1,Eva_Davis
62,EMP1062,40.0,Finance-Florida,Pending,3/13/2021,85782.18,frank.jones@example.com,-1213524786,Excellent,1,Frank_Jones
63,EMP1063,25.0,HR-Illinois,Pending,7/20/2023,93348.26,charlie.smith@example.com,-1255213759,Poor,0,Charlie_Smith
64,EMP1064,35.0,Admin-New York,Active,2/20/2020,53234.96,david.davis@example.com,-3754821455,Good,0,David_Davis
65,EMP1065,40.0,Finance-Nevada,Pending,2/2/2021,100284.21,bob.johnson@example.com,-5328632665,Excellent,0,Bob_Johnson
66,EMP1066,30.0,Admin-Nevada,Pending,1/12/2020,112486.19,grace.brown@example.com,-7850720810,Excellent,1,Grace_Brown
67,EMP1067,40.0,Admin-New York,Pending,11/26/2022,82518.49,bob.smith@example.com,-5562606028,Poor,1,Bob_Smith
68,EMP1068,40.0,Admin-Florida,Pending,12/23/2022,119152.47,bob.brown@example.com,-846684549,Poor,1,Bob_Brown
69,EMP1069,32.48454882571075,DevOps-Illinois,Inactive,8/28/2024,113479.83,heidi.miller@example.com,-4892673898,Good,0,Heidi_Miller
70,EMP1070,40.0,Finance-California,Active,9/16/2024,94636.3,charlie.johnson@example.com,-7563410855,Poor,0,Charlie_Johnson
71,EMP1071,30.0,HR-Florida,Active,1/1/2024,70000.97,heidi.johnson@example.com,-2884318847,Average,1,Heidi_Johnson
72,EMP1072,32.48454882571075,Cloud Tech-New York,Active,4/18/2021,76812.47,frank.smith@example.com,-5200894345,Poor,0,Frank_Smith
73,EMP1073,25.0,Finance-Florida,Inactive,1/16/2023,82614.7,david.johnson@example.com,-8105485100,Average,1,David_Johnson
74,EMP1074,40.0,Sales-Nevada,Active,10/20/2024,111645.97,grace.jones@example.com,-7490753997,Good,1,Grace_Jones
75,EMP1075,25.0,HR-California,Inactive,10/13/2024,112414.91,heidi.johnson@example.com,-9354492682,Good,0,Heidi_Johnson
76,EMP1076,40.0,Admin-California,Inactive,9/21/2022,52031.74,david.brown@example.com,-1589357125,Good,1,David_Brown
77,EMP1077,30.0,Finance-New York,Pending,12/29/2022,51887.65,grace.brown@example.com,-6110627370,Good,0,Grace_Brown
78,EMP1078,25.0,DevOps-Florida,Active,11/10/2024,82318.89,alice.davis@example.com,-5869886496,Good,1,Alice_Davis
79,EMP1079,35.0,Admin-Florida,Inactive,11/22/2021,103286.08,grace.brown@example.com,-6776228276,Average,0,Grace_Brown
80,EMP1080,35.0,Cloud Tech-Florida,Active,3/14/2024,87759.33,grace.davis@example.com,-2881377027,Average,0,Grace_Davis
81,EMP1081,30.0,DevOps-Texas,Pending,3/23/2020,102796.32,frank.brown@example.com,-5196115939,Good,0,Frank_Brown
82,EMP1082,25.0,Sales-New York,Active,9/15/2020,83149.27,david.jones@example.com,-8215454469,Poor,1,David_Jones
83,EMP1083,40.0,DevOps-California,Inactive,12/9/2020,92412.49,david.garcia@example.com,-2296044326,Excellent,1,David_Garcia
84,EMP1084,30.0,HR-Texas,Pending,2/22/2020,115022.1,bob.davis@example.com,-185106793,Good,0,Bob_Davis
85,EMP1085,40.0,DevOps-New York,Active,4/27/2023,98343.01,grace.williams@example.com,-9756792286,Poor,0,Grace_Williams
86,EMP1086,35.0,DevOps-Illinois,Active,6/18/2024,118869.1,bob.miller@example.com,-7725199662,Excellent,1,Bob_Miller
87,EMP1087,32.48454882571075,Finance-Nevada,Inactive,5/21/2020,85417.26,frank.smith@example.com,-6580741208,Good,1,Frank_Smith
88,EMP1088,40.0,Cloud Tech-Florida,Inactive,7/25/2023,112410.25,grace.brown@example.com,-4818139889,Good,1,Grace_Brown
89,EMP1089,40.0,Admin-Nevada,Pending,8/25/2023,68905.77,charlie.johnson@example.com,-9837801819,Average,0,Charlie_Johnson
90,EMP1090,40.0,Finance-Nevada,Pending,7/3/2021,72561.32,heidi.garcia@example.com,-4339718955,Excellent,1,Heidi_Garcia
91,EMP1091,35.0,Finance-New York,Inactive,3/13/2023,92723.22,bob.brown@example.com,-9070562607,Excellent,1,Bob_Brown
92,EMP1092,40.0,HR-New York,Inactive,3/10/2021,74837.75,alice.johnson@example.com,-5641118241,Poor,0,Alice_Johnson
93,EMP1093,32.48454882571075,DevOps-California,Pending,1/21/2020,86163.91,eva.miller@example.com,-2412462094,Average,1,Eva_Miller
94,EMP1094,40.0,Finance-Illinois,Active,11/15/2023,83326.52,david.miller@example.com,-2004615264,Average,1,David_Miller
95,EMP1095,25.0,Cloud Tech-California,Active,4/8/2022,98425.1,heidi.miller@example.com,-4610339936,Average,1,Heidi_Miller
96,EMP1096,40.0,Sales-Illinois,Inactive,5/21/2022,119764.2,frank.johnson@example.com,-8861405785,Average,0,Frank_Johnson
97,EMP1097,40.0,HR-California,Inactive,4/17/2021,58445.91,frank.brown@example.com,-1706304890,Excellent,0,Frank_Brown
98,EMP1098,32.48454882571075,DevOps-New York,Active,3/19/2021,101702.33,bob.miller@example.com,-3824967182,Excellent,0,Bob_Miller
99,EMP1099,25.0,Admin-California,Active,1/9/2022,85155.05639558233,eva.jones@example.com,-2582386869,Good,0,Eva_Jones
100,EMP1100,35.0,Cloud Tech-Texas,Pending,8/21/2021,98819.22,charlie.davis@example.com,-794200748,Good,0,Charlie_Davis
101,EMP1101,25.0,Cloud Tech-Illinois,Inactive,8/19/2022,83509.99,heidi.johnson@example.com,-4653984027,Average,0,Heidi_Johnson
102,EMP1102,35.0,Finance-Texas,Active,3/31/2022,84422.26,alice.johnson@example.com,-9141612845,Average,0,Alice_Johnson
103,EMP1103,30.0,Admin-Illinois,Inactive,6/23/2020,119574.27,alice.brown@example.com,-3985547434,Average,1,Alice_Brown
104,EMP1104,32.48454882571075,Sales-Illinois,Active,5/7/2024,86580.08,grace.johnson@example.com,-5379502096,Good,1,Grace_Johnson
105,EMP1105,35.0,Sales-Florida,Inactive,3/10/2023,93471.91,heidi.johnson@example.com,-26876810,Poor,0,Heidi_Johnson
106,EMP1106,30.0,DevOps-New York,Inactive,9/14/2023,55683.12,bob.miller@example.com,-8071569561,Poor,1,Bob_Miller
107,EMP1107,30.0,Cloud Tech-Florida,Inactive,11/12/2023,91566.78,bob.brown@example.com,-175370303,Good,1,Bob_Brown
108,EMP1108,35.0,DevOps-California,Pending,10/26/2024,81782.19,david.miller@example.com,-5319433749,Good,0,David_Miller
109,EMP1109,32.48454882571075,DevOps-New York,Inactive,8/23/2020,88119.37,eva.davis@example.com,-4793036148,Good,1,Eva_Davis
110,EMP1110,30.0,Cloud Tech-Texas,Active,6/11/2024,71532.83,eva.garcia@example.com,-8728399920,Good,1,Eva_Garcia
111,EMP1111,40.0,Cloud Tech-Florida,Pending,9/14/2021,98981.36,eva.davis@example.com,-9212493842,Good,1,Eva_Davis
112,EMP1112,40.0,Cloud Tech-Illinois,Active,12/26/2024,80242.01,heidi.garcia@example.com,-894870604,Good,1,Heidi_Garcia
113,EMP1113,25.0,Cloud Tech-New York,Pending,9/8/2024,110236.18,eva.miller@example.com,-6641877579,Average,1,Eva_Miller
114,EMP1114,35.0,Sales-Texas,Active,8/21/2022,86327.47,alice.davis@example.com,-3046875062,Average,0,Alice_Davis
115,EMP1115,30.0,Sales-Florida,Pending,7/25/2024,84420.81,eva.brown@example.com,-5190361331,Average,0,Eva_Brown
116,EMP1116,40.0,HR-California,Pending,8/2/2020,110041.32,frank.smith@example.com,-5411076094,Average,0,Frank_Smith
117,EMP1117,35.0,DevOps-Florida,Pending,3/16/2020,81837.81,heidi.miller@example.com,-4317350582,Good,1,Heidi_Miller
118,EMP1118,25.0,Finance-Illinois,Active,9/8/2023,110855.72,frank.garcia@example.com,-1997179109,Poor,0,Frank_Garcia
119,EMP1119,30.0,Sales-California,Pending,3/29/2024,84894.52,alice.jones@example.com,-651207048,Excellent,1,Alice_Jones
120,EMP1120,30.0,HR-Illinois,Active,8/12/2021,80668.13,alice.garcia@example.com,-6110804660,Good,1,Alice_Garcia
121,EMP1121,25.0,DevOps-Illinois,Active,12/24/2023,61086.47,bob.jones@example.com,-9639907675,Excellent,1,Bob_Jones
122,EMP1122,25.0,Admin-Texas,Inactive,8/28/2020,95339.68,grace.johnson@example.com,-9915078592,Poor,1,Grace_Johnson
123,EMP1123,32.48454882571075,DevOps-California,Inactive,9/5/2024,83774.97,eva.davis@example.com,-1109193927,Average,0,Eva_Davis
124,EMP1124,32.48454882571075,Admin-Florida,Active,5/12/2023,85576.86,heidi.jones@example.com,-4567972319,Poor,0,Heidi_Jones
125,EMP1125,35.0,Finance-California,Pending,7/1/2021,107438.46,bob.garcia@example.com,-249685497,Good,1,Bob_Garcia
126,EMP1126,32.48454882571075,Sales-Nevada,Inactive,11/7/2024,60401.68,eva.johnson@example.com,-2274954507,Average,0,Eva_Johnson
127,EMP1127,35.0,Sales-Illinois,Inactive,7/21/2022,115299.66,frank.smith@example.com,-9203880652,Good,1,Frank_Smith
128,EMP1128,32.48454882571075,Finance-New York,Inactive,3/30/2020,72272.34,david.brown@example.com,-3315377958,Average,0,David_Brown
129,EMP1129,40.0,DevOps-Nevada,Active,10/11/2022,117537.71,grace.brown@example.com,-9594652169,Excellent,0,Grace_Brown
130,EMP1130,25.0,Finance-Texas,Pending,7/24/2022,51074.33,frank.brown@example.com,-7303379336,Excellent,1,Frank_Brown
131,EMP1131,25.0,Finance-California,Inactive,6/30/2023,98489.32,charlie.jones@example.com,-5636205014,Excellent,0,Charlie_Jones
132,EMP1132,32.48454882571075,Finance-California,Pending,1/11/2024,112120.71,frank.smith@example.com,-812473949,Poor,1,Frank_Smith
133,EMP1133,32.48454882571075,Cloud Tech-New York,Pending,11/2/2023,114465.04,alice.jones@example.com,-334234257,Good,0,Alice_Jones
134,EMP1134,40.0,Cloud Tech-Nevada,Pending,11/22/2024,57035.51,bob.davis@example.com,-3230241025,Poor,1,Bob_Davis
135,EMP1135,25.0,Cloud Tech-California,Active,8/23/2021,75092.43,eva.jones@example.com,-1534735527,Excellent,1,Eva_Jones
136,EMP1136,32.48454882571075,Finance-Illinois,Pending,6/11/2024,62603.98,david.smith@example.com,-9611223385,Good,0,David_Smith
137,EMP1137,32.48454882571075,DevOps-New York,Inactive,4/9/2023,60018.24,grace.smith@example.com,-5596309937,Excellent,0,Grace_Smith
138,EMP1138,40.0,HR-Nevada,Active,7/5/2024,82567.73,eva.davis@example.com,-4253042896,Poor,1,Eva_Davis
139,EMP1139,25.0,Finance-California,Pending,9/4/2021,94725.71,charlie.smith@example.com,-3179128684,Poor,0,Charlie_Smith
140,EMP1140,40.0,HR-New York,Inactive,10/13/2024,83824.56,eva.garcia@example.com,-7872558776,Poor,0,Eva_Garcia
141,EMP1141,32.48454882571075,HR-Nevada,Inactive,2/14/2020,118456.11,frank.smith@example.com,-4969033372,Excellent,1,Frank_Smith
142,EMP1142,25.0,Sales-Nevada,Pending,4/10/2020,113743.19,eva.brown@example.com,-6346692547,Good,1,Eva_Brown
143,EMP1143,30.0,Sales-California,Active,7/27/2023,63309.24,eva.garcia@example.com,-1214785389,Good,0,Eva_Garcia
144,EMP1144,25.0,DevOps-Nevada,Active,9/24/2021,105202.73,charlie.garcia@example.com,-7895677664,Excellent,1,Charlie_Garcia
145,EMP1145,30.0,Cloud Tech-California,Inactive,3/10/2024,79085.22,frank.davis@example.com,-7546027340,Good,1,Frank_Davis
146,EMP1146,32.48454882571075,Sales-California,Active,6/10/2021,113983.43,frank.williams@example.com,-5148881430,Excellent,1,Frank_Williams
147,EMP1147,35.0,Cloud Tech-Florida,Active,10/15/2020,102790.6,eva.williams@example.com,-1150835353,Good,0,Eva_Williams
148,EMP1148,32.48454882571075,HR-Texas,Inactive,1/29/2020,68512.1,grace.smith@example.com,-4439284043,Average,0,Grace_Smith
149,EMP1149,35.0,Sales-Florida,Pending,1/30/2022,57584.23,frank.garcia@example.com,-5669078262,Average,1,Frank_Garcia
150,EMP1150,32.48454882571075,Sales-California,Pending,3/29/2021,95335.67,alice.williams@example.com,-3373898774,Poor,0,Alice_Williams
151,EMP1151,35.0,DevOps-Florida,Active,10/13/2020,53174.28,heidi.williams@example.com,-1536637779,Average,1,Heidi_Williams
152,EMP1152,25.0,Cloud Tech-New York,Pending,10/4/2020,77205.21,heidi.smith@example.com,-5292407552,Average,0,Heidi_Smith
153,EMP1153,32.48454882571075,DevOps-Nevada,Active,12/18/2024,79041.92,grace.williams@example.com,-6668459089,Average,1,Grace_Williams
154,EMP1154,32.48454882571075,Finance-California,Active,11/14/2023,75937.1,heidi.jones@example.com,-2259999662,Excellent,1,Heidi_Jones
155,EMP1155,35.0,Cloud Tech-Nevada,Inactive,1/20/2023,113118.73,david.johnson@example.com,-6186371596,Average,0,David_Johnson
156,EMP1156,40.0,HR-New York,Active,10/2/2024,107693.38,alice.davis@example.com,-4121820969,Average,1,Alice_Davis
157,EMP1157,32.48454882571075,Cloud Tech-Texas,Inactive,5/13/2021,119217.46,david.johnson@example.com,-2316433480,Poor,0,David_Johnson
158,EMP1158,25.0,Sales-New York,Pending,3/18/2021,106913.71,david.smith@example.com,-7058025661,Average,0,David_Smith
159,EMP1159,32.48454882571075,Cloud Tech-California,Active,9/23/2020,87815.08,charlie.brown@example.com,-1286716322,Average,1,Charlie_Brown
160,EMP1160,25.0,Admin-Texas,Inactive,6/5/2024,105190.21,bob.davis@example.com,-4672994937,Good,1,Bob_Davis
161,EMP1161,30.0,HR-Texas,Active,2/28/2024,79467.24,alice.smith@example.com,-7430271692,Poor,0,Alice_Smith
162,EMP1162,40.0,Finance-California,Pending,4/30/2023,57633.78,bob.garcia@example.com,-8597779013,Poor,1,Bob_Garcia
163,EMP1163,32.48454882571075,HR-Florida,Pending,3/4/2020,54257.78,alice.brown@example.com,-7546926328,Poor,1,Alice_Brown
164,EMP1164,40.0,DevOps-Texas,Inactive,12/29/2023,113679.06,grace.johnson@example.com,-6762916031,Poor,1,Grace_Johnson
165,EMP1165,35.0,Sales-New York,Active,9/15/2020,69251.12,bob.smith@example.com,-4841376814,Poor,1,Bob_Smith
166,EMP1166,40.0,Sales-Illinois,Inactive,7/18/2022,85388.58,frank.garcia@example.com,-1185672437,Poor,1,Frank_Garcia
167,EMP1167,32.48454882571075,DevOps-New York,Inactive,7/13/2022,112166.37,bob.davis@example.com,-701765635,Excellent,0,Bob_Davis
168,EMP1168,40.0,Finance-Nevada,Active,10/2/2021,79873.48,heidi.davis@example.com,-41257770,Average,0,Heidi_Davis
169,EMP1169,30.0,DevOps-Florida,Active,7/5/2020,108224.03,frank.miller@example.com,-1837274219,Poor,1,Frank_Miller
170,EMP1170,35.0,Admin-Illinois,Active,4/16/2023,116963.72,bob.garcia@example.com,-9124186209,Average,1,Bob_Garcia
171,EMP1171,40.0,HR-Nevada,Inactive,11/12/2024,114109.06,bob.jones@example.com,-4275230836,Average,1,Bob_Jones
172,EMP1172,32.48454882571075,HR-California,Active,3/29/2023,85518.88,eva.williams@example.com,-816470899,Excellent,0,Eva_Williams
173,EMP1173,30.0,Cloud Tech-California,Pending,1/22/2022,58041.97,heidi.brown@example.com,-6335331059,Poor,1,Heidi_Brown
174,EMP1174,40.0,Sales-Illinois,Pending,10/14/2023,94988.94,david.garcia@example.com,-531312205,Good,0,David_Garcia
175,EMP1175,25.0,Admin-California,Pending,4/10/2024,71628.93,eva.miller@example.com,-8155839385,Excellent,0,Eva_Miller
176,EMP1176,30.0,Admin-Illinois,Pending,3/31/2022,54870.98,alice.williams@example.com,-6133155205,Good,0,Alice_Williams
177,EMP1177,25.0,DevOps-Illinois,Active,2/9/2022,79388.27,alice.williams@example.com,-5063731494,Average,1,Alice_Williams
178,EMP1178,35.0,DevOps-California,Pending,5/6/2023,55946.99,frank.smith@example.com,-136497188,Average,0,Frank_Smith
179,EMP1179,32.48454882571075,Cloud Tech-Nevada,Active,7/11/2021,81017.91,charlie.williams@example.com,-2419562524,Excellent,1,Charlie_Williams
180,EMP1180,40.0,HR-New York,Pending,8/21/2020,74162.1,heidi.jones@example.com,-7150997682,Excellent,0,Heidi_Jones
181,EMP1181,32.48454882571075,DevOps-California,Active,3/27/2021,77668.44,heidi.davis@example.com,-8903091435,Good,1,Heidi_Davis
182,EMP1182,30.0,HR-New York,Active,4/14/2024,67886.37,alice.miller@example.com,-3910257431,Poor,0,Alice_Miller
183,EMP1183,40.0,DevOps-Florida,Active,9/21/2020,76614.52,alice.williams@example.com,-6303975244,Good,1,Alice_Williams
184,EMP1184,25.0,Finance-Nevada,Active,6/12/2022,51311.91,frank.smith@example.com,-864035532,Excellent,0,Frank_Smith
185,EMP1185,32.48454882571075,Finance-Illinois,Inactive,12/24/2023,94809.92,frank.jones@example.com,-8033968526,Good,1,Frank_Jones
186,EMP1186,25.0,HR-New York,Pending,7/31/2022,108241.81,grace.johnson@example.com,-171302320,Excellent,1,Grace_Johnson
187,EMP1187,40.0,Cloud Tech-New York,Inactive,4/21/2023,78031.49,bob.davis@example.com,-2983381673,Good,1,Bob_Davis
188,EMP1188,35.0,Admin-California,Active,6/5/2020,85733.83,eva.davis@example.com,-2336293448,Excellent,1,Eva_Davis
189,EMP1189,35.0,HR-Nevada,Pending,7/27/2024,60338.29,david.miller@example.com,-7347156626,Excellent,0,David_Miller
190,EMP1190,30.0,Admin-Illinois,Active,4/5/2024,103140.67,eva.davis@example.com,-7689627065,Excellent,0,Eva_Davis
191,EMP1191,40.0,Sales-Illinois,Inactive,10/26/2023,114690.8,heidi.williams@example.com,-1498282466,Poor,1,Heidi_Williams
192,EMP1192,35.0,Admin-Florida,Active,8/18/2022,80954.56,frank.smith@example.com,-4746897151,Good,0,Frank_Smith
193,EMP1193,32.48454882571075,Cloud Tech-California,Pending,5/31/2020,71728.55,eva.davis@example.com,-7323008575,Good,1,Eva_Davis
194,EMP1194,35.0,HR-Texas,Pending,11/4/2024,118415.8,alice.davis@example.com,-6656749159,Good,1,Alice_Davis
195,EMP1195,40.0,Sales-Illinois,Pending,3/25/2020,81481.36,grace.johnson@example.com,-1692364586,Excellent,0,Grace_Johnson
196,EMP1196,35.0,Sales-Florida,Pending,11/4/2020,117040.57,david.johnson@example.com,-5066337049,Good,1,David_Johnson
197,EMP1197,25.0,Sales-Nevada,Active,3/21/2020,67342.06,frank.brown@example.com,-2497243991,Good,1,Frank_Brown
198,EMP1198,32.48454882571075,Sales-Illinois,Active,1/15/2022,76099.64,heidi.jones@example.com,-116691835,Excellent,0,Heidi_Jones
199,EMP1199,35.0,DevOps-Illinois,Active,6/4/2024,94162.06,grace.williams@example.com,-2644886945,Average,1,Grace_Williams
200,EMP1200,25.0,Sales-Nevada,Inactive,8/4/2021,67639.7,frank.davis@example.com,-1195243639,Excellent,1,Frank_Davis
201,EMP1201,35.0,Cloud Tech-Illinois,Pending,10/16/2020,114172.25,charlie.garcia@example.com,-2701168645,Good,1,Charlie_Garcia
202,EMP1202,30.0,Sales-Nevada,Active,9/26/2021,89124.54,grace.davis@example.com,-2252237280,Excellent,1,Grace_Davis
203,EMP1203,30.0,DevOps-Nevada,Pending,11/4/2023,113871.36,frank.smith@example.com,-7932302345,Average,0,Frank_Smith
204,EMP1204,32.48454882571075,HR-Texas,Inactive,9/24/2021,62618.4,grace.brown@example.com,-7912141613,Excellent,0,Grace_Brown
205,EMP1205,30.0,Admin-New York,Active,6/7/2020,70705.45,heidi.jones@example.com,-1509377099,Good,0,Heidi_Jones
206,EMP1206,35.0,Sales-New York,Pending,2/10/2022,60797.69,alice.garcia@example.com,-4090138068,Average,1,Alice_Garcia
207,EMP1207,40.0,Cloud Tech-Florida,Inactive,10/17/2023,100371.0,charlie.brown@example.com,-8477596554,Poor,1,Charlie_Brown
208,EMP1208,40.0,Admin-Illinois,Active,9/25/2021,117591.76,eva.miller@example.com,-5356690550,Good,0,Eva_Miller
209,EMP1209,35.0,DevOps-Illinois,Inactive,8/3/2022,103860.7,david.jones@example.com,-762091842,Average,1,David_Jones
210,EMP1210,30.0,Admin-Illinois,Active,11/22/2024,67500.22,grace.davis@example.com,-5797863049,Average,1,Grace_Davis
211,EMP1211,32.48454882571075,Cloud Tech-Nevada,Pending,10/9/2024,58727.44,frank.davis@example.com,-5057397690,Poor,1,Frank_Davis
212,EMP1212,35.0,Finance-Illinois,Active,8/28/2024,80623.08,charlie.jones@example.com,-5671649327,Excellent,1,Charlie_Jones
213,EMP1213,40.0,HR-Texas,Inactive,4/19/2020,77751.78,david.davis@example.com,-9802714871,Excellent,0,David_Davis
214,EMP1214,25.0,HR-New York,Active,10/14/2021,115157.81,grace.williams@example.com,-7178333210,Good,0,Grace_Williams
215,EMP1215,30.0,Admin-Texas,Inactive,8/26/2024,83071.85,frank.jones@example.com,-6025643470,Poor,0,Frank_Jones
216,EMP1216,40.0,Sales-Texas,Active,2/8/2020,67914.67,heidi.brown@example.com,-2871539914,Excellent,1,Heidi_Brown
217,EMP1217,25.0,HR-New York,Inactive,9/6/2020,53342.46,grace.jones@example.com,-6686334140,Poor,0,Grace_Jones
218,EMP1218,25.0,Cloud Tech-Florida,Pending,1/2/2023,51150.47,heidi.garcia@example.com,-1159319524,Excellent,0,Heidi_Garcia
219,EMP1219,30.0,HR-Florida,Active,6/13/2023,74697.12,david.davis@example.com,-6904098365,Average,1,David_Davis
220,EMP1220,25.0,Sales-California,Active,12/13/2022,88085.74,charlie.williams@example.com,-5528993159,Excellent,1,Charlie_Williams
221,EMP1221,40.0,Finance-Texas,Pending,3/3/2022,118672.76,alice.williams@example.com,-8752437728,Poor,0,Alice_Williams
222,EMP1222,35.0,Cloud Tech-California,Active,2/10/2024,95997.31,alice.miller@example.com,-4209548148,Average,0,Alice_Miller
223,EMP1223,30.0,Cloud Tech-California,Pending,11/24/2021,106945.62,frank.brown@example.com,-7374605232,Average,0,Frank_Brown
224,EMP1224,40.0,DevOps-New York,Active,5/9/2020,100123.15,heidi.johnson@example.com,-276420864,Average,0,Heidi_Johnson
225,EMP1225,35.0,Admin-Texas,Active,12/19/2024,52933.42,alice.johnson@example.com,-6756618442,Poor,1,Alice_Johnson
226,EMP1226,32.48454882571075,Finance-California,Active,3/22/2024,95283.03,grace.jones@example.com,-8612590471,Good,0,Grace_Jones
227,EMP1227,35.0,HR-Texas,Inactive,6/13/2022,112264.06,alice.miller@example.com,-9277423329,Good,0,Alice_Miller
228,EMP1228,35.0,Admin-Florida,Pending,10/15/2022,75714.28,grace.smith@example.com,-5912662014,Good,1,Grace_Smith
229,EMP1229,25.0,DevOps-Florida,Active,5/31/2022,92171.73,eva.jones@example.com,-7201859625,Poor,0,Eva_Jones
230,EMP1230,35.0,Cloud Tech-Texas,Inactive,9/15/2023,70694.8,eva.miller@example.com,-3013674925,Average,1,Eva_Miller
231,EMP1231,30.0,DevOps-Florida,Inactive,7/4/2022,52964.86,grace.brown@example.com,-1764750110,Good,1,Grace_Brown
232,EMP1232,32.48454882571075,Finance-California,Pending,6/8/2024,116353.31,frank.brown@example.com,-1783099973,Poor,1,Frank_Brown
233,EMP1233,35.0,Sales-Nevada,Pending,11/23/2020,116695.26,grace.brown@example.com,-1926764920,Good,0,Grace_Brown
234,EMP1234,25.0,Admin-Texas,Active,5/13/2024,95161.4,heidi.brown@example.com,-5182606887,Excellent,0,Heidi_Brown
235,EMP1235,32.48454882571075,Admin-Nevada,Inactive,1/29/2022,76040.94,alice.brown@example.com,-7189813128,Good,1,Alice_Brown
236,EMP1236,32.48454882571075,HR-Florida,Inactive,8/23/2023,69508.28,charlie.miller@example.com,-2087510292,Good,0,Charlie_Miller
237,EMP1237,30.0,Finance-Illinois,Inactive,2/24/2023,58243.27,alice.miller@example.com,-2184011844,Average,0,Alice_Miller
238,EMP1238,30.0,Sales-California,Pending,10/2/2022,64012.48,heidi.williams@example.com,-8260340847,Poor,1,Heidi_Williams
239,EMP1239,40.0,Admin-Nevada,Inactive,6/28/2020,106735.93,bob.garcia@example.com,-7297585987,Average,1,Bob_Garcia
240,EMP1240,35.0,DevOps-Texas,Pending,1/15/2023,70325.36,frank.johnson@example.com,-3103032431,Average,0,Frank_Johnson
241,EMP1241,30.0,HR-Illinois,Active,9/5/2020,118959.28,charlie.davis@example.com,-9839542960,Average,1,Charlie_Davis
242,EMP1242,40.0,Cloud Tech-California,Pending,3/18/2023,75823.78,david.brown@example.com,-8446267145,Average,0,David_Brown
243,EMP1243,32.48454882571075,Cloud Tech-Texas,Inactive,3/26/2022,119971.65,charlie.smith@example.com,-2831435988,Average,0,Charlie_Smith
244,EMP1244,40.0,Sales-Texas,Active,10/11/2021,94963.7,grace.davis@example.com,-2625660930,Good,0,Grace_Davis
245,EMP1245,30.0,Sales-Nevada,Pending,1/7/2021,103744.71,frank.miller@example.com,-4181861514,Average,0,Frank_Miller
246,EMP1246,25.0,Sales-New York,Inactive,12/3/2020,61337.69,alice.smith@example.com,-5423401635,Average,1,Alice_Smith
247,EMP1247,35.0,Sales-California,Active,5/28/2021,63741.13,david.smith@example.com,-1128497184,Poor,1,David_Smith
248,EMP1248,30.0,DevOps-California,Pending,12/28/2022,56539.99,eva.smith@example.com,-9484910255,Excellent,1,Eva_Smith
249,EMP1249,30.0,DevOps-Illinois,Pending,5/24/2023,73633.37,charlie.williams@example.com,-2588967923,Good,1,Charlie_Williams
250,EMP1250,25.0,Cloud Tech-Texas,Pending,4/28/2024,90373.99,alice.miller@example.com,-822269404,Good,0,Alice_Miller
251,EMP1251,32.48454882571075,DevOps-Texas,Inactive,12/25/2024,93901.48,grace.smith@example.com,-3967275783,Good,0,Grace_Smith
252,EMP1252,40.0,Admin-Nevada,Inactive,9/1/2021,81748.09,eva.brown@example.com,-4683414650,Average,1,Eva_Brown
253,EMP1253,40.0,Finance-Florida,Inactive,2/21/2021,73813.48,charlie.jones@example.com,-1131290147,Average,0,Charlie_Jones
254,EMP1254,35.0,Finance-New York,Inactive,11/20/2022,89315.59,frank.smith@example.com,-7068277880,Average,0,Frank_Smith
255,EMP1255,25.0,HR-Florida,Active,10/15/2020,56776.82,heidi.williams@example.com,-6093068537,Poor,0,Heidi_Williams
256,EMP1256,32.48454882571075,Finance-New York,Active,7/24/2024,72920.51,grace.davis@example.com,-9097283214,Excellent,1,Grace_Davis
257,EMP1257,30.0,Admin-Florida,Pending,8/14/2022,84913.18,frank.miller@example.com,-2850676250,Average,1,Frank_Miller
258,EMP1258,25.0,Finance-Illinois,Inactive,5/8/2021,65060.11,alice.garcia@example.com,-5381447442,Excellent,1,Alice_Garcia
259,EMP1259,35.0,Finance-Illinois,Pending,10/9/2023,82941.08,alice.williams@example.com,-963480796,Poor,0,Alice_Williams
260,EMP1260,40.0,Admin-California,Pending,1/19/2022,103469.97,bob.smith@example.com,-509754509,Good,1,Bob_Smith
261,EMP1261,25.0,Sales-Illinois,Active,1/12/2022,88725.6,grace.miller@example.com,-5265016730,Average,1,Grace_Miller
262,EMP1262,32.48454882571075,HR-Illinois,Pending,6/5/2023,58316.77,heidi.jones@example.com,-8826170242,Excellent,1,Heidi_Jones
263,EMP1263,35.0,HR-Illinois,Inactive,3/26/2024,60098.72,grace.smith@example.com,-7654562840,Excellent,1,Grace_Smith
264,EMP1264,32.48454882571075,Cloud Tech-Texas,Active,10/7/2020,99951.43,grace.williams@example.com,-7722560530,Average,1,Grace_Williams
265,EMP1265,30.0,Sales-Illinois,Active,11/2/2021,115195.81,heidi.johnson@example.com,-3402665022,Good,1,Heidi_Johnson
266,EMP1266,32.48454882571075,DevOps-California,Pending,11/19/2021,85512.05,grace.brown@example.com,-7416787255,Good,0,Grace_Brown
267,EMP1267,32.48454882571075,HR-Florida,Active,1/24/2022,73186.77,heidi.garcia@example.com,-8621102257,Good,0,Heidi_Garcia
268,EMP1268,32.48454882571075,HR-Nevada,Pending,7/12/2023,51865.3,grace.davis@example.com,-305690673,Poor,1,Grace_Davis
269,EMP1269,25.0,Sales-Florida,Active,12/9/2022,94031.77,david.williams@example.com,-4716392822,Excellent,1,David_Williams
270,EMP1270,30.0,DevOps-New York,Active,3/18/2023,116374.36,grace.miller@example.com,-4143637188,Excellent,0,Grace_Miller
271,EMP1271,40.0,HR-Florida,Active,4/25/2022,98335.02,alice.garcia@example.com,-2392312603,Excellent,0,Alice_Garcia
272,EMP1272,25.0,DevOps-New York,Pending,2/28/2021,89262.07,heidi.garcia@example.com,-3260931065,Poor,1,Heidi_Garcia
273,EMP1273,32.48454882571075,Finance-California,Active,7/30/2022,113848.69,heidi.garcia@example.com,-8433567085,Excellent,1,Heidi_Garcia
274,EMP1274,35.0,Sales-Florida,Active,5/19/2021,69530.45,frank.smith@example.com,-414545634,Poor,1,Frank_Smith
275,EMP1275,35.0,DevOps-New York,Pending,12/14/2023,84230.22,eva.brown@example.com,-200053473,Good,1,Eva_Brown
276,EMP1276,35.0,Cloud Tech-Illinois,Pending,1/17/2023,76578.59,eva.smith@example.com,-9162475540,Average,0,Eva_Smith
277,EMP1277,30.0,HR-Texas,Inactive,1/2/2024,55532.06,frank.miller@example.com,-1082555988,Excellent,1,Frank_Miller
278,EMP1278,40.0,Admin-New York,Pending,7/9/2021,115311.68,eva.smith@example.com,-5343961128,Excellent,1,Eva_Smith
279,EMP1279,25.0,Sales-Nevada,Pending,5/5/2021,66972.06,charlie.johnson@example.com,-1093371188,Good,1,Charlie_Johnson
280,EMP1280,30.0,Cloud Tech-Texas,Inactive,11/7/2021,100215.06,david.brown@example.com,-5473820235,Average,1,David_Brown
281,EMP1281,25.0,Sales-New York,Inactive,8/30/2023,115452.25,charlie.brown@example.com,-8485571616,Poor,0,Charlie_Brown
282,EMP1282,30.0,HR-California,Inactive,8/15/2023,54141.38,heidi.miller@example.com,-6880294239,Average,0,Heidi_Miller
283,EMP1283,32.48454882571075,DevOps-Nevada,Active,12/24/2020,79251.95,david.davis@example.com,-9036788126,Good,0,David_Davis
284,EMP1284,40.0,Finance-New York,Pending,11/21/2024,114822.78,alice.johnson@example.com,-8686694319,Good,1,Alice_Johnson
285,EMP1285,35.0,Sales-Illinois,Active,11/17/2021,69919.32,alice.williams@example.com,-2939087883,Average,1,Alice_Williams
286,EMP1286,30.0,Sales-Florida,Inactive,1/29/2021,106616.97,heidi.smith@example.com,-4344812307,Poor,0,Heidi_Smith
287,EMP1287,35.0,DevOps-New York,Active,2/17/2024,73597.85,heidi.jones@example.com,-3402424032,Poor,1,Heidi_Jones
288,EMP1288,30.0,Sales-Nevada,Inactive,8/20/2024,79939.23,david.smith@example.com,-8105955183,Excellent,1,David_Smith
289,EMP1289,25.0,Admin-New York,Inactive,10/24/2021,85155.05639558233,grace.garcia@example.com,-2694500533,Poor,0,Grace_Garcia
290,EMP1290,30.0,Finance-California,Inactive,9/10/2021,90772.25,grace.smith@example.com,-2408916497,Average,0,Grace_Smith
291,EMP1291,35.0,DevOps-New York,Active,9/29/2023,58275.74,eva.williams@example.com,-3735439626,Good,0,Eva_Williams
292,EMP1292,32.48454882571075,DevOps-California,Pending,8/28/2020,94709.79,grace.smith@example.com,-3652717271,Excellent,0,Grace_Smith
293,EMP1293,32.48454882571075,Admin-New York,Active,9/6/2022,60722.99,frank.johnson@example.com,-2397240421,Excellent,1,Frank_Johnson
294,EMP1294,40.0,DevOps-Illinois,Inactive,3/31/2024,87626.24,frank.johnson@example.com,-6931216375,Good,1,Frank_Johnson
295,EMP1295,30.0,DevOps-Illinois,Active,12/12/2022,81272.36,david.brown@example.com,-1820916600,Poor,0,David_Brown
296,EMP1296,32.48454882571075,Cloud Tech-Texas,Pending,11/1/2022,64150.97,bob.miller@example.com,-23142899,Good,1,Bob_Miller
297,EMP1297,35.0,Sales-Florida,Active,10/25/2023,64378.1,charlie.davis@example.com,-1851327971,Poor,0,Charlie_Davis
298,EMP1298,32.48454882571075,Finance-Texas,Inactive,9/27/2020,85927.35,bob.jones@example.com,-4572308480,Good,0,Bob_Jones
299,EMP1299,32.48454882571075,Finance-Nevada,Inactive,1/21/2024,51523.93,alice.garcia@example.com,-18418619,Average,1,Alice_Garcia
300,EMP1300,30.0,Sales-Texas,Active,5/17/2022,74117.02,alice.smith@example.com,-3036625435,Poor,0,Alice_Smith
301,EMP1301,25.0,Finance-Texas,Inactive,4/17/2022,62598.69,alice.smith@example.com,-1721314518,Average,1,Alice_Smith
302,EMP1302,35.0,Finance-Florida,Inactive,2/8/2022,55617.5,grace.williams@example.com,-5151092267,Excellent,1,Grace_Williams
303,EMP1303,35.0,Cloud Tech-New York,Pending,3/15/2022,87018.98,charlie.miller@example.com,-5926249450,Good,1,Charlie_Miller
304,EMP1304,25.0,Cloud Tech-California,Inactive,10/11/2023,100336.58,david.johnson@example.com,-4754102251,Excellent,1,David_Johnson
305,EMP1305,30.0,Admin-Florida,Inactive,11/13/2020,69295.48,grace.jones@example.com,-6771196420,Excellent,0,Grace_Jones
306,EMP1306,25.0,DevOps-Florida,Pending,4/17/2024,115536.66,bob.brown@example.com,-5226557675,Excellent,1,Bob_Brown
307,EMP1307,30.0,Cloud Tech-Texas,Pending,3/9/2020,81250.87,david.johnson@example.com,-9523668787,Excellent,0,David_Johnson
308,EMP1308,30.0,DevOps-Texas,Inactive,6/17/2022,66403.75,alice.garcia@example.com,-7883619688,Good,0,Alice_Garcia
309,EMP1309,30.0,Sales-California,Active,7/28/2024,114147.79,alice.miller@example.com,-3135030586,Excellent,0,Alice_Miller
310,EMP1310,30.0,HR-New York,Pending,12/3/2022,65472.99,frank.garcia@example.com,-2105524727,Good,0,Frank_Garcia
311,EMP1311,32.48454882571075,Sales-Nevada,Active,7/6/2023,97512.51,alice.davis@example.com,-6333021259,Good,1,Alice_Davis
312,EMP1312,35.0,DevOps-Nevada,Inactive,5/28/2024,86712.41,alice.brown@example.com,-6501917919,Average,1,Alice_Brown
313,EMP1313,30.0,HR-Florida,Active,3/25/2024,87654.98,grace.davis@example.com,-2521310961,Poor,0,Grace_Davis
314,EMP1314,35.0,DevOps-New York,Inactive,4/28/2020,89367.02,david.williams@example.com,-2728476569,Poor,0,David_Williams
315,EMP1315,40.0,Admin-California,Active,11/7/2021,95269.41,charlie.garcia@example.com,-4120092819,Good,1,Charlie_Garcia
316,EMP1316,25.0,Sales-Nevada,Active,4/15/2020,68792.31,frank.williams@example.com,-6678498435,Average,0,Frank_Williams
317,EMP1317,25.0,Admin-Illinois,Pending,10/7/2023,89119.53,alice.smith@example.com,-2418623689,Good,1,Alice_Smith
318,EMP1318,35.0,Cloud Tech-New York,Active,2/27/2024,58212.13,frank.davis@example.com,-3628917755,Good,0,Frank_Davis
319,EMP1319,30.0,DevOps-Illinois,Pending,2/22/2021,77764.24,heidi.miller@example.com,-6205634110,Good,1,Heidi_Miller
320,EMP1320,35.0,Finance-Florida,Pending,8/21/2023,75148.17,frank.garcia@example.com,-5950342810,Average,0,Frank_Garcia
321,EMP1321,40.0,Cloud Tech-Nevada,Inactive,4/8/2024,108781.18,heidi.jones@example.com,-3904383033,Poor,0,Heidi_Jones
322,EMP1322,35.0,Finance-Texas,Pending,11/4/2024,65489.19,frank.brown@example.com,-1990970050,Average,1,Frank_Brown
323,EMP1323,32.48454882571075,Sales-Illinois,Pending,5/5/2022,70663.46,eva.johnson@example.com,-4054683564,Excellent,0,Eva_Johnson
324,EMP1324,40.0,Sales-New York,Inactive,2/1/2023,95822.56,david.miller@example.com,-2156818208,Average,0,David_Miller
325,EMP1325,40.0,DevOps-Nevada,Pending,10/1/2022,82258.03,eva.miller@example.com,-6790422710,Average,1,Eva_Miller
326,EMP1326,30.0,Admin-Nevada,Pending,9/27/2022,62883.34,frank.williams@example.com,-3322889856,Average,0,Frank_Williams
327,EMP1327,32.48454882571075,Cloud Tech-Texas,Pending,4/9/2020,103503.72,alice.davis@example.com,-2545960632,Average,1,Alice_Davis
328,EMP1328,25.0,DevOps-New York,Active,3/23/2021,85401.3,david.garcia@example.com,-9912971023,Poor,1,David_Garcia
329,EMP1329,40.0,Cloud Tech-Texas,Pending,2/3/2023,85155.05639558233,heidi.garcia@example.com,-8171752420,Excellent,0,Heidi_Garcia
330,EMP1330,32.48454882571075,HR-Texas,Pending,7/23/2024,98850.14,eva.smith@example.com,-4955112746,Poor,0,Eva_Smith
331,EMP1331,25.0,Cloud Tech-Illinois,Active,5/8/2021,63435.24,charlie.smith@example.com,-4721970545,Poor,0,Charlie_Smith
332,EMP1332,35.0,Finance-Texas,Inactive,4/11/2022,82129.84,frank.brown@example.com,-6927589550,Average,0,Frank_Brown
333,EMP1333,35.0,DevOps-Texas,Pending,10/23/2024,95492.61,david.williams@example.com,-6874090379,Good,0,David_Williams
334,EMP1334,40.0,Finance-Illinois,Inactive,4/24/2020,94572.37,grace.miller@example.com,-2146296135,Good,0,Grace_Miller
335,EMP1335,40.0,Finance-Nevada,Inactive,3/4/2023,118413.05,bob.garcia@example.com,-7157787111,Poor,0,Bob_Garcia
336,EMP1336,30.0,Admin-Nevada,Pending,8/31/2022,68976.65,alice.jones@example.com,-1663651558,Poor,1,Alice_Jones
337,EMP1337,32.48454882571075,Sales-Nevada,Active,1/2/2021,115013.65,eva.williams@example.com,-7371470826,Average,0,Eva_Williams
338,EMP1338,32.48454882571075,Admin-Nevada,Inactive,6/6/2020,70949.38,david.brown@example.com,-2359096055,Poor,1,David_Brown
339,EMP1339,32.48454882571075,HR-Florida,Pending,10/13/2020,105334.87,grace.brown@example.com,-7303064420,Average,0,Grace_Brown
340,EMP1340,32.48454882571075,DevOps-California,Active,7/19/2020,80596.18,bob.williams@example.com,-2146147682,Good,0,Bob_Williams
341,EMP1341,32.48454882571075,Sales-Illinois,Inactive,5/3/2024,72846.37,frank.brown@example.com,-4201654234,Good,1,Frank_Brown
342,EMP1342,40.0,Admin-California,Pending,2/7/2022,80229.36,heidi.williams@example.com,-6778265959,Excellent,0,Heidi_Williams
343,EMP1343,25.0,Sales-California,Active,12/31/2023,55145.47,grace.johnson@example.com,-8931992549,Good,0,Grace_Johnson
344,EMP1344,30.0,DevOps-Florida,Inactive,1/8/2022,85155.05639558233,grace.williams@example.com,-2727516479,Poor,1,Grace_Williams
345,EMP1345,40.0,HR-California,Active,9/28/2020,56110.81,eva.davis@example.com,-7279103367,Good,0,Eva_Davis
346,EMP1346,25.0,Cloud Tech-Texas,Inactive,2/9/2023,56514.5,grace.williams@example.com,-2963533904,Average,0,Grace_Williams
347,EMP1347,40.0,Cloud Tech-California,Inactive,3/5/2022,104541.84,frank.brown@example.com,-5044817765,Good,0,Frank_Brown
348,EMP1348,32.48454882571075,Sales-New York,Pending,2/18/2022,61865.12,david.garcia@example.com,-5586851275,Excellent,1,David_Garcia
349,EMP1349,40.0,Admin-Texas,Active,6/9/2022,69317.33,eva.davis@example.com,-5289286645,Good,0,Eva_Davis
350,EMP1350,35.0,HR-New York,Pending,7/4/2023,84706.17,bob.brown@example.com,-4911110960,Average,0,Bob_Brown
351,EMP1351,25.0,Admin-California,Active,3/21/2022,73255.21,heidi.smith@example.com,-7981789045,Average,0,Heidi_Smith
352,EMP1352,40.0,HR-Florida,Pending,5/2/2023,59528.71,frank.smith@example.com,-3378613714,Poor,0,Frank_Smith
353,EMP1353,40.0,HR-New York,Inactive,10/15/2021,70401.37,david.garcia@example.com,-7660538443,Good,1,David_Garcia
354,EMP1354,32.48454882571075,Admin-California,Inactive,7/28/2021,107154.62,heidi.garcia@example.com,-4630600024,Average,1,Heidi_Garcia
355,EMP1355,32.48454882571075,Admin-Illinois,Pending,1/3/2021,97719.88,bob.davis@example.com,-8955296385,Excellent,0,Bob_Davis
356,EMP1356,30.0,Finance-California,Pending,5/21/2020,107327.59,heidi.johnson@example.com,-3960962625,Poor,0,Heidi_Johnson
357,EMP1357,40.0,Admin-Nevada,Inactive,5/10/2021,67687.72,grace.garcia@example.com,-5826312818,Excellent,1,Grace_Garcia
358,EMP1358,40.0,Cloud Tech-Florida,Pending,9/8/2022,90757.08,grace.smith@example.com,-6482531105,Good,1,Grace_Smith
359,EMP1359,32.48454882571075,Cloud Tech-California,Pending,7/21/2024,87583.42,grace.williams@example.com,-920981959,Good,0,Grace_Williams
360,EMP1360,25.0,Admin-Nevada,Pending,12/28/2021,61643.69,bob.brown@example.com,-2752334382,Good,1,Bob_Brown
361,EMP1361,35.0,Finance-Texas,Active,7/20/2020,68111.69,grace.smith@example.com,-6404120910,Poor,0,Grace_Smith
362,EMP1362,40.0,HR-Florida,Inactive,4/30/2024,97568.88,david.smith@example.com,-7911244210,Average,1,David_Smith
363,EMP1363,35.0,Cloud Tech-Florida,Active,8/28/2021,79118.28,charlie.johnson@example.com,-7536170616,Poor,1,Charlie_Johnson
364,EMP1364,30.0,HR-California,Inactive,7/21/2022,104898.9,bob.davis@example.com,-1366572239,Excellent,1,Bob_Davis
365,EMP1365,40.0,Cloud Tech-Florida,Pending,11/27/2023,81671.3,frank.davis@example.com,-2990155798,Poor,1,Frank_Davis
366,EMP1366,25.0,Cloud Tech-California,Pending,8/11/2020,97399.75,alice.miller@example.com,-8028413907,Excellent,0,Alice_Miller
367,EMP1367,32.48454882571075,Admin-Illinois,Active,11/8/2021,89189.43,david.johnson@example.com,-882351304,Poor,1,David_Johnson
368,EMP1368,40.0,DevOps-New York,Active,8/4/2023,96011.55,david.williams@example.com,-2312447314,Average,1,David_Williams
369,EMP1369,40.0,Sales-Florida,Inactive,1/10/2020,99331.49,david.davis@example.com,-8477686341,Excellent,0,David_Davis
370,EMP1370,32.48454882571075,Cloud Tech-Illinois,Active,1/19/2022,72818.94,bob.brown@example.com,-3461994236,Good,1,Bob_Brown
371,EMP1371,40.0,Sales-Nevada,Inactive,5/7/2023,77204.75,eva.garcia@example.com,-6769459195,Good,1,Eva_Garcia
372,EMP1372,35.0,HR-Florida,Pending,12/19/2020,106961.68,bob.johnson@example.com,-6395517207,Poor,0,Bob_Johnson
373,EMP1373,32.48454882571075,Sales-Texas,Pending,10/1/2020,71923.0,eva.garcia@example.com,-4964985600,Good,1,Eva_Garcia
374,EMP1374,30.0,HR-Nevada,Active,11/12/2022,77192.43,bob.smith@example.com,-2562531354,Excellent,0,Bob_Smith
375,EMP1375,40.0,Admin-Florida,Pending,1/5/2023,98540.3,grace.brown@example.com,-2510505378,Good,0,Grace_Brown
376,EMP1376,32.48454882571075,Admin-Florida,Inactive,10/14/2020,63096.9,charlie.brown@example.com,-5381649382,Average,0,Charlie_Brown
377,EMP1377,35.0,Cloud Tech-Florida,Active,2/3/2021,107065.12,alice.smith@example.com,-1849196654,Average,0,Alice_Smith
378,EMP1378,40.0,DevOps-Florida,Inactive,12/25/2023,108792.43,heidi.johnson@example.com,-3307704610,Poor,1,Heidi_Johnson
379,EMP1379,32.48454882571075,Cloud Tech-New York,Inactive,3/7/2020,69239.7,bob.smith@example.com,-7295963903,Excellent,0,Bob_Smith
380,EMP1380,40.0,Sales-Nevada,Inactive,1/30/2023,85756.42,charlie.garcia@example.com,-907426087,Average,1,Charlie_Garcia
381,EMP1381,32.48454882571075,HR-Illinois,Active,4/5/2024,100328.62,eva.miller@example.com,-501716444,Average,1,Eva_Miller
382,EMP1382,25.0,DevOps-Nevada,Active,9/1/2021,111236.69,grace.brown@example.com,-5618579063,Excellent,1,Grace_Brown
383,EMP1383,35.0,Cloud Tech-Florida,Active,5/7/2024,106832.22,eva.jones@example.com,-7715910299,Good,1,Eva_Jones
384,EMP1384,32.48454882571075,DevOps-Florida,Active,6/15/2023,59746.45,frank.jones@example.com,-2156321357,Good,1,Frank_Jones
385,EMP1385,25.0,Sales-California,Pending,7/29/2021,91780.04,david.garcia@example.com,-40104144,Poor,1,David_Garcia
386,EMP1386,35.0,Sales-California,Pending,10/23/2023,107062.66,eva.williams@example.com,-9642297124,Good,1,Eva_Williams
387,EMP1387,25.0,HR-Nevada,Active,12/7/2023,110625.52,grace.davis@example.com,-2967188396,Excellent,1,Grace_Davis
388,EMP1388,30.0,DevOps-Florida,Inactive,10/18/2020,90419.79,frank.smith@example.com,-7457314414,Average,1,Frank_Smith
389,EMP1389,40.0,Finance-Texas,Pending,6/15/2024,111608.76,grace.smith@example.com,-8331170302,Good,1,Grace_Smith
390,EMP1390,35.0,Finance-Florida,Inactive,4/6/2023,50173.12,eva.williams@example.com,-7637153987,Poor,0,Eva_Williams
391,EMP1391,40.0,DevOps-Nevada,Pending,1/3/2022,109507.44,bob.williams@example.com,-5472812355,Good,0,Bob_Williams
392,EMP1392,30.0,Finance-New York,Inactive,7/3/2021,72600.56,grace.garcia@example.com,-7983631461,Excellent,0,Grace_Garcia
393,EMP1393,32.48454882571075,Finance-California,Pending,4/10/2024,53388.65,charlie.garcia@example.com,-4912711306,Poor,1,Charlie_Garcia
394,EMP1394,25.0,Cloud Tech-New York,Inactive,7/23/2022,50047.32,heidi.williams@example.com,-2407875417,Good,0,Heidi_Williams
395,EMP1395,30.0,DevOps-California,Active,11/25/2024,115290.79,david.brown@example.com,-1563268684,Poor,0,David_Brown
396,EMP1396,35.0,Cloud Tech-California,Pending,8/21/2023,61586.76,frank.garcia@example.com,-745106633,Excellent,0,Frank_Garcia
397,EMP1397,30.0,Finance-Nevada,Active,12/12/2023,56662.86,eva.miller@example.com,-3629489785,Average,1,Eva_Miller
398,EMP1398,30.0,Sales-New York,Pending,10/24/2023,85155.05639558233,bob.garcia@example.com,-1031310093,Excellent,1,Bob_Garcia
399,EMP1399,25.0,Finance-Nevada,Active,9/5/2022,54957.98,frank.smith@example.com,-3181439665,Excellent,1,Frank_Smith
400,EMP1400,25.0,HR-California,Inactive,10/7/2020,76790.47,bob.garcia@example.com,-1347323548,Excellent,1,Bob_Garcia
401,EMP1401,30.0,Cloud Tech-Illinois,Pending,1/18/2020,92722.35,charlie.brown@example.com,-4012897431,Excellent,0,Charlie_Brown
402,EMP1402,30.0,DevOps-Nevada,Active,4/23/2022,93125.32,frank.williams@example.com,-5122572075,Average,0,Frank_Williams
403,EMP1403,25.0,Cloud Tech-New York,Active,4/22/2023,101100.64,david.smith@example.com,-5024120956,Average,0,David_Smith
404,EMP1404,35.0,Admin-New York,Inactive,8/13/2023,55897.41,grace.garcia@example.com,-9073710093,Poor,0,Grace_Garcia
405,EMP1405,25.0,DevOps-California,Active,11/26/2022,92484.88,eva.brown@example.com,-3882211456,Good,1,Eva_Brown
406,EMP1406,35.0,DevOps-Texas,Active,10/10/2022,77011.99,grace.miller@example.com,-7584745704,Average,1,Grace_Miller
407,EMP1407,32.48454882571075,Cloud Tech-California,Inactive,9/27/2020,77078.68,bob.garcia@example.com,-4589714801,Average,1,Bob_Garcia
408,EMP1408,35.0,Sales-Nevada,Active,4/11/2024,82971.02,grace.brown@example.com,-6325703964,Good,0,Grace_Brown
409,EMP1409,25.0,Sales-Texas,Active,6/20/2021,65102.01,bob.miller@example.com,-3136148781,Average,1,Bob_Miller
410,EMP1410,32.48454882571075,HR-Nevada,Pending,10/23/2022,103697.7,grace.williams@example.com,-4556964429,Excellent,1,Grace_Williams
411,EMP1411,25.0,DevOps-Illinois,Pending,6/15/2023,60687.63,grace.garcia@example.com,-9859167953,Excellent,0,Grace_Garcia
412,EMP1412,32.48454882571075,Admin-New York,Pending,10/31/2021,77351.21,bob.miller@example.com,-1072728497,Good,0,Bob_Miller
413,EMP1413,35.0,DevOps-Florida,Pending,9/29/2024,66704.62,bob.smith@example.com,-2474140702,Poor,1,Bob_Smith
414,EMP1414,25.0,Finance-Illinois,Pending,4/22/2020,71650.3,grace.williams@example.com,-4910740649,Poor,1,Grace_Williams
415,EMP1415,25.0,Cloud Tech-Nevada,Active,12/7/2023,50794.54,charlie.smith@example.com,-425488213,Good,1,Charlie_Smith
416,EMP1416,32.48454882571075,Sales-Nevada,Inactive,12/7/2020,76030.86,frank.jones@example.com,-2369143074,Good,1,Frank_Jones
417,EMP1417,25.0,Cloud Tech-California,Inactive,7/11/2021,86669.79,eva.johnson@example.com,-3666144941,Excellent,1,Eva_Johnson
418,EMP1418,40.0,Finance-Illinois,Inactive,4/23/2020,84972.7,bob.garcia@example.com,-9659234267,Poor,1,Bob_Garcia
419,EMP1419,30.0,HR-Texas,Pending,10/12/2023,100594.49,frank.miller@example.com,-3441497825,Average,0,Frank_Miller
420,EMP1420,25.0,Cloud Tech-New York,Active,8/24/2022,75478.35,alice.johnson@example.com,-6128758574,Excellent,0,Alice_Johnson
421,EMP1421,25.0,Sales-Nevada,Pending,9/4/2023,79355.85,charlie.johnson@example.com,-6766708060,Good,0,Charlie_Johnson
422,EMP1422,35.0,HR-Texas,Pending,2/2/2022,58358.07,grace.miller@example.com,-2943985297,Poor,1,Grace_Miller
423,EMP1423,30.0,Admin-Illinois,Active,4/1/2022,54824.85,alice.williams@example.com,-9406260786,Average,0,Alice_Williams
424,EMP1424,35.0,HR-Texas,Pending,7/24/2022,50557.84,eva.garcia@example.com,-104159148,Average,1,Eva_Garcia
425,EMP1425,32.48454882571075,Admin-Florida,Inactive,4/26/2023,118030.04,eva.jones@example.com,-7501980381,Excellent,1,Eva_Jones
426,EMP1426,32.48454882571075,Admin-New York,Active,4/19/2022,51673.72,david.smith@example.com,-8723244078,Poor,0,David_Smith
427,EMP1427,35.0,Cloud Tech-Nevada,Inactive,10/4/2024,101665.79,alice.brown@example.com,-3110291812,Poor,1,Alice_Brown
428,EMP1428,32.48454882571075,Admin-Florida,Inactive,5/2/2020,118079.15,david.smith@example.com,-3170876013,Good,1,David_Smith
429,EMP1429,25.0,Cloud Tech-New York,Pending,4/25/2022,99059.28,eva.brown@example.com,-6723849790,Poor,0,Eva_Brown
430,EMP1430,32.48454882571075,Cloud Tech-Illinois,Active,7/29/2023,107397.4,bob.smith@example.com,-6202232882,Poor,0,Bob_Smith
431,EMP1431,40.0,DevOps-New York,Active,8/20/2021,68269.37,alice.miller@example.com,-7744197545,Excellent,0,Alice_Miller
432,EMP1432,35.0,HR-Florida,Inactive,4/23/2021,55228.12,grace.jones@example.com,-6176620470,Poor,1,Grace_Jones
433,EMP1433,30.0,Cloud Tech-New York,Inactive,8/12/2022,71982.33,bob.garcia@example.com,-9609409704,Average,0,Bob_Garcia
434,EMP1434,30.0,Finance-California,Inactive,6/26/2021,109673.75,frank.brown@example.com,-2774025882,Excellent,0,Frank_Brown
435,EMP1435,32.48454882571075,Cloud Tech-New York,Inactive,10/30/2020,56384.9,eva.garcia@example.com,-5868122594,Excellent,1,Eva_Garcia
436,EMP1436,40.0,Sales-Texas,Pending,9/4/2021,68211.68,frank.garcia@example.com,-7244617678,Good,0,Frank_Garcia
437,EMP1437,40.0,Finance-Illinois,Pending,1/31/2023,67489.68,alice.garcia@example.com,-2988425994,Poor,0,Alice_Garcia
438,EMP1438,25.0,Cloud Tech-Texas,Active,9/24/2020,63869.31,charlie.davis@example.com,-9961002310,Good,0,Charlie_Davis
439,EMP1439,32.48454882571075,Sales-California,Active,2/14/2020,119801.3,bob.williams@example.com,-7753312660,Average,1,Bob_Williams
440,EMP1440,30.0,Cloud Tech-California,Active,3/28/2020,115959.65,heidi.smith@example.com,-941017589,Excellent,1,Heidi_Smith
441,EMP1441,40.0,Finance-Texas,Inactive,10/31/2023,79866.48,grace.garcia@example.com,-2517629832,Excellent,1,Grace_Garcia
442,EMP1442,35.0,HR-Florida,Active,3/11/2020,92987.46,charlie.smith@example.com,-4774332682,Excellent,1,Charlie_Smith
443,EMP1443,40.0,Finance-Illinois,Inactive,5/4/2020,56140.51,eva.garcia@example.com,-1901302055,Average,0,Eva_Garcia
444,EMP1444,30.0,DevOps-Illinois,Active,7/15/2023,119586.11,grace.brown@example.com,-9815287338,Average,1,Grace_Brown
445,EMP1445,40.0,DevOps-California,Inactive,1/20/2023,104700.46,alice.williams@example.com,-7855982175,Good,1,Alice_Williams
446,EMP1446,40.0,HR-New York,Active,10/15/2021,91798.14,frank.williams@example.com,-6191284116,Good,0,Frank_Williams
447,EMP1447,25.0,Finance-Illinois,Inactive,4/19/2024,90879.22,eva.miller@example.com,-3098503445,Good,0,Eva_Miller
448,EMP1448,25.0,Admin-Nevada,Active,6/29/2021,87358.27,charlie.davis@example.com,-5124189388,Poor,0,Charlie_Davis
449,EMP1449,30.0,Sales-Florida,Inactive,9/14/2024,119407.93,alice.miller@example.com,-8469081973,Excellent,1,Alice_Miller
450,EMP1450,32.48454882571075,HR-Nevada,Pending,1/4/2022,113978.6,david.miller@example.com,-56435022,Excellent,1,David_Miller
451,EMP1451,32.48454882571075,Sales-New York,Pending,1/20/2021,108568.78,frank.miller@example.com,-8503719904,Good,1,Frank_Miller
452,EMP1452,32.48454882571075,HR-New York,Inactive,3/18/2020,56318.02,heidi.miller@example.com,-1699187239,Excellent,0,Heidi_Miller
453,EMP1453,25.0,Sales-Florida,Active,11/10/2021,114252.73,david.miller@example.com,-1078356742,Good,0,David_Miller
454,EMP1454,35.0,DevOps-New York,Inactive,5/1/2020,51533.9,charlie.jones@example.com,-3896086,Poor,1,Charlie_Jones
455,EMP1455,25.0,Sales-California,Active,2/4/2022,99317.66,charlie.williams@example.com,-662668216,Poor,0,Charlie_Williams
456,EMP1456,35.0,HR-California,Active,11/18/2020,101264.64,bob.miller@example.com,-1955356032,Average,0,Bob_Miller
457,EMP1457,35.0,Admin-Nevada,Pending,11/21/2023,112272.02,heidi.garcia@example.com,-1903689002,Poor,0,Heidi_Garcia
458,EMP1458,30.0,DevOps-Illinois,Active,2/13/2022,71477.63,frank.williams@example.com,-102724054,Good,1,Frank_Williams
459,EMP1459,30.0,DevOps-Texas,Pending,3/19/2023,77412.1,charlie.williams@example.com,-9342967110,Poor,0,Charlie_Williams
460,EMP1460,30.0,Sales-California,Pending,3/28/2021,94775.27,alice.johnson@example.com,-4837537457,Average,0,Alice_Johnson
461,EMP1461,30.0,HR-Nevada,Active,5/2/2021,74276.71,heidi.jones@example.com,-4384588104,Excellent,1,Heidi_Jones
462,EMP1462,35.0,Finance-Texas,Inactive,3/5/2021,67467.86,bob.miller@example.com,-6974132833,Good,1,Bob_Miller
463,EMP1463,25.0,DevOps-Texas,Active,3/1/2022,80675.41,eva.smith@example.com,-8315203770,Excellent,0,Eva_Smith
464,EMP1464,40.0,Finance-Florida,Inactive,1/23/2023,76274.33,charlie.brown@example.com,-704496409,Average,0,Charlie_Brown
465,EMP1465,30.0,Finance-Texas,Active,8/26/2021,51405.46,david.davis@example.com,-4967066702,Average,1,David_Davis
466,EMP1466,25.0,HR-New York,Inactive,11/25/2020,101238.96,bob.garcia@example.com,-3626804084,Average,1,Bob_Garcia
467,EMP1467,35.0,Sales-Illinois,Inactive,12/13/2023,52169.52,bob.smith@example.com,-954930595,Excellent,0,Bob_Smith
468,EMP1468,32.48454882571075,Finance-New York,Active,7/26/2020,73176.62,charlie.jones@example.com,-6018648768,Excellent,0,Charlie_Jones
469,EMP1469,32.48454882571075,DevOps-Nevada,Pending,6/27/2021,96241.85,grace.brown@example.com,-9842673203,Excellent,0,Grace_Brown
470,EMP1470,25.0,Finance-Illinois,Pending,9/16/2024,84366.38,bob.jones@example.com,-4138459608,Excellent,0,Bob_Jones
471,EMP1471,40.0,Cloud Tech-California,Pending,7/4/2023,92015.09,alice.garcia@example.com,-4544901494,Average,1,Alice_Garcia
472,EMP1472,30.0,Admin-Nevada,Inactive,6/16/2020,83149.95,alice.williams@example.com,-4277070704,Average,0,Alice_Williams
473,EMP1473,40.0,Finance-Nevada,Inactive,7/5/2020,94930.65,grace.brown@example.com,-7836091497,Good,0,Grace_Brown
474,EMP1474,40.0,HR-New York,Inactive,4/1/2020,68430.72,frank.williams@example.com,-5172444722,Good,1,Frank_Williams
475,EMP1475,35.0,Sales-Texas,Active,3/20/2024,98752.97,david.garcia@example.com,-2290310286,Excellent,0,David_Garcia
476,EMP1476,32.48454882571075,Finance-Illinois,Active,2/7/2023,54268.86,frank.smith@example.com,-9508304404,Poor,1,Frank_Smith
477,EMP1477,32.48454882571075,DevOps-Florida,Pending,12/10/2024,66494.94,grace.garcia@example.com,-8093511870,Poor,0,Grace_Garcia
478,EMP1478,25.0,Sales-Illinois,Pending,6/27/2024,90003.98,grace.smith@example.com,-8133595615,Average,0,Grace_Smith
479,EMP1479,25.0,Finance-New York,Active,3/9/2021,106592.25,charlie.brown@example.com,-4205955656,Average,1,Charlie_Brown
480,EMP1480,25.0,DevOps-Florida,Active,8/11/2024,93905.83,grace.brown@example.com,-4902504289,Average,1,Grace_Brown
481,EMP1481,35.0,DevOps-Texas,Active,3/5/2022,88945.49,eva.miller@example.com,-1935889535,Good,0,Eva_Miller
482,EMP1482,32.48454882571075,Finance-Texas,Pending,6/30/2023,91130.33,eva.jones@example.com,-9026113988,Good,0,Eva_Jones
483,EMP1483,40.0,Admin-New York,Pending,4/19/2023,90787.4,bob.miller@example.com,-8681809787,Average,0,Bob_Miller
484,EMP1484,25.0,Sales-Texas,Inactive,11/11/2024,87494.34,bob.jones@example.com,-7543943534,Average,1,Bob_Jones
485,EMP1485,35.0,Finance-Nevada,Inactive,3/17/2023,92627.35,grace.miller@example.com,-3751376514,Average,0,Grace_Miller
486,EMP1486,40.0,Admin-Illinois,Pending,10/26/2023,98556.29,eva.williams@example.com,-8815793762,Poor,1,Eva_Williams
487,EMP1487,30.0,Cloud Tech-Nevada,Inactive,7/4/2021,112792.2,frank.brown@example.com,-9283692943,Good,1,Frank_Brown
488,EMP1488,35.0,HR-Florida,Pending,11/3/2023,56875.22,eva.smith@example.com,-5511668296,Poor,0,Eva_Smith
489,EMP1489,35.0,DevOps-Florida,Inactive,7/5/2021,101015.96,charlie.jones@example.com,-3270216486,Poor,1,Charlie_Jones
490,EMP1490,30.0,Finance-New York,Inactive,2/26/2024,83912.22,bob.garcia@example.com,-1206021287,Average,0,Bob_Garcia
491,EMP1491,25.0,Sales-New York,Active,9/29/2021,99669.86,frank.jones@example.com,-6652683414,Average,0,Frank_Jones
492,EMP1492,30.0,Admin-New York,Active,5/25/2021,52314.97,alice.smith@example.com,-5999101575,Excellent,0,Alice_Smith
493,EMP1493,30.0,HR-California,Inactive,10/31/2022,77785.96,frank.miller@example.com,-7647229811,Excellent,0,Frank_Miller
494,EMP1494,30.0,HR-Florida,Pending,7/2/2022,62430.86,alice.jones@example.com,-995765727,Poor,0,Alice_Jones
495,EMP1495,35.0,Admin-California,Pending,8/28/2024,98219.54,frank.davis@example.com,-9413475097,Good,1,Frank_Davis
496,EMP1496,25.0,Admin-Illinois,Active,10/21/2024,65494.58,grace.williams@example.com,-8986456521,Average,1,Grace_Williams
497,EMP1497,35.0,DevOps-Florida,Pending,2/11/2020,110524.1,david.brown@example.com,-368499514,Average,0,David_Brown
498,EMP1498,40.0,Admin-Nevada,Active,5/16/2023,106060.54,alice.smith@example.com,-4214477323,Poor,0,Alice_Smith
499,EMP1499,35.0,Finance-Florida,Inactive,7/29/2022,67639.91,eva.brown@example.com,-4913421387,Excellent,1,Eva_Brown
500,EMP1500,32.48454882571075,Cloud Tech-Texas,Pending,9/18/2023,117653.98,grace.davis@example.com,-2090883069,Good,1,Grace_Davis
501,EMP1501,35.0,DevOps-Texas,Inactive,5/10/2020,73539.86,eva.jones@example.com,-5349678273,Excellent,1,Eva_Jones
502,EMP1502,35.0,HR-Nevada,Pending,8/27/2023,70915.38,frank.jones@example.com,-1176741240,Excellent,1,Frank_Jones
503,EMP1503,25.0,Sales-Florida,Pending,10/16/2021,97652.9,david.garcia@example.com,-5131528546,Excellent,0,David_Garcia
504,EMP1504,35.0,HR-Florida,Inactive,3/6/2022,101571.25,heidi.davis@example.com,-8150618537,Excellent,0,Heidi_Davis
505,EMP1505,35.0,DevOps-Nevada,Active,11/6/2023,87424.46,david.smith@example.com,-32963346,Average,1,David_Smith
506,EMP1506,32.48454882571075,HR-New York,Pending,11/30/2024,89077.36,frank.garcia@example.com,-2727423182,Average,0,Frank_Garcia
507,EMP1507,30.0,DevOps-California,Pending,7/13/2024,89132.22,heidi.williams@example.com,-617893205,Excellent,1,Heidi_Williams
508,EMP1508,25.0,Admin-California,Active,3/4/2024,111000.26,frank.garcia@example.com,-4969357823,Good,0,Frank_Garcia
509,EMP1509,35.0,HR-Illinois,Inactive,8/7/2022,109584.97,frank.johnson@example.com,-3477695873,Poor,1,Frank_Johnson
510,EMP1510,40.0,Admin-Illinois,Active,11/11/2024,97648.84,bob.smith@example.com,-1314675360,Good,0,Bob_Smith
511,EMP1511,25.0,Admin-New York,Active,12/2/2021,78643.43,grace.johnson@example.com,-2751562778,Good,1,Grace_Johnson
512,EMP1512,30.0,HR-Nevada,Active,5/14/2024,55656.8,heidi.davis@example.com,-6304483607,Good,1,Heidi_Davis
513,EMP1513,35.0,DevOps-Texas,Active,7/14/2022,69146.95,charlie.miller@example.com,-5456676639,Excellent,0,Charlie_Miller
514,EMP1514,32.48454882571075,Admin-Florida,Active,9/22/2020,93013.58,charlie.johnson@example.com,-4735047638,Average,1,Charlie_Johnson
515,EMP1515,40.0,Finance-Florida,Active,3/18/2020,87364.78,grace.williams@example.com,-2831995297,Good,0,Grace_Williams
516,EMP1516,35.0,Sales-New York,Active,10/17/2023,50288.67,alice.garcia@example.com,-61558107,Excellent,0,Alice_Garcia
517,EMP1517,35.0,HR-New York,Active,2/24/2022,85233.55,david.miller@example.com,-3583286341,Good,1,David_Miller
518,EMP1518,25.0,HR-California,Inactive,1/30/2024,86420.19,bob.garcia@example.com,-5563830007,Good,0,Bob_Garcia
519,EMP1519,30.0,HR-Florida,Inactive,3/16/2024,63189.82,grace.johnson@example.com,-1867024402,Excellent,0,Grace_Johnson
520,EMP1520,25.0,Admin-New York,Pending,9/25/2020,64783.32,grace.garcia@example.com,-3041662410,Average,0,Grace_Garcia
521,EMP1521,25.0,HR-Nevada,Pending,6/10/2024,52615.44,charlie.davis@example.com,-1860089218,Average,0,Charlie_Davis
522,EMP1522,32.48454882571075,Sales-Texas,Pending,4/8/2020,96337.89,eva.miller@example.com,-6394568043,Poor,0,Eva_Miller
523,EMP1523,25.0,DevOps-Texas,Inactive,6/28/2022,76617.76,alice.davis@example.com,-7314976460,Excellent,1,Alice_Davis
524,EMP1524,30.0,Admin-Nevada,Pending,7/14/2023,50651.32,heidi.johnson@example.com,-3684748835,Poor,0,Heidi_Johnson
525,EMP1525,32.48454882571075,HR-Illinois,Pending,12/6/2023,59601.45,bob.davis@example.com,-765817389,Poor,0,Bob_Davis
526,EMP1526,32.48454882571075,DevOps-Illinois,Active,8/1/2021,57980.88,bob.williams@example.com,-6375791451,Poor,0,Bob_Williams
527,EMP1527,32.48454882571075,Admin-California,Pending,2/17/2021,75054.53,david.johnson@example.com,-1182379311,Average,0,David_Johnson
528,EMP1528,25.0,Sales-Florida,Active,11/10/2023,115318.7,charlie.johnson@example.com,-6978930745,Excellent,0,Charlie_Johnson
529,EMP1529,25.0,DevOps-Texas,Active,9/6/2024,90190.69,alice.johnson@example.com,-4520599603,Poor,1,Alice_Johnson
530,EMP1530,32.48454882571075,Cloud Tech-Nevada,Pending,7/26/2020,113334.56,bob.smith@example.com,-3878753576,Excellent,0,Bob_Smith
531,EMP1531,35.0,HR-Florida,Active,7/23/2020,106922.49,heidi.garcia@example.com,-8811616201,Excellent,1,Heidi_Garcia
532,EMP1532,35.0,DevOps-California,Inactive,2/21/2024,58113.07,eva.smith@example.com,-8123710671,Average,1,Eva_Smith
533,EMP1533,25.0,Admin-Nevada,Pending,12/15/2020,73006.26,alice.smith@example.com,-8728660415,Poor,1,Alice_Smith
534,EMP1534,25.0,HR-California,Active,8/21/2020,78054.43,eva.williams@example.com,-4485959223,Poor,1,Eva_Williams
535,EMP1535,40.0,DevOps-Florida,Inactive,8/21/2023,112028.67,eva.miller@example.com,-8395894772,Excellent,0,Eva_Miller
536,EMP1536,25.0,Admin-Texas,Inactive,4/24/2023,83787.24,charlie.garcia@example.com,-5228705621,Good,1,Charlie_Garcia
537,EMP1537,30.0,Sales-Florida,Inactive,6/6/2023,52017.14,heidi.davis@example.com,-7104331874,Average,1,Heidi_Davis
538,EMP1538,40.0,Finance-Texas,Inactive,6/21/2022,53218.06,charlie.jones@example.com,-1097921582,Average,0,Charlie_Jones
539,EMP1539,25.0,DevOps-Nevada,Pending,4/20/2024,102053.67,frank.johnson@example.com,-5034469458,Average,0,Frank_Johnson
540,EMP1540,35.0,Sales-Illinois,Pending,12/5/2023,93276.73,david.davis@example.com,-6488319212,Average,0,David_Davis
541,EMP1541,40.0,HR-Nevada,Pending,8/6/2023,76941.36,david.johnson@example.com,-4249128964,Poor,1,David_Johnson
542,EMP1542,25.0,DevOps-New York,Pending,10/4/2024,82850.23,alice.williams@example.com,-9994973202,Poor,0,Alice_Williams
543,EMP1543,25.0,Finance-California,Active,11/8/2021,117910.15,charlie.johnson@example.com,-3192227050,Good,0,Charlie_Johnson
544,EMP1544,32.48454882571075,DevOps-Florida,Inactive,7/31/2024,66450.0,david.smith@example.com,-287675480,Average,1,David_Smith
545,EMP1545,25.0,Finance-Florida,Inactive,8/31/2020,118646.95,heidi.garcia@example.com,-3866675484,Average,0,Heidi_Garcia
546,EMP1546,25.0,Finance-Florida,Active,2/15/2023,88436.92,alice.jones@example.com,-8193242686,Excellent,0,Alice_Jones
547,EMP1547,32.48454882571075,Sales-New York,Pending,10/7/2023,81934.55,eva.brown@example.com,-7418652056,Poor,0,Eva_Brown
548,EMP1548,30.0,Finance-California,Pending,4/20/2024,93383.06,alice.johnson@example.com,-5639836519,Average,0,Alice_Johnson
549,EMP1549,40.0,Cloud Tech-Texas,Pending,3/30/2021,50153.79,frank.davis@example.com,-3758309450,Good,1,Frank_Davis
550,EMP1550,32.48454882571075,Sales-California,Pending,8/5/2020,53204.47,eva.smith@example.com,-5480940475,Good,0,Eva_Smith
551,EMP1551,40.0,Cloud Tech-California,Pending,2/5/2021,63128.04,charlie.brown@example.com,-440907976,Poor,0,Charlie_Brown
552,EMP1552,30.0,Finance-New York,Pending,11/23/2021,57543.6,grace.jones@example.com,-2781050921,Good,1,Grace_Jones
553,EMP1553,40.0,Finance-Nevada,Pending,10/29/2022,59424.52,bob.brown@example.com,-2161070517,Good,0,Bob_Brown
554,EMP1554,32.48454882571075,Finance-Illinois,Inactive,11/7/2022,104675.7,alice.smith@example.com,-4390552957,Poor,1,Alice_Smith
555,EMP1555,30.0,Cloud Tech-Florida,Pending,5/14/2023,92431.25,charlie.garcia@example.com,-660138240,Average,0,Charlie_Garcia
556,EMP1556,40.0,Sales-Nevada,Active,7/14/2021,77850.9,grace.garcia@example.com,-2704938619,Average,1,Grace_Garcia
557,EMP1557,40.0,Admin-New York,Inactive,5/18/2023,99001.0,eva.miller@example.com,-4485157918,Good,1,Eva_Miller
558,EMP1558,32.48454882571075,HR-Nevada,Pending,2/7/2023,94280.83,eva.garcia@example.com,-7111212589,Good,1,Eva_Garcia
559,EMP1559,35.0,DevOps-New York,Pending,8/24/2023,118262.56,eva.miller@example.com,-2035713431,Average,1,Eva_Miller
560,EMP1560,25.0,HR-Illinois,Inactive,4/8/2023,89944.67,frank.brown@example.com,-4064242955,Poor,0,Frank_Brown
561,EMP1561,32.48454882571075,HR-Florida,Active,12/6/2022,57452.93,grace.williams@example.com,-3343244740,Good,1,Grace_Williams
562,EMP1562,25.0,Admin-California,Active,8/9/2021,97837.32,alice.davis@example.com,-7595587208,Excellent,0,Alice_Davis
563,EMP1563,35.0,Admin-Illinois,Active,1/4/2022,106981.84,alice.davis@example.com,-6289365434,Poor,1,Alice_Davis
564,EMP1564,32.48454882571075,Finance-New York,Pending,5/25/2024,105778.36,david.brown@example.com,-8841834373,Good,1,David_Brown
565,EMP1565,40.0,Finance-Florida,Pending,10/2/2021,117608.32,alice.johnson@example.com,-182727954,Good,1,Alice_Johnson
566,EMP1566,30.0,Sales-Florida,Active,7/21/2023,99324.03,eva.johnson@example.com,-9690515025,Excellent,0,Eva_Johnson
567,EMP1567,30.0,HR-Florida,Active,10/30/2023,55212.83,david.garcia@example.com,-7551254277,Excellent,1,David_Garcia
568,EMP1568,40.0,Cloud Tech-Florida,Inactive,2/13/2023,68496.77,bob.davis@example.com,-2079799666,Average,0,Bob_Davis
569,EMP1569,25.0,HR-Florida,Pending,11/13/2020,52795.84,eva.davis@example.com,-3459576402,Poor,0,Eva_Davis
570,EMP1570,32.48454882571075,DevOps-California,Inactive,6/5/2024,90087.39,alice.miller@example.com,-8166496901,Poor,0,Alice_Miller
571,EMP1571,32.48454882571075,Admin-New York,Pending,5/19/2020,105038.08,frank.williams@example.com,-8249839224,Average,0,Frank_Williams
572,EMP1572,25.0,HR-New York,Active,9/20/2023,73231.85,grace.smith@example.com,-142576269,Poor,0,Grace_Smith
573,EMP1573,32.48454882571075,Sales-Florida,Pending,8/13/2024,102649.36,david.johnson@example.com,-2324412335,Poor,0,David_Johnson
574,EMP1574,35.0,Finance-New York,Pending,6/10/2023,114302.51,bob.davis@example.com,-1328507250,Poor,0,Bob_Davis
575,EMP1575,35.0,Finance-Texas,Inactive,6/9/2021,87816.61,alice.miller@example.com,-7863767315,Poor,0,Alice_Miller
576,EMP1576,32.48454882571075,Sales-Florida,Inactive,3/30/2020,70750.38,frank.jones@example.com,-2526546967,Poor,0,Frank_Jones
577,EMP1577,32.48454882571075,Cloud Tech-Texas,Active,5/2/2024,85155.05639558233,frank.miller@example.com,-1579039234,Excellent,1,Frank_Miller
578,EMP1578,30.0,DevOps-Nevada,Active,11/6/2024,97978.36,bob.johnson@example.com,-5580996131,Poor,1,Bob_Johnson
579,EMP1579,32.48454882571075,DevOps-Nevada,Inactive,8/17/2023,107172.8,david.johnson@example.com,-7303461561,Excellent,1,David_Johnson
580,EMP1580,25.0,Finance-Nevada,Inactive,3/18/2020,56126.46,charlie.miller@example.com,-6244670461,Poor,1,Charlie_Miller
581,EMP1581,32.48454882571075,Cloud Tech-Illinois,Active,6/13/2021,78534.29,eva.smith@example.com,-2681715159,Average,1,Eva_Smith
582,EMP1582,40.0,HR-Texas,Inactive,10/10/2023,85155.05639558233,grace.brown@example.com,-2529867075,Good,0,Grace_Brown
583,EMP1583,32.48454882571075,Cloud Tech-Nevada,Active,1/2/2022,114963.34,bob.johnson@example.com,-6046419784,Excellent,0,Bob_Johnson
584,EMP1584,32.48454882571075,Cloud Tech-California,Inactive,2/20/2022,77657.93,eva.miller@example.com,-7585126860,Poor,0,Eva_Miller
585,EMP1585,30.0,Sales-New York,Active,3/9/2024,77369.48,heidi.davis@example.com,-2059438975,Average,0,Heidi_Davis
586,EMP1586,30.0,HR-Nevada,Pending,8/19/2023,76119.14,eva.miller@example.com,-740177508,Good,0,Eva_Miller
587,EMP1587,25.0,Cloud Tech-Texas,Pending,5/6/2023,77585.72,charlie.williams@example.com,-5465408423,Excellent,0,Charlie_Williams
588,EMP1588,35.0,Admin-Nevada,Pending,1/26/2024,74069.62,bob.brown@example.com,-5607540914,Good,0,Bob_Brown
589,EMP1589,30.0,Admin-New York,Pending,9/5/2024,67691.92,charlie.jones@example.com,-863218121,Average,1,Charlie_Jones
590,EMP1590,32.48454882571075,Finance-Nevada,Pending,5/29/2020,70345.69,alice.smith@example.com,-7645793896,Excellent,1,Alice_Smith
591,EMP1591,30.0,DevOps-Illinois,Inactive,11/8/2021,74999.69,bob.garcia@example.com,-155029167,Good,1,Bob_Garcia
592,EMP1592,25.0,HR-Illinois,Active,1/31/2021,72245.02,david.jones@example.com,-1546602415,Poor,1,David_Jones
593,EMP1593,32.48454882571075,Admin-Illinois,Pending,1/16/2022,106538.98,eva.brown@example.com,-1394498829,Excellent,0,Eva_Brown
594,EMP1594,25.0,HR-New York,Active,12/29/2023,101787.14,charlie.brown@example.com,-5973642479,Good,0,Charlie_Brown
595,EMP1595,30.0,DevOps-Nevada,Inactive,12/2/2024,83596.78,frank.brown@example.com,-9624406305,Average,0,Frank_Brown
596,EMP1596,40.0,Sales-Texas,Active,8/15/2023,92463.94,eva.jones@example.com,-2447951329,Average,1,Eva_Jones
597,EMP1597,32.48454882571075,Admin-California,Pending,12/20/2024,93863.32,charlie.davis@example.com,-5319497968,Excellent,0,Charlie_Davis
598,EMP1598,32.48454882571075,DevOps-Texas,Pending,3/31/2023,78359.41,alice.brown@example.com,-5867805554,Good,0,Alice_Brown
599,EMP1599,32.48454882571075,HR-Illinois,Pending,8/24/2022,95773.57,alice.miller@example.com,-7277382645,Excellent,0,Alice_Miller
600,EMP1600,30.0,Sales-Nevada,Inactive,10/1/2020,82529.08,grace.jones@example.com,-917851384,Excellent,1,Grace_Jones
601,EMP1601,35.0,Sales-Texas,Pending,5/4/2021,109358.73,grace.garcia@example.com,-4457702991,Good,0,Grace_Garcia
602,EMP1602,32.48454882571075,Admin-Florida,Active,1/1/2021,89645.01,charlie.brown@example.com,-9596604872,Good,1,Charlie_Brown
603,EMP1603,40.0,HR-Texas,Active,4/8/2024,84134.95,charlie.miller@example.com,-6826911632,Poor,1,Charlie_Miller
604,EMP1604,30.0,Cloud Tech-Nevada,Active,11/26/2022,113540.83,frank.davis@example.com,-1942268652,Good,1,Frank_Davis
605,EMP1605,40.0,Cloud Tech-Texas,Pending,10/25/2021,57225.75,heidi.williams@example.com,-6945515887,Average,1,Heidi_Williams
606,EMP1606,35.0,Sales-Illinois,Pending,12/22/2020,76366.17,eva.davis@example.com,-6367747225,Excellent,0,Eva_Davis
607,EMP1607,32.48454882571075,HR-Florida,Active,11/23/2022,78408.95,bob.garcia@example.com,-4085721695,Excellent,1,Bob_Garcia
608,EMP1608,40.0,Finance-Illinois,Active,10/24/2022,111742.4,frank.brown@example.com,-6630932997,Average,1,Frank_Brown
609,EMP1609,25.0,Sales-Nevada,Inactive,3/9/2021,60516.83,david.garcia@example.com,-1996059328,Good,0,David_Garcia
610,EMP1610,30.0,Finance-California,Pending,8/20/2020,83706.17,bob.jones@example.com,-7150968831,Average,0,Bob_Jones
611,EMP1611,32.48454882571075,Admin-Nevada,Inactive,2/15/2020,67056.92,david.johnson@example.com,-7532735240,Average,1,David_Johnson
612,EMP1612,30.0,DevOps-Illinois,Active,12/29/2024,90058.85,charlie.brown@example.com,-397739731,Poor,0,Charlie_Brown
613,EMP1613,30.0,Sales-Florida,Pending,2/28/2023,94633.59,eva.johnson@example.com,-7819523709,Average,1,Eva_Johnson
614,EMP1614,25.0,Admin-Florida,Pending,8/23/2022,110711.17,eva.miller@example.com,-687616480,Excellent,1,Eva_Miller
615,EMP1615,32.48454882571075,Admin-Illinois,Active,6/30/2023,96175.41,grace.williams@example.com,-9807704604,Average,1,Grace_Williams
616,EMP1616,40.0,Sales-Illinois,Active,4/15/2021,76474.79,frank.smith@example.com,-6876112490,Excellent,1,Frank_Smith
617,EMP1617,30.0,Sales-Illinois,Pending,5/9/2022,107855.99,alice.garcia@example.com,-2565237340,Excellent,0,Alice_Garcia
618,EMP1618,40.0,Sales-Illinois,Active,12/2/2024,104870.78,charlie.davis@example.com,-5177345474,Excellent,1,Charlie_Davis
619,EMP1619,25.0,Finance-Nevada,Active,5/20/2023,85155.05639558233,bob.williams@example.com,-7494902283,Good,0,Bob_Williams
620,EMP1620,32.48454882571075,Finance-California,Active,11/29/2023,87087.16,grace.brown@example.com,-359544293,Poor,0,Grace_Brown
621,EMP1621,40.0,HR-Illinois,Pending,4/8/2024,108603.34,heidi.johnson@example.com,-7742229463,Excellent,0,Heidi_Johnson
622,EMP1622,30.0,HR-Florida,Active,10/25/2024,55867.23,grace.davis@example.com,-3039429044,Excellent,0,Grace_Davis
623,EMP1623,35.0,Admin-Texas,Pending,3/2/2024,105259.57,grace.johnson@example.com,-8867925297,Good,1,Grace_Johnson
624,EMP1624,32.48454882571075,Cloud Tech-Florida,Pending,2/24/2021,98143.67,bob.jones@example.com,-5856728726,Excellent,0,Bob_Jones
625,EMP1625,25.0,Admin-Florida,Pending,4/13/2023,67754.29,frank.johnson@example.com,-6015343323,Average,1,Frank_Johnson
626,EMP1626,32.48454882571075,HR-Illinois,Inactive,10/25/2023,77821.79,grace.jones@example.com,-9135779082,Average,0,Grace_Jones
627,EMP1627,30.0,HR-Illinois,Pending,9/17/2022,67764.44,heidi.miller@example.com,-3506158147,Poor,0,Heidi_Miller
628,EMP1628,40.0,DevOps-New York,Pending,8/31/2020,102346.99,frank.davis@example.com,-8810798333,Excellent,1,Frank_Davis
629,EMP1629,25.0,Admin-Illinois,Inactive,5/28/2024,73690.65,charlie.davis@example.com,-2337209483,Good,1,Charlie_Davis
630,EMP1630,30.0,Finance-Nevada,Active,7/5/2024,56376.2,alice.smith@example.com,-1312840332,Average,1,Alice_Smith
631,EMP1631,25.0,Cloud Tech-California,Active,1/29/2022,55602.78,grace.brown@example.com,-9977180512,Good,0,Grace_Brown
632,EMP1632,40.0,Sales-Nevada,Pending,8/9/2021,99812.41,grace.jones@example.com,-7171731892,Good,0,Grace_Jones
633,EMP1633,40.0,Finance-Texas,Active,10/7/2024,95981.9,charlie.smith@example.com,-9749096172,Average,1,Charlie_Smith
634,EMP1634,30.0,Cloud Tech-Illinois,Pending,11/22/2022,98891.48,eva.johnson@example.com,-9970469471,Good,1,Eva_Johnson
635,EMP1635,35.0,Admin-Nevada,Active,11/18/2020,56079.0,alice.johnson@example.com,-5878444834,Average,1,Alice_Johnson
636,EMP1636,35.0,DevOps-Florida,Inactive,4/15/2023,85155.05639558233,grace.smith@example.com,-4884712704,Good,1,Grace_Smith
637,EMP1637,25.0,Sales-California,Pending,8/26/2024,89137.97,bob.davis@example.com,-8772216416,Average,0,Bob_Davis
638,EMP1638,35.0,Admin-Illinois,Active,7/20/2022,115079.97,frank.johnson@example.com,-5823133483,Excellent,1,Frank_Johnson
639,EMP1639,30.0,Finance-Illinois,Active,2/18/2023,55067.02,eva.garcia@example.com,-5871493924,Poor,1,Eva_Garcia
640,EMP1640,32.48454882571075,HR-Illinois,Pending,5/27/2021,98593.43,bob.miller@example.com,-2362292586,Average,1,Bob_Miller
641,EMP1641,30.0,HR-Florida,Pending,8/1/2022,112756.67,heidi.miller@example.com,-9643474523,Average,1,Heidi_Miller
642,EMP1642,25.0,HR-Texas,Inactive,7/21/2023,105205.92,heidi.garcia@example.com,-5557469659,Poor,0,Heidi_Garcia
643,EMP1643,35.0,Finance-California,Pending,1/2/2023,50680.62,david.smith@example.com,-6065274032,Average,1,David_Smith
644,EMP1644,35.0,Cloud Tech-Florida,Pending,3/13/2024,107475.23,david.garcia@example.com,-4450566587,Average,0,David_Garcia
645,EMP1645,40.0,HR-California,Active,3/20/2023,68835.3,charlie.jones@example.com,-3398741131,Good,1,Charlie_Jones
646,EMP1646,40.0,DevOps-New York,Active,2/15/2024,66943.96,david.jones@example.com,-5797067348,Poor,1,David_Jones
647,EMP1647,30.0,Admin-Illinois,Inactive,11/15/2020,104525.69,david.smith@example.com,-9601054856,Excellent,0,David_Smith
648,EMP1648,40.0,Sales-Texas,Pending,3/27/2020,109360.74,bob.garcia@example.com,-4172156228,Average,1,Bob_Garcia
649,EMP1649,40.0,Sales-California,Inactive,1/9/2021,118907.63,frank.jones@example.com,-4938173597,Poor,0,Frank_Jones
650,EMP1650,40.0,Admin-Illinois,Active,4/20/2020,86801.48,eva.davis@example.com,-4884021556,Good,0,Eva_Davis
651,EMP1651,32.48454882571075,HR-Florida,Pending,5/8/2024,62236.03,alice.garcia@example.com,-3257375533,Excellent,1,Alice_Garcia
652,EMP1652,35.0,DevOps-Texas,Active,10/12/2023,64752.67,heidi.davis@example.com,-4902166669,Poor,0,Heidi_Davis
653,EMP1653,35.0,Sales-California,Active,1/28/2023,68399.43,frank.jones@example.com,-8085096084,Excellent,0,Frank_Jones
654,EMP1654,35.0,Admin-Florida,Inactive,3/7/2021,79336.51,frank.miller@example.com,-8749511917,Excellent,0,Frank_Miller
655,EMP1655,40.0,HR-Florida,Active,3/16/2023,59179.74,frank.jones@example.com,-1828197930,Excellent,0,Frank_Jones
656,EMP1656,25.0,DevOps-California,Active,2/11/2023,80255.31,david.davis@example.com,-6477251294,Average,0,David_Davis
657,EMP1657,30.0,Finance-Texas,Active,5/13/2022,84971.85,charlie.williams@example.com,-7860694095,Average,0,Charlie_Williams
658,EMP1658,40.0,HR-California,Pending,10/24/2024,89748.42,frank.brown@example.com,-35624394,Good,0,Frank_Brown
659,EMP1659,25.0,Admin-California,Inactive,9/14/2024,94090.35,charlie.johnson@example.com,-8739592322,Good,0,Charlie_Johnson
660,EMP1660,35.0,HR-California,Pending,2/15/2023,115229.12,frank.garcia@example.com,-4210890284,Poor,1,Frank_Garcia
661,EMP1661,40.0,Cloud Tech-California,Pending,5/25/2023,63927.07,alice.williams@example.com,-1553334263,Good,1,Alice_Williams
662,EMP1662,35.0,HR-California,Pending,11/11/2022,84124.56,charlie.jones@example.com,-3350271606,Excellent,0,Charlie_Jones
663,EMP1663,40.0,Sales-California,Inactive,7/17/2023,116961.61,bob.miller@example.com,-3607763368,Excellent,1,Bob_Miller
664,EMP1664,40.0,DevOps-Illinois,Pending,4/8/2022,109423.05,frank.smith@example.com,-1128981230,Average,0,Frank_Smith
665,EMP1665,35.0,Admin-California,Inactive,8/30/2023,70394.94,charlie.jones@example.com,-7955633184,Excellent,0,Charlie_Jones
666,EMP1666,35.0,Finance-California,Pending,4/17/2023,86465.5,grace.miller@example.com,-7481700665,Poor,1,Grace_Miller
667,EMP1667,30.0,Cloud Tech-New York,Pending,4/25/2021,96341.58,charlie.brown@example.com,-1554164315,Excellent,0,Charlie_Brown
668,EMP1668,30.0,Admin-Florida,Active,7/14/2020,54465.47,bob.jones@example.com,-7045023289,Excellent,0,Bob_Jones
669,EMP1669,25.0,Finance-Illinois,Active,7/31/2020,68371.66,alice.davis@example.com,-2822700933,Poor,0,Alice_Davis
670,EMP1670,35.0,Admin-New York,Pending,8/4/2021,81021.23,grace.smith@example.com,-5962622821,Good,0,Grace_Smith
671,EMP1671,25.0,Cloud Tech-Nevada,Inactive,10/28/2024,114069.07,charlie.miller@example.com,-5120734653,Good,1,Charlie_Miller
672,EMP1672,32.48454882571075,HR-Illinois,Inactive,10/3/2020,117867.96,heidi.miller@example.com,-9500507025,Poor,0,Heidi_Miller
673,EMP1673,32.48454882571075,Sales-Florida,Pending,3/13/2024,94509.58,charlie.miller@example.com,-869822104,Average,0,Charlie_Miller
674,EMP1674,35.0,Finance-Illinois,Active,7/6/2024,56268.78,eva.brown@example.com,-3161177686,Excellent,0,Eva_Brown
675,EMP1675,35.0,Admin-California,Active,1/1/2020,86632.14,grace.jones@example.com,-2904774257,Poor,1,Grace_Jones
676,EMP1676,35.0,HR-Florida,Pending,1/18/2020,98143.9,charlie.brown@example.com,-5917793237,Excellent,0,Charlie_Brown
677,EMP1677,35.0,Cloud Tech-Florida,Inactive,5/7/2023,85155.05639558233,heidi.garcia@example.com,-2231164912,Average,1,Heidi_Garcia
678,EMP1678,30.0,Finance-Illinois,Inactive,3/19/2022,67492.73,frank.johnson@example.com,-3424579888,Excellent,1,Frank_Johnson
679,EMP1679,40.0,Admin-California,Active,5/14/2022,93772.61,grace.johnson@example.com,-4256529059,Poor,0,Grace_Johnson
680,EMP1680,35.0,DevOps-Nevada,Pending,7/14/2024,68817.54,eva.garcia@example.com,-3202032649,Excellent,0,Eva_Garcia
681,EMP1681,30.0,Admin-California,Active,7/28/2023,81874.01,bob.jones@example.com,-9775396736,Good,1,Bob_Jones
682,EMP1682,30.0,HR-Texas,Active,4/11/2020,117880.14,heidi.davis@example.com,-9487148551,Average,0,Heidi_Davis
683,EMP1683,35.0,HR-New York,Pending,6/16/2022,100897.49,bob.brown@example.com,-4578715840,Average,1,Bob_Brown
684,EMP1684,25.0,Finance-New York,Inactive,5/10/2022,71810.37,charlie.smith@example.com,-5608213710,Average,1,Charlie_Smith
685,EMP1685,40.0,DevOps-Texas,Inactive,6/13/2020,109048.24,frank.miller@example.com,-8425476817,Poor,0,Frank_Miller
686,EMP1686,35.0,Finance-Texas,Pending,8/20/2022,62712.26,alice.miller@example.com,-2683230357,Average,0,Alice_Miller
687,EMP1687,40.0,Cloud Tech-Texas,Pending,5/24/2021,76935.85,eva.jones@example.com,-9298808582,Good,1,Eva_Jones
688,EMP1688,25.0,Admin-Florida,Pending,4/27/2024,56577.22,david.davis@example.com,-8252129327,Poor,1,David_Davis
689,EMP1689,40.0,Finance-Nevada,Inactive,10/23/2021,61102.8,david.johnson@example.com,-9634064685,Good,1,David_Johnson
690,EMP1690,35.0,Finance-Nevada,Inactive,2/10/2021,75229.87,bob.johnson@example.com,-7752401483,Excellent,1,Bob_Johnson
691,EMP1691,25.0,Admin-Nevada,Inactive,10/26/2021,51054.74,david.miller@example.com,-3991062271,Excellent,0,David_Miller
692,EMP1692,40.0,Admin-Texas,Active,4/5/2023,104843.27,bob.jones@example.com,-3626693350,Excellent,0,Bob_Jones
693,EMP1693,35.0,Cloud Tech-New York,Active,10/20/2022,56398.11,charlie.brown@example.com,-3426192371,Excellent,0,Charlie_Brown
694,EMP1694,25.0,HR-Nevada,Active,12/7/2023,87544.73,alice.johnson@example.com,-4501848196,Good,0,Alice_Johnson
695,EMP1695,30.0,HR-Illinois,Pending,3/29/2024,74312.24,heidi.brown@example.com,-3741897214,Poor,0,Heidi_Brown
696,EMP1696,25.0,DevOps-Florida,Inactive,1/23/2024,59431.25,david.davis@example.com,-4064176926,Poor,1,David_Davis
697,EMP1697,40.0,Sales-California,Pending,11/28/2023,84306.44,heidi.johnson@example.com,-4381199536,Average,0,Heidi_Johnson
698,EMP1698,35.0,DevOps-Florida,Inactive,11/11/2024,108194.47,frank.johnson@example.com,-6601444855,Good,0,Frank_Johnson
699,EMP1699,25.0,Sales-New York,Inactive,8/28/2021,107359.3,charlie.williams@example.com,-4510173972,Excellent,0,Charlie_Williams
700,EMP1700,25.0,DevOps-Illinois,Inactive,2/11/2024,85155.05639558233,heidi.johnson@example.com,-9641789968,Good,0,Heidi_Johnson
701,EMP1701,32.48454882571075,Admin-California,Pending,5/9/2020,96080.26,frank.garcia@example.com,-8609191910,Average,0,Frank_Garcia
702,EMP1702,30.0,Sales-Nevada,Inactive,4/17/2024,88602.75,grace.smith@example.com,-3599660576,Average,1,Grace_Smith
703,EMP1703,40.0,DevOps-California,Active,7/16/2020,86624.04,frank.garcia@example.com,-9806603919,Good,1,Frank_Garcia
704,EMP1704,30.0,Cloud Tech-New York,Active,9/21/2022,63413.16,charlie.jones@example.com,-5146074554,Good,1,Charlie_Jones
705,EMP1705,40.0,Sales-Illinois,Pending,4/23/2023,67915.7,grace.jones@example.com,-3470574237,Good,0,Grace_Jones
706,EMP1706,25.0,Admin-Nevada,Inactive,12/27/2024,108245.44,bob.brown@example.com,-8565271558,Poor,1,Bob_Brown
707,EMP1707,35.0,Sales-Nevada,Inactive,8/10/2024,75834.81,alice.garcia@example.com,-8354116596,Excellent,1,Alice_Garcia
708,EMP1708,32.48454882571075,Cloud Tech-Nevada,Active,9/4/2024,71273.32,eva.garcia@example.com,-2634755751,Good,0,Eva_Garcia
709,EMP1709,25.0,DevOps-New York,Pending,2/28/2022,63262.23,bob.garcia@example.com,-2501394883,Good,0,Bob_Garcia
710,EMP1710,32.48454882571075,DevOps-New York,Pending,3/14/2024,89069.91,david.davis@example.com,-8826913118,Good,0,David_Davis
711,EMP1711,40.0,DevOps-Nevada,Inactive,12/13/2024,57287.17,frank.johnson@example.com,-6425856260,Average,1,Frank_Johnson
712,EMP1712,32.48454882571075,HR-Nevada,Active,12/29/2022,119890.35,grace.smith@example.com,-4991537037,Average,1,Grace_Smith
713,EMP1713,35.0,Sales-California,Inactive,4/24/2022,103492.91,frank.brown@example.com,-2407333372,Poor,0,Frank_Brown
714,EMP1714,32.48454882571075,Admin-Illinois,Pending,3/14/2021,76254.42,frank.garcia@example.com,-2043097767,Excellent,0,Frank_Garcia
715,EMP1715,35.0,Finance-Florida,Inactive,1/1/2020,100841.93,eva.garcia@example.com,-8936289695,Poor,1,Eva_Garcia
716,EMP1716,32.48454882571075,Admin-California,Active,9/7/2021,118907.61,alice.williams@example.com,-4546553584,Excellent,1,Alice_Williams
717,EMP1717,25.0,DevOps-California,Pending,11/13/2022,88942.62,frank.brown@example.com,-1253892186,Average,0,Frank_Brown
718,EMP1718,25.0,Cloud Tech-Florida,Inactive,11/15/2020,59688.57,charlie.garcia@example.com,-8519358373,Average,0,Charlie_Garcia
719,EMP1719,30.0,HR-California,Active,3/14/2023,77985.88,david.brown@example.com,-9079779611,Average,1,David_Brown
720,EMP1720,35.0,Finance-New York,Inactive,8/18/2024,112931.69,bob.johnson@example.com,-878057214,Poor,0,Bob_Johnson
721,EMP1721,32.48454882571075,DevOps-California,Active,2/5/2024,106583.88,bob.williams@example.com,-1494097625,Good,1,Bob_Williams
722,EMP1722,35.0,HR-Florida,Inactive,11/12/2024,58437.84,alice.brown@example.com,-3748453985,Good,1,Alice_Brown
723,EMP1723,40.0,Cloud Tech-California,Pending,3/25/2020,72352.16,alice.smith@example.com,-2895090590,Average,1,Alice_Smith
724,EMP1724,32.48454882571075,DevOps-New York,Active,4/13/2020,97154.47,frank.smith@example.com,-1918623391,Good,1,Frank_Smith
725,EMP1725,32.48454882571075,Sales-Illinois,Active,3/30/2021,80235.5,heidi.jones@example.com,-2071511695,Good,0,Heidi_Jones
726,EMP1726,30.0,HR-Texas,Inactive,3/16/2023,102172.05,charlie.williams@example.com,-6672521451,Poor,0,Charlie_Williams
727,EMP1727,25.0,Finance-Illinois,Inactive,5/3/2024,98850.94,eva.williams@example.com,-6471246334,Excellent,1,Eva_Williams
728,EMP1728,32.48454882571075,Admin-Florida,Inactive,8/28/2023,89993.15,heidi.jones@example.com,-1571840907,Average,1,Heidi_Jones
729,EMP1729,30.0,Cloud Tech-California,Inactive,10/24/2021,97931.66,david.brown@example.com,-512080055,Average,1,David_Brown
730,EMP1730,40.0,Finance-California,Inactive,1/25/2021,72451.69,bob.williams@example.com,-4099512396,Poor,1,Bob_Williams
731,EMP1731,35.0,Admin-California,Pending,8/9/2024,119311.14,alice.smith@example.com,-2835129591,Poor,1,Alice_Smith
732,EMP1732,40.0,Cloud Tech-New York,Active,11/4/2023,76167.46,charlie.smith@example.com,-7282709080,Good,0,Charlie_Smith
733,EMP1733,25.0,DevOps-Texas,Active,6/25/2023,114871.08,bob.garcia@example.com,-4415298216,Average,0,Bob_Garcia
734,EMP1734,25.0,HR-Nevada,Active,9/16/2021,81504.31,eva.johnson@example.com,-3929578670,Excellent,0,Eva_Johnson
735,EMP1735,32.48454882571075,Admin-New York,Pending,12/7/2022,102524.86,david.williams@example.com,-8153523735,Poor,0,David_Williams
736,EMP1736,25.0,Finance-Illinois,Pending,12/14/2022,53043.74,charlie.brown@example.com,-507918157,Excellent,1,Charlie_Brown
737,EMP1737,30.0,DevOps-Illinois,Inactive,4/18/2020,82547.26,eva.jones@example.com,-9988683451,Excellent,1,Eva_Jones
738,EMP1738,40.0,DevOps-California,Pending,10/11/2024,113900.81,bob.jones@example.com,-7346666169,Average,1,Bob_Jones
739,EMP1739,25.0,HR-Nevada,Inactive,4/18/2021,118585.5,bob.brown@example.com,-7158796473,Average,1,Bob_Brown
740,EMP1740,35.0,Finance-Illinois,Pending,6/29/2020,63049.22,bob.davis@example.com,-803149981,Poor,1,Bob_Davis
741,EMP1741,32.48454882571075,DevOps-Texas,Active,5/21/2021,114558.91,heidi.miller@example.com,-5080046357,Average,0,Heidi_Miller
742,EMP1742,40.0,DevOps-New York,Active,12/11/2021,97901.79,heidi.johnson@example.com,-688285030,Average,1,Heidi_Johnson
743,EMP1743,30.0,Sales-California,Active,7/5/2023,68037.56,eva.jones@example.com,-7235137398,Average,0,Eva_Jones
744,EMP1744,32.48454882571075,HR-New York,Active,11/30/2021,112802.27,alice.williams@example.com,-63140351,Excellent,0,Alice_Williams
745,EMP1745,40.0,Sales-Nevada,Pending,11/22/2024,93786.72,bob.johnson@example.com,-6356022938,Poor,0,Bob_Johnson
746,EMP1746,32.48454882571075,Admin-Florida,Inactive,5/24/2023,73049.93,david.williams@example.com,-4694346065,Good,0,David_Williams
747,EMP1747,30.0,Sales-Illinois,Pending,6/26/2024,64161.72,david.davis@example.com,-6437490606,Excellent,1,David_Davis
748,EMP1748,40.0,Admin-Nevada,Pending,11/19/2020,72224.73,charlie.smith@example.com,-2311127127,Average,0,Charlie_Smith
749,EMP1749,30.0,HR-New York,Pending,3/1/2020,103580.45,bob.johnson@example.com,-5246484493,Excellent,0,Bob_Johnson
750,EMP1750,40.0,HR-Florida,Pending,8/9/2024,112589.11,grace.garcia@example.com,-1163187327,Average,0,Grace_Garcia
751,EMP1751,30.0,Admin-Texas,Active,1/13/2021,51833.88,eva.jones@example.com,-771130620,Average,1,Eva_Jones
752,EMP1752,32.48454882571075,Sales-Illinois,Active,5/6/2023,66252.78,eva.johnson@example.com,-1369572789,Excellent,1,Eva_Johnson
753,EMP1753,25.0,DevOps-Florida,Active,10/25/2022,109229.68,frank.johnson@example.com,-8335090253,Poor,1,Frank_Johnson
754,EMP1754,30.0,Finance-Florida,Inactive,10/8/2020,61465.05,frank.johnson@example.com,-2573066247,Average,0,Frank_Johnson
755,EMP1755,25.0,HR-Florida,Active,2/29/2024,96993.74,grace.miller@example.com,-1323570712,Poor,0,Grace_Miller
756,EMP1756,25.0,Admin-Florida,Pending,9/30/2022,98150.39,david.johnson@example.com,-9848228500,Good,1,David_Johnson
757,EMP1757,40.0,Finance-Texas,Pending,2/14/2024,107703.0,david.williams@example.com,-1688092549,Average,0,David_Williams
758,EMP1758,32.48454882571075,DevOps-Illinois,Pending,1/3/2023,86766.14,grace.smith@example.com,-2130609068,Poor,1,Grace_Smith
759,EMP1759,32.48454882571075,Cloud Tech-Florida,Inactive,8/20/2024,111443.69,alice.davis@example.com,-1309810795,Poor,1,Alice_Davis
760,EMP1760,32.48454882571075,Sales-Florida,Pending,3/21/2020,89039.07,david.brown@example.com,-4967379456,Good,0,David_Brown
761,EMP1761,30.0,HR-Florida,Inactive,12/16/2024,71318.79,alice.johnson@example.com,-7278532425,Poor,0,Alice_Johnson
762,EMP1762,30.0,Finance-California,Pending,4/21/2020,98296.71,heidi.jones@example.com,-4250642075,Poor,0,Heidi_Jones
763,EMP1763,40.0,Cloud Tech-Nevada,Pending,8/19/2020,62584.0,heidi.johnson@example.com,-8362536666,Good,0,Heidi_Johnson
764,EMP1764,40.0,Finance-California,Inactive,2/21/2020,62521.5,charlie.jones@example.com,-7767555627,Average,1,Charlie_Jones
765,EMP1765,40.0,Cloud Tech-California,Inactive,11/17/2023,95400.35,david.williams@example.com,-3333939577,Poor,1,David_Williams
766,EMP1766,25.0,Cloud Tech-Texas,Pending,7/9/2022,94385.07,charlie.jones@example.com,-6543627186,Poor,1,Charlie_Jones
767,EMP1767,32.48454882571075,Sales-New York,Inactive,2/1/2023,76642.49,grace.garcia@example.com,-4960335825,Poor,1,Grace_Garcia
768,EMP1768,32.48454882571075,DevOps-New York,Active,11/14/2024,60122.52,frank.brown@example.com,-8627036923,Excellent,1,Frank_Brown
769,EMP1769,40.0,HR-California,Pending,4/23/2024,117267.63,alice.smith@example.com,-9269326572,Good,0,Alice_Smith
770,EMP1770,25.0,Admin-New York,Active,6/29/2023,85155.05639558233,charlie.jones@example.com,-2759980110,Excellent,1,Charlie_Jones
771,EMP1771,40.0,Sales-Texas,Pending,12/12/2024,84542.68,heidi.jones@example.com,-5155322,Good,1,Heidi_Jones
772,EMP1772,40.0,Finance-Florida,Active,5/16/2023,92007.15,heidi.smith@example.com,-4159597751,Average,1,Heidi_Smith
773,EMP1773,32.48454882571075,DevOps-Illinois,Active,4/10/2020,62938.8,eva.brown@example.com,-4418222617,Average,0,Eva_Brown
774,EMP1774,25.0,Admin-Texas,Pending,3/29/2023,108661.01,frank.johnson@example.com,-9628874311,Poor,0,Frank_Johnson
775,EMP1775,25.0,Cloud Tech-Florida,Active,11/26/2020,97046.33,bob.jones@example.com,-7102676719,Good,0,Bob_Jones
776,EMP1776,40.0,DevOps-Illinois,Inactive,3/14/2020,56518.84,charlie.smith@example.com,-9579927078,Average,0,Charlie_Smith
777,EMP1777,40.0,Cloud Tech-Florida,Pending,5/12/2020,70498.29,frank.garcia@example.com,-5515122945,Good,1,Frank_Garcia
778,EMP1778,35.0,Sales-Florida,Pending,3/5/2021,98708.06,eva.garcia@example.com,-2135415969,Average,1,Eva_Garcia
779,EMP1779,32.48454882571075,DevOps-Nevada,Pending,6/28/2020,83856.41,bob.williams@example.com,-9962543847,Excellent,0,Bob_Williams
780,EMP1780,40.0,Sales-California,Inactive,12/12/2022,90259.99,eva.smith@example.com,-752034475,Average,0,Eva_Smith
781,EMP1781,32.48454882571075,Sales-Florida,Pending,2/2/2024,94230.03,charlie.williams@example.com,-5047158028,Excellent,1,Charlie_Williams
782,EMP1782,32.48454882571075,Admin-Nevada,Inactive,1/31/2021,50110.66,charlie.garcia@example.com,-904637659,Average,1,Charlie_Garcia
783,EMP1783,30.0,Sales-Florida,Inactive,4/3/2020,73365.46,bob.brown@example.com,-4655866524,Poor,0,Bob_Brown
784,EMP1784,25.0,DevOps-New York,Pending,7/30/2021,67809.23,david.johnson@example.com,-4837441714,Excellent,0,David_Johnson
785,EMP1785,32.48454882571075,Sales-California,Active,8/21/2020,98008.51,eva.smith@example.com,-8102131250,Average,0,Eva_Smith
786,EMP1786,30.0,Admin-California,Inactive,10/9/2023,83537.58,alice.davis@example.com,-2931100590,Poor,0,Alice_Davis
787,EMP1787,30.0,Finance-New York,Pending,8/1/2022,112444.08,alice.garcia@example.com,-2975191022,Excellent,1,Alice_Garcia
788,EMP1788,40.0,Finance-Nevada,Active,9/6/2024,86475.13,frank.garcia@example.com,-1211063300,Poor,1,Frank_Garcia
789,EMP1789,32.48454882571075,Sales-Texas,Active,3/28/2023,97984.53,frank.davis@example.com,-6583737926,Good,1,Frank_Davis
790,EMP1790,25.0,Admin-California,Active,11/25/2021,118853.31,frank.miller@example.com,-4907280122,Good,0,Frank_Miller
791,EMP1791,32.48454882571075,Sales-Florida,Active,5/3/2023,58179.12,charlie.garcia@example.com,-4289311324,Excellent,0,Charlie_Garcia
792,EMP1792,35.0,DevOps-Texas,Inactive,4/27/2022,56075.84,eva.jones@example.com,-3269496842,Average,1,Eva_Jones
793,EMP1793,40.0,HR-New York,Pending,9/11/2021,62250.89,frank.brown@example.com,-6453804420,Excellent,1,Frank_Brown
794,EMP1794,30.0,Cloud Tech-Florida,Pending,2/21/2020,105931.77,alice.smith@example.com,-175096169,Poor,1,Alice_Smith
795,EMP1795,30.0,HR-Florida,Pending,11/24/2024,86653.96,charlie.davis@example.com,-1595919456,Average,1,Charlie_Davis
796,EMP1796,25.0,Sales-Nevada,Active,2/24/2021,100719.94,charlie.jones@example.com,-5757475832,Good,0,Charlie_Jones
797,EMP1797,25.0,HR-Texas,Pending,10/2/2024,91600.13,bob.davis@example.com,-9205677566,Average,1,Bob_Davis
798,EMP1798,25.0,Cloud Tech-Illinois,Pending,3/6/2024,71873.66,heidi.smith@example.com,-7722660255,Good,1,Heidi_Smith
799,EMP1799,30.0,HR-New York,Active,8/9/2021,69365.47,eva.williams@example.com,-2650622922,Average,1,Eva_Williams
800,EMP1800,25.0,HR-New York,Active,7/14/2021,58012.23,heidi.smith@example.com,-1067245306,Average,1,Heidi_Smith
801,EMP1801,30.0,Sales-California,Pending,10/14/2021,68973.65,bob.miller@example.com,-6248433796,Average,1,Bob_Miller
802,EMP1802,32.48454882571075,Admin-New York,Active,9/29/2021,92928.4,eva.smith@example.com,-6627051156,Poor,1,Eva_Smith
803,EMP1803,25.0,Admin-Texas,Inactive,10/15/2023,53531.92,heidi.smith@example.com,-9423873669,Poor,1,Heidi_Smith
804,EMP1804,40.0,Finance-New York,Pending,5/5/2023,112389.31,bob.miller@example.com,-4254969191,Excellent,0,Bob_Miller
805,EMP1805,32.48454882571075,HR-California,Inactive,8/1/2024,63870.3,heidi.brown@example.com,-8455259709,Excellent,0,Heidi_Brown
806,EMP1806,40.0,Sales-New York,Active,7/22/2024,106164.53,bob.garcia@example.com,-7563353573,Good,0,Bob_Garcia
807,EMP1807,40.0,HR-Nevada,Pending,12/25/2023,103654.54,bob.smith@example.com,-8595325938,Poor,0,Bob_Smith
808,EMP1808,30.0,Sales-California,Inactive,3/13/2022,62834.72,david.miller@example.com,-9337970580,Good,1,David_Miller
809,EMP1809,35.0,Finance-Florida,Active,5/13/2020,83273.41,frank.jones@example.com,-6295187793,Excellent,0,Frank_Jones
810,EMP1810,30.0,HR-California,Pending,3/22/2023,58917.58,heidi.williams@example.com,-1763425072,Good,0,Heidi_Williams
811,EMP1811,35.0,Sales-Nevada,Active,6/10/2024,71148.27,bob.williams@example.com,-3055978244,Excellent,1,Bob_Williams
812,EMP1812,30.0,Sales-New York,Pending,11/21/2020,118172.42,grace.smith@example.com,-7598339913,Poor,1,Grace_Smith
813,EMP1813,30.0,DevOps-Illinois,Inactive,5/25/2024,118614.37,frank.brown@example.com,-388436603,Average,0,Frank_Brown
814,EMP1814,32.48454882571075,DevOps-New York,Active,9/19/2023,96872.36,frank.brown@example.com,-4324006156,Poor,0,Frank_Brown
815,EMP1815,25.0,Sales-Illinois,Inactive,10/28/2021,88856.14,heidi.jones@example.com,-2768297513,Good,1,Heidi_Jones
816,EMP1816,35.0,Finance-Texas,Pending,8/10/2020,97985.61,charlie.smith@example.com,-7439742924,Good,0,Charlie_Smith
817,EMP1817,35.0,Finance-Nevada,Pending,5/5/2020,56337.31,grace.williams@example.com,-105875255,Poor,1,Grace_Williams
818,EMP1818,30.0,DevOps-New York,Inactive,12/24/2022,70405.23,alice.brown@example.com,-8065625903,Poor,1,Alice_Brown
819,EMP1819,30.0,Admin-Nevada,Inactive,9/5/2021,89919.35,heidi.smith@example.com,-5990802710,Excellent,1,Heidi_Smith
820,EMP1820,40.0,DevOps-California,Active,4/8/2023,50568.35,eva.davis@example.com,-2218231554,Good,1,Eva_Davis
821,EMP1821,30.0,HR-Texas,Inactive,1/29/2023,85155.05639558233,grace.brown@example.com,-1651768085,Good,0,Grace_Brown
822,EMP1822,25.0,HR-Texas,Active,6/3/2022,99155.53,frank.miller@example.com,-6281372142,Poor,1,Frank_Miller
823,EMP1823,40.0,Finance-Florida,Inactive,1/21/2023,64785.13,frank.davis@example.com,-3080037002,Average,1,Frank_Davis
824,EMP1824,30.0,Sales-Florida,Inactive,9/16/2024,79206.48,charlie.garcia@example.com,-3228556607,Good,0,Charlie_Garcia
825,EMP1825,30.0,Cloud Tech-Texas,Pending,2/2/2020,60079.71,charlie.brown@example.com,-4706810389,Average,1,Charlie_Brown
826,EMP1826,30.0,Cloud Tech-New York,Pending,7/8/2024,79109.88,grace.williams@example.com,-3397051957,Poor,0,Grace_Williams
827,EMP1827,32.48454882571075,Admin-Florida,Pending,5/18/2022,88643.5,grace.johnson@example.com,-2632809447,Poor,0,Grace_Johnson
828,EMP1828,30.0,Admin-Florida,Pending,1/16/2020,90455.7,frank.davis@example.com,-5862394534,Excellent,0,Frank_Davis
829,EMP1829,32.48454882571075,HR-Florida,Pending,3/26/2023,75687.9,david.garcia@example.com,-4614707985,Good,1,David_Garcia
830,EMP1830,35.0,Cloud Tech-Illinois,Inactive,11/15/2023,55604.42,heidi.jones@example.com,-3210613393,Average,0,Heidi_Jones
831,EMP1831,40.0,Sales-Texas,Pending,12/27/2024,92704.94,eva.jones@example.com,-3945703942,Excellent,0,Eva_Jones
832,EMP1832,32.48454882571075,Sales-California,Pending,4/18/2020,113250.97,bob.williams@example.com,-8040325375,Good,1,Bob_Williams
833,EMP1833,40.0,Finance-Illinois,Inactive,3/21/2023,101367.02,alice.brown@example.com,-5769277893,Excellent,0,Alice_Brown
834,EMP1834,35.0,Admin-Texas,Pending,5/8/2023,102459.77,eva.smith@example.com,-3191009003,Poor,0,Eva_Smith
835,EMP1835,25.0,DevOps-Florida,Pending,12/12/2020,90100.2,eva.brown@example.com,-476921052,Good,0,Eva_Brown
836,EMP1836,32.48454882571075,Cloud Tech-California,Inactive,6/17/2020,58877.49,eva.williams@example.com,-3651460400,Excellent,0,Eva_Williams
837,EMP1837,35.0,Admin-Illinois,Inactive,7/17/2021,85155.05639558233,eva.jones@example.com,-4247310719,Excellent,0,Eva_Jones
838,EMP1838,32.48454882571075,Admin-Illinois,Pending,11/5/2020,96140.89,bob.brown@example.com,-1137984408,Average,1,Bob_Brown
839,EMP1839,35.0,DevOps-New York,Inactive,1/5/2021,105956.04,charlie.jones@example.com,-7123166006,Excellent,0,Charlie_Jones
840,EMP1840,25.0,Admin-Illinois,Active,9/11/2024,84716.38,frank.davis@example.com,-6762090143,Good,0,Frank_Davis
841,EMP1841,30.0,DevOps-Florida,Pending,7/29/2023,61709.83,grace.garcia@example.com,-7340433699,Good,1,Grace_Garcia
842,EMP1842,25.0,DevOps-California,Active,4/17/2020,61732.03,frank.smith@example.com,-9687304518,Average,1,Frank_Smith
843,EMP1843,40.0,DevOps-Illinois,Active,2/16/2022,97845.7,eva.davis@example.com,-5778255881,Good,1,Eva_Davis
844,EMP1844,30.0,Sales-Florida,Active,8/14/2021,114905.58,eva.jones@example.com,-5562965753,Poor,0,Eva_Jones
845,EMP1845,32.48454882571075,DevOps-Texas,Active,12/24/2022,94619.69,frank.jones@example.com,-2786561941,Good,1,Frank_Jones
846,EMP1846,32.48454882571075,DevOps-California,Inactive,7/7/2021,68696.15,grace.johnson@example.com,-5577820581,Good,0,Grace_Johnson
847,EMP1847,40.0,DevOps-Nevada,Active,2/12/2024,97032.29,grace.johnson@example.com,-9582923615,Excellent,0,Grace_Johnson
848,EMP1848,30.0,HR-Illinois,Active,10/9/2023,50593.33,frank.davis@example.com,-1880819047,Excellent,1,Frank_Davis
849,EMP1849,25.0,Sales-Texas,Pending,7/2/2022,74606.15,grace.miller@example.com,-2357155867,Good,1,Grace_Miller
850,EMP1850,30.0,Cloud Tech-Texas,Pending,7/7/2020,53981.73,eva.davis@example.com,-6395613722,Average,0,Eva_Davis
851,EMP1851,32.48454882571075,DevOps-Texas,Pending,9/2/2020,56047.05,david.johnson@example.com,-817214363,Excellent,1,David_Johnson
852,EMP1852,32.48454882571075,Admin-Texas,Pending,1/12/2021,67733.5,grace.jones@example.com,-3813000412,Average,0,Grace_Jones
853,EMP1853,40.0,HR-Florida,Pending,9/29/2023,103891.64,bob.williams@example.com,-2114716559,Good,1,Bob_Williams
854,EMP1854,25.0,HR-Texas,Inactive,3/6/2022,73285.83,charlie.davis@example.com,-9456534698,Good,1,Charlie_Davis
855,EMP1855,30.0,Finance-Texas,Inactive,2/14/2021,92721.13,eva.jones@example.com,-7990707549,Poor,1,Eva_Jones
856,EMP1856,25.0,Admin-Illinois,Inactive,3/23/2021,92977.64,heidi.williams@example.com,-4768169956,Excellent,0,Heidi_Williams
857,EMP1857,35.0,Cloud Tech-Texas,Active,5/24/2020,89994.12,heidi.williams@example.com,-607174810,Good,1,Heidi_Williams
858,EMP1858,25.0,Finance-New York,Pending,8/4/2023,50060.73,heidi.johnson@example.com,-3176539704,Poor,0,Heidi_Johnson
859,EMP1859,35.0,Admin-Nevada,Inactive,3/12/2022,90224.82,grace.davis@example.com,-4873961028,Excellent,0,Grace_Davis
860,EMP1860,40.0,Finance-Florida,Pending,5/18/2024,106859.3,heidi.brown@example.com,-871827495,Good,0,Heidi_Brown
861,EMP1861,25.0,Finance-Nevada,Inactive,9/5/2020,89707.07,david.smith@example.com,-8049187273,Good,0,David_Smith
862,EMP1862,35.0,DevOps-California,Inactive,4/23/2020,94259.08,frank.johnson@example.com,-2049561212,Excellent,1,Frank_Johnson
863,EMP1863,35.0,Sales-California,Active,9/18/2024,82174.75,bob.johnson@example.com,-7730626041,Excellent,0,Bob_Johnson
864,EMP1864,30.0,Sales-Texas,Inactive,9/15/2023,63370.22,david.brown@example.com,-3597371121,Excellent,0,David_Brown
865,EMP1865,35.0,Finance-Texas,Pending,6/15/2022,101472.69,bob.smith@example.com,-2990775607,Good,1,Bob_Smith
866,EMP1866,25.0,DevOps-Illinois,Active,9/28/2022,77213.73,david.jones@example.com,-5816704685,Good,0,David_Jones
867,EMP1867,40.0,Sales-Florida,Active,3/16/2020,73749.96,eva.miller@example.com,-1114576831,Poor,1,Eva_Miller
868,EMP1868,40.0,Cloud Tech-New York,Pending,9/28/2023,86618.37,alice.davis@example.com,-1021923784,Average,0,Alice_Davis
869,EMP1869,32.48454882571075,Admin-Texas,Active,2/15/2024,59911.33,charlie.miller@example.com,-8471296179,Excellent,1,Charlie_Miller
870,EMP1870,32.48454882571075,Cloud Tech-New York,Pending,8/21/2023,59137.64,heidi.jones@example.com,-3324260507,Good,0,Heidi_Jones
871,EMP1871,35.0,Cloud Tech-Florida,Pending,12/15/2020,108474.65,alice.garcia@example.com,-184980424,Good,1,Alice_Garcia
872,EMP1872,25.0,Finance-Illinois,Pending,3/27/2021,54417.71,bob.johnson@example.com,-3733777311,Excellent,0,Bob_Johnson
873,EMP1873,40.0,HR-Texas,Pending,3/25/2023,88211.94,frank.smith@example.com,-6881228216,Average,0,Frank_Smith
874,EMP1874,25.0,Sales-New York,Inactive,5/9/2020,58452.18,david.johnson@example.com,-8192365345,Excellent,1,David_Johnson
875,EMP1875,30.0,DevOps-California,Pending,12/3/2020,80706.28,grace.williams@example.com,-605603566,Average,1,Grace_Williams
876,EMP1876,30.0,Cloud Tech-Nevada,Pending,2/9/2022,85155.05639558233,alice.johnson@example.com,-9327986238,Good,1,Alice_Johnson
877,EMP1877,25.0,Cloud Tech-Texas,Active,7/1/2020,99471.89,heidi.johnson@example.com,-8471690617,Average,1,Heidi_Johnson
878,EMP1878,40.0,DevOps-Florida,Pending,9/16/2020,64431.22,eva.jones@example.com,-1205464753,Poor,0,Eva_Jones
879,EMP1879,40.0,Admin-New York,Pending,11/17/2023,52633.48,heidi.jones@example.com,-8954787697,Good,0,Heidi_Jones
880,EMP1880,32.48454882571075,Cloud Tech-Nevada,Inactive,12/13/2021,79315.01,heidi.jones@example.com,-9992751757,Poor,1,Heidi_Jones
881,EMP1881,25.0,Sales-Texas,Pending,1/11/2022,110391.17,david.miller@example.com,-8914444982,Excellent,0,David_Miller
882,EMP1882,40.0,DevOps-Nevada,Active,7/20/2021,53714.83,david.williams@example.com,-5539354357,Excellent,1,David_Williams
883,EMP1883,40.0,Finance-New York,Active,10/4/2023,114587.11,charlie.garcia@example.com,-6449639242,Excellent,1,Charlie_Garcia
884,EMP1884,35.0,Admin-Florida,Inactive,11/15/2021,93177.35,frank.garcia@example.com,-5885379820,Average,0,Frank_Garcia
885,EMP1885,25.0,Cloud Tech-Nevada,Active,1/5/2023,62312.13,heidi.jones@example.com,-4339527535,Good,0,Heidi_Jones
886,EMP1886,32.48454882571075,Cloud Tech-Texas,Active,1/17/2024,81137.46,heidi.smith@example.com,-7497852490,Excellent,0,Heidi_Smith
887,EMP1887,30.0,DevOps-Nevada,Inactive,4/16/2021,104528.27,grace.miller@example.com,-4168601346,Excellent,0,Grace_Miller
888,EMP1888,30.0,DevOps-Florida,Active,2/8/2022,112395.56,bob.brown@example.com,-7894896339,Good,0,Bob_Brown
889,EMP1889,25.0,Finance-New York,Active,6/2/2023,81849.36,heidi.smith@example.com,-6791766511,Excellent,0,Heidi_Smith
890,EMP1890,40.0,DevOps-New York,Pending,1/4/2022,118288.91,charlie.davis@example.com,-2150014187,Poor,0,Charlie_Davis
891,EMP1891,25.0,DevOps-Illinois,Active,7/28/2021,59555.1,charlie.davis@example.com,-4216309000,Good,1,Charlie_Davis
892,EMP1892,40.0,Admin-California,Active,12/20/2024,70661.31,heidi.smith@example.com,-5944633398,Good,1,Heidi_Smith
893,EMP1893,32.48454882571075,Sales-New York,Active,4/23/2022,109988.16,charlie.jones@example.com,-9485320894,Good,1,Charlie_Jones
894,EMP1894,32.48454882571075,Finance-Florida,Inactive,1/30/2020,101101.24,david.brown@example.com,-3263890218,Poor,1,David_Brown
895,EMP1895,30.0,HR-Florida,Pending,3/31/2021,112427.58,david.brown@example.com,-9471136336,Good,1,David_Brown
896,EMP1896,32.48454882571075,Cloud Tech-Florida,Active,3/23/2020,119389.15,charlie.miller@example.com,-9223410345,Poor,0,Charlie_Miller
897,EMP1897,40.0,Sales-Florida,Inactive,7/16/2024,105861.23,alice.brown@example.com,-9967331166,Good,1,Alice_Brown
898,EMP1898,40.0,Admin-Texas,Pending,3/22/2024,50869.61,heidi.davis@example.com,-7269608436,Average,1,Heidi_Davis
899,EMP1899,30.0,HR-California,Active,8/19/2023,85155.05639558233,david.williams@example.com,-6855078966,Excellent,1,David_Williams
900,EMP1900,30.0,DevOps-Florida,Pending,3/10/2024,90856.21,eva.jones@example.com,-9352196262,Average,1,Eva_Jones
901,EMP1901,30.0,DevOps-Florida,Active,6/5/2024,111008.63,heidi.brown@example.com,-3556434368,Excellent,1,Heidi_Brown
902,EMP1902,25.0,Finance-Nevada,Inactive,12/23/2022,52289.99,alice.miller@example.com,-7093170694,Poor,1,Alice_Miller
903,EMP1903,32.48454882571075,Sales-Illinois,Active,6/1/2024,97926.56,eva.davis@example.com,-5607676163,Average,1,Eva_Davis
904,EMP1904,25.0,Sales-Nevada,Inactive,12/23/2024,53609.38,frank.williams@example.com,-5345472238,Good,0,Frank_Williams
905,EMP1905,32.48454882571075,Cloud Tech-California,Inactive,12/24/2020,95372.09,heidi.johnson@example.com,-8983065030,Excellent,0,Heidi_Johnson
906,EMP1906,30.0,HR-New York,Pending,8/20/2020,95432.69,david.johnson@example.com,-2198041846,Excellent,1,David_Johnson
907,EMP1907,30.0,HR-California,Inactive,10/28/2022,97615.87,david.williams@example.com,-2426423641,Average,0,David_Williams
908,EMP1908,35.0,HR-Florida,Inactive,10/23/2022,86867.78,bob.davis@example.com,-8131909247,Poor,0,Bob_Davis
909,EMP1909,40.0,Sales-California,Pending,11/20/2023,106615.71,eva.miller@example.com,-7623039110,Average,0,Eva_Miller
910,EMP1910,30.0,Finance-Texas,Active,3/11/2022,112856.21,bob.williams@example.com,-4281785227,Poor,0,Bob_Williams
911,EMP1911,25.0,Admin-California,Active,11/28/2023,60356.78,bob.jones@example.com,-2305248087,Poor,1,Bob_Jones
912,EMP1912,32.48454882571075,DevOps-Texas,Inactive,5/3/2022,117870.22,david.jones@example.com,-622072238,Excellent,0,David_Jones
913,EMP1913,40.0,HR-Florida,Inactive,2/19/2024,95127.91,charlie.johnson@example.com,-5947372131,Average,0,Charlie_Johnson
914,EMP1914,25.0,Admin-Illinois,Pending,11/18/2021,78818.42,bob.brown@example.com,-9016204786,Average,0,Bob_Brown
915,EMP1915,40.0,Sales-Nevada,Pending,12/21/2022,108933.55,frank.miller@example.com,-6886878598,Poor,1,Frank_Miller
916,EMP1916,32.48454882571075,Admin-California,Active,6/4/2024,68200.52,eva.johnson@example.com,-6486287202,Average,1,Eva_Johnson
917,EMP1917,25.0,Admin-California,Inactive,7/22/2022,116934.97,eva.brown@example.com,-1954196663,Good,1,Eva_Brown
918,EMP1918,32.48454882571075,HR-New York,Active,9/14/2024,99567.78,charlie.brown@example.com,-5057303626,Good,1,Charlie_Brown
919,EMP1919,30.0,Admin-Texas,Active,10/10/2021,90216.76,charlie.garcia@example.com,-9246320373,Average,1,Charlie_Garcia
920,EMP1920,30.0,Admin-Illinois,Pending,3/12/2020,96588.73,frank.jones@example.com,-7677537259,Average,1,Frank_Jones
921,EMP1921,35.0,Finance-Illinois,Active,12/28/2022,71109.18,charlie.davis@example.com,-3214505765,Poor,1,Charlie_Davis
922,EMP1922,40.0,Admin-Florida,Inactive,11/15/2020,50300.6,grace.smith@example.com,-1945887070,Good,0,Grace_Smith
923,EMP1923,35.0,Finance-California,Pending,9/27/2023,60295.84,frank.davis@example.com,-5534820127,Good,0,Frank_Davis
924,EMP1924,35.0,DevOps-Texas,Pending,9/7/2022,113012.21,heidi.smith@example.com,-4008385075,Excellent,0,Heidi_Smith
925,EMP1925,35.0,Cloud Tech-Florida,Pending,9/18/2024,65425.54,bob.williams@example.com,-5975954507,Poor,1,Bob_Williams
926,EMP1926,25.0,Sales-Nevada,Active,4/9/2023,86850.37,frank.jones@example.com,-9177680897,Excellent,1,Frank_Jones
927,EMP1927,30.0,Cloud Tech-Texas,Pending,10/5/2024,81182.07,eva.brown@example.com,-1265742230,Good,1,Eva_Brown
928,EMP1928,32.48454882571075,Finance-New York,Inactive,10/12/2021,92222.03,bob.miller@example.com,-9646300401,Poor,1,Bob_Miller
929,EMP1929,35.0,Finance-New York,Pending,10/14/2024,79934.83,alice.smith@example.com,-3693626893,Average,1,Alice_Smith
930,EMP1930,35.0,HR-California,Inactive,7/1/2022,111201.12,alice.davis@example.com,-3012047136,Poor,0,Alice_Davis
931,EMP1931,40.0,Finance-California,Active,7/8/2024,100960.05,heidi.brown@example.com,-2711759573,Average,0,Heidi_Brown
932,EMP1932,30.0,Sales-Illinois,Active,10/21/2020,64544.87,grace.smith@example.com,-9885582983,Average,1,Grace_Smith
933,EMP1933,25.0,Sales-Florida,Active,1/14/2020,78662.24,frank.smith@example.com,-9330674583,Poor,1,Frank_Smith
934,EMP1934,30.0,Sales-Florida,Pending,3/9/2023,102867.06,grace.garcia@example.com,-7609441282,Average,1,Grace_Garcia
935,EMP1935,40.0,HR-Illinois,Inactive,3/27/2020,107595.95,charlie.smith@example.com,-3372188565,Excellent,1,Charlie_Smith
936,EMP1936,40.0,Sales-Nevada,Inactive,4/4/2021,85155.05639558233,eva.miller@example.com,-6954132970,Good,0,Eva_Miller
937,EMP1937,35.0,DevOps-Nevada,Inactive,9/11/2020,95766.91,eva.jones@example.com,-5066626704,Average,1,Eva_Jones
938,EMP1938,30.0,Finance-Nevada,Pending,5/16/2021,51990.98,grace.miller@example.com,-5143776935,Excellent,1,Grace_Miller
939,EMP1939,25.0,Sales-Nevada,Inactive,4/5/2023,83634.01,heidi.johnson@example.com,-6343925294,Average,1,Heidi_Johnson
940,EMP1940,40.0,DevOps-Texas,Inactive,11/15/2022,85155.05639558233,eva.brown@example.com,-9611110285,Good,1,Eva_Brown
941,EMP1941,30.0,Sales-Texas,Active,10/16/2021,82273.08,eva.jones@example.com,-7120072023,Excellent,0,Eva_Jones
942,EMP1942,30.0,Cloud Tech-California,Inactive,5/9/2022,94537.3,frank.garcia@example.com,-5591024509,Good,1,Frank_Garcia
943,EMP1943,35.0,HR-Illinois,Pending,6/6/2020,85970.65,alice.jones@example.com,-9109032670,Good,1,Alice_Jones
944,EMP1944,25.0,Sales-New York,Pending,10/22/2021,111071.02,charlie.jones@example.com,-4949819420,Excellent,0,Charlie_Jones
945,EMP1945,35.0,DevOps-Nevada,Pending,1/12/2022,56708.34,eva.davis@example.com,-7942817933,Excellent,0,Eva_Davis
946,EMP1946,25.0,Admin-Illinois,Inactive,2/2/2022,104516.55,charlie.jones@example.com,-652775843,Excellent,0,Charlie_Jones
947,EMP1947,25.0,Admin-New York,Pending,3/28/2021,108210.15,charlie.garcia@example.com,-6634533721,Poor,1,Charlie_Garcia
948,EMP1948,40.0,Finance-Texas,Active,8/3/2024,85155.05639558233,bob.miller@example.com,-109121721,Excellent,1,Bob_Miller
949,EMP1949,35.0,DevOps-California,Active,7/31/2024,80935.65,frank.jones@example.com,-1455937660,Excellent,0,Frank_Jones
950,EMP1950,30.0,DevOps-California,Active,3/4/2024,107020.19,frank.williams@example.com,-8943705262,Excellent,0,Frank_Williams
951,EMP1951,30.0,HR-New York,Active,9/23/2020,118677.67,charlie.brown@example.com,-5100462775,Excellent,0,Charlie_Brown
952,EMP1952,25.0,Cloud Tech-Florida,Inactive,3/28/2020,63744.57,bob.jones@example.com,-5725659201,Average,0,Bob_Jones
953,EMP1953,40.0,Cloud Tech-California,Active,5/15/2020,85155.05639558233,alice.brown@example.com,-4617520237,Poor,0,Alice_Brown
954,EMP1954,25.0,Sales-New York,Pending,2/13/2021,62934.73,bob.williams@example.com,-9743260054,Good,0,Bob_Williams
955,EMP1955,30.0,DevOps-California,Pending,12/13/2021,74654.23,bob.williams@example.com,-9550178331,Excellent,1,Bob_Williams
956,EMP1956,32.48454882571075,Sales-Texas,Active,8/5/2024,85155.05639558233,david.brown@example.com,-5848689992,Average,1,David_Brown
957,EMP1957,30.0,HR-New York,Pending,1/9/2020,118150.59,david.smith@example.com,-6079848703,Average,1,David_Smith
958,EMP1958,32.48454882571075,DevOps-Florida,Inactive,11/30/2023,91256.64,david.johnson@example.com,-5069176798,Average,0,David_Johnson
959,EMP1959,30.0,HR-Florida,Inactive,3/14/2021,85997.57,bob.davis@example.com,-3593744038,Good,0,Bob_Davis
960,EMP1960,25.0,Finance-Texas,Pending,10/5/2020,84707.12,frank.smith@example.com,-4640830372,Excellent,0,Frank_Smith
961,EMP1961,32.48454882571075,DevOps-Texas,Active,11/2/2021,84559.9,eva.smith@example.com,-6060148859,Poor,0,Eva_Smith
962,EMP1962,32.48454882571075,DevOps-California,Pending,9/18/2024,81076.91,heidi.miller@example.com,-8490793883,Poor,0,Heidi_Miller
963,EMP1963,40.0,Admin-Texas,Inactive,10/22/2023,85155.05639558233,eva.davis@example.com,-1368528305,Average,0,Eva_Davis
964,EMP1964,25.0,Finance-Florida,Pending,9/10/2023,97356.31,heidi.davis@example.com,-1537012423,Good,1,Heidi_Davis
965,EMP1965,40.0,DevOps-Illinois,Active,2/27/2024,114770.32,grace.smith@example.com,-4626325143,Good,1,Grace_Smith
966,EMP1966,35.0,Admin-California,Active,5/3/2023,109082.07,bob.jones@example.com,-8811210313,Good,0,Bob_Jones
967,EMP1967,40.0,DevOps-Florida,Inactive,4/15/2024,99944.57,david.miller@example.com,-2175188780,Poor,1,David_Miller
968,EMP1968,40.0,HR-Florida,Pending,5/20/2023,116509.72,eva.miller@example.com,-7941515262,Average,0,Eva_Miller
969,EMP1969,30.0,Finance-Texas,Active,5/28/2021,84253.9,eva.williams@example.com,-8409112251,Excellent,1,Eva_Williams
970,EMP1970,25.0,Cloud Tech-Nevada,Active,8/27/2024,54776.01,charlie.garcia@example.com,-8837505660,Poor,0,Charlie_Garcia
971,EMP1971,40.0,Sales-Nevada,Inactive,11/8/2020,71192.68,charlie.davis@example.com,-8632397912,Average,0,Charlie_Davis
972,EMP1972,32.48454882571075,Finance-Florida,Active,8/24/2021,96346.53,bob.smith@example.com,-7876553006,Average,1,Bob_Smith
973,EMP1973,32.48454882571075,HR-Illinois,Pending,2/6/2020,116680.63,eva.williams@example.com,-3095055604,Excellent,1,Eva_Williams
974,EMP1974,25.0,Finance-Florida,Inactive,10/12/2024,76343.56,grace.brown@example.com,-7121988191,Excellent,0,Grace_Brown
975,EMP1975,30.0,Sales-Nevada,Inactive,12/16/2024,99424.14,alice.johnson@example.com,-7788519052,Excellent,0,Alice_Johnson
976,EMP1976,35.0,DevOps-Florida,Inactive,4/13/2024,57656.74,charlie.garcia@example.com,-4864010423,Good,1,Charlie_Garcia
977,EMP1977,40.0,Sales-New York,Pending,4/24/2020,77396.94,heidi.garcia@example.com,-6245618516,Excellent,1,Heidi_Garcia
978,EMP1978,32.48454882571075,DevOps-California,Inactive,10/18/2021,54299.68,grace.garcia@example.com,-4460045211,Average,0,Grace_Garcia
979,EMP1979,35.0,HR-Nevada,Pending,2/25/2020,103563.58,charlie.miller@example.com,-8991511454,Excellent,1,Charlie_Miller
980,EMP1980,25.0,Finance-California,Inactive,4/23/2022,74588.85,grace.brown@example.com,-1293913043,Average,0,Grace_Brown
981,EMP1981,30.0,DevOps-California,Pending,6/22/2020,113727.23,david.garcia@example.com,-8818984840,Poor,0,David_Garcia
982,EMP1982,25.0,HR-New York,Active,1/7/2023,72828.18,eva.brown@example.com,-6046154020,Good,0,Eva_Brown
983,EMP1983,32.48454882571075,Sales-Florida,Inactive,2/11/2020,98717.09,grace.jones@example.com,-1901707567,Poor,0,Grace_Jones
984,EMP1984,40.0,Sales-Florida,Inactive,3/18/2023,56840.8,frank.garcia@example.com,-1429831521,Poor,1,Frank_Garcia
985,EMP1985,35.0,Finance-Illinois,Pending,11/26/2021,61663.91,david.johnson@example.com,-9107322835,Average,1,David_Johnson
986,EMP1986,30.0,Finance-Nevada,Active,9/17/2024,109523.4,grace.brown@example.com,-849378305,Poor,1,Grace_Brown
987,EMP1987,25.0,HR-Illinois,Inactive,7/5/2024,65812.02,eva.brown@example.com,-3963845268,Average,1,Eva_Brown
988,EMP1988,32.48454882571075,Cloud Tech-Illinois,Inactive,7/13/2021,54708.88,bob.johnson@example.com,-6944391648,Excellent,1,Bob_Johnson
989,EMP1989,40.0,Admin-California,Active,8/27/2023,107661.73,heidi.garcia@example.com,-7016934291,Excellent,1,Heidi_Garcia
990,EMP1990,40.0,DevOps-Illinois,Inactive,2/13/2021,79002.0,eva.johnson@example.com,-9132033015,Average,1,Eva_Johnson
991,EMP1991,32.48454882571075,Admin-Texas,Pending,12/11/2023,86135.69,heidi.brown@example.com,-2341903105,Excellent,0,Heidi_Brown
992,EMP1992,30.0,DevOps-Nevada,Inactive,7/2/2021,115601.4,heidi.johnson@example.com,-1537221555,Good,1,Heidi_Johnson
993,EMP1993,32.48454882571075,DevOps-Nevada,Active,12/5/2022,64045.36,grace.brown@example.com,-6847323652,Poor,1,Grace_Brown
994,EMP1994,30.0,DevOps-Nevada,Inactive,9/24/2024,80477.21,david.brown@example.com,-3774604066,Good,0,David_Brown
995,EMP1995,30.0,Finance-California,Inactive,8/16/2023,61240.9,bob.jones@example.com,-2007843613,Poor,1,Bob_Jones
996,EMP1996,40.0,Admin-Texas,Active,1/28/2021,51939.29,david.smith@example.com,-2442607818,Excellent,1,David_Smith
997,EMP1997,40.0,Finance-Illinois,Inactive,5/14/2022,95284.54,eva.brown@example.com,-7543734763,Good,0,Eva_Brown
998,EMP1998,35.0,Admin-Texas,Inactive,6/5/2024,106247.67,charlie.garcia@example.com,-2737203762,Excellent,1,Charlie_Garcia
999,EMP1999,25.0,DevOps-Florida,Active,4/23/2020,110170.88,charlie.williams@example.com,-8821458413,Poor,1,Charlie_Williams
1000,EMP2000,25.0,HR-Nevada,Pending,6/10/2024,52615.44,charlie.miller@example.com,-8460191343,Average,1,Charlie_Miller
1001,EMP2001,30.0,DevOps-Illinois,Inactive,4/18/2020,82547.26,eva.davis@example.com,-3899827801,Average,0,Eva_Davis
1002,EMP2002,35.0,Finance-Illinois,Pending,6/29/2020,63049.22,bob.smith@example.com,-586950731,Good,1,Bob_Smith
1003,EMP2003,35.0,HR-California,Pending,2/15/2023,115229.12,frank.smith@example.com,-1464493698,Excellent,1,Frank_Smith
1004,EMP2004,25.0,DevOps-Illinois,Pending,6/15/2023,60687.63,grace.smith@example.com,-9516793349,Excellent,0,Grace_Smith
1005,EMP2005,30.0,Finance-Illinois,Inactive,3/19/2022,67492.73,frank.jones@example.com,-5573857367,Good,1,Frank_Jones
1006,EMP2006,32.48454882571075,HR-Illinois,Inactive,10/25/2023,77821.79,grace.brown@example.com,-119236036,Average,0,Grace_Brown
1007,EMP2007,35.0,DevOps-Texas,Active,7/14/2022,69146.95,charlie.jones@example.com,-6811872332,Poor,0,Charlie_Jones
1008,EMP2008,35.0,Admin-Nevada,Inactive,3/12/2022,90224.82,grace.brown@example.com,-5104096148,Good,1,Grace_Brown
1009,EMP2009,32.48454882571075,Finance-Illinois,Pending,6/11/2024,62603.98,david.garcia@example.com,-7315391148,Poor,0,David_Garcia
1010,EMP2010,35.0,Sales-Nevada,Active,6/10/2024,71148.27,bob.jones@example.com,-8307482072,Average,0,Bob_Jones
1011,EMP2011,40.0,Admin-California,Inactive,9/21/2022,52031.74,david.jones@example.com,-6511893939,Excellent,1,David_Jones
1012,EMP2012,35.0,DevOps-Florida,Inactive,4/15/2023,85155.05639558233,grace.miller@example.com,-6557820189,Average,0,Grace_Miller
1013,EMP2013,32.48454882571075,HR-Illinois,Pending,2/6/2020,116680.63,eva.williams@example.com,-4322302332,Good,0,Eva_Williams
1014,EMP2014,30.0,Finance-Nevada,Pending,5/16/2021,51990.98,grace.jones@example.com,-2470739200,Excellent,1,Grace_Jones
1015,EMP2015,30.0,HR-California,Active,8/19/2023,85155.05639558233,david.miller@example.com,-3546212759,Good,1,David_Miller
1016,EMP2016,30.0,Cloud Tech-Texas,Inactive,11/7/2021,100215.06,david.johnson@example.com,-2508261122,Good,1,David_Johnson
1017,EMP2017,40.0,Finance-New York,Active,10/4/2023,114587.11,charlie.williams@example.com,-1261632487,Average,0,Charlie_Williams
1018,EMP2018,30.0,HR-Florida,Inactive,12/16/2024,71318.79,alice.garcia@example.com,-8995729892,Good,1,Alice_Garcia
1019,EMP2019,30.0,DevOps-Illinois,Pending,2/22/2021,77764.24,heidi.jones@example.com,-7629745492,Average,0,Heidi_Jones
