,rank-title,rank-sub,Price(₹),color-count,selling_proposition,discount,Product_Title
0,Unranked(New),General-Home-Textile,163.4,4.0,400,36.0,"1pc Soft Microfiber Hair Drying Towel, Ideal For Long Hair Women, Bath, Makeup, Spa, Home, Travel"
1,Unranked(New),General-Home-Textile,959.5,4.0,100,0.0,"Plain Bath Wrap Towel, Grey Simple Microfiber Bathrobe For Bathroom"
2,Unranked(New),General-Home-Textile,948.1,5.0,100,25.0,"1pc Solid Bath Wrap Towel & 1pc Hair Drying Cap, Grey Bathrobe For Women"
3,Unranked(New),General-Home-Textile,1007.0,5.0,700,0.0,"1pc Bohemian & Minimalist Style Shower Curtain With Abstract Mid Century Arch Lunar Phase & Geometric Pattern, Waterproof Bath Decor Suit Including 12 Plastic Hooks, 60 X 72 Inches"
4,Unranked(New),General-Home-Textile,199.5,4.0,5100,0.0,"1pc Custom Tapestry - Personalize With Photos For Unique Home Decor & Memorable Gifts - Ideal For Anniversaries, Birthdays, Weddings, Mother's Day & Special Events"
5,Unranked(New),General-Home-Textile,494.0,4.0,10,0.0,"2pcs, Hand Towels, Colorful Kitchen Towels With Sunflower Cow Pattern, Farmhouse Style Kitchen Dishcloths, Holiday Tea Towel, Kitchen Bathroom Supplies"
6,#7 Best Sellers,in Bed Pillows,285.0,4.0,0,64.0,"1pc Solid Color White Decorative Pillow, Modern Polyester Multifunction Decorative Pillow For Home"
7,Unranked(New),General-Home-Textile,703.0,4.0,4800,0.0,"1 Customized Photo Blanket, Personalized Family/Pet/Couple Photo Blanket, Mother's Day, Father's Day, Gift For Mom/Dad"
8,Unranked(New),General-Home-Textile,106.4,4.0,100,30.0,Heat-Resistant Silicone Potholder And Trivet Set - Kitchen And Tabletop Protection
9,#7 Best Sellers,in Fitted Sheet Trending Items,475.0,10.0,0,0.0,"Butterfly Pattern Fitted Sheet, Modern Fabric Elastic Band Fitted Sheet, For Bedroom"
10,#3 Best Sellers,in Rugs & Carpets,503.5,14.0,0,0.0,"1pc Nordic Style Printing Soft Plush Rug, Bathroom Anti-slip & Absorbent, Fashionable Simple Design, Suitable For Bedroom, Living Room, Balcony & Study"
11,Unranked(New),General-Home-Textile,304.0,6.0,100,0.0,"1pc Bertram Eats Pattern Printed Tapestry, Modern Polyester Fiber Square Decorative Tapestry Suitable For Living Room Bedroom Decoration"
12,#8 Best Sellers,in Duvet Covers & Sets,1370.85,4.0,0,22.0,3pcs Light Pink And Dark Pink Color Block Brushed Bedding Set Including Duvet Cover And Pillowcases
13,#3 Best Sellers,in Bathroom & Laundry Mats,456.0,6.0,0,0.0,1pc Creative Soft Memory Foam Laundry Room Or Bathroom Rug With Water Absorption And Slip Resistance Features
14,#3 Best Sellers,in Compressed Towels,118.75,4.0,0,40.0,"20pcs Disposable Compressed Towel,  Compressed Portable Travel Non-Woven Face Towel, Water Wet Wipe, Outdoor Moistened Tissues Cruise Essential,Portable Travel Towel Compressed Towels Disposable Towel Coin Tissue Towels Portable Mini Face Towels For Travel/Home/Outdoor Activities"
15,Unranked(New),General-Home-Textile,589.0,4.0,400,0.0,"1pc Transparent Pvc Anti-stain Tablecloth, Anti-skid, Anti-stain, Anti-oil, Multi-purpose Dining Room, Living Room, Study Room Table Mat, Suitable For Dining Table"
16,Unranked(New),General-Home-Textile,266.0,4.0,200,0.0,"1 Pc Microfiber Hair Towel Wrap For Women, Microfiber Hair Turban For Wet Hair Reversible Hair Drying Towel Wrap For Curly Long Thick Hair Anti Frizz"
17,#6 Best Sellers,in Wall Hanging,617.5,4.0,0,0.0,"1pc Natural Stone Cloud Shaped Crystal Car Ornament With Metal Chain, Romantic Home Wall Decor Dreamcatcher"
18,Unranked(New),General-Home-Textile,2669.5,4.0,100,0.0,3pcs Three-Piece Printed Chemical Fiber Ball Decoration Kit
19,Unranked(New),General-Home-Textile,214.7,4.0,200,32.0,"1pc Coral Velvet Women's Hair Drying Cap, Super Absorbent, Soft, Fashionable Turban For Quick Drying"
20,#3 Best Sellers,in Bedroom,209.00000000000003,4.0,0,0.0,"(Custom Photo) 1pc Personalized Single-Sided Printed Throw Pillow With Custom Photo, Cushion With Insert With Custom Wedding Pictures, Gift For Lovers On Valentine's Day Wedding Anniversary"
21,#9 Best Sellers,in Aprons,91.2,4.0,0,67.0,"1pc Random Fork & Spoon Pattern Apron, Modern PVC Oil-Proof And Waterproof Apron For Garden, Kitchen, Housework"
22,#1 Best Sellers,in Sheet Sets with Pillowcases,877.8000000000001,7.0,0,30.0,"3pcs/set Plain Satin Fitted Sheet Set Without Filler, Simple Plain Color Fitted Sheet Set For Bedroom"
23,Unranked(New),General-Home-Textile,68.39999999999999,4.0,10,70.0,18pcs Kitchen Cleaning Sponge Double Side Dishwashing Sponge Dish Washing Brush Pan Pot Dish Wash Sponges Household Cleaning Reusable Kitchen Tools
24,Unranked(New),General-Home-Textile,617.5,4.0,500,0.0,"Chunky Knit Blanket, Rabbit Fur & Milk Fabric & Flannel Cover Blanket, Warm Blanket For Nap, Leisure, Sofa, Bed, Winter"
25,Unranked(New),General-Home-Textile,66.5,4.0,100,53.0,"12pcs Chair Leg Pads/Table Leg Pads/Sofa Leg Pads, Non-Slip And Wear-Resistant Protective Covers, Mute And Cuttable"
26,#8 Best Sellers,in Carpet Padding & Grippers,108.3,4.0,0,48.0,"8pcs/Set  Non-Slip Anti-Drill Carpet Stickers Suitable For Living Room Dining Room Bathroom Rugs, Prevent Rugs From Moving And Rolling Edges Black(PU Style Can Be Washed Repeatedly With Water)"
27,#4 Best Sellers,in Window Screens,82.65,4.0,0,28.0,"3pcs/6pcs/12pcs Curtain Repair Tape, Self-Adhesive Door And Window Water Flow Hole Repair Patches For Fixing Common Problems Like Frayed Holes And Tears In Window Screens, Anti-Mosquito Window Screen Patches"
28,#7 Best Sellers,in Good Quality Aprons,270.75,4.0,0,11.0,A Creative And Personalized Kitchen Anti-Fouling Apron With A Rooster Holding A Beer Pattern
29,Unranked(New),General-Home-Textile,247.0,4.0,10,0.0,1pc Hanging Towel Thick Coral Velvet Absorbent Towels Super Absorbent Kitchen Towel Toilet Towel  Dish Towel
30,#2 Best Sellers,in Bathroom & Laundry Mats,642.1999999999999,4.0,0,59.0,"1pc Anti-Slip Shower Room Mat, With Drainage Holes And Suction Cups For Bathtub, Machine Washable Bathroom Rug, Bathroom Accessories"
31,Unranked(New),General-Home-Textile,769.5,4.0,0,0.0,"Awning, Umbrella, Sunshade,Outdoor,Square Sunshade Net ,Plant Shading, Crop Shading, Vegetable Shading,Protect Your Garden,Protect Plants,Canopy,Shade Sail ,Sunshade Netting,Sunscreen Net,Shade Cloth,Plant Canopy ,Garden Shade Fabric,Shade Sail For Plants"
32,#3 Best Sellers,in Dish Cloths & Dish Towels,248.9,4.0,0,3.0,"5/10/20pcs Home Kitchen Dishcloth Set In Light Grey, Quick-Drying, Absorbent And Soft"
33,#9 Best Sellers,in Kitchen Mats & Rugs,560.5,5.0,0,0.0,"1pc Slogan Graphic Kitchen Rug, Polyester Anti-slip Kitchen Mat For Kitchen"
34,#3 Best Sellers,in Window Screens,152.0,4.0,0,20.0,"1pc Screen Repair Tape, Waterproof And Anti Mosquito Stickers For Windows And Doors, Self-Adhesive Super Fixed Mesh Gauze Hole Repair Tool"
35,Unranked(New),General-Home-Textile,902.5,4.0,0,0.0,"2/4/6Pack, Round Woven Placemats, Natural Water Hyacinth Place Mats, Braided Straw Table Mats For Dining Table (11.8inch /13.8 Inch)"
36,Unranked(New),General-Home-Textile,323.0,4.0,100,0.0,"Clear PVC Tablecloth, Waterproof Scratch Resistant Heat Resistant Tablecloth, Suitable For Family/Hotel Dining Table/Coffee Table/Home Tablecloth"
37,#5 Best Sellers,in Duvet Covers & Sets,1206.5,4.0,0,0.0,"1pc Flower Pattern Bedding Cover, Polyester Material, Breathable & Soft, Suitable For All Seasons"
38,Unranked(New),General-Home-Textile,1003.2,7.0,200,52.0,"4pcs Solid Color Bedding Set (1 Fitted Sheet, 1 Bed Sheet, 2 Pillowcases, Pillow Core Not Included) For Bedroom Home Decor"
39,#6 Best Sellers,in Compressed Towels,161.5,4.0,0,0.0,"7pcs/14pcs, Compressed Disposable Facial Cleansing Towel, Portable Makeup Remover Towels, Thick Cleaning Wipes, Two-Sided Design For Dry & Wet Use, Skincare, Living Room Home Bedroom Bathroom House Decor, Travel Stuff, Wedding, Party, Birthday, Gifts For Men Mom Dad Friends, New Years, Accessories, Funny Gift"
40,#2 Best Sellers,in Aprons,213.75,4.0,0,59.0,"1pc Random, Cute Strap Canvas Apron With Hood - Waterproof, Oil-Resistant, And Stain Resistant - Ideal For Restaurant And Kitchen Work"
41,Unranked(New),General-Home-Textile,361.0,4.0,10,0.0,"1pc Wooden Hollow Plant Storage Rack, Minimalist Home Bedroom Wall Decor Hanging Ornament"
42,#8 Best Sellers,in hot sale curtain accessories,60.800000000000004,4.0,0,76.0,"2pcs Magnetic Curtain Tie Thicker Twist Rope And Strong Magnetic Tieback, Curtain Holder Decorative Curtain Holdback For Living Room Office Home Decor"
43,#6 Best Sellers,in Cleaning Cloth,176.70000000000002,4.0,0,34.0,"1 Roll Of Reusable Bamboo Towel, Dry/Wet Kitchen Cleaning Cloth, Hand Towel For Restaurant And Dish Cloth,Kitchen,Kitchen Items,Cleaning,Kitchen Towel"
44,Unranked(New),General-Home-Textile,1679.6,7.0,100,33.0,1pc Solid Color Plush Thickened Blanket
45,Unranked(New),General-Home-Textile,503.5,4.0,200,0.0,"1pc Wood Grain Letter Print Quick Dry Water Absorbent Laundry Room Carpet, Modern Simple Bathroom Mat, Slip-Resistant Decorative Rug, Durable & Easy-Clean Toilet Floor Mat, Anti-Fatigue Kitchen Floor Mat, Suitable For Laundry Room, Bathroom, Hallway And Entrance Carpet, Various Sizes Available"
46,#7 Best Sellers,in Aprons,229.9,4.0,0,22.0,"1pc Letter Series 3 Black Base Colorful Letters & Holographic Flower Pattern Cute Heart Printed Apron, Perfect For Parties And Weddings, Made Of Peach Skin Fabric"
47,Unranked(New),General-Home-Textile,494.0,4.0,0,0.0,"2 In 1 Heat Resistant Mat Hair Tools Travel Bag, Flat Iron Travel Case Silicone Curling Iron Mat Holder Heat Mat For Curling Iron Organizer Bag, Air Straightener, Hot Hair Styling Tools"
48,Unranked(New),General-Home-Textile,294.5,15.0,800,0.0,"1pc Satin Solid Color Pillowcase, Soft Pillow Cover With Envelope Closure For Bedroom, Bedding Supplies"
49,Unranked(New),General-Home-Textile,1187.5,5.0,200,0.0,"1pc Inflatable Travel Pillow, Airplane Neck Pillow Comfortably Supports Head And Chin For Airplanes, Trains, Cars And Office Napping With Drawstring Bag"
50,#8 Best Sellers,in Chair Pads,566.2,4.0,0,63.0,Knot Pillow Throw Pillow For Couch Soft Decorative Knotted Pillow For Home Sofa Bedroom Decor To Add Comfort And Style  Knotted Pillow For Home Sofa & Bedroom Decor
51,#7 Best Sellers,in Kitchen Mats & Rugs,171.0,4.0,0,0.0,"1pc/2pcs Non-Stick Oven Liner Mat, Heavy Duty Reusable Oven Bottom Mat For Electric & Gas Ovens And BBQ Grills, Party Gift BBQ Accessory And Essential Item For Cedar Resorts, Kitchen Carpet"
52,#2 Best Sellers,in Compressed Towels,218.49999999999997,4.0,0,0.0,10pcs Face Cleaning Sponge Pad For Exfoliator Mask Facial SPA Massage Makeup Removal Thicker Compress Natural Cellulose Reusable
53,#6 Best Sellers,in Outdoor Sofas Covers,494.0,8.0,0,0.0,"1pc Printed Stretchy Sofa Cushion Cover For Outdoor Furniture, Sofa Seat Replacement Cover, Flexible Chair Cushion Cover For Porch Garden Furniture Protection"
54,Unranked(New),General-Home-Textile,100.7,4.0,500,38.0,"1pc Triangle Floor Drain, Home Sink Deodorization Blockage-Proof Filter, Bathtub Sewer Drain, Bathroom Product, Bathroom Accessories, Kitchen Sink Anti-Blocking And Deodorization Mesh, Bathtub Drain, Bathroom Drainage Filter And Drain Cover"
55,Unranked(New),General-Home-Textile,237.5,4.0,300,0.0,"1pc White Food Cover For Dining Table, Foldable Anti-Fly Meal Covers Kitchen Outdoor Umbrella-Shaped Dustproof Mesh Net,17""X17"" Food Tents Food Covers For Outdoors,Pop-Up Mesh Food Covers Nets For Outside,Screen Tents,Parties Picnics, BBQ,Reusable And Collapsible"
56,#1 Best Sellers,in Blackout Curtains & Shades,608.0,4.0,0,0.0,"1PC Full Blackout Curtain Paste Style Portable Cordless Roller Blind, Blackout Roller Blind, Non Perforated, Cordless, Home And Kitchen Supplies, Home Decoration, Window Products, Blackout Curtains And Sunshade Curtains"
57,#4 Best Sellers,in Kitchen & Table Linens,228.0,4.0,0,0.0,12/24pcs Kitchen Cleaning Sponge Double Side Dishwashing Sponge Dish Washing Brush Pan Pot Dish Wash Sponges Household Cleaning Reusable Kitchen Tools
58,Unranked(New),General-Home-Textile,844.5500000000001,6.0,300,12.0,"4pcs Geometric Wavy Stripe Pattern Decorative Pillow Covers, Four Seasons Universal Gift Cushion Cases Suitable For Bed, Living Room, Sofa, Outdoor Etc. (Inner Core Not Included)"
59,Unranked(New),General-Home-Textile,684.0,4.0,80,0.0,"1 Set Simple Non-Drilling Extendable Curtain Rod, Simple Metal Black / White Baking Paint Non-Drilling Rod For Curtains Or Clothes, Suitable For Door Frames, Windows, Wardrobes, Kitchen"
60,#1 Best Sellers,in Trending Rugs & Mats for Spring or Summer,377.15000000000003,6.0,0,37.0,"1pc Black Alphabet Slogan Creative Welcome Doormat, Modern Personalized Water-Absorbing, Quick-Drying Entrance Carpet, Mud Wiping, Anti-Slip Indoor Entrance Mat, Machine Washable, Dirt-Resistant, Easy To Clean, For Entrance Decoration, Parties, Home Decor, Bathroom Mat, Kitchen Mat, Small Area Rug, Decorative Rug, Suitable For Front Door, Living Room, Bedroom, Terrace Decoration, Parties, Festivals, Gift, Banquet, Etc."
61,Unranked(New),General-Home-Textile,513.0,4.0,200,0.0,"1pc Stripe Pattern Rug, Modernist Polyester Non-slip Bedroom Rug For Home"
62,#3 Best Sellers,in Disposable Towels & Bath Towels,256.5,4.0,0,0.0,"150pcs Disposable Washcloth, Hanging, Increase Thickening And Water Absorption, Cleaning Rag, Portable, Household, Bathroom, Kitchen, Outdoor, Picnic, Travel, Hotel."
63,#3 Best Sellers,in Carpet Padding & Grippers,171.0,4.0,0,0.0,"24 Pcs Rug Grippers, Non Slip Rug Pads For Hardwood Floors Tiles Marble Floors, Double Sided Adhesive Carpet Grippers Keep Corners Flat, Removable Rug Tapes For Area Rugs"
64,#3 Best Sellers,in Kitchen Floor Mats & Kitchen Carpets,418.00000000000006,4.0,0,0.0,"1pc Creative Soft Memory Foam Anti-Slip Kitchen Floor Mat, Easy To Clean"
65,Unranked(New),General-Home-Textile,275.5,4.0,30,12.0,"1pc Microfiber Cooling Towels For Sport & Sun Protection, Quick Drying, Absorbent Wrap For Neck & Face"
66,Unranked(New),General-Home-Textile,294.5,8.0,100,0.0,"1pc Premium Silky Satin Envelope Pillowcase Pillow Covers Without Filling,Soft Breatheable Wrink-Free Better For Hair Skin Sleep"
67,Unranked(New),General-Home-Textile,570.0,4.0,100,0.0,"1pc Modern Abstract Geometric Pattern Faux Cashmere Carpet, Soft Non-Slip Washable Short Plush Area Rug For Indoor, Entrance, Kitchen, Bathroom, Home Decoration"
68,Unranked(New),General-Home-Textile,232.75000000000003,4.0,2900,49.0,"1pc Kitchen Apron, Waterproof Oil-proof Cooking Apron With Big Pocket, Kitchen Accessories"
69,#5 Best Sellers,in Good Quality Aprons,91.2,4.0,0,56.0,Waterproof Hair Cutting Cape Apron for Barbers and Salon Stylists - Protects Clothes and Keeps You Dry During Hair Cuts and Beard Shaving
70,#4 Best Sellers,in Fitted Sheets,1092.5,4.0,0,0.0,"1pc Quilted Fitted Sheet, Mattress Protector, Bedspread For Bedroom, Full Coverage, Solid Color Mattress Cover, Machine Washable, Curved Grid Design, Fits Twin Full King Queen Size Bed"
71,Unranked(New),General-Home-Textile,2630.55,4.0,30,28.0,"ELEMUSE Ventilated Design Memory Foam Mattress Topper,Cooling Gel Infused Swirl Foam Pad For Pressure Relief Back Pain,Bed Topper For Body Support, CertiPUR-US Certified"
72,#4 Best Sellers,in Window Stickers & Films,180.5,4.0,0,0.0,2m/Roll 5cm Wide Mesh Adhesive Repair Tape Door Window Screen Repair Patch Tape Screen Repair Kit For Covering Holes Tears
73,Unranked(New),General-Home-Textile,475.0,14.0,700,0.0,1pc Simple Light Pink Slow Rebound Memory Sponge Water Absorbing Non-slip Bath Mat For Bathroom
74,#6 Best Sellers,in Pillowcases & Shams,201.4,12.0,0,65.0,"LongNap™ 2pcs Premium Silky Satin Envelope Pillowcases Set, Soft Breatheable Wrink-Free Better For Hair Skin Sleep, Pillow Covers Without Filling, Pink"
75,#4 Best Sellers,in Bed Pillows,2165.0499999999997,4.0,0,53.0,"4pcs Throw Pillow Inserts,Home Decor ,Down Alternative Pillow Core,Soft Cushion Inner, White Decorative Pillow Inserts For Bedroom Living Room Sofa"
76,Unranked(New),General-Home-Textile,313.5,4.0,0,0.0,"1/5/10/ Gray Flat Microfiber Cleaning Cloth,Kitchen,Kitchen Items,Cleaning,Kitchen Towel"
77,Unranked(New),General-Home-Textile,494.0,18.0,1200,0.0,"1pc Modern Nordic Style Pure White Bedside Carpet For Living Room, Bedroom, Tatami, Cute Internet Celebrity Full Coverage Mat"
78,#1 Best Sellers,in Chair Covers,237.5,8.0,0,0.0,Jacquard Chair Seat Cover Dining Room Chair Slipcover Taupe 1pc
79,Unranked(New),General-Home-Textile,1330.0,11.0,300,65.0,Ultra-Soft 1800 Series Deep Pocket Bed Sheet Set (6-Piece)
80,Unranked(New),General-Home-Textile,518.7,4.0,100,19.0,"1pc Mesh Mosquito Net, Simple White Mosquito Net For Bedroom, Summer"
81,Unranked(New),General-Home-Textile,510.15000000000003,4.0,70,16.0,"1pc Of Outdoor Sunshade Umbrella Sail Sunshade Cloth, Windproof Cover For Private Greenhouse Sunshade, Suitable For Terrace, Greenhouse, Yard, Backyard Lawn, Garden, Outdoor Activities, Windproof Cover For Private Greenhouse Sunshade, Rectangular Canopy Sail Sunshade, UV Protection Cover"
82,Unranked(New),General-Home-Textile,724.85,5.0,300,18.0,"1pc Khaki Fluffy Rug, Modern Acrylic Anti-slip Floor Carpet For Home"
83,#4 Best Sellers,in Curtain Tracks & Accessories,209.00000000000003,4.0,0,0.0,"4Pcs Curtain Rod Brackets No Drilling, Self Adhesive Curtain Rod Holders Nail Free Adjustable Curtain Rod Hooks Curtain Hangers For Bathroom Kitchen Bathroom Hotel"
84,Unranked(New),General-Home-Textile,475.0,14.0,700,0.0,1pc Simple Light Pink Slow Rebound Memory Sponge Water Absorbing Non-slip Bath Mat For Bathroom
85,#6 Best Sellers,in Pillowcases & Shams,201.4,12.0,0,65.0,"LongNap™ 2pcs Premium Silky Satin Envelope Pillowcases Set, Soft Breatheable Wrink-Free Better For Hair Skin Sleep, Pillow Covers Without Filling, Pink"
86,#4 Best Sellers,in Bed Pillows,2165.0499999999997,4.0,0,53.0,"4pcs Throw Pillow Inserts,Home Decor ,Down Alternative Pillow Core,Soft Cushion Inner, White Decorative Pillow Inserts For Bedroom Living Room Sofa"
87,#1 Best Sellers,in Chair Covers,237.5,8.0,0,0.0,Jacquard Chair Seat Cover Dining Room Chair Slipcover Taupe 1pc
88,Unranked(New),General-Home-Textile,313.5,4.0,0,0.0,"1/5/10/ Gray Flat Microfiber Cleaning Cloth,Kitchen,Kitchen Items,Cleaning,Kitchen Towel"
89,Unranked(New),General-Home-Textile,494.0,18.0,1200,0.0,"1pc Modern Nordic Style Pure White Bedside Carpet For Living Room, Bedroom, Tatami, Cute Internet Celebrity Full Coverage Mat"
90,#2 Best Sellers,in Rugs & Carpets,209.00000000000003,4.0,0,0.0,"12/8/4PCS Rug Tape, Reusable Washable Grippers For Rugs, Double Sided Non-Slip Rug Pads For Hardwood Floors, Prevent Rugs From Moving And Rolling Edges, For Living Room Dining Room Bathroom Rugs"
91,Unranked(New),General-Home-Textile,486.40000000000003,4.0,100,20.0,Clear Waterproof Apron
92,Unranked(New),General-Home-Textile,1330.0,11.0,300,65.0,Ultra-Soft 1800 Series Deep Pocket Bed Sheet Set (6-Piece)
93,Unranked(New),General-Home-Textile,518.7,4.0,100,19.0,"1pc Mesh Mosquito Net, Simple White Mosquito Net For Bedroom, Summer"
94,Unranked(New),General-Home-Textile,724.85,5.0,300,18.0,"1pc Khaki Fluffy Rug, Modern Acrylic Anti-slip Floor Carpet For Home"
95,Unranked(New),General-Home-Textile,147.25,5.0,500,50.0,"1pc Cheesecloth Table Runner, Bohemian Style Gauze Cheese Cloth Table Cloth, Transparent Rustic Table Cover, Suitable For Wedding Bride Baby Shower Birthday Or Holiday Party Cake Table Decoration, Romantic Party Tablewear Muslin Table Runner"
96,Unranked(New),General-Home-Textile,399.0,5.0,2900,0.0,"1pc Plain Satin Fitted Sheet, Black Silk Fitted Bed Sheet Queen King Twin Full Size Without Filler, 9 Inches Deep Pocket Cooling Breathable Soft And Silky Bedding Sheet Only, Mattress Sheet, Mattress Protector Cover, Sábanas De Satin, Room Deco"
97,Unranked(New),General-Home-Textile,595.65,5.0,1100,33.0,"Pink Oven Mitts and Pot Holders 4 pcs Set,High Heat Resistant 500 Degree Extra Thicken Long Kitchen Oven Glove for Cooking"
98,#5 Best Sellers,in Rugs & Carpets,589.0,5.0,0,0.0,"1pc HELLO And Welcome Rectangular Coconut Shell Entrance Welcome Doormat, Natural Fiber, Suitable For Indoor Or Outdoor Use - Decorative Script Hello Suitable For Spring, Summer, Autumn, And Winter, Living Room, Bedroom, Kitchen, Bathroom, And Porch"
99,Unranked(New),General-Home-Textile,1102.95,4.0,0,45.0,"1pc Waterproof Cloth Suitable For Camping, Picnic, And Outdoor Activities"
100,#3 Best Sellers,in Carpet Padding & Grippers,171.0,4.0,0,0.0,"24 Pcs Rug Grippers, Non Slip Rug Pads For Hardwood Floors Tiles Marble Floors, Double Sided Adhesive Carpet Grippers Keep Corners Flat, Removable Rug Tapes For Area Rugs"
101,#1 Best Sellers,in Compressed Towels,61.75,4.0,0,66.0,"20pcs Portable Mini Compressing Towel -  Face Compressing Coin Paper Towel For Travel, Home, And Outdoor Activities - Soft And Absorbent"
102,Unranked(New),General-Home-Textile,83.6,4.0,200,56.0,"1pc Solid Color Stool Cover, Modern Polyester Dustproof Stretchy Stool Seat Slipcover For Living Room, Dining Room, Home Office"
103,Unranked(New),General-Home-Textile,370.5,4.0,600,0.0,"1pc Sleeping Hat,Hair Care Satin Faux Silk Bonnet Front Knot Back Adjustable Buckle Large Long Curly Hair Wrap Elastic Drawstring Beauty Hat Hair Protection"
104,#6 Best Sellers,in Tabletop Mat,589.0,4.0,0,0.0,Waterproof Transparent Tablecloth
105,#7 Best Sellers,in Curtain Tracks & Accessories,54.15,4.0,0,78.0,"1pc Multifunctional And Easy-To-Install Telescoping Curtain Rod - Classic White, No Drilling Required, Spring Loaded, Suitable For All Types Of Curtains"
106,Unranked(New),General-Home-Textile,598.5,7.0,1300,0.0,"1pc Soft Plush Carpet, Fluffy Decorative Carpet For Bedroom And Living Room, Non-slip And Anti-shedding, Suitable For Home Decoration Of Bedroom, Living Room, Dormitory, Kindergarten, Children's Room, Girls' Room, Solid Color Pink"
107,#8 Best Sellers,in Fitted Sheets,589.0,7.0,0,0.0,"New Icy Silk Bed Cover For Summer, Anti-Skid Plain Bedspread, Cool And Smooth Mattress Cover, Multiple Colors Elastic Fabric Bed Sheet"
108,#8 Best Sellers,in Compressed Towels,169.1,4.0,0,1.0,20pcs Portable Compressed Disposable Cleansing Towels For Travel Use
109,Unranked(New),General-Home-Textile,3173.95,14.0,0,28.0,"Extra Long Wearable Blanket Hoodie For Women Men Adults Oversized Hooded Blanket Sweatshirt, Super Soft Warm Comfortable Giant Wearable Blanket Hoodie With Big Pocket"
110,Unranked(New),General-Home-Textile,1071.6,4.0,1400,20.0,Floral Pattern Anti-slip Bath Rug
111,Unranked(New),General-Home-Textile,507.3,7.0,1400,11.0,"1pc Fashionable Rose Heart & Butterfly Pattern Printed Brushed Bedsheet Bedcover Dustproof Cover Bedding Supplies For Bedroom, Home Decor"
112,#8 Best Sellers,in Window Treatments,217.55,4.0,0,31.0,"Reflective Privacy Window Film: One-Way Mirror, UV & Heat Control, Self-Adhesive, Waterproof - Ideal For Office & Hotel"
113,Unranked(New),General-Home-Textile,950.0,4.0,400,0.0,"4pcs Linen American Flag Stars And Stripes Pillowcases, Home Decorative Pillow Covers For Bedroom, Office, Couch, Memorial Day And 4th Of July Independence Day Outdoor Pillows (Pillow Core Not Included), Home Decor, Room Decoration, Bedroom Decoration, Living Room Decoration, Sofa Decoration"
114,Unranked(New),General-Home-Textile,380.0,11.0,1100,0.0,1pc Light Grey Faux Silk Blackout Curtains
115,Unranked(New),General-Home-Textile,413.24999999999994,7.0,30,25.0,1pc Mini Handmade Knotted Ball Home Decor For Living Room Sofa Or Window
116,#8 Best Sellers,in Towels & Towel Sets,665.0,4.0,0,0.0,"1pc Coral Fleece Bath Wrap Robe With Thick Water Absorbent Edge, Wearable Towel For Women"
117,#4 Best Sellers,in Dish Cloths & Dish Towels,750.5,4.0,0,0.0,"1roll(20sheets), Reusable Cleaning Wipe, Household Kitchen Cloth, Microfiber Towel Rolls, Dish Rags, Wash Paper Towel Replacement, Cleaning Supplies, Cleaning Tool"
118,#10 Best Sellers,in Fitted Sheets,522.5,4.0,0,0.0,1pc Fashionable Solid Color Ice Silk Plain Weave Bedspread Dust Cover For Bedroom Home Textile Bedding
119,Unranked(New),General-Home-Textile,206.15,4.0,30,65.0,5pcs Bed Sheet Fixing Clip
120,#1 Best Sellers,in Wall Hanging,836.0000000000001,4.0,0,0.0,"1pc Woven Tapestry Home Decor Wall Hanging, Woven Wall Mount Storage Shelf Display Rack For Plants"
121,Unranked(New),General-Home-Textile,836.0000000000001,4.0,20,0.0,"1pc Personalized Text Customized Beach Towel, Quick Dry Swimming Towel, Comfortable Sand Towel, Stylish Pool Towel, Beautiful Yoga Mat, Beach Accessory, Essential Holiday Gift, Various Sizes Available, Suitable For Men And Women"
122,Unranked(New),General-Home-Textile,157.7,12.0,500,28.0,"1pc/4pcs Solid Color High Elasticity Stool Cover, Washable Protective Cover, Suitable For Restaurant, Hotel, Home Dustproof Stool Cover"
123,Unranked(New),General-Home-Textile,494.0,7.0,600,0.0,"1pc Silver Fox Velvet Elastic Chair Cover, Dustproof Soft Chair Protector Cover, Removable Bar Stool Cover, Suitable For Home, Bar, Restaurant"
124,#2 Best Sellers,in Sheet Sets with Pillowcases,1396.5,9.0,0,30.0,"4pcs Plain Satin Sheet Set Without Filler, 1pc Fitted Sheet & 1pc Flat Sheet & 2pcs Pillowcase, Bedding"
125,Unranked(New),General-Home-Textile,429.4,4.0,200,34.0,"Leaf Design Table Runner, Gold Creative PVC Table Mat For Home Decor"
126,Unranked(New),General-Home-Textile,171.0,4.0,100,0.0,"48pcs Black Square Furniture Leg Caps For Chair, Sofa, Table, Floor Protection With Adhesive Pads And Anti-Slip Bottom"
127,Unranked(New),General-Home-Textile,370.5,7.0,900,0.0,"1pc Solid Fuzzy Cushion Cover Without Filler, Modern Flannelette Decorative Throw Pillow Case For Home"
128,Unranked(New),General-Home-Textile,399.0,4.0,20,0.0,20pcs Kitchen Towels And Dishcloths Rag Set 9.4in*5.5in Small Dish Towels For Washing Dishes Dish Rags For Everyday Cooking Baking-Random Color
129,Unranked(New),General-Home-Textile,1556.1,4.0,10,10.0,"Dinosaur kid Duvet set, soft, for all seasons"
130,#6 Best Sellers,in Place Mats,394.25000000000006,4.0,0,20.0,"1pc,Coffee Machine Diatom Mud Drainage Pad, Soft Rubber Drain Pad, Non-Slip Super Absorbent And Wear-Resistant Dish-Washing Dry Pad, Placemat For Countertop Dining Kitchen Table Mat, Courtyard Table Decoration, Household Kitchen Supplies"
131,#2 Best Sellers,"in Decorative Pillows, Inserts, & Covers",199.5,4.0,0,0.0,"1pc Customized Personalized Photo Printed Pillow Case, Single Sided Print Pillow Cover For Mother's/Father's/Thanksgiving/Teachers' Day, Create Your Own Picture Pillow Case, Great Gift For Family, Friends And Yourself"
132,#6 Best Sellers,in Towels & Towel Sets,115.89999999999999,4.0,0,64.0,"5pcs Coral Fleece Washcloths Set, Soft And Absorbent Square Towel, Solid Color Small Face Towel, Multi Purpose Cleaning Cloths,Super Soft Washcloth, Super Absorbent Small Face Towel, Bathroom Supplies"
133,#4 Best Sellers,in Household Textile Sundries,82.65,4.0,0,38.0,1 Pair Of Ice Cool Arm Sleeves Sun Protection Ice Silk Sleeves Summer Fingerless Gloves Hand Sleeves Arm Protectors For Men And Women Driving Outdoor Fishing Sports Fitness
134,#5 Best Sellers,in Window Stickers & Films,541.5,4.0,0,0.0,"Window Glass Heat Insulation Film, One-way Perspective Glass Window Film, Sunscreen Film, Anti-peeping Anti-UV Glass Film, Glue-free Blackout Window Adhesive Film"
135,#4 Best Sellers,in Pillows & Positioners,310.65,4.0,0,61.0,"1pc Plain U-shaped Pillow, Simple Flannelette Travel Pillow For Travel"
136,#3 Best Sellers,in Sport Towels & Handkerchiefs,72.2,4.0,0,60.0,"Summer Cooling Towel, Quick-Drying Sports Towel For Outdoor Activities, Cold Feeling Sports Towel"
137,Unranked(New),General-Home-Textile,1111.5,4.0,600,0.0,"1pc/4pcs Home Multifunctional Decorative Bathroom Shower Curtain Set, With 12 Hooks, Bathroom Anti-Slip Mat, U-Shaped Mat And Round Toilet Cover Mat. Suitable For All Scenarios."
138,Unranked(New),General-Home-Textile,2983.0,4.0,90,0.0,4pcs/set Plaid Pattern Duvet Cover Set Without Filler(1 Duvet Cover & 1 Sheet & 2 Pillowcase) Fabric Bedding Set For Home
139,Unranked(New),General-Home-Textile,3010.55,18.0,0,28.0,"Unisex Blanket Sweatshirt Hoodie, Winter Warm Soft Oversized Sherpa Hoodie Wearable Blanket Dressing Gown Nightdress"
140,Unranked(New),General-Home-Textile,551.9499999999999,5.0,100,30.0,"1pc Light Grey Pom Pom Decor Body Pillowcase, Back to school season, Without Filler"
141,Unranked(New),General-Home-Textile,589.0,10.0,1200,0.0,"1pc Satin Solid Color Fitted Sheet, Bedroom Black Ice Silk Bed Cover, Bedding"
142,#6 Best Sellers,in Aprons Newest Trend,256.5,4.0,0,0.0,Nail Polish Pattern Apron
143,Unranked(New),General-Home-Textile,228.0,4.0,1200,0.0,"5pcs Simple White Face Towel, Hotel Lint-Free Towel For Bathroom, Soft Absorbent Face Towel, Bathroom Supplies(9.8*19.6in, 11.8*27.5in, 27.5*55.1in)"
144,Unranked(New),General-Home-Textile,855.0,4.0,300,0.0,"1pc Stretch Polyester Full Wrap Table Cover, Tight-Fitting, Washable, Wrinkle-Resistant Elastic Rectangle Garden Tablecloth, Suitable For Events, Weddings, Banquets And Parties"
145,#3 Best Sellers,in Towels,180.5,4.0,0,0.0,"Hot Compress Face Towel Masks, Reusable Facial Steamer Towel For Hot Cold Skin Care, Moisturizing Face Steamer, Beauty Facial Towel For Home And Beauty Salon"
146,Unranked(New),General-Home-Textile,304.0,4.0,30,0.0,"50pcs/Pack Travel Compressed Disposable Cleansing Towels, Compressed Towels, For Home, Travel, Business Trip, Makeup Removal, Wiping Utensils, Disposable Compressed Towels For Face Washing"
147,Unranked(New),General-Home-Textile,97.85000000000001,8.0,700,75.0,1pc Stone Pattern Bath Rug
148,Unranked(New),General-Home-Textile,527.25,5.0,100,25.0,"2pcs White Fuzzy Plush Pillow Cover Pillowcase Zipper Closure For Bedroom Living Room Sofa Chair, Soft Comfortable Home Decor Cushion Cover, Pillow Insert Not Included"
149,Unranked(New),General-Home-Textile,2192.6,4.0,30,35.0,"2/3 Piece Large Square Solid Color Comforter Set (Comforter*1+Pillowcase*1/2), Soft And Comfortable, Thickened And Warm, Suitable For Student Dormitories, Hotels, Bedrooms, Bedding Can Be Used In All Seasons (Including Comforter Core) ( Pillow Insert Not Included)"
150,Unranked(New),General-Home-Textile,4132.5,4.0,70,0.0,"1pc New Style Velvet Triangle Backrest Cushion (With Core) For Reading And Resting In Bed,Soft And Skin-Friendly (Available In White, Gray, Pink, Green, Blue, Etc.)"
151,#3 Best Sellers,in Pillowcases & Shams,430.35,4.0,0,45.0,1pc Ruffle Decor Body Pillowcase Without Filler
152,Unranked(New),General-Home-Textile,489.25000000000006,5.0,3000,32.0,"4pcs Spring And Summer Pillow Case, Yellow Letter Flower Pattern Pillow Case, Watercolor Daisies Simple Style Suitable For Home Decoration, Sofa Outdoor Office By Set Decoration 18*18inch"
153,Unranked(New),General-Home-Textile,446.5,4.0,100,0.0,"1pc Premium Prints Kitchen Soft Comfort Standing Mat,Absorbent Anti-Slip Durable Anti- Stain Mat,Suitable For Bathroom Doorway Kitchen Dining Room Carpet,Living Room Bedroom Home Decor Rug"
154,#2 Best Sellers,in Quilts,1839.2,4.0,0,46.0,"Three-piece Plum Blossom Grey Summer Comforter Set (1 Thin Comforter And 2 Pillow Cases) Breathable, Lightweight, Cool, Skin-friendly And Soft, White/grey, Suitable For Students, Adults, Kids, Dormitory, Home, Modern Decor Style, Simple Yet Attractive"
155,Unranked(New),General-Home-Textile,460.74999999999994,4.0,400,76.0,Solid Fuzzy Throw Blanket
156,#2 Best Sellers,in Towels,978.5000000000001,4.0,0,0.0,4pcs/Set  Three-Color Stripe Pattern Water-Absorbent Towels/Facial Towels
157,#9 Best Sellers,in Tapestry,294.5,4.0,0,0.0,"1pc Colorful Fluorescent Wall Tapestry For Living Room, Bedroom, Dorm - Uv Black Light Wall Hanging"
158,Unranked(New),General-Home-Textile,712.5,4.0,400,0.0,"1pc Jacquard Floral Pattern Cushion Cover, Modern Flannelette Decorative Throw Pillow Case Without Filler For Sofa"
159,Unranked(New),General-Home-Textile,1291.05,4.0,100,10.0,2pcs Solid Color Vintage Floral Jacquard Thin Sheer Voile Curtain Set
160,#9 Best Sellers,in Window Treatments,72.2,4.0,0,46.0,"2pcs Curtain Rod Brackets No Drilling, Self Adhesive Curtain Rod Holders Nail Free Adjustable Curtain Rod Hooks Curtain Hangers For Bathroom Kitchen Bathroom Hotel"
161,Unranked(New),General-Home-Textile,196.64999999999998,4.0,200,44.0,"1pc Woven Waterproof & Anti-Mold Tablecloth, Round Placemat For Plate Bowl Coffee Table Mat Camping"
162,#10 Best Sellers,in Window Treatments,55.099999999999994,4.0,0,79.0,"1pc Multi-Functional, Easy To Install Telescopic Curtain Rod, No Drilling, Spring Loaded, Suitable For All Types Of Curtains, Curtain Accessories, Curtain Hooks"
163,Unranked(New),General-Home-Textile,579.5,4.0,1500,0.0,SCOOBY-DOO X SHEIN Cartoon Printed Doormat
164,Unranked(New),General-Home-Textile,253.65,4.0,300,11.0,"1pc Plain Hair Drying Cap, Minimalist Polyester Quick Drying Button Decor Hair Towel For Bathroom"
165,Unranked(New),General-Home-Textile,199.5,4.0,1800,0.0,"1pc Full Embroidered Khaki Table Runner, Table Mat, European Gauze Fabric, Polyester, Customizable Size, Indoor Decoration, Festival Decoration, Four Seasons Universal, Party Wedding Decorations"
166,Unranked(New),General-Home-Textile,873.9999999999999,4.0,300,0.0,"1pc Appliques Decor Cushion Cover, Flower Design Throw Pillowcase For Sofa, Home Decor, Pillow Insert Not Include"
167,#2 Best Sellers,in Wall Hanging,522.5,4.0,0,0.0,"1pc-Hanging Photo Frame With 18 Clips, Wooden Bead Decoration Hanging Frame Clip, Wooden Bead Hanging Photo Frame, Suitable For Dormitory, Classroom, Bedroom, Home Decoration, Office Decoration"
168,Unranked(New),General-Home-Textile,776.15,4.0,300,53.0,"1 Simple High-End Office U-Shaped Nap Pillow, Ergonomic And Multi-Functional Nap Pillow."
169,Unranked(New),General-Home-Textile,983.25,12.0,10,10.0,4Pcs Dining Chair Slipcovers Stretch Chair Covers Chair Seat Covers Removable Washable Chair Protectors For Dining Room
170,Unranked(New),General-Home-Textile,851.2,4.0,600,43.0,1pc Round Seat Cushion Pumpkin Throw Pillows Solid
171,Unranked(New),General-Home-Textile,798.0,4.0,200,0.0,"1pc/2pcs Car Neck And Lumbar Support Pillow, Resting Head Cushion, Office Chair Back Support Pillow, Memory Foam Breathable Travel Lumbar Pillow, Car Driving Posture Cushion For Back And Neck Pain Relief, Car Interior Decoration Accessory"
172,Unranked(New),General-Home-Textile,1614.05,4.0,10,54.0,Machine Washable Distressed Area Rug Non Slip Stain Resistant Indoor Carpet Low Pile Floral Print Entrance Mat Home Decor Front Door Mat For Bedroom Kitchen Living Room Dining Room Bathroom
173,Unranked(New),General-Home-Textile,142.5,4.0,800,0.0,12/10/4pcs Magic Cleaning Cloth Thickened Double -Sided Metal Steel Wire Rags Kitchen Dish Pot Washdishing Cloths Towel Clean Tools
174,#2 Best Sellers,in Household Textile Sundries,152.0,4.0,0,0.0,Face Washing Wristband Artifact. Absorbent Sweatband For Sports. Sweat Wristband For Washing And Moisturizing. Face Washing And Moisture-Proof Three-Piece Set. Coral Fleece Hairband And Wristband Set For Women's Personal Care And Moisture Protection.
175,Unranked(New),General-Home-Textile,873.9999999999999,4.0,400,0.0,"2024 New DeramHy Home 1 Piece Green Cute Funky Bathroom Rugs Non Slip Washable, Shaggy Soft Absorbent Funny Cool Unique  Accent Throw Carpet Small Area Rugs For Bedroom Bathroom Dorm Kitchen Rude Swear Words Rug"
176,#6 Best Sellers,in Sheet Sets with Pillowcases,691.6,6.0,0,30.0,"3pcs Solid Color Light Pink Satin Fitted Sheet Set Simulation Silk Fitted Sheet Set With 1pc Fitted Sheet+2pcs Pillow Case Without Filler, Modern Soft Bedding Set For Household"
177,#5 Best Sellers,in Kitchen & Table Linens,484.49999999999994,4.0,0,0.0,"1pc Independence Day Table Runner, Striped Stars 4th Of July Table Runner, For Memorial Day Home Kitchen Dining Decor, Party Decoration, Gift, Holiday Decorations, Room Decor, Scene Decor,"
178,#9 Best Sellers,in Compressed Towels,275.5,4.0,0,0.0,"14pcs Compressed Towel, Portable Disposable Towel, Dry And Wet Dual-Use Thickened Towels, Suitable For Outdoor Travel & Camping"
179,Unranked(New),General-Home-Textile,3287.0,4.0,10,0.0,"4pcs Washed Double Layer Polyester Fabric White/pink Floral Printed Duvet Cover With Zipper, Bed Sheet And Pillowcases Set, Very Soft And Comfortable, Suitable For All Seasons"
180,Unranked(New),General-Home-Textile,222.29999999999998,4.0,500,10.0,"1pc- Magnetic Curtain Tiebacks Rope Modern Handmade Curtain Tie Backs Decorative Drapes Weave Holdbacks For Window Décor, Black"
181,Unranked(New),General-Home-Textile,1436.3999999999999,4.0,100,30.0,Pintuck Design Duvet Cover Set Without Filler
182,Unranked(New),General-Home-Textile,171.0,4.0,70,0.0,"Transparent Chair Leg Caps, Silent And Durable Floor Protector Pads For Table And Chair Legs, Silicone Stool Foot Covers And Felt Pads To Reduce Noise (4pcs, Medium Size)"
183,#4 Best Sellers,in Quilts,2057.7,4.0,0,37.0,"3pcs/set Teal Blue Flower Embossed Duvet Cover Set (1pc Comforter Cover & 2pcs Pillowcase), Modern Fabric Duvet Cover Set Without Filler For Home"
184,Unranked(New),General-Home-Textile,204.25,4.0,200,61.0,Set Of 2 Purple Butterfly Printed Kitchen Dish Towels 45 X 70cm Watercolor Butterfly Design Home Sweet Home Decorative Hand & Tea Towels Suitable For Spring Cooking Baking Bathroom Cleaning Wet Wipes
185,Unranked(New),General-Home-Textile,836.0000000000001,4.0,100,10.0,Women's Plus Size Spaghetti Strap Cover Up Bikini Beach V Neck Backless Wrap Short Dress Women's Beach Bikini Cover Up Swim Wrap Beach Swimwear Beachwear Long Dress Swimsuit Coverups
186,Unranked(New),General-Home-Textile,218.49999999999997,4.0,200,0.0,"1pc White/Black No Drill Curtain Rod, Simple Iron Adjustable Curtain Rod, Wardrobe Pole Suitable For Kitchen, Bathroom, Wardrobe, Shoe Rack, Etc."
187,Unranked(New),General-Home-Textile,513.0,4.0,1800,0.0,1pc Door Mat With Flower And Text Printed Pattern
188,#1 Best Sellers,in Lumbar Pillow & Chair Cushions,1064.0,4.0,0,0.0,"1pc Cartoon Design Plush Bread Design Chair Cover, Polyester Apricot Chair Pad For Household"
189,Unranked(New),General-Home-Textile,2436.75,10.0,0,25.0,3pcs Simple Style White Button Closure Bedding Set (1 Duvet Cover & 2 Pillowcases)
190,#4 Best Sellers,in Oven Mitts & Oven Sleeves,247.0,4.0,0,0.0,"2pcs Kitchen Silicone Products For Home Use, Including Microwave & Oven Heat-Insulated Silicone Hand Clip Glove, Thickened, Heat-Resistant And Non-Slip"
191,#8 Best Sellers,in Bathrobe,902.5,4.0,0,0.0,SHEIN Basic living Exclusive Quick Dry Microfiber Adjustable Spa Bath Body Wrap Towel Holiday Gift—Fresh Lavender
192,#4 Best Sellers,in Bed Skirts,651.7,5.0,0,38.0,LongNap™ Super Soft Microfiber Bed Skirt
193,Unranked(New),General-Home-Textile,176.70000000000002,4.0,400,31.0,"Reusable Bamboo Paper Towels - Multifold, Continuous Roll, Wetand Dry Kitchen Dishcloths Hand Towel Rolls Organic Dishwashing Cloth-50/100/200 Sheets,Style Random"
194,#9 Best Sellers,in Bathroom & Laundry Mats,655.5,4.0,0,0.0,"1Pc Thickened 0.47inch/1.2cm Chic Text Pattern Comfort Rug - Non-Slip, Washable And Durable Rug For Laundry Room, Kitchen, Bathroom And More"
195,Unranked(New),General-Home-Textile,1741.35,4.0,500,3.0,1PC Furry Carpet Nordic Style Solid Color Children's Rug Modern   Bedroom Living Room Large Size Non Slip Children's Room Floor Mat
196,#2 Best Sellers,in Pillowcases & Shams,551.0,9.0,0,0.0,"2PCS White Silk Satin Pillowcase For Hair And Skin, Gift For Women Man, Solid Color Slip Pillow Cases Set Of 2, Cooling Pillow Covers With Envelope Closure, Luxury Bed Pillow Cover, Ultra Soft Hotel Pillow Protector, Standard Queen KingSize"
197,Unranked(New),General-Home-Textile,527.25,4.0,200,39.0,"1pc Quick Drying Microfiber Beach Towel For Gaming Enthusiasts - Perfect For Pool, Bathroom, Camping, And Traveling"
198,Unranked(New),General-Home-Textile,3344.0000000000005,5.0,1100,0.0,1pc Soft And Comfortable Plush Bed Blanket
199,Unranked(New),General-Home-Textile,976.5999999999999,7.0,0,25.0,"1pc Minimalist Solid Color Flannel Skin-friendly Single Size Fitted Sheet, Antibacterial/ Anti Mite/ Anti Wrinkle Polyester Fiber, Soft Comfortable And Machine Washable Mattress Protective Cover, Suitable For Bedroom, Guest Room, Student Dormitory, All Seasons"
200,Unranked(New),General-Home-Textile,627.0,4.0,400,0.0,"1pc Cartoon Snack Print Blanket, Flannel Blanket Ultra Soft Comfortable Gift Blanket For Home & Travel Couch Sofa Bed"
201,Unranked(New),General-Home-Textile,517.75,5.0,1100,25.0,Bathroom diatom mud floor mat absorbent mat Toilet door quick drying non-slip mat Foot mat Toilet kitchen carpet soft mat
202,#2 Best Sellers,in Eyemasks & Earmuffs,47.5,4.0,0,71.0,"100pcs/Set Waterproof Ear Covers Shower Ear Covers Clear Disposable Ear Protectors For Bathing, Hair Dying, Salon"
203,Unranked(New),General-Home-Textile,1102.0,4.0,500,0.0,""" Bathroom Mat, Cute Anti-slip Ultra-fine Fiber Water Absorbent Bathroom Carpet, Funny Bathroom Decoration For Colorful Bathtubs And Showers, Machine Washable, 20\""""x30\""""/16\""""x24\"""""""
204,Unranked(New),General-Home-Textile,513.0,4.0,400,0.0,"Laundry Room Rug Runner, Non Slip Laundry Mats, SuperAbsorbent Mudroom Runner, Farmhouse Kitchen Floor Mat, BathroomLaundry Room Decor Accessories"
205,#1 Best Sellers,in Mattress Protectors & Encasements,1190.35,4.0,0,25.0,"1pc The Safest 100% Waterproof Zippered Mattress Protector - Fits 9-12 Inch Bed, Breathable & Noiseless Mattress Cover, Low Allergenicity, Mattress Cover With Zipper"
206,#8 Best Sellers,in Kitchen Mats & Rugs,513.0,4.0,0,0.0,"1pc Classic Sunflower Pattern Kitchen Mat, Modern Country Style Thick Resilient Water Absorbent Fast Dry Anti-Slip Floor Mat, Suitable For Living Room, Dining Room, Kitchen, Sink, Indoor Entrance Decoration. , Skin-Friendly, Anti-Fatigue Kitchen Floor Mat, Easy To Clean And Durable. Suitable For Parties, Festivals, Gatherings, Gifts, Dinners, Etc. Carpet, Door Mat, Kitchen Mat, Area Rug, Kitchen Supplies, Kitchen Decoration, Kitchen Floor Mat, Kitchen Set, Foam Mat"
207,#7 Best Sellers,in Area Rugs & Sets,389.49999999999994,4.0,0,0.0,1pc Home Decor Plush Heart Shaped Anti-Slip Floor Mat For Living Room & Bedroom
208,Unranked(New),General-Home-Textile,1783.1499999999999,4.0,100,45.0,Tassel Decor Duvet Cover Set Without Filler
209,Unranked(New),General-Home-Textile,1024.1,4.0,20,45.0,2pcs Blue Branch Pattern Translucent Sheer Curtain
210,Unranked(New),General-Home-Textile,1292.0,4.0,600,0.0,Fleece Throw Blanket for Couch or Bed - 3D Imitation Turtle Shell Jacquard Decorative Blankets - Cozy Soft Lightweight Fuzzy Flannel Blanket Suitable for All Seasons
211,Unranked(New),General-Home-Textile,174.8,4.0,40,44.0,1pc Cartoon Style Rooster Printed Kitchen Apron Kitchen Supplies
212,#1 Best Sellers,in Mattress Toppers,2849.0499999999997,4.0,0,50.0,"Memory Foam Mattress Topper For Pressure Relief For Back Pain, Soft & Breathable,CertiPUR-US Certified"
213,Unranked(New),General-Home-Textile,171.0,4.0,100,0.0,"5/20pcs Microfiber Car Cleaning Towel, Potless, Shine For Automobile & Motorcycle  Black Friday"
214,Unranked(New),General-Home-Textile,467.4,4.0,100,12.0,"1pc I Am  Coming In Black & Grey Printed Polyester Brown Dirt-Resistant Kitchen Mat, Anti-Slip Floor Carpet For Hallway, Laundry Room And Entrance, Washable Home Rug For Bathroom And Doormat, Decorative Mat"
215,#9 Best Sellers,in Decorative & Throw Pillows,836.0000000000001,4.0,0,0.0,Shell Design Decorative Pillow
216,#4 Best Sellers,in Curtain explosion recommended,206.15,4.0,0,30.0,"1pc Rainbow Electrostatic Sticker Window Film, Colorful Glass Film, Anti-UV Window Curtains Sticker, Anti-Sunlight, Heat Insulation, Anti-UV, Suitable For Privacy Window Film"
217,Unranked(New),General-Home-Textile,484.49999999999994,4.0,100,0.0,1pc Country Lemon Alphabet Patterned Absorbent Floor Mat For Living Room Home Decor
218,Unranked(New),General-Home-Textile,99.75,4.0,600,25.0,"5Pcs Magic Cleaning Sponge Eraser, Foam Cleaning Pads, Multi-Functional Household Cleaning Kitchen Dish Sponges, Nano Sponge Block Wipe Tool"
219,Unranked(New),General-Home-Textile,1092.5,4.0,20,0.0,"4pcs Waterproof Dining Chair Slipcover, Furniture Protector For Bedroom Office Living Room Home Decor"
220,Unranked(New),General-Home-Textile,228.0,4.0,90,0.0,"1pc Luxury Alloy Curtain Buckle, No Drill Or Installation Needed, Window Decorative Accessory To Beautify Your Home"
221,#1 Best Sellers,in Flat Sheets,711.5500000000001,6.0,0,25.0,"LongNap™ 1pc Premium Silky Satin Flat Sheet, Soft Breatheable Wrink-Free Better For Sleep, Luxury Hotel Style, Gift For Mom Dad Friend, Pink"
222,Unranked(New),General-Home-Textile,275.5,4.0,100,0.0,"5pcs/10pcs Simple White Face Towel, Hotel Lint-Free Towel For Bathroom, Soft Absorbent Face Towel, Bathroom Supplies"
223,#1 Best Sellers,in hot sale curtain accessories,180.5,4.0,0,0.0,"2pcs Delicate Curtain Tiebacks With Small Faux Pearl, For Bedroom Living Room Home Decor,Window Tie Tie Fixer Decorative Rope Fixer, Classic Tie Design, Suitable For Room, Office"
224,Unranked(New),General-Home-Textile,503.5,4.0,300,0.0,"1pc Leaf & Sun Print Table Runner, Simple Abstract Table Decorative Cloth For Kitchen"
225,Unranked(New),General-Home-Textile,494.0,4.0,400,0.0,1PC Furry Carpet Nordic Style Solid Color Children's Rug Modern   Bedroom Living Room Large Size Non Slip Children's Room Floor Mat
226,Unranked(New),General-Home-Textile,376.2,4.0,200,44.0,2pcs Mr and Mrs Heart Print Pillowcase Without Filler
227,Unranked(New),General-Home-Textile,788.5000000000001,4.0,200,0.0,"1pc Vintage Faded Pink Style Area Rug, Traditional Bohemian Polyester Fiber Rectangular Carpet, Easy To Clean And Wash, Suitable For Living Room, Hallway, Bedside, Bedroom, Office, Kitchen, Farmhouse Home Decor"
228,#5 Best Sellers,in Compressed Towels,226.1,4.0,0,12.0,"14pcs/Set Compressed Disposable Towel, Thick And Compressed Disposable Face Cloth, For Both Wet And Dry Use, Suitable For Travel And Home Use, Ideal For Business Trips"
229,Unranked(New),General-Home-Textile,2052.0,4.0,20,0.0,"2pcs Home Decorative Curtains, Pink Plum Blossom Pattern Curtain Set, With Rod Pocket Design, Suitable For Kitchen, Coffee Shop, Living Room."
230,Unranked(New),General-Home-Textile,604.2,4.0,400,36.0,"4-Piece Floral Spring Pillow Covers 18x18 Inch- Farmhouse Decoration, Suitable For Home, Car, Sofa, Couch-Pink Tulip And Bicycle Design- (Pillow Core Not Included)"
231,#2 Best Sellers,in Door Curtains,509.20000000000005,4.0,0,31.0,"1 Set Magnetic Screen Door, Self Sealing Heavy Duty Hands Free Mesh Partition, Keeps Bugs Out, Pet And Kid Friendly, 39 Inch X 82inch"
232,Unranked(New),General-Home-Textile,532.0,4.0,700,0.0,1pc Polka Dot & Slogan Graphic Table Runner
233,Unranked(New),General-Home-Textile,522.5,4.0,100,0.0,"2 Highland Cow Kitchen Dish Towels 45x70 Cm Country Farmhouse Cutlery Cute Cow Decor Hand Tea Towel For Kitchen Home Cooking Baking Cleaning,"
234,#2 Best Sellers,in Decorative & Throw Pillows,1149.5,4.0,0,0.0,Twist Round Cushion
235,#1 Best Sellers,in Kitchen Window Curtains,655.5,4.0,0,0.0,"1panel Valance/2panel Cafe Curtain Farmhouse Kitchen Curtains, Rod Pocket Rustic Country Short Small Fork And Spoon Knife Savor Vintage Window Treatment Suitable For Kitchen Bedroom Study Cafe Living Room Home Decor"
236,Unranked(New),General-Home-Textile,1548.5,4.0,500,0.0,1pc Star Shaped Decorative Pillow
237,#5 Best Sellers,in Mosquito Net,1557.9999999999998,4.0,0,0.0,1pc Solid Color Mosquito Net
238,#4 Best Sellers,in Door Mats,513.0,4.0,0,0.0,"1pc Fun Welcome Mat, Please Take Off Your Shoes Modern Minimalist Water-Absorbent And Quick-Drying Entrance Carpet Anti-Slip Novelty Gift Mat, Mud And Dirt Removing Non-Slip Indoor Entrance Mat, Machine Washable And Easy To Clean, Entrance Decor Mat, Water-Absorbent And Quick-Drying Bathroom Mat, Suitable For Various Scenes Such As Living Room, Bedroom, Kitchen, Bathroom And Parties, Gatherings, Festivals, Gifting, Carpet, Door Mat, Kitchen Mat, Area Rug, Bathroom Mat, Decorative Carpet, Home Decor, Bathroom Mat"
239,Unranked(New),General-Home-Textile,1389.8500000000001,4.0,20,25.0,"Outdoor Carpet Suitable For Patios, Waterproof Rv Camping Mat, Reversible Plastic Grass Carpet For Gaps, Indoor Outdoor Rv Campers, Apartment Balconies, Swimming Pools, Beaches"
240,Unranked(New),General-Home-Textile,163.4,4.0,200,18.0,"1pc/2pcs Leaf Shaped Curtain Tie Backs, Metallic Window Curtain Holdbacks For Modern Home Decor, Suitable For Living Room, Bedroom, Office Window Treatment"
241,#3 Best Sellers,in Area Rugs & Sets,1011.75,4.0,0,14.0,DeramHy Home 1 Piece You Look Good Bath Mat Black And White Bathroom Rugs Funny Cute Bathroom Decor Preppy Small Cool Rug Non Slip Microfiber Washable Absorbent Shower Rug
242,Unranked(New),General-Home-Textile,513.0,4.0,500,0.0,FRIENDS X SHEIN 1pc Purple Apron With Letter And Cartoon Print
243,Unranked(New),General-Home-Textile,499.7,5.0,200,26.0,"1pc Warm and Cozy Imitation Flannel Blanket for Couch, Bed, and Sofa - Soft and Soothing Throw Blanket"
244,#8 Best Sellers,in Chair Covers,111.14999999999999,4.0,0,22.0,"4pcs Silicone Chair Foot Cover, Minimalist Plain Anti-slip Chair Foot Cover For Home"
245,Unranked(New),General-Home-Textile,2633.4,4.0,100,40.0,"1pc Bedroom, Living Room, Tatami, Large Area, Full Cover, High Pile, Stain Resistant Carpet, Floor Mat With Silk And Wool Material For Girls"
246,Unranked(New),General-Home-Textile,560.5,4.0,70,0.0,"1pc Laundry Room Modern Home Decor Non-Slip Floor Carpet Mat With English Letters, Suitable For Living Room Bedroom Bathroom Entrance And More"
247,Unranked(New),General-Home-Textile,1621.65,8.0,90,41.0,"Solid Reclining Loveseat With Middle Console Slipcover, 4 Piece Polyester Fabric Stretch Reclining Sofa Covers"
248,#10 Best Sellers,in Door Mats,532.0,4.0,0,0.0,"1pc Slogan Graphic Door Mat, Modern Polyester Floor Mat For Home"
249,Unranked(New),General-Home-Textile,959.5,7.0,40,0.0,"1pc Throw Blanket, 300 GSM Flannel Fleece Blanket, Soft Cozy Blanket For Kids, Cute Small Blanket For Travel And Bed, 28""X40"", Purple"
250,Unranked(New),General-Home-Textile,627.0,4.0,600,0.0,"HARRY POTTER X SHEIN 1pc Slogan Graphic Non-slip Bath Rug, Modern Polyester Absorbent Toilet Mat For Bathroom"
251,#4 Best Sellers,in Pillowcases & Shams,693.5,14.0,0,0.0,"2 pcs Pillowcase for Hair and Skin, Silk Satin Pillowcase Pillow Cases Set of 2, Silky Pillow Cover with Envelope Closure"
252,Unranked(New),General-Home-Textile,275.5,4.0,100,0.0,"Pop-Up Protective Mesh Food Cover Dome: Lightweight, Durable & Hygienic Tent For Outdoor Picnic Freshness"
253,Unranked(New),General-Home-Textile,1267.3,6.0,700,22.0,"3pcs Satin Duvet Cover Set, Imitation Silk Bedding Set, Solid Color Quilt Cover Set (1pc Duvet Cover And 2pcs Pillowcases)"
254,Unranked(New),General-Home-Textile,199.5,4.0,300,0.0,"4pcs Exfoliating Bath Mitts, Scrubbing Gloves For Shower"
255,Unranked(New),General-Home-Textile,1706.2,4.0,30,30.0,1set Elastic Milk Silk Waterproof Sofa Cover With Cushion Cover For Home Decoration
256,Unranked(New),General-Home-Textile,1094.3999999999999,4.0,600,20.0,"Plush Polyester Material All Seasons Unique Shape Pink Double Flower Cartoon Design Anti-slip Tpr Bottom Soft, Absorbent, Comfortable, Machine Washable, Hand Washable, Easy To Clean, Suitable For Bathroom Sink, Shower, Bathtub Floor Mat-1pc"
257,Unranked(New),General-Home-Textile,589.0,4.0,800,0.0,Upgraded U-shape Travel Pillow Supporting Pillow
258,#2 Best Sellers,in Customized Tapestry,218.49999999999997,4.0,0,0.0,"1pc Customizable Personalized Tapestry With Photos And Text, For Birthday, Wedding, Halloween, Christmas, Party, Father's/Mother's Day, Home Decor, Bedroom Aesthetics"
259,Unranked(New),General-Home-Textile,2550.75,4.0,10,25.0,"3pcs Cloud Print Double-layer Gauze Washed Quilt Cover And Pillow Case Set, Full/queen/king, Strawberry, Soft & Comfortable, Suitable For All Seasons"
260,Unranked(New),General-Home-Textile,372.4,18.0,500,30.0,"2pcs Satin Solid Color Pillowcase, Soft Pillow Cover With Envelope Closure For Bedroom, Bedding Supplies"
261,Unranked(New),General-Home-Textile,997.5,5.0,400,0.0,"1pc Grey Irregular Shaped Rug, Modern Polyester Non-slip Floor Carpet For Living Room And Bedroom"
262,#10 Best Sellers,in Place Mats,266.0,4.0,0,0.0,1pc/4PCS Solid Color Western Placemats Hibiscus Flower PVC Placemats Openwork Hot Stamping Placemats Coasters Heat Insulating Mats Coffee Mats Table Home Decoration Mats
263,#4 Best Sellers,in Carpet,1035.5,4.0,0,0.0,"Fifty One Hundred Dollars, Fifty One Hundred Two Hundred Five Hundred Pounds, Coin Creatived Sofa Blanket Coffee Table Mat, Kitchen Bedroom Living Room In Various Sizes, Blue Pink Black Grey Yellow Color, Decorated With High-End Printing, Can Be Machine Washed And Avoid Spin-Drying Carpet."
264,#2 Best Sellers,in Bath Pillows,973.75,4.0,0,28.0,1pc Hanging Bath Pillow
265,Unranked(New),General-Home-Textile,1216.0,4.0,500,0.0,1pc Letter Tufted Bath Rug
266,Unranked(New),General-Home-Textile,475.0,6.0,1700,0.0,"1pc Memory foam bath mat U-shaped, Commode outline carpet, soft and comfortable, super absorbent, non-slip, thick, machine washable, easy to dry, suitable for the bathroom"
267,#4 Best Sellers,in Decorative & Throw Pillows,741.0,4.0,0,4.0,1pc Black 8 Ball Plush Pillow Toy Sofa Cushion Living Room Decoration
268,Unranked(New),General-Home-Textile,655.5,4.0,200,0.0,"1pc Slogan Graphic Polyester Bath Rug, Creative Letter Design Soft Plush Mat For Bathroom"
269,Unranked(New),General-Home-Textile,3685.9999999999995,4.0,0,0.0,"3pcs Floral Bedding Set Twin Queen King Size Pink Flowers Comforter Set Pink Lavender Flowers Garden Bedding Ultra Soft Microfiber Lightweight Fluffy Comforter 3 Pcs with 2 Pillowcases,Twin, Queen,King,"
270,#9 Best Sellers,in Travel Pillows,380.0,4.0,0,0.0,Travel Washable Neck Cushion  Pillow Inflatable Air Blow Up Travel Pillow Airplane Inflatable Neck Pillow Travel Accessories Comfortable Sleep Pillows Camping Portable Outdoor Sleeping Bag Pillow Stonego Life Supplies
271,Unranked(New),General-Home-Textile,750.5,4.0,800,0.0,"1pc Footprint Design Door Mat, Cartoon Polyester Anti-slip Indoor Outdoor Rug For Home, All Season"
272,Unranked(New),General-Home-Textile,556.7,4.0,400,11.0,1pc Solid Color Single-Sided Heart Shaped Pillowcase (Pillow Core Not Included) Home Living Room Bedroom Decorative Love Pillowcase
273,Unranked(New),General-Home-Textile,1007.0,4.0,70,0.0,1pc Shell Pattern Decompression Cushion Plush Pillow Shell Shaped Throw Pillow For Living Room Decor Home Decor Couch Bedroom
274,#9 Best Sellers,in Couch & Sofa Decor,313.5,5.0,0,0.0,"1pc Solid Color Waterproof Chair Seat Cover, Modern Polyester Dining Chair Seat Cover For Home"
275,Unranked(New),General-Home-Textile,845.5,4.0,300,0.0,"1pc Waterproof Fitted Sheet, Waterproof Mattress Protector Cover, Machine Washable, Soft And Comfortable Bedding For Bedroom, Rhombus Pattern, Perfect Fit For Twin Full King Queen All Size Bed"
276,#6 Best Sellers,in Towels,228.0,4.0,0,0.0,"5/10/15pcs Simple White Face Towel, Hotel Lint-Free Towel For Bathroom, Soft Absorbent Face Towel, Bathroom Supplies(9.8in*9.8in)"
277,Unranked(New),General-Home-Textile,370.5,4.0,500,0.0,1pc Solid Plush Cushion Cover Without Filler
278,Unranked(New),General-Home-Textile,591.85,4.0,100,25.0,"One, Size 150 Cm X 75 Cm, Tropical Coconut Tree, Sunset Landscape Pattern, Color, Cute, Microfiber, Rectangular Soft Absorbent Beach Towel, Digital Print, Beach Supplies, Outdoor Summer Beach Towel, Swimming Pool, Travel, Beach, Yoga"
279,Unranked(New),General-Home-Textile,967.1,4.0,0,45.0,Black Waterproof Mattress Protector Soft And Breathable Fitted Sheet With 14-Inch Deep Pocket
280,Unranked(New),General-Home-Textile,1073.5,4.0,700,0.0,THE POWERPUFF GIRLS X SHEIN Red Plush Girl Shaped Pillow
281,Unranked(New),General-Home-Textile,104.50000000000001,4.0,2000,0.0,"Disposable Drain Sticker With Filter Net For Kitchen & Bathroom, Hair And Insect Filter Sticker"
282,Unranked(New),General-Home-Textile,902.5,4.0,200,0.0,Set of 4 Throw Pillow Covers Fashion Daisy Decorative Throw Pillow Cases Sofa Cushion Covers Outdoor Cushion for Sofa Couch Bed Chair
283,Unranked(New),General-Home-Textile,1077.3,6.0,300,10.0,1pc Faux Wool Bedroom Anti-slip Floor Mat
284,#10 Best Sellers,in Duvet Covers Sets,1353.75,11.0,0,25.0,"3pcs/set Gamepad Pattern Duvet Cover Set Without Filler, Modern Polyester Bedding Set For Home"
285,#10 Best Sellers,in Blankets,579.5,9.0,0,0.0,"1pcStitch Cozy Flannel Blanket, Cartoon Super Soft Warm And Durable Throw Blanket, Warm And Comfortable Flannel Cartoon Blanket For Bedroom Sofa Living Room"
286,Unranked(New),General-Home-Textile,778.9999999999999,4.0,100,0.0,"Bird & Floral Pattern Cushion Cover, Embroidered Throw Pillow Case, Pillow Insert Not Include, For Sofa, Living Room"
287,Unranked(New),General-Home-Textile,275.5,4.0,400,0.0,"Geometric Pattern Cushion Cover Without Filler, Modern Polyester Throw Pillowcase For Home Decor"
288,Unranked(New),General-Home-Textile,627.0,4.0,100,25.0,"1pc Crystal Velvet Knot Ball Cushion Decoration For Sofa, Window, Living Room"
289,Unranked(New),General-Home-Textile,2641.0,4.0,40,0.0,Grommet 100% Blackout Curtains For Bedroom And Living Room - 2 Panels Thermal Insulated Room Darkening Window Curtains
290,#5 Best Sellers,in Curtain Tracks & Accessories,177.65,4.0,0,2.0,"1 Set/2pcs Multi-Color Hookless Curtain Tiebacks With Faux Pearl, Pearl Decorated Cord Tieback For Sheer Or Transparent Curtains"
291,Unranked(New),General-Home-Textile,285.0,4.0,300,0.0,SHEIN X Care Bears Coral Fleece Cute Embroidered Hair Drying Hat
292,#10 Best Sellers,in Pillowcases & Shams,323.0,9.0,0,0.0,1pc Satin Pillowcase Without Filler
293,Unranked(New),General-Home-Textile,152.0,4.0,800,0.0,"1/2pcs Bathtub Drain Strainer/Hair Catcher Stainless Steel Filter Basket, Fits 1.65""-3.0"" Drain, Ideal For Shower, Bathroom, Laundry Room"
294,#6 Best Sellers,in Decorative & Throw Pillows,1206.5,4.0,0,0.0,"Woven Knotted Ball Shaped Pillow Cushion, Sofa Cushion And Backrest"
295,Unranked(New),General-Home-Textile,1111.5,4.0,1300,0.0,"1pc Butterfly Bohemian Style Polyester Waterproof Thermal Insulated Home Decor Shower Curtain, With 12 Hooks; Or 4pcs 1.3cm Thick Anti-Slip Memory Foam Bathroom Mat Set, For Bathroom Decoration, Full Scenarios Usage"
296,Unranked(New),General-Home-Textile,940.5,4.0,500,0.0,SHEIN X Care Bears Blue Heart Shaped Teddy Bear Pillow
297,Unranked(New),General-Home-Textile,263.15,4.0,100,21.0,"1pc Hand-Woven Water Gourd Straw Round Placemat For Dining Table, Heat Insulation, Anti-Scalding, Drainage Cushion For Cups And Bowls Camping"
298,Unranked(New),General-Home-Textile,1301.5,4.0,1200,0.0,"Anti-Slip Shower Mat, Bathtub Mat With Suction Cups And Drain Holes, 27x14 Inches, Massaging Foot Cushion For Bathroom, Mold & Mildew Resistant, Non-Slip Bathtub Mat"
299,Unranked(New),General-Home-Textile,794.1999999999999,4.0,0,45.0,1pc Half-round Shaped Sofa Slipcover Set (2pcs Included)
300,Unranked(New),General-Home-Textile,2165.0499999999997,4.0,400,53.0,"4pcs Outdoor Throw Pillows Inserts , Waterproof Pillow Core, Home Decor, White Decorative Square Cushion Inner For Patio, Furniture, Bed, Living Room, Garden"
301,Unranked(New),General-Home-Textile,538.65,4.0,400,10.0,1pc Plain Plush Cushion Cover Without Filler
302,Unranked(New),General-Home-Textile,313.5,4.0,700,0.0,"1pc Fun Alphabet Creative Waterproof And Stain-Proof Apron, Kitchen And Household Cooking Bib, Kitchen Home Apron"
303,Unranked(New),General-Home-Textile,1230.25,11.0,100,30.0,3pcs/Set Polyester Fiber Ab Side Color Block Duvet Cover Set
304,#8 Best Sellers,in Lumbar Pillow & Chair Cushions,541.5,4.0,0,0.0,1pc Pink Round Seat Cushion
305,#8 Best Sellers,in Decorative & Throw Pillows,617.5,8.0,0,0.0,"1pc Flower Design Decorative Pillow, Modern Corduroy Decorative Pillow For Home"
306,Unranked(New),General-Home-Textile,1149.5,4.0,300,0.0,"1pc Cherry Petal Pillow Girl Heart Floating Window Bedroom TatamiLiving Room Pillow Flower Back Cushion Christmas, Halloween.Thanksgiving Gift"
307,Unranked(New),General-Home-Textile,798.0,4.0,300,0.0,"1pc Leisure Beach Flip Flop Patterned Beach Towel, Large Microfiber Beach Blanket With Strong Water Absorption, Suitable For Traveling, Swimming, Diving, Surfing, Yoga, Camping, Adult And Kids, Beach Accessories In Multiple Sizes"
308,Unranked(New),General-Home-Textile,793.25,4.0,100,22.0,"2pcs/Set High-Density Bath Skirt & Bath Cap Combo, Simple Style, Soft, Absorbent, Quick Drying, Non-Shedding, Bow Tie Decoration With Pockets, Suitable For Bathroom, Kitchen, Bedroom, Living Room All Seasons"
309,Unranked(New),General-Home-Textile,1596.0,4.0,10,0.0,"1pc Comfortable Mexican Pastry Pattern Circular Flannel Blanket, Soft, Warm, And High Definition Digital Printing"
310,Unranked(New),General-Home-Textile,503.5,9.0,300,0.0,1pc Rectangle Shape Plush Living Room Bedroom Floor Mat
311,#3 Best Sellers,in Window Stickers & Films,309.7,4.0,0,31.0,"1pc 45*100cm Colored Crescent Moon Pattern Glass Film, Semi-Transparent Sticker With Office Shimmering Effect, Window Light Blocker"
312,#9 Best Sellers,in Blankets & Throws,608.0,5.0,0,0.0,"1pc   Flannel Blanket, Soft And Warm All-Season Gift Square Blanket, For Bed Chair And Car Sofa"
313,Unranked(New),General-Home-Textile,1111.5,4.0,1600,0.0,300gsm Leopard Pink Super Soft Flannel Blanket 1pc Jacquard Cozy Blanket Super Soft Lightweight Fluffy Throw for Couch Bed
314,Unranked(New),General-Home-Textile,921.4999999999999,4.0,300,0.0,"2pcs Solid Fuzzy Cushion Cover Without Filler, Modern Polyester Decoration Throw Pillow Cover For Home"
315,#3 Best Sellers,in Place Mats,912.0,4.0,0,0.0,"4/6/8pcs 15-Inch Round Woven Placemats, Washable Kitchen Table Mats, Suitable For Home Gatherings, Wedding Parties (Creamy Coffee)"
316,#3 Best Sellers,in Tabletop Mat,712.5,4.0,0,0.0,"1pc 0.5mm Thick Transparent PVC Table Mat, Oil-Proof, Waterproof, Scratch-Resistant, Plastic Desk Protector Cover Suitable For Home, Hotel, Tablecloth, Home Decoration"
317,Unranked(New),General-Home-Textile,959.5,17.0,300,0.0,"1pc Plain Color Fluffy And Soft Skin-Friendly Fine Plush Blanket, Multi-Size Multi-Functional Blanket, Suitable For Air Conditioning And Summer Time, Ideal For Bed, Sofa, Chair, Office And Outdoor Use - Double-Sided Throw Blanket"
318,Unranked(New),General-Home-Textile,1102.0,4.0,300,0.0,"3pcs Bathroom Rug Set Including Bath Mat, Contour Mat, And Toilet Lid Cover, Machine Washable, Super Soft Microfiber And Non-Slip Bathroom Rug With Anti-Skid Backing, Pink"
319,Unranked(New),General-Home-Textile,710.6,7.0,10,45.0,"1pc Brushed Skin-friendly Solid Single Bed Sheet, Polyester Fiber Dust Mite Resistant, Anti-wrinkle, Machine-washable, Soft And Comfortable, Fully Wrapped Mattress Cover, Suitable For Bedroom, Guest Room, Student Dormitory, All Seasons"
320,Unranked(New),General-Home-Textile,1662.5,5.0,60,30.0,Pom Pom Decor Solid Bedding Set Without Filler
321,Unranked(New),General-Home-Textile,294.5,5.0,500,0.0,1pc Outdoor Waterproof Throw Pillow Covers Decorative Square Cushion Case Patio Pillows For Couch
322,#1 Best Sellers,in Bed Skirts,884.45,4.0,0,30.0,Pom Pom Decor Bed Skirt
323,Unranked(New),General-Home-Textile,712.5,4.0,400,0.0,"1pc Fuzzy Cushion Cover Without Filler, Pink Plush Throw Pillow Case, Pillow Insert Not Include, For Sofa, Living Room"
324,Unranked(New),General-Home-Textile,494.0,4.0,60,0.0,"1pc Flannel Rectangular Bathroom Carpet With Printed Laundry Room Image, Made Of Polyester And Ultra-Fine Fiber Material, Soft And Comfortable, Backed With Snowflake Textured Non-Slip Base For Better Safety, Simple And Beautiful, Suitable For Everyday Use And Holidays In All Seasons"
325,Unranked(New),General-Home-Textile,253.65,4.0,700,19.0,"1pc Bohemian Gauze Tablecloth For Country Rustic Wedding Parties, Bridal Showers, Baby Showers, Birthdays, Holidays, Cake Table Decor, Romantic Dinner Decor, Dusty Blue"
326,Unranked(New),General-Home-Textile,228.0,4.0,40,0.0,"1pc Portable Beach Sand Removal Bag For Adults, Including Sand Brush, Reusable And Non-Slip Powder-Free, Essential Gear For Beach Vacation And Camping (No Talc)"
327,Unranked(New),General-Home-Textile,692.55,5.0,300,10.0,"1pair White Pillow Case Without Filler, Minimalist Polyester Quilted Bed Pillow Case For Home"
328,Unranked(New),General-Home-Textile,1462.05,4.0,10,10.0,"3pcs Black & White Polyester Printed Bedding Set With Heart Patterns Including Duvet Cover, Pillowcases, Suitable For All Seasons"
329,Unranked(New),General-Home-Textile,1577.0000000000002,4.0,500,0.0,"1pc Solid Fuzzy Fitted Sheet, Velvet Thermal Comfortable Fitted Bottom Sheet"
330,Unranked(New),General-Home-Textile,1035.5,4.0,200,0.0,"Parrot & Funny Snacks Pattern Flannel Blanket, Soft Sofa Throw Blanket, 1pc"
331,#1 Best Sellers,in Shower Curtains,1804.05,5.0,0,44.0,"HIG Ruffled Farmhouse Shower Curtain, Camel Frilly Feminine Bathroom Curtain With 3 Rows Of Handmade Butterfly Flowers, Elegant Cloth Bath Curtain For Bathroom Decor, 72"" X 72"", Microfiber"
332,Unranked(New),General-Home-Textile,209.00000000000003,4.0,100,0.0,"24pcs, Plastic Tablecloth Clips, High Elastic Tablecloth Clip, Storage Clips, Tablecloth Clips, Tablecloth Non-Slip Windproof Fixing Tool, Camping Accessories, Home Outdoor Restaurant Supplies"
333,#1 Best Sellers,in Kitchen & Table Linens,266.0,4.0,0,0.0,1pc Waterproof And Oil-Proof Kitchen Apron For Cooking And Eating With Cutlery In Home Kitchen
334,#3 Best Sellers,in Blackout Curtains & Shades,342.0,4.0,0,0.0,"1pc Beige 100% Full Light Blocking Thermal Insulated Blackout Curtain, Sun Glare And Heat Reducing, Room Darkening, UV Protection And Privacy Protecting, Suitable For Living Room, Bedroom, Office And Other Full Light Blocking Windows"
335,#2 Best Sellers,in Place Mats,275.5,4.0,0,0.0,"1pc, Bohemian Round Paper Placemat, Natural Tassel Table Pad, Western Food Table Mat, Coffee Table Pad, Thickened And Heat Insulation Mat, Non-Slip Table Decoration Pad, Home Decor (Please Note That The Material Of The Mat Is Paper And Cannot Be Washed)"
336,#5 Best Sellers,in Throws,788.5000000000001,4.0,0,0.0,"1pc  Stitch Blankets, Cute HD Printed Flannel Thin Blankets. Four Season Blankets Suitable For Sofas, Beds, Living Rooms, Travel, Soft And Warm Nap Office Shawl Blankets, Air-Conditioned Blankets, Bed Sheet Blankets, Camping Blankets, Gifts"
337,#4 Best Sellers,in Tapestry,323.0,6.0,0,0.0,"Mandala Print Tapestry, Wall Hanging Decoration Cloth For Home Decor"
338,Unranked(New),General-Home-Textile,1833.5,4.0,0,0.0,"Curtain Panels for Living Room and Kitchen, Thermal Insulated Room Darkening Drapes, Reduce Noise Set of 2 Panels"
339,#4 Best Sellers,in Duvets & Down Comforters,2564.0499999999997,6.0,0,0.0,"Craftsmanship Designed for Comfort: Classic box stitching design and frame allows the padding to be evenly distributed throughout each section for maximum comfort. Premium Filler: 240 GSM polyester microfiber allows for softness and warmth without the problem of clumping, feathers, odor, or sharp quills. Multiple Uses: Can be used alone as a comforter but also functions as a duvet insert to match your favorite sheets in all seasons. The four corner tabs make it extremely easy to quickly put on any duvet cover and secure the comforter in place. Quiet and Soft Cover: The cover material becomes very soft after brushed process, it has better moisture wick, more breathable and less pill than ordinary material. Higher softness also makes rubbing quieter to improve your sleep quality. Machine Washable & Dryer Friendly: Machine wash comforter in cold water on a gentle cycle, then air dry or tumble dry on low heat to maintain remaining durable, freshness, and comfort."
340,#10 Best Sellers,in Oven Mitts & Oven Sleeves,282.15000000000003,4.0,0,10.0,1pc Striped Heat Insulation Glove Duck-Mouth Shaped Stove Glove For Kitchen Baking Oven Color Random
341,Unranked(New),General-Home-Textile,2374.0499999999997,7.0,100,62.0,"Area Rugs For Bedroom Living Room, Fluffy Fuzzy Shag Shaggy Carpet Soft Plush Furry Bedside Rug, Indoor Floor Rug For Kids Girls Boys Home Decor Aestheti"
342,Unranked(New),General-Home-Textile,361.0,9.0,400,0.0,"1pc Solid Color Cheese Cloth Table Runner, Bohemian Style Polyester Table Cloth Suitable For Party Wedding Banquet Table Decoration"
343,Unranked(New),General-Home-Textile,1372.75,4.0,200,15.0,1pc Teddy Plush 3d Floral Shaped Pillow With Filling
344,Unranked(New),General-Home-Textile,2356.0,4.0,100,12.0,"8pcs/Set (4 Washcloths +2 Hand Towels +2 Bath Towels) Coral Fleece Double Striped Towel Set, Soft & Comfortable, Fast Drying, Anti-Fading & Anti-Shedding, Suitable For Bathroom, Kitchen, Outdoors, Hotels, And Other Places"
345,Unranked(New),General-Home-Textile,655.5,4.0,400,0.0,"1pc Home Pattern Farmhouse Kitchen Mat Set With 2 Mats, Cushioned Anti-fatigue Comfort Mats, Suitable For Home And Office Kitchen, Waterproof And Non-slip"
346,Unranked(New),General-Home-Textile,959.5,4.0,600,0.0,"Velvet Shell Shaped Pillow Ocean Style Home Decor Cushion For Sofa, Office Chair"
347,#2 Best Sellers,in Beach Accessories,1015.55,4.0,0,4.0,"SHEIN Swim Vcay 1pc Starfish Print Beach Blanket,Summer Beach"
348,Unranked(New),General-Home-Textile,1838.2500000000002,5.0,200,75.0,"Soft Blanket, Fleece Blanket For Couch, Bed - Super Soft Cozy Blankets For Women, Cute Small Blanket For Girls"
349,Unranked(New),General-Home-Textile,327.75,4.0,200,36.0,"1pc Linen Table Runner, Independence Day Printed Tablecloth, Decorative Placemat Cover For Coffee Table, Shoe Cabinet, Kitchen Table, Suitable For Home, Outdoor, Family, Friends Gathering, Room Decoration, Gift"
350,Unranked(New),General-Home-Textile,275.5,4.0,300,0.0,"Soft And Lightweight Coral Fleece Checkered Flower Printed Towel, Quick Dry And Absorbent, Suitable For Home Use As Face And Bath Towel, 1pc Either Hand Towel Or Bath Towel"
351,Unranked(New),General-Home-Textile,845.5,4.0,400,0.0,"1pc Antibacterial Waterproof Mattress Protector (Only Fitted Sheet Without Pillow), Soft And Comfortable Solid Color Bedding Mattress Cover, For All Size Bed - Queen, King, Full, Twin Size Sheet, Rhombus Pattern"
352,Unranked(New),General-Home-Textile,2101.4,11.0,100,30.0,"1pc Solid Color Fabric Blanket, Modern Pink Plush Blanket For Bed For Home"
353,Unranked(New),General-Home-Textile,957.6,4.0,100,10.0,"3pcs, Plastic Table Cover, Plastic Picnic Table And Bench Fitted Sheet Cover, Garden Bench Tablecloth Bench Cover Set, For Picnic Indoor And Outdoor Dining, Camping Table Cloth, Camping Equipment"
354,Unranked(New),General-Home-Textile,1602.65,8.0,80,30.0,3pcs/set Color Blocking Polyester Blend Water-washed Bedding Set With Pom-pom Decoration
355,Unranked(New),General-Home-Textile,452.2,13.0,300,19.0,"Metallic Pintuck Cushion Cover Without Filler, Simple Fabric Pillow Cover For Home Decor"
356,Unranked(New),General-Home-Textile,1695.7500000000002,4.0,100,25.0,Flower Print Tassel Decor Duvet Cover Set Without Filler
357,Unranked(New),General-Home-Textile,1491.5,4.0,10,0.0,"1pc White Mattress Protector, Multiple Sizes Available, Soft & Breathable, Deep Pocket TPU Material"
358,Unranked(New),General-Home-Textile,803.7,4.0,200,10.0,"1pc Pink Cat Eye Shower Curtain, Eva Waterproof Fabric, Fashionable Window Curtain, Ideal For Dating, Party, Bathroom, Dorm, Commercial Plaza, With Metal Ring Holes, 12 Plastic Hooks, Dimension: 71in*71in"
359,Unranked(New),General-Home-Textile,532.0,13.0,10000,0.0,"1pc Black Embossed Stone Sponge Bathroom Floor Mat, Bathroom Non-slip Mat, Toilet Door Mat"
360,Unranked(New),General-Home-Textile,484.49999999999994,16.0,200,0.0,"1pc Pink Fitted Sheet, Minimalist Fabric Fitted Bottom Sheet For Home"
361,#7 Best Sellers,in Bathroom & Laundry Mats,503.5,4.0,0,0.0,"1pc Coral Velvet Flower Pattern Bathroom Mat, Absorbent & Quick-Dry, Anti-Skid Bath Mat For Bathroom Floor, Memory Foam Bathroom Carpet, Entryway Doormat, Kitchen Area Rug"
362,#1 Best Sellers,in Pillowcases & Shams,515.85,13.0,0,3.0,"2PCS Silver Light Grey Silk Satin Pillowcase For Hair And Skin, Slip Pillow Cases Set Of 2, Cooling Pillow Covers With Envelope Closure, Luxury Bed Pillow Cover, Ultra Soft Hotel Pillow Protector, Fit For Standard Queen King M L XL Size Pillow, 20x26 20x30 20x36 Inch"
363,Unranked(New),General-Home-Textile,1007.0,4.0,1700,0.0,"3pcs Bathroom Carpet Set With 3pcs Shower Mat, U-Shaped Toilet Mat And Super Absorbent Ultrafine Fiber Plush Bath Mat, Slip Resistant, Machine Washable, Fluffy Bath Rug"
364,Unranked(New),General-Home-Textile,389.49999999999994,4.0,100,0.0,"6pcs-43*43cm Solid Color Napkins, Polyester Napkins, Suitable For Restaurants And Living Rooms"
365,Unranked(New),General-Home-Textile,684.95,6.0,200,30.0,"1pc Plain Color Blanket, Simple Pink Sleeping Blanket For Home"
366,#6 Best Sellers,in Pillows & Positioners,548.15,4.0,0,26.0,"Travel Neck Pillow, Memory Foam Travel Pillow For Neck Support"
367,Unranked(New),General-Home-Textile,2929.8,7.0,0,28.0,"Oversized Hoodie Sweatshirt Blanket,Super Soft Warm Comfortable Blanket Hoodie,Suitable For Women And Men"
368,Unranked(New),General-Home-Textile,531.05,7.0,300,30.0,"LongNap™ 1pc Supersoft 280GSM Flannel Fleece Blanket, Lightweight Fuzzy Throw Blanket For Bed Couch Sofa Travel"
369,Unranked(New),General-Home-Textile,665.0,6.0,1000,0.0,Tie Dye Fuzzy Rug
370,Unranked(New),General-Home-Textile,224.2,4.0,100,46.0,2 Pieces Of Curtain Binding Rope Simple Multi-Color Modern Curtain Binding Adjustable Curtain Buckle Fixed Storage Curtain Accessories Home Decoration Suitable For Bedroom Living Room Curtain Decoration.
371,Unranked(New),General-Home-Textile,4369.05,4.0,30,44.0,Triangular Headboard Wedge Pillow Bed Rest Reading Pillow Backrest Positioning Support Bolster Cushion
372,Unranked(New),General-Home-Textile,1275.85,4.0,90,25.0,Marble Pattern Duvet Cover Set Without Filler
373,Unranked(New),General-Home-Textile,460.74999999999994,4.0,600,39.0,"6pcs Solid Color Cloth Napkin, Boho Linen Table Napkin For Household Dinning Table Decor & Wedding Taupe"
374,Unranked(New),General-Home-Textile,266.0,4.0,50,0.0,"1pc Curtains Tieback, Ropes, Flower Ties, And Creative And Versatile Design Straps Modern And Simple No Punching Curtain Buckle, Curtain Holdback Curtain Accessories For Living Room Home Decor, Rope Flower Curtain Binding"
375,Unranked(New),General-Home-Textile,123.5,4.0,1200,0.0,"2/5/10pcs Multipurpose Wire Miracle Cleaning Cloths, Magnifying Wire Dishwashing Rags For Wet And Dry Mesh Microfiber Cleaning Cloth For Metal, Kitchen, Dishes"
376,Unranked(New),General-Home-Textile,598.5,4.0,200,0.0,"1PC Kids Play Rug ABC Educational Area Rug, Alphabet Numbers Animal Seasons And Shapes Learning Play Carpet For Playroom Nursery Kids Children Bedroom Mat Rugs"
377,Unranked(New),General-Home-Textile,1624.5000000000002,4.0,10,0.0,"3pcs Pink Branches And Flowers Pattern Printed Polyester Bedding Set (1 Duvet Cover, 2 Pillowcases), Suitable For All Four Seasons"
378,Unranked(New),General-Home-Textile,361.0,6.0,300,0.0,"1pc Solid Color Cushion Cover Without Filler,  Fabric Throw Pillow Case, For Living Room Sofa"
379,Unranked(New),General-Home-Textile,617.5,4.0,100,0.0,"White Square Pillow Core, Made Of Brushed Fabric, With A Zipper, Can Be Removed And Washed Separately, Compressed For Shipping, Special Affordable Price"
380,Unranked(New),General-Home-Textile,484.49999999999994,4.0,100,33.0,"1pc Animal Turtle Pattern Beach Towel, Superfine Fiber Printed Quick-Drying Absorbent Towel For Swimming, Vacation, Travel, Camping"
381,#4 Best Sellers,in Area Rugs & Sets,522.5,4.0,0,0.0,"1pc Durable Welcome Door Mat, Non-Slip Front Door, Waterproof Outdoor Indoor Entrance Mat, Machine Washable, Suitable For Family, Living Room, Kitchen, Bedroom, Farmhouse, Hallway, Laundry Room, Kitchen Carpet"
382,Unranked(New),General-Home-Textile,323.0,4.0,40,0.0,"1pc English Phosphorescent Blacklight Tapestry, Personality Creative Minimalist Wall Hanging, Living Room Bedroom Office Home Decoration/Room Decor/Party Decoration"
383,Unranked(New),General-Home-Textile,1168.5,4.0,100,0.0,"Blue Flannel Drawstring Striped Blanket, Cute Vertical Stripe Light Color Blanket, 62*82 Inches, Soft And Comfortable, Suitable For Bed, Sofa And Home Use"
384,#2 Best Sellers,in Mosquito Net,509.20000000000005,4.0,0,15.0,1pc Mesh Mosquito Net
385,#6 Best Sellers,in Window Screens,63.650000000000006,4.0,0,58.0,1pc 2m Self-Adhesive Window/Door Screen Repair Patch Mesh With Anti-Mosquito Sticker For Home
386,#1 Best Sellers,in Sport Towels & Handkerchiefs,81.7,4.0,0,49.0,"1pc Cooling Towel For Sports, Gym, Workout, Yoga, Pilates, Travel, Camping & More – Quick Dry, Super Absorbent, Upf50+, Soft & Comfortable"
387,Unranked(New),General-Home-Textile,2052.0,4.0,0,0.0,2pcs White Modern Casual Style Voile Curtains With Tassel Trim
388,Unranked(New),General-Home-Textile,1557.9999999999998,5.0,100,0.0,Metallic Marble Print Fitted Sheet Set Without Filler
389,Unranked(New),General-Home-Textile,655.5,6.0,70,0.0,"1pc Four Seasons High Elastic Chair Cover, Modern Polyester Dust Cover Washable Chair Cover, Suitable For Restaurant, Hotel"
390,Unranked(New),General-Home-Textile,468.34999999999997,4.0,90,30.0,"1pc Magnetic Self-Sealing Heavy Duty Screen Door, Magnetic Closure Keep Insects Out, Retractable Screen Mesh Sliding Door"
391,Unranked(New),General-Home-Textile,323.0,4.0,100,0.0,Graphic Print Cushion Cover Without Filler
392,#3 Best Sellers,in Comforter Sets,3846.55,5.0,0,62.0,"Intelligent Design Raina Lightweight Comforter Set, 5pcs Metallic Printed Comforter Bedding Set,Soft Microfiber Modern Geometric Metallic Bed Set, College Bedding Comforter Sets With Shams, Toss Pillows, Twin / Twin XL , Full/Queen, King/Cal King,Home Bed Decor,Available In Grey /Pink /White/ Beige /Mint Blue"
393,Unranked(New),General-Home-Textile,102.60000000000001,4.0,100,10.0,1/5/10pcs Cleaning Cloth (Random Color) Wave Pattern Anion Kitchen Bamboo Charcoal Fish Scale Cloth Waffle Coral Plush Dishcloth Non-Stick Oil
394,Unranked(New),General-Home-Textile,1102.0,17.0,2700,0.0,"1pc Minimalist Butterfly Jacquard Faux Long Plush Lamb Wool Blanket, Soft And Warm, Can Be Used As Bedspread Or Shawl, Suitable For Living Room, Bedroom, Dormitory, Home Decor"
395,Unranked(New),General-Home-Textile,959.5,4.0,300,0.0,"4PCS Geometric Light Pink Polyester Throw Pillow Covers, Vintage  Bohemian  Pillow Covers, Decorative Cushion Covers 45*45Cm/18 ""X18"" For Living Room Bedroom Sofa Bed Decoration"
396,Unranked(New),General-Home-Textile,226.1,6.0,100,62.0,"2pcs 2pcs/set Super Soft & Cooling Fine Fiber Pillowcase, Standard Size - Low Allergenic Envelope Closure Pillow Cover - Wrinkle, Fade, And Stain Resistant"
397,Unranked(New),General-Home-Textile,1681.5,4.0,0,0.0,"1pc Flannel Short Plush Carpet, Classic And Versatile, Soft And Comfortable, Non-slip Bottom, Water Absorption For Bathroom, No Formaldehyde, No Odor"
398,#2 Best Sellers,in Lumbar Pillow & Chair Cushions,1159.0,4.0,0,0.0,"1pc Seat Cushion For Desk Chair,Donut Pillow,Pressure Relief Seat Cushion,Memory Foam Seat Cushion"
399,Unranked(New),General-Home-Textile,285.0,20.0,400,0.0,"1pc/4pcs/6pcs Solid Color Milk Silk Chair Cover, Polyester Stretch Dining Chair Cover"
400,#3 Best Sellers,in Chair Pads,500.65,4.0,0,61.0,"1pc Extra Thicken Gel Seat Cushion For Long Sitting, Back, Sciatica, Tailbone Pain Relief Cushion, Use For The Car, Office, Wheelchair"
401,Unranked(New),General-Home-Textile,617.5,6.0,800,0.0,"1pc Tie Dye Rug, Modern Polyester Fluffy Rug For Home"
402,#2 Best Sellers,in Bed Pillows,540.5500000000001,4.0,0,22.0,"1pc White Pillow Insert, Minimalist Polyester Insert For Pillow"
403,#2 Best Sellers,in Body Pillows,2109.0,4.0,0,3.0,"1pc Leg Pillow, Lumbar Support Pillow, Office FootRest, Slow Rebound Latex Waist Pillow Wedge Lumbar Roll Cushion For Lower Back, Leg Relax, Maternity Pillow"
404,Unranked(New),General-Home-Textile,1168.5,4.0,100,0.0,"Cute Coral Fleece Bathrobe Set In Brown, 3pcs"
405,Unranked(New),General-Home-Textile,581.4,5.0,50,10.0,"1pc Elastic Fitted Leather Tablecloth, Waterproof, Oilproof, Pollution-Proof, Easy To Clean, Suitable For Dining Table, Coffee Table, And Office Desk, Etc."
406,Unranked(New),General-Home-Textile,1168.5,4.0,70,0.0,"1pc Gray Funny Best Friend Blanket, Flannel Fleece Material, Interesting Slogan Print, Unique Friendship Gift"
407,Unranked(New),General-Home-Textile,173.85,4.0,80,70.0,"2pcs/Set Pink Floral Kitchen Dishcloth, Tulip Hand Towel Dishcloth For Absorption & Drying, Used For Cooking Baking Home Decoration 45x70cm."
408,#10 Best Sellers,in Building Supplies,566.2,4.0,0,11.0,"1pc Soft And Slip-resistant Bedroom Rug/mat, Suitable For Living Room And Entrance, Can Be Used As Waterproof Door Mat, Easy To Clean"
409,Unranked(New),General-Home-Textile,484.49999999999994,6.0,100,25.0,"1pc Plush Heart-Shaped Throw Pillow, Living Room Bedroom Sofa Decor, Versatile And Personalized"
410,Unranked(New),General-Home-Textile,456.0,4.0,100,0.0,"3D Leaf Decor Cushion Cover Without Filler, Creative Throw Pillow Cover, Pillow Insert Not Include, For Sofa, Living Room"
411,Unranked(New),General-Home-Textile,503.5,4.0,10,0.0,4pcs Bed Sheet Holder Strap
412,Unranked(New),General-Home-Textile,807.5,4.0,70,0.0,1 PC White Dining Room Chair Covers Accent Armchair Covers Dining Chair Covers Removable Chair Protector Cover Seat Slipcovers For Living Room
413,Unranked(New),General-Home-Textile,436.99999999999994,11.0,300,0.0,"1pc Bohemian Style Plush Turtle Pattern Square Pillowcase Suitable For Living Room, Bedroom, Outdoor Use All Seasons"
414,Unranked(New),General-Home-Textile,727.7,4.0,400,24.0,"One Piece Of High Shading Silver-Plated Curtain Fabric, For Bedroom And Study, Soundproof And Privacy Protection, With Marble Texture Decorative Curtain Board, Grey"
415,Unranked(New),General-Home-Textile,716.3,9.0,0,45.0,"1pc Solid Color Bed Sheet, Pillowcase Not Included"
416,#4 Best Sellers,in Lumbar Pillows & Seat Cushions,942.4,4.0,0,69.0,"1pc Lumbar Support Pillow For Office Chair And Car Seat, Perfectly Balanced Memory Foam Lumbar Pillow Multi-Purpose Back Cushion For Back Relax"
417,Unranked(New),General-Home-Textile,1311.0,4.0,700,0.0,1pc Plush Forest Style Anti-slip Absorbent Soft And Comfortable Bathroom Mat With Bamboo Leaf Pattern
418,Unranked(New),General-Home-Textile,551.0,4.0,400,0.0,"1pc Modern Home Decor Anti-skid & Absorbent Carpet Mat, Laundry Room Mat, Letter Patterned"
419,Unranked(New),General-Home-Textile,1672.0000000000002,4.0,100,0.0,Geometric Pattern Duvet Cover Set Without Filler
420,#10 Best Sellers,"in Decorative Pillows, Inserts, & Covers",703.0,4.0,0,0.0,"4pcs/Set Golden Gray Marbling Cushion Cover, Black And Gold Geometric Decorative Pillow Case For Sofa, Car, Bedroom And Home Decor. This Set Comes In 4 Pieces And Does Not Include The Pillow Insert. The Cushion Covers Come In Various Sizes And Shapes With Digital Printing. It Is Fashionable With Simple-Style And Can Be Used For Sofa, Office And Home Decoration, As Well As Pillowcase And Car And Office Gifts, Bed Head Cushion And Couch Pillow. They Are Great For Home And Office Use."
421,Unranked(New),General-Home-Textile,902.5,4.0,1500,0.0,"4pcs Farmhouse Four Seasons Pillowcases Set, Featuring Eucalyptus Leaves, Decorative Truck, Sweet Home Spring Pillowcase, Linen Throw Pillow Cover For Home Decor Gift, Pillow Core Not Included"
422,Unranked(New),General-Home-Textile,5604.05,5.0,20,44.0,"Fani 8 Pack Round Polyester Tablecloth - 90 Inch,  Table Cloth For Round Table, Stain And Wrinkle Resistant Washable Circular Table Cover For Wedding Party Dining Table Buffet Parties Camping"
423,Unranked(New),General-Home-Textile,1045.0,4.0,200,0.0,"2pcs Modern Art Print Curtain,Refer To Bedroom Office Kitchen Living Room Study Home Decor"
424,Unranked(New),General-Home-Textile,691.6,4.0,200,38.0,"1pc White Bed Skirt, Fabric Ruffle Trim Bedding Bed Skirt For Bedroom"
425,Unranked(New),General-Home-Textile,1330.0,5.0,0,0.0,"1 Set Of 3 Elastic Corn Velvet Waterproof Sofa Seat Cushion Cover, Sofa Backrest Cover, Waterproof Sofa Slipcover As Furniture Protector"
426,Unranked(New),General-Home-Textile,448.4,4.0,400,20.0,"Spider Web Indoor Halloween Rug60x90cm(24x36inch),  Plush Gothic Cute Fun Halloween Bathroom Rugs Non Slip Kitchen Rug Machine Washable For Front Door Porch Indoor Doormat"
427,Unranked(New),General-Home-Textile,313.5,4.0,300,0.0,Boho Table Runner  Macrame Table Runners For Home Decor Cream & Brown Macrame Table Runner With Tassels For Boho Dining Bedroom Decor Rustic Bridal Shower
428,Unranked(New),General-Home-Textile,655.5,4.0,100,0.0,1pc Black Rectangular Fitted Elastic Spandex Table Top Cover Hotel Party Event Wedding Decoration Stretch Table Cover Cloth
429,Unranked(New),General-Home-Textile,560.5,4.0,80,0.0,"1pc Letter Print Crystal Velvet Rectangle-Shaped Soft Anti-Slip Absorbent Doormat, Suitable For Bedroom And Home Use"
430,Unranked(New),General-Home-Textile,589.0,5.0,700,0.0,"1pc Blackout Curtain With Rings, Solid Color Bedroom Living Room UV-Blocking Thermal Insulated Blackout Curtain With Rings, Insulated And Darkened For Bedroom Windows, Plain"
431,Unranked(New),General-Home-Textile,636.5,4.0,60,0.0,"1pc Cute & Vintage Kitchen Apron With Pocket, Polyester Cooking Apron For Women Or Girls (Multicolor)"
432,#6 Best Sellers,in Cushion Cover,399.0,9.0,0,0.0,"Plain Plush Cushion Cover Without Filler, Soft Warm Throw Pillow Case For Sofa, Home Decor"
433,Unranked(New),General-Home-Textile,513.0,4.0,20,0.0,"2pcs Magnetic Curtain Ties, 2-Pack Curtain Ties, Wooden Beaded Curtain Ties, Boho Bedroom Decor, Nursery Decor, Farmhouse Decor"
434,Unranked(New),General-Home-Textile,266.0,4.0,400,0.0,"1pc Marble Pattern Blue Cushion Cover Without Filler, Modern Soft Stretchy Throw Pillow Cover For Household"
435,Unranked(New),General-Home-Textile,856.9,4.0,0,45.0,"Single Bedding Sheet Set - 3 Piece Signature Collection Bed Sheet And Pillowcase - Soft, Cool Bedding Sheet - Deep 16 Inches Pocket - Wrinkle, Fade, Stain Resistant"
436,Unranked(New),General-Home-Textile,275.5,12.0,200,0.0,"1pc Geometric Texture Throw Pillow Case, Soft Plush Cushion Cover Without Filler For Sofa Bedroom"
437,#6 Best Sellers,in Door Curtains,741.0,4.0,0,0.0,"Magnetic Screen Door, Door Screen Magnetic Closure, Heavy Duty Retractable Mesh Screen Door With Magnets Pet Friendly, Anti-mosquito Door Net"
438,Unranked(New),General-Home-Textile,2080.5,4.0,100,0.0,"4pcs Solid Color Bedding Set Including Flat Sheet, Fitted Sheet, And Pillowcases"
439,Unranked(New),General-Home-Textile,1596.0,4.0,50,0.0,"You Look Good Pink Machine Washable Fluffy Flocked Alphabet Bath Mat, Absorbent Bathroom Mat In Cute Irregular Style Superfine Fiber Bath Mat Rug Toilet Floor Mat"
440,Unranked(New),General-Home-Textile,579.5,9.0,100,0.0,2/4/6PCS Chair Cover Living Room Dining Table Chair Protective Cover Home Decorative Stool Cover
441,Unranked(New),General-Home-Textile,608.0,4.0,1000,0.0,"1pc Solid Fuzzy Cushion Cover Without Filler, White Soft Throw Pillow Case, For Sofa, Living Room"
442,Unranked(New),General-Home-Textile,662.15,6.0,500,23.0,1pc Inspirational Christian Gift for Women Soft Flannel Bible Verse Prayer Throw Blanket for Healing and Comfort
443,Unranked(New),General-Home-Textile,228.0,4.0,90,0.0,"Rug Stickers For Wood Floor [32 Squares] Carpet Stickers For Area Rugs, Anti Slip Rug Corner Grips To Secure Kitchen Rugs And Bathroom Mats, Peel And Stick Non Slip Rug Pads, Rug Mat Non Slip"
444,#6 Best Sellers,in Rugs & Carpets,503.5,4.0,0,0.0,"1pc Tableware & Letter Graphic Kitchen Rug, Modern Polyester Mat For Kitchen"
445,Unranked(New),General-Home-Textile,390.45000000000005,4.0,200,13.0,"1pc Metallic Cushion Cover Without Filler, Modern Fabric Decorative Throw Pillow Case For Living Room, Home Decor"
446,Unranked(New),General-Home-Textile,308.75,12.0,300,48.0,1pc Elegant Sheer Wedding Arch Backdrop With Indoor And Outdoor Decoration
447,Unranked(New),General-Home-Textile,726.75,5.0,200,11.0,1pc Tassel Decor Cushion Cover Without Filler
448,#3 Best Sellers,in Body Pillows,1130.5,4.0,0,15.0,"1pc Slow Rebound Leg Pillow, Single Pregnant Women Sleep Pillow Orthopedic Leg Support Pillow For Home Use, For Relieves Back Lumbar Knee Pains Leg Cushion Pillow"
449,Unranked(New),General-Home-Textile,1130.5,4.0,200,0.0,1PC Pure Memory Foam Travel Pillow With Comfortable & Breathable Cover - Machine Washable - Airplane Travel Kit With Luxury Bag
450,Unranked(New),General-Home-Textile,826.4999999999999,4.0,90,0.0,"Quick Dry Absorbent Bath Mat Rug,Funny Black  Bathroom Decor Non-Slip Thin Rubber Bathroom Rug Fit Under Door Floor Mat For Bathtub, Shower Room, Sink"
451,Unranked(New),General-Home-Textile,475.0,4.0,400,0.0,"1pc Room/Garden/Outdoor/Horticulture Decorative Mat, Soft Flannel Surface, Anti-Fatigue, Ocean Series Pattern (Beach, Starfish, Seashell), Suitable For Garden/Patio, Bathroom, Kitchen, Entranceway, Hallway, Etc. Machine-Locked Edges, Washable, Measured Before Purchase, Various Sizes Available. Bathroom/Rug/Bath Mat/Shower Mat/Bathroom Decor/Bathroom Accessories/Bathroom Rug/Bathroom Accessary Set/Bathroom Decor Set"
452,Unranked(New),General-Home-Textile,228.0,4.0,60,0.0,"1pc Narrow Hole Silicone Diatom Mud Water-Absorbent Pad For Kitchen Faucet, Bathroom Sink, And Countertop With Drainage, Cuttable And Non-Slip"
453,Unranked(New),General-Home-Textile,902.5,4.0,200,2.0,4pcs/Set Sunflower-Themed Spring Kitchen Towels Lemon Cat Florals Dish Cloth & Quick-Drying Dish Towel 45x70cm (Yellow)
454,Unranked(New),General-Home-Textile,1182.75,4.0,600,52.0,"3pcs Simple Color Classic Soft Memory Foam Absorbent Non-Slip Bathroom Floor Mat, Machine Washable, Easy To Clean"
455,#9 Best Sellers,in Bath Mats,36.1,4.0,0,76.0,"1pc Bathroom Hair Catcher, Sundries Filter Net, Hair Filter, Easy To Install And Clean, For Bathroom Bathtub And Kitchen, Bathroom Accessories , Bathroom Tools"
456,Unranked(New),General-Home-Textile,997.5,4.0,500,0.0,SHEIN X Care Bears Cute Heart Shaped Bear Bathrobe
457,Unranked(New),General-Home-Textile,323.0,9.0,800,0.0,"1pc Polyester Crinkle Table Runner, Cheesecloth Table Runner, Gauze Tablecloth, Boho Rustic Decorations For Wedding Decor Reception Bridal Shower Holiday Party"
458,Unranked(New),General-Home-Textile,650.75,4.0,50,41.0,"Turtle Seashore Decor Bath Mat,  Super Soft Bathtub Carpet, Plush Water Absorbent Non-Slip Bathroom Floor Mat, Fade Resistant Comfortable Rug, Bathroom Accessories, Home Decoration, Room Decoration"
459,Unranked(New),General-Home-Textile,636.5,4.0,100,0.0,"1pc Bohemian Modern Minimalist Abstract Geometric Design Kitchen Mat, Water Absorbent Non-Slip Kitchen Carpet, Anti-Fatigue, Thick And Elastic,  Foam Mat For Use In Front Of Kitchen Sink, Entrance And Indoor, Various Styles Available"
460,Unranked(New),General-Home-Textile,522.5,5.0,600,0.0,"2pcs Satin Solid Color Pillowcase, Soft Pillow Cover With Envelope Closure For Bedroom, Bedding Supplies"
461,Unranked(New),General-Home-Textile,2109.0,7.0,80,0.0,"3pcs Comforter Cover Set, 3d Flowers Printed Bedding Set, Soft Comfortable Comforter Cover, For Bedroom, Guest Room (1*Comforter Cover + 2*Pillowcase, Without Core)"
462,Unranked(New),General-Home-Textile,294.5,4.0,1000,0.0,"1pc, 90*180cm, Bohemian Style Tablecloth, Romantic Table Runner Long Table Cover, Wedding Birthday Party, Bridal Shower, Reception Desk Decoration"
463,#7 Best Sellers,in Throws,1634.0,5.0,0,0.0,1pc Tassel Decor Throw Blanket
464,Unranked(New),General-Home-Textile,1083.0,4.0,200,0.0,SHEIN Basic living Quick Dry Microfiber Coral Fleece Adjustable Spa Bath Body Wrap Towel Holiday Gift
465,#6 Best Sellers,in Tablecloths,389.49999999999994,4.0,0,0.0,"1pc Flower Embroidered Tablecloth, Mesh Table Cover For Dining Room"
466,Unranked(New),General-Home-Textile,3144.5,4.0,1000,0.0,Soft Modern Indoor Large Shaggy Rug For Bedroom Living Room Dorm Kids Room Home Decorative  Non-Slip White Plush Fluffy Furry Fur Area Rugs Camel Comfy Nursery Accent Floor Carpet
467,#3 Best Sellers,in Blankets,1121.0,4.0,0,0.0,"1pc Plush Blanket, Multi-functional, Suitable For All Seasons, Can Be Used As Office Nap Blanket Or Sofa Cover"
468,Unranked(New),General-Home-Textile,1489.6,4.0,100,51.0,"2pcs Outdoor Throw Pillows Inserts , Waterproof Pillow Core, Home Decor, White Decorative Square Cushion Inner For Patio, Furniture, Bed, Living Room, Garden"
469,#4 Best Sellers,in Towels & Towel Sets,339.15,4.0,0,44.0,"Sunflower Print Kitchen Towel Set, Super Soft, Quick-Drying And Absorbent"
470,Unranked(New),General-Home-Textile,788.5000000000001,4.0,200,0.0,"1pc Transparent Rectangular Tablecloth With Hemmed Edge, Pvc Table Cover, Waterproof, Oil-Proof, Anti-Stain, Plastic Tablecloth Protector"
471,Unranked(New),General-Home-Textile,788.5000000000001,4.0,200,0.0,GARFIELD X SHEIN Cartoon Pattern Irregular Shaped Carpet
472,Unranked(New),General-Home-Textile,741.0,4.0,200,0.0,"1pc Jacquard Plaid Pattern Cushion Cover Without Filler, Minimalist Fabric Decorative Throw Pillow Case For Living Room, Home Decor"
473,Unranked(New),General-Home-Textile,1307.2,4.0,100,14.0,"1pc Striped Blanket, Modern Style Polyester Rectangle Knitted Blanket Suitable For All Seasons"
474,Unranked(New),General-Home-Textile,1804.05,11.0,30,59.0,"AmazerBath Shower Curtain With Hooks Sets, Luxury Washable Cloth Shower Curtain Sets With 12 Shower Curtain Hooks, Rustic Cute Cartoon Pattern Fabric Shower Curtains For Bathroom Decor, 72x72 Inches"
475,Unranked(New),General-Home-Textile,931.0000000000001,7.0,200,0.0,"Simple Pattern Luxury Style Indoor Large Decorative Floor Rug, Suitable For Living Room Sofa, Bedroom, Bedside Non-Slip Mat, Dining Room Kitchen Rug, Office Chair Pad, Entrance Floor Mat, Baby Crawling Soft Rug, Picnic Mat, Outdoor Camping Blanket."
476,#10 Best Sellers,in Curtain explosion recommended,407.55,4.0,0,22.0,"1pc Plastic Tassel Curtain, Modern Glitter Detail Tassel Curtain For Home"
477,Unranked(New),General-Home-Textile,379.05,4.0,100,34.0,"1pc Simple Classic Sponge Cushioned Bathroom Non-Slip Absorbent Mat, Bathroom Mat, Toilet Mat"
478,Unranked(New),General-Home-Textile,2850.0,4.0,40,0.0,1pc Waterproof Jacquard Sofa Cover Full Covered Plush Four Seasons General Anti-Dirty & Anti-Scratch Sofa Cover For Winter
479,#1 Best Sellers,in Duvets & Down Comforters,3923.4999999999995,4.0,0,0.0,"1pc Duvet Insert , Quilted Grid Fall Winter Warm Comforter Microfiber Duvet With Down Alternative Filling  Soft Breathable Quilt with Corner Tabs White"
480,Unranked(New),General-Home-Textile,1225.5,4.0,100,0.0,"Metallic Marble Print Flannel Blanket, Modern Soft Sleeping Blanket For Bed, Sofa"
481,Unranked(New),General-Home-Textile,1419.3,4.0,90,10.0,"1pc Recliner & Massage Chair Cover Dustproof, Anti-scratch And Universal Protector"
482,Unranked(New),General-Home-Textile,1291.05,10.0,300,10.0,2 Panels Solid Blackout Curtains
483,Unranked(New),General-Home-Textile,328.7,4.0,100,28.0,"1pc Heat Insulation Window Film Glass Sticker For Home Balcony Sunshade, One-Way Perspective Privacy Protection"
484,Unranked(New),General-Home-Textile,1572.25,4.0,10,30.0,"1pc Multicolor Corrugated Folding Door Curtain Partition,Magnetic Door Curtain, Accordion Style Door Curtains For Doorways, Pleated Folding Doors Curtain For Closet And Room Divider,Easy To Install"
485,Unranked(New),General-Home-Textile,256.5,4.0,200,0.0,"1pc Tie Dye Decorative Throw Pillow Case, Modern Knitted Fabric Cushion Cover For Living Room, Home Decor, All Season"
486,Unranked(New),General-Home-Textile,4471.65,4.0,30,21.0,"1pc 31.4/39.3in Wearable Turtle Shell Doll Sleepwear, Large Pillow, Sleeping Bag, Plush Toy Doll, Girl's Birthday Gift,Home Pajamas"
487,Unranked(New),General-Home-Textile,361.0,4.0,300,0.0,1pc Decorative Faux Knitted Throw Pillow Covers Christmas Soft Plush Fuzzy Short Fleece Square Patterned Cushion Cases Solid Pillowcases Couch For Bed Sofa Living Room
488,#4 Best Sellers,in Eyemasks & Earmuffs,171.0,4.0,0,0.0,"1pc- Double-Sided Satin Sleep Eye Mask With Elastic Band For Travel, Nap, Inkjet Printed Airline Eye Mask"
489,#3 Best Sellers,in Interlocking Floor Mats,541.5,4.0,0,0.0,"4pcs/set White & Pink Two Tone Plush Floor Mat Puzzle Foam Mat Full Cover Bedroom Carpet For Home Floor Crawling Pad, Multi-color Patchwork Fluffy Warm Rug"
490,Unranked(New),General-Home-Textile,675.45,4.0,200,10.0,"Personalized Silver Sequin Tablecloth, Party Decor Glitter Table Cover"
491,Unranked(New),General-Home-Textile,570.0,4.0,400,0.0,Tartagain Retro Street Modern Checkered Pattern Decorative Carpet For Bedroom And Living Room
492,Unranked(New),General-Home-Textile,256.5,6.0,200,0.0,"Sequin Lumbar Pillow Cover Without Filler, Gold Throw Pillow Case, Pillow Insert Not Include, For Sofa, Living Room"
493,Unranked(New),General-Home-Textile,427.5,4.0,3600,0.0,"1pc Romantic Pearl Lace Table Runner, Great For Wedding Arch Decoration, Bridal Shower, Party, Event, Fabric Decoration With Embroidery, Wrinkle-free And Transparent White - Ideal For Dessert Table"
494,Unranked(New),General-Home-Textile,351.5,4.0,600,0.0,"1pc Spring Tulip Floral Linen Table Runner For Dresser, Farmhouse, Kitchen, Dining Room Decor, Holiday Party Wedding Decoration"
495,#9 Best Sellers,in Area Rugs & Sets,551.0,6.0,0,0.0,"1pc Thickened Round Plush Decoration Carpet Suitable For Bedroom, Living Room, Dorm, Children's Game Room, Nursery As Floor Mat"
496,#4 Best Sellers,in Door Curtains,807.5,4.0,0,0.0,"1 PC,Heavy Duty Magnetic Screen Door - Keep Bugs Out And Enjoy Fresh Air - Self Sealing, Hands Free Mesh Partition - Ideal For Pets And Kids Safety."
497,#2 Best Sellers,in Wearable Blankets,1738.5,4.0,0,0.0,"1pc Shark Blanket Hoodie  Adult Children Super Soft Cozy Warm Flannel Wearable Hoodie, One Size Larger Is More Comfortable, 2023 New Pattern Cartoon Animals Cute Funny Sleeping Bag  Gift Home And Outdoor Travel Camping"
498,Unranked(New),General-Home-Textile,3761.05,5.0,30,31.0,"Curtains Bed Canopy, 4 Corner Post Bed Curtains Canopy, Lightproof & Windproof Drapes Bed Canopy For Adults Girls Bedroom Decoration"
499,#3 Best Sellers,in Table Runners,304.0,13.0,0,0.0,"1pc Plain Table Runner, Simple Polyester Kitchen Table Runner For Table Decoration"
500,Unranked(New),General-Home-Textile,988.0,4.0,100,0.0,"1PC Woven Knotted Ball Shaped Pillow Cushion, Sofa Cushion And Backrest"
501,Unranked(New),General-Home-Textile,480.7,4.0,100,46.0,Geometric Print Tassel Decor Tablecloth
502,#1 Best Sellers,in Outdoor Sofas Covers,370.5,4.0,0,0.0,"1pc Solid Color Milk Silk Sofa Cushion Cover, Elastic Dustproof, Dirty Resistant, Detachable And Washable, Suitable For All Seasons Indoor And Outdoor Wicker Couch"
503,Unranked(New),General-Home-Textile,1643.5,4.0,100,0.0,3d Irregular Shape Bathroom Rug Wave & Cloud Patterns Living Room Floor Carpet Bedroom Home Floor Mat For Teenage Aesthetic Room Decor Area Rug Soft Plush Sofa Floor Mat Anti-skid Modern Carpet Super Fine Fiber Thickening Plant Velvet Mat
504,#4 Best Sellers,in Blackout Curtains & Shades,522.5,4.0,0,0.0,Universal Roller Blinds Suction Cup Sunshade Nail-Free Blackout Curtain Car Bedroom Kitchen Office Window Sun-Shading Curtains
505,Unranked(New),General-Home-Textile,883.5000000000001,4.0,100,0.0,"1pc Silicone Kitchen Mat In Luxury Style With Line Blocks & Gradient Pattern. Cushioned, Anti-Fatigue, Water Absorbent, Quick Drying, Non-Slip Mats Suitable For Kitchen, Bathroom, Entrance, Laundry Room Etc."
506,Unranked(New),General-Home-Textile,118.75,4.0,20,34.0,"20pcs Pieces Compressed Towels Portable Disposable Mini Compressed Coin Tissue Toilet Paper Tablets For Travel, Camping, Hiking, Sport, Beauty Salon, Home Hand Wipes"
507,Unranked(New),General-Home-Textile,1573.1999999999998,4.0,0,40.0,"Graffiti Style Colorful Living Room Carpet, Artistic And High-End Coffee Table Rug, Bedroom Bedside Mat, Machine Washable"
508,Unranked(New),General-Home-Textile,921.4999999999999,4.0,600,0.0,1pc Modern Artistic String Shower Curtain Waterproof Fabric Bathroom Divider Anti-Mold Wet & Dry Separation Shower Screen
509,Unranked(New),General-Home-Textile,332.5,7.0,400,0.0,"1pc Color Block Cushion Cover Without Filler, Dark Green Polyester Throw Pillow Case, For Sofa"
510,Unranked(New),General-Home-Textile,1121.0,4.0,900,0.0,"TOM & JERRY X SHEIN Cartoon Cat Plush Headrest Cushion,Only TOM!1pcs"
511,#4 Best Sellers,in Kitchen Floor Mats & Kitchen Carpets,873.9999999999999,4.0,0,0.0,"1PC Moroccan Washable Runner Rug, Soft Non-Slip Vintage Boho Hallway Kitchen Runner Rug Floor Carpet For Bedroom Bathroom Laundry Living Room"
512,Unranked(New),General-Home-Textile,193.8,4.0,300,40.0,"1pc Waterproof Embossed Chair Seat Cover With Detachable Washable Soft Pad, Suitable For Kitchen And Office Chairs"
513,Unranked(New),General-Home-Textile,873.9999999999999,4.0,50,0.0,"1pc Vintage European Bohemian Crystal Velvet Carpet, 850g/M², 0.8cm Thickness, Rectangular Anti-Skid Washable Living Room Floor Rug, Suitable For Home Decoration, Bedroom Floor Rug, Room Decor, Outdoor Carpet"
514,#7 Best Sellers,in Bed Skirts,651.7,4.0,0,44.0,"1pc Solid Color Elastic Band & Lace Trimmed Bed Skirt For All Seasons, Suitable For Bedroom, Guest Room, Dormitory, Antibacterial And Skin-Friendly, Comfortable Enough To Sleep Naked"
515,Unranked(New),General-Home-Textile,205.20000000000002,4.0,100,10.0,"1pc Geometric Print Cushion Cover Without Filler, Modern Fabric Decorative Throw Pillow Case For Living Room, Home Decor"
516,Unranked(New),General-Home-Textile,1434.5,4.0,200,0.0,"1pc Matcha Green Faux Rabbit Fur Bubble Plush Fabric Bedroom Carpet, Simple Solid Color Floor Mat, Decorative Soft & Fluffy Rug, Suitable For All Areas Of The Bedroom 60*120 60*180 80*180"
517,Unranked(New),General-Home-Textile,427.5,5.0,500,0.0,1pc Solid Tablecloth
518,Unranked(New),General-Home-Textile,1370.85,11.0,200,22.0,"Plain Duvet Cover Set Without Filler, Simple 1pc Duvet Cover And 2pcs Pillowcase, For Home Decor"
519,Unranked(New),General-Home-Textile,2271.45,18.0,50,78.0,"Soft Sheet Set - 3/4 Pieces Hotel Luxury Bed Sheets, Easy Care Polyester Microfiber Cooling Bed Sheet Set"
520,Unranked(New),General-Home-Textile,1282.5,4.0,100,0.0,"1pc Four Corner Mosquito Net, 210x190x240cm/83x75x95in Fine Mesh Bed Canopy For Full/Queen/King Bed, Elegant Curtain Netting"
521,Unranked(New),General-Home-Textile,794.1999999999999,4.0,300,35.0,Solid Color Bed Skirt
522,Unranked(New),General-Home-Textile,674.5,4.0,200,0.0,"One Embroidered Tiger Pattern Pillow Cover, Light Luxury Decorative Pillowcase For Living Room Bed Sofa Cushion Back Pillow Cover"
523,Unranked(New),General-Home-Textile,221.35,16.0,300,25.0,"1pc Solid Color Texture Throw Pillow Case, Embossed Patterned Sofa Cushion Cover Without Filler"
524,#10 Best Sellers,in Household Cleaning Protections,237.5,4.0,0,0.0,"1pc Linen Apron For Nail Art Or Kitchen Cooking, Family Use"
525,Unranked(New),General-Home-Textile,376.2,4.0,200,22.0,1PC printed elastic chair cover home dining table non-slip chair protective cover
526,Unranked(New),General-Home-Textile,1185.6000000000001,10.0,100,22.0,"1pc Knitted Blanket/throw For Sofa, Bed, Office Nap, Summer Shawl, Winter Warm"
527,Unranked(New),General-Home-Textile,189.05,4.0,100,53.0,"5/10/20pcs Gray Checkered Dish Towel Set, Super Soft, Quick-Drying And Absorbent"
528,Unranked(New),General-Home-Textile,788.5000000000001,4.0,500,0.0,"Solid Tassel Door Curtain, Polyester String Door Curtain For Home Decor"
529,Unranked(New),General-Home-Textile,2089.0499999999997,4.0,200,24.0,"Smile Face Plush Rainbow Pillow, Sunflower Decor Plush Pillow Soft & Comfortable Flower Floor Pillow For Home Reading Bed Room Decoration Tapestry Living Room Modern Tapestries Tidyeasy"
530,Unranked(New),General-Home-Textile,1387.0,4.0,40,0.0,"1pc Autumn/winter Corduroy Stripe Pattern Pillow, Simple Sofa Cushion, Warm Bed Headrest"
531,Unranked(New),General-Home-Textile,851.2,4.0,200,11.0,"4pcs Linen Abstract Lines Decorative Cushion Covers For Farmhouse Home Decor, Pillow Cases For Bedroom And Living Room Sofa (Pillow Core Not Included)"
532,Unranked(New),General-Home-Textile,2237.25,4.0,50,25.0,"1PC Pleated Blackout Door Curtain,Pleated Folding Window  Curtain, Vertical Window Blinds, With Rings,High-TemperatureSetting, For Bedroom Patio"
533,Unranked(New),General-Home-Textile,646.0,6.0,80,0.0,"Nordic Style Six Petals Velvet Daisy Cushion, Suitable For Living Room, Dining Room, Sofa, Festival Gift, Kids Gift. Soft, Comfortable And Warm Material."
534,Unranked(New),General-Home-Textile,893.0,4.0,600,0.0,"1pc Pink Safety Bath Mat, Shower Mat With Drainage Holes, -Friendly Soft PVC Material Bathroom Mat, With Suction Cups, Suitable For Shower Room/Bathtub, Multiple Colors And Sizes Available (Please Choose Your Size), Anti-Slip Bathroom Mat, Bathtub Mat, Indoor Entrance Rug, Bathroom Decor, Bathroom Accessories, Shower Mat"
535,#4 Best Sellers,in Blankets & Throws,950.0,6.0,0,0.0,1pc Minimalist Stripe & Grid & Patchwork & Print Blanket Soft Cozy Bedspread Or Shawl Suitable For Living Room And Bedroom Furniture Decoration
536,Unranked(New),General-Home-Textile,359.09999999999997,4.0,400,10.0,1pc Simple Striped & Gold Lines Decor Cushion Cover
537,Unranked(New),General-Home-Textile,750.5,4.0,500,0.0,GARFIELD X SHEIN Garfield Co-branded Printed Flannel Blanket
538,#4 Best Sellers,in Customized Beach Towels,551.0,4.0,0,0.0,"Personalized Beach Towel With Custom Name, Adult Swimming Pool Towel, Holiday Gift"
539,Unranked(New),General-Home-Textile,1377.5,5.0,200,0.0,"1pc Solid Color Ruffle Bed Skirt,Cute Fabric Washable Bedding Bed Skirt For Bedroom"
540,Unranked(New),General-Home-Textile,456.0,4.0,1000,0.0,Satin Tablecloth For Wedding & Party Decoration (1pc)
541,#2 Best Sellers,in Bed Skirts,1016.4999999999999,4.0,0,0.0,"1pc Solid Color Elastic Band Bed Skirt, Skin-friendly Simple Bedroom Decor"
542,#5 Best Sellers,in Oven Mitts & Oven Sleeves,209.00000000000003,4.0,0,0.0,"Heat-Insulating Gloves, Anti-Scald Microwave Gloves, High Temperature Resistant Kitchen Baking Oven Gloves"
543,Unranked(New),General-Home-Textile,228.0,4.0,300,0.0,"5pcs Heart & Cartoon Graphic Random Cleaning Rag, Cute 30x30cm Cleaning Cloth For Household"
544,#7 Best Sellers,in Window Treatments,674.5,8.0,0,0.0,"1pc Hollow Star Design Double-Layered Polyester Curtain With Lace Sheer, Light-Blocking For Bedroom And Living Room, Cute And Unique Princess Style Curtain Suitable For Festivals"
545,Unranked(New),General-Home-Textile,660.25,4.0,1500,53.0,"1pc Cat Pattern Rug, Cartoon Cute Polyester Floor Carpet For Home"
546,#2 Best Sellers,in Pillows & Positioners,627.0,4.0,0,16.0,1pc Travel Pillow Neck Pillow Airplane Pillow Traveling Car Home Office Travel Neck Flight Pillow Snap Strap Soft Cover
547,#2 Best Sellers,in Kitchen Mats & Rugs,579.5,4.0,0,0.0,"1pc Cutlery & Letter Graphic Kitchen Rug, Modern Polyester Floor Mat For Kitchen"
548,Unranked(New),General-Home-Textile,3799.05,15.0,10,0.0,"Queen Comforter Set - Black Bed In A Bag Queen/Full 7 Pieces Ultra-Soft - Goose Down Alternative - Premium 1800 Series With Comforter, Sheets, Shams & Pillowcases (Queen, Black)"
549,Unranked(New),General-Home-Textile,2375.0,8.0,100,50.0,4 Pack Solid Color Spandex Table Cover Table Cloth for Folding Tables Fitted Rectangular Tablecover Washable Wrinkle Resistant Polyester Stretch Black Tablecloth Protector for Wedding Banquet Party
550,#5 Best Sellers,in Outdoor Sofas Covers,589.0,8.0,0,0.0,"1pc Green Jacquard Outdoor Sofa Seat Cushion Cover, Water-Resistant Polyester Elastic Detachable Half-Pack Sofa Cushion Cover, For Patio, Terrace, Garden Sofa Seat Cushion Cover"
551,Unranked(New),General-Home-Textile,74.10000000000001,4.0,50,40.0,"5pcs Bamboo Fiber Dishwashing Cloth, Thickened And Oil-Resistant, Non-Stick Oil, High Absorbent, For Kitchen And Dining Room Cleaning"
552,Unranked(New),General-Home-Textile,1436.3999999999999,4.0,50,30.0,"4pcs/set  Champagne Fitted Sheet Set (1 Fitted Sheet + 2 Pillowcase+ 1 Flat Sheet), Minimalist Fabric Sheet Set For Bedroom, All Season"
553,Unranked(New),General-Home-Textile,1966.5,4.0,100,0.0,"8pcs/Set Coral Velvet Light-Colored Plaid Stripe Design Towel Set [4 Washcloths + 2 Hand Towels + 2 Bath Towels], Soft, Comfortable, Lightweight, Quick-Drying, No Shedding, Suitable For Household Face Washing And Bathing"
554,Unranked(New),General-Home-Textile,342.0,4.0,900,0.0,1pc Modern Artistic Marble Pattern Gold Embossed High-end White Sheer Curtains For Living Room/bedroom Dust-proof
555,#2 Best Sellers,in Fitted Sheets,1102.0,7.0,0,0.0,3pcs Dacron Printing Bed Hat Three Piece Set (One Bed Hat + Two Pillowcases)
556,#2 Best Sellers,in Window Treatments,750.5,7.0,0,0.0,"1pc Magic Tape Blackout Curtains For Bedroom-96% Blockout Living Room Kitchen, Room, And Party Decor - Easy To Install"
557,#3 Best Sellers,in Table Runners,304.0,13.0,0,0.0,"1pc Plain Table Runner, Simple Polyester Kitchen Table Runner For Table Decoration"
558,Unranked(New),General-Home-Textile,988.0,4.0,100,0.0,"1PC Woven Knotted Ball Shaped Pillow Cushion, Sofa Cushion And Backrest"
559,Unranked(New),General-Home-Textile,480.7,4.0,100,46.0,Geometric Print Tassel Decor Tablecloth
560,#1 Best Sellers,in Outdoor Sofas Covers,370.5,4.0,0,0.0,"1pc Solid Color Milk Silk Sofa Cushion Cover, Elastic Dustproof, Dirty Resistant, Detachable And Washable, Suitable For All Seasons Indoor And Outdoor Wicker Couch"
561,Unranked(New),General-Home-Textile,1643.5,4.0,100,0.0,3d Irregular Shape Bathroom Rug Wave & Cloud Patterns Living Room Floor Carpet Bedroom Home Floor Mat For Teenage Aesthetic Room Decor Area Rug Soft Plush Sofa Floor Mat Anti-skid Modern Carpet Super Fine Fiber Thickening Plant Velvet Mat
562,#4 Best Sellers,in Blackout Curtains & Shades,522.5,4.0,0,0.0,Universal Roller Blinds Suction Cup Sunshade Nail-Free Blackout Curtain Car Bedroom Kitchen Office Window Sun-Shading Curtains
563,Unranked(New),General-Home-Textile,883.5000000000001,4.0,100,0.0,"1pc Silicone Kitchen Mat In Luxury Style With Line Blocks & Gradient Pattern. Cushioned, Anti-Fatigue, Water Absorbent, Quick Drying, Non-Slip Mats Suitable For Kitchen, Bathroom, Entrance, Laundry Room Etc."
564,Unranked(New),General-Home-Textile,1539.0,18.0,70,25.0,"6pcs Plain Satin Bedding Set. Soft Satin Bedsheet, Fitted Sheet, And Pillowcases Set With Low Allergy. Set Contains 1 Bed Sheet, 4 Pillowcases, And 1 Duvet Cover."
565,Unranked(New),General-Home-Textile,118.75,4.0,20,34.0,"20pcs Pieces Compressed Towels Portable Disposable Mini Compressed Coin Tissue Toilet Paper Tablets For Travel, Camping, Hiking, Sport, Beauty Salon, Home Hand Wipes"
566,Unranked(New),General-Home-Textile,1573.1999999999998,4.0,0,40.0,"Graffiti Style Colorful Living Room Carpet, Artistic And High-End Coffee Table Rug, Bedroom Bedside Mat, Machine Washable"
567,Unranked(New),General-Home-Textile,1144.75,4.0,0,45.0,"1pc Non-Slip Stretch Sofa Cover with Skirt - Dustproof and Slip-Resistant for Bedroom, Office, and Living Room - Solid Color Home Decor"
568,Unranked(New),General-Home-Textile,1442.1,4.0,0,45.0,Grey Satin-Like Soft Luxurious 3-Piece Bedding Set (1 Comforter And 2 Pillowcases)
569,Unranked(New),General-Home-Textile,595.65,4.0,30,45.0,"1pc Cat Hug Blanket, Fun Flannel Fleece Gift For Cat Lovers, Cat Mom, Woman Or Girl, Suitable For All Seasons. It Can Be Used As A Memorial Gift, Decorations Or Cat Themed Present."
570,Unranked(New),General-Home-Textile,1377.5,5.0,200,0.0,"1pc Solid Color Ruffle Bed Skirt,Cute Fabric Washable Bedding Bed Skirt For Bedroom"
571,Unranked(New),General-Home-Textile,456.0,4.0,1000,0.0,Satin Tablecloth For Wedding & Party Decoration (1pc)
572,Unranked(New),General-Home-Textile,1938.95,4.0,0,45.0,Deep Grey Hexagonal Thick Soft Breathable Mattress (8-18 Inch Deep Pocket)
573,Unranked(New),General-Home-Textile,228.0,4.0,300,0.0,"5pcs Heart & Cartoon Graphic Random Cleaning Rag, Cute 30x30cm Cleaning Cloth For Household"
574,Unranked(New),General-Home-Textile,660.25,4.0,1500,53.0,"1pc Cat Pattern Rug, Cartoon Cute Polyester Floor Carpet For Home"
575,Unranked(New),General-Home-Textile,121.60000000000001,4.0,0,69.0,"1pc 20pcs Compressed Disposable Towel For Travel, Thickened And Portable Face Cleansing And Makeup Removal Towel"
576,Unranked(New),General-Home-Textile,1436.3999999999999,4.0,50,30.0,"4pcs/set  Champagne Fitted Sheet Set (1 Fitted Sheet + 2 Pillowcase+ 1 Flat Sheet), Minimalist Fabric Sheet Set For Bedroom, All Season"
577,Unranked(New),General-Home-Textile,342.0,4.0,900,0.0,1pc Modern Artistic Marble Pattern Gold Embossed High-end White Sheer Curtains For Living Room/bedroom Dust-proof
578,Unranked(New),General-Home-Textile,480.7,4.0,100,21.0,"1pc Ombre Single Panel Sheer Curtain, Gradient Color Mesh Curtain For Home Decor"
579,#4 Best Sellers,in Trending Rugs & Mats for Spring or Summer,608.0,4.0,0,0.0,"1pc Printed Bathroom Mat, Toilet Entrance Rug, Diatomaceous Earth Absorbent Mat, Anti-Slip Washroom Mat"
580,Unranked(New),General-Home-Textile,1786.0,4.0,0,0.0,"Ocean Printed Flannel Blanket, Suitable For Office Nap Time"
581,Unranked(New),General-Home-Textile,190.0,4.0,500,0.0,1pc Short Plush Printed Ginkgo Leaf Pattern Pillowcase (Without Pillow Insert)
582,Unranked(New),General-Home-Textile,228.0,4.0,100,0.0,"6pcs/Set Golden Foil Hollow Out Round Placemats, Modern Light Luxury Style Polyester Fiber Metallic Sense Placemats Suitable For Wedding, Festival Party And Home Gathering"
583,Unranked(New),General-Home-Textile,1102.0,4.0,600,0.0,"1pc Colorful Romantic Heart-Shaped Beaded Curtain With Glittering Effect, Perfect For Store Window, Room Divider, Doorway, And Decor"
584,Unranked(New),General-Home-Textile,375.25,4.0,400,36.0,"1pc Heart Shaped Area Rug, Plush  Carpet For Living Room & Bedroom, Home Decor Valentine'S Day Decor 19.6in*23.6in/50cm*60cm"
585,Unranked(New),General-Home-Textile,342.0,4.0,800,0.0,SHEIN X Care Bears Pink Heart-shaped Bear Design Hair Drying Cap
586,Unranked(New),General-Home-Textile,646.0,4.0,40,0.0,"1pc Beige Bohemian Kitchen Mat, Washable Small Non-Slip Kitchen Rug, Retro Living Room Anti-Slip Carpet For Hallway, Indoor Floor Mat For Kitchen Entrance, Party Home Decor Carpet, Indoor Entrance Door Mat, -Friendly Thick Kitchen Floor Mat, Decorative Non-Slip Kitchen Rug, Dirt-Resistant And Easy-To-Clean Welcome Mat, Anti-Fatigue Kitchen Mat, Foam Mat, Suitable For Living Room, Dining Room, Kitchen, Sink Area, Indoor Entrance Decoration, Suitable For Parties, Holidays, Gatherings, Gifts, Banquets, Etc."
587,Unranked(New),General-Home-Textile,1216.95,4.0,100,30.0,Embossed Waterproof Fitted Sheet
588,Unranked(New),General-Home-Textile,503.5,4.0,100,4.0,"2-Pack Lavender Kitchen Towels, Purple Flower Butterfly Dishcloths, Sweet Home Hand Towels, Tea Towels, Suitable For Seasonal Cooking, Baking, Cleaning In Spring And Summer"
589,Unranked(New),General-Home-Textile,337.25,5.0,200,78.0,"High Density Thickened Ocean Shell Bathroom Mat, Memory Anti-Slip Moisture-Proof Kitchen Mat, Easy To Wash"
590,Unranked(New),General-Home-Textile,2032.9999999999998,4.0,0,0.0,2 Panels Linen Textured Blackout Curtain Panels - Grommet Thermal Insulated Curtains for Living Room - Soundproof Solid Curtains for Bedroom
591,Unranked(New),General-Home-Textile,560.5,4.0,30,0.0,1pc Mini Spandex Knot Ball Pillow
592,Unranked(New),General-Home-Textile,436.99999999999994,4.0,600,0.0,"1pc Polyester Table Runner, Modern Striped Pattern Kitchen Table Runner For Dining Room"
593,Unranked(New),General-Home-Textile,399.0,4.0,200,0.0,Solid Fuzzy Cushion Cover Without Filler
594,Unranked(New),General-Home-Textile,275.5,4.0,100,0.0,"1pc Modern Style Hollow Striped Polyester Fiber Desk Flag & Runner Suitable For Home, Classroom, Hotel Use"
595,#2 Best Sellers,in Dish Cloths & Dish Towels,617.5,4.0,0,0.0,"2pcs Kitchen Towels, Gnome Bee Theme Dish Cloth, Autumn Decoration Tea Towel, Household Items, Room Decoration"
596,Unranked(New),General-Home-Textile,285.0,4.0,100,0.0,"4pcs, 4th Of July Decorations Patriotic Pillow Covers 18x18, USA Independence Day Throw Pillow Covers Outdoor, American Flag Star Pillow Case Home Decor, Room Decor, Bedroom Decor, Living Room Decor, Sofa Decor (Pillow Insert Not Included)"
597,Unranked(New),General-Home-Textile,266.0,4.0,100,0.0,1pc Kitchen Printed Heat Resistant Glove And 1pc Heat Insulation Pad
598,Unranked(New),General-Home-Textile,2650.5,4.0,50,0.0,1pc Fleece Hooded Blanket
599,Unranked(New),General-Home-Textile,365.75,7.0,700,30.0,1pc Plain Color Body Pillowcase Without Filler
600,Unranked(New),General-Home-Textile,3420.0,4.0,0,10.0,"Embossed Quilted 3-Piece Bed Cover Set (Thin Quilt * 1+Pillowcase * 2) Bedding Supplies Solid Solid Solid Solid Color Large Grid Bed Cover Blue Gray Water Blue Suitable For Bedrooms, Dormitories, Adult Students, Modern Home Embossed Design Fashionable, Atmospheric, And Simple Quilt"
601,#10 Best Sellers,in Tapestry,313.5,9.0,0,0.0,"1pc Funny Duck Pattern Printed Tapestry, Modern Style Polyester Fiber Square Wall Decor Tapestry For Living Room Bedroom Decoration"
602,Unranked(New),General-Home-Textile,541.5,4.0,700,0.0,"1pc Fashionable Minimalist Style Printed Brushed Bed Cover Dustproof Bedspread, Unisex Bedroom Home Textile Bedding"
603,Unranked(New),General-Home-Textile,2374.0499999999997,5.0,100,50.0,"Anti Fatigue Kitchen Mat, Cushioned Kitchen Rugs Non Slip, Waterproof Comfort Standing Kitchen Floor Mat 1PC/2PCS"
604,Unranked(New),General-Home-Textile,190.0,4.0,80,0.0,Vintage Style Linen Woven Curtain Ties - 1 Piece Rustic Curtain Fixing Strap For Living Room Window Decoration
605,Unranked(New),General-Home-Textile,817.0,4.0,100,0.0,"1pc 40cmx60cm Green Faux Cashmere Soft Floor Mat, Cute And Machine-Washable Alphabet Bathroom Rug, Foot Pad, Bath Accessory"
606,Unranked(New),General-Home-Textile,285.0,4.0,600,0.0,"2pcs Simple Faux Pearl Curtain Tieback, No Installation Required, Adjustable Binding Rope For Curtain Decoration"
607,Unranked(New),General-Home-Textile,1149.5,15.0,60,0.0,3pcs Blue And Yellow Diamond Plaid Polyester Bedding Set/2 Pillowcases/1 Fitted Sheet/Fits Twin/Full/Queen/King/Cal King Size Beds - Shrink And Fade Resistant - Soft To The Touch And Easy To Care - Snugly Fit And Easy To Put On The Mattress
608,Unranked(New),General-Home-Textile,157.7,4.0,80,25.0,"Travel Neck Pillow With Storage Bag, Best Memory Foam Airplane Pillow For Head Support Soft Adjustable Pillow For Plane, Car & Home Recliner Use"
609,Unranked(New),General-Home-Textile,279.3,4.0,200,41.0,"1pc High-End PP Fiber Filling, PP Fiber Pillow Filling Pad Filling, High Elastic Filling Fiber, For Filling Animal Fabric Crafts, Small Dolls, Dog Nest, Cat Nest"
610,Unranked(New),General-Home-Textile,1525.6999999999998,4.0,10,45.0,"1pc Grey Square Shaped Faux Wool Living Room Bedroom Rug Carpet For Window, Living Room, Bedroom, Children's Room, Study, Etc."
611,Unranked(New),General-Home-Textile,812.2500000000001,4.0,20,10.0,"1pc  Personalized Beach Towel - Super Absorbent, Comfortable, Fashionable - Ideal Holiday Gift For Men And Women, Gym Bath Towel Absorbs Water And Sweat, Swimming Beach Bath Towel, Shawlable Quick-Drying Bath Towel, Seaside Sun Protection Bath Towel, Essential Towel For Outdoor Travel Beach"
612,#7 Best Sellers,in Sofa Slipcovers,722.0,4.0,0,0.0,"1pc Waterproof & Stretchable Four Seasons Universal Sofa Cushion Cover, Modern Style Anti-Slip Sofa Cover For Living Room, Suitable For L-Shaped Sofas And Sofas With 1-4 Seats"
613,#1 Best Sellers,in Disposable Towels & Bath Towels,231.79999999999998,4.0,0,6.0,"1pack Disposable Face Towel, Thickened Washcloth With Pearl-like Texture, Suitable For Sensitive Skin, Suitable For Makeup Removal, Facial Cleansing, Shoe Polishing, Item Or Home Cleaning"
614,Unranked(New),General-Home-Textile,346.75,4.0,200,53.0,1pc Pocket Decor Bath Towel
615,Unranked(New),General-Home-Textile,741.0,4.0,200,61.0,"3pcs Down Comforter Cover, 100% Washed Ultra-fine Fiber, Breathable Lightweight Bedding Set With Zipper And Corner Ties, Solid Color Super Soft Skin-friendly Comforter Case(1 Comforter Cover + 2 Pillowcases)"
616,Unranked(New),General-Home-Textile,237.5,4.0,800,0.0,"1pc Contrast Binding Beard Bib Apron, Daily Fabric Non-Stick Hair Catcher Grooming Cloth For Men"
617,Unranked(New),General-Home-Textile,59.85,4.0,300,65.0,"5pcs Household Water Ripple Washcloth, Thickened Coral Velvet Non-Sticky Oil Cleaning Cloth, Random Design"
618,#1 Best Sellers,in Bath Towels,285.0,8.0,0,0.0,1pc Striped Soft Coral Fleece Towel Either For Bath Or For Hands
619,Unranked(New),General-Home-Textile,216.6,4.0,200,73.0,"20 Pack Premium Coral Velvet Hand Towels, Reusable Super Soft 10x10 Inch Pure Water Washcloth, High Absorption Microfiber Coral Velvet Face Towels Bath Towels"
620,Unranked(New),General-Home-Textile,247.0,4.0,10,50.0,"2pcs Retro Deer & Forest Themed Kitchen Dish Towels, Rustic Polyester Cleaning Cloth With Holiday Animal & Plant Design, Home Decoration For Festival"
621,#2 Best Sellers,in Kitchen Cleaning Cloths,560.5,4.0,0,0.0,"10pcs Thick Kitchen Cleaning Towels/ Dish Cloths, Assorted Colors, Bamboo Fiber, Highly Absorbent, Non-Linting, Non-Stick Oil, 9.8""*9.8"", Not Support Machine Washing"
622,#1 Best Sellers,in Hand Towels,73.15,4.0,0,67.0,3pcs Super Soft Coral Velvet Kitchen Hand Towels - Hangable & Absorbent - Set Of 2
623,Unranked(New),General-Home-Textile,2669.5,8.0,600,0.0,Solid Color Twist Duvet Cover Set Without Filler
624,Unranked(New),General-Home-Textile,778.9999999999999,4.0,70,0.0,"PVC Transparent Tablecloth, Waterproof Anti-Scratch Heat-Resistant Tablecloth, Suitable For Home Hotel Dining Table Coffee Table Cloth, Surface Protective Sheets"
625,#7 Best Sellers,in Hair Towels,199.5,4.0,0,0.0,"1pc Embroidery Style Hair Drying Cap, Coral Fleece Thickened Hair Towel For Bathroom, Women's Absorbent Quick-Drying Shower Cap, Bathroom Accessories"
626,Unranked(New),General-Home-Textile,693.5,4.0,30,0.0,"1pc Transparent Table Cloth/Table Mat Protective Film, Waterproof, Oil-Proof, Heat-Resistant, Suitable For Dining Table, Coffee Table, Computer Desk"
627,#5 Best Sellers,in Disposable Towels & Bath Towels,137.75,4.0,0,28.0,"20pcs/set Non-woven Fabric Face Towel, Modern Pink Portable Disposable Facial Cleaning Cloth For Outdoor Travel"
628,#9 Best Sellers,in Bath Towels,1197.0,5.0,0,0.0,Pineapple Grid Oversized Pink Bath Towel Suitable For Family Use
629,#2 Best Sellers,in Car Floor Mat,2270.5,6.0,0,0.0,"5pcs/Set Universal PVC Leather Waterproof Car Floor Mats, Leather Car Foot Mat"
630,Unranked(New),General-Home-Textile,841.6999999999999,4.0,70,45.0,"1pc Modern White Soft And Comfortable Living Room Bedroom Carpet Mat, Suitable For Window Sill Pad, Etc."
631,#6 Best Sellers,in Disposable Towels & Bath Towels,123.5,4.0,0,0.0,"5/25/50pcs Soft Compressed Towels, Portable Disposable Towels, Comfortable Facial Cleansing Towels, Portable Makeup Removal Towels, Travel Essentials, Mini Face Towel For Hiking, Compressed Hand Towels, Camping Towels, Portable Compressed Coin Tissue For Travel & Home & Outdoor Activities, Skincare Products, Living Room, Bedroom, Bathroom, Travel Accessories, Wedding, Party, Business Trip, Birthday, Gift For Friends, Mom & Dad, New Year, Accessories, Fun Gifts"
632,#1 Best Sellers,in Hair Towels,50.35,4.0,0,74.0,1/4pcs Women's Quick Drying Hair Cap - Absorbent Coral Velvet Shower Cap For Hair Drying And Wrapping - Bathroom Accessories
633,#6 Best Sellers,in Bathrobe,871.15,4.0,0,17.0,"1pc Fabric Bathrobe & Hair Towel, Modern Pink Bath Wrap Towel & Hair Drying Cap For Bathroom"
634,Unranked(New),General-Home-Textile,294.5,4.0,200,0.0,"A set of simple beauty bath towels and turbans, stretchable 1 bath towel + 2 hand straps, bathroom ladies wrist hair ties"
635,#4 Best Sellers,in Cleaning Cloth Best Quality,180.5,4.0,0,0.0,"5pcs Kitchen Dishcloths, Reusable Dish Cellulose Sponge Cloths, Super Absorbent Coral Fleece Cleaning Cloths, Washable Fast Drying Towels"
636,#1 Best Sellers,in Home Carpet,693.5,4.0,0,0.0,"1pc Laundry Room Floor Mat, Crystal Velvet Material, Soft, Anti-slip, Water Absorbent, Quick Drying, Washable, Dirt Resistant, Runner Rug For Home Use"
637,Unranked(New),General-Home-Textile,3135.0,16.0,200,0.0,3pcs/set Rose Red Polyester Sherpa Fleece Duvet Cover Set
638,#9 Best Sellers,in Umbrellas & Shade,247.0,4.0,0,0.0,"2pcs/ Versatile Car Sunshade Curtains - High Elasticity, UV Protection & Anti-Mosquito, Perfect For Travel & Daily Use"
639,Unranked(New),General-Home-Textile,129.20000000000002,4.0,400,32.0,"2pcs Silk Bonnet for Sleeping, Satin Hair Bonnets, Soft Elastic Band Silk Sleep Cap, Silk Hair Wrap for Curly Hair (Black Gold)"
640,#2 Best Sellers,in Bedding Accessories,275.5,4.0,0,0.0,1pc Beach Towel Clips Outdoor Fashion Style Flamingo Towel Holders For Pool Chairs Or Fence During Your Cruise - Jumbo Size To Keep Your Cloth Or Towel From Blowing
641,#6 Best Sellers,in Bed Skirt Pins & Clips,380.0,4.0,0,0.0,4pcs Non-Slip Triangle Bed Sheet Holder - Adjustable Metal Clip Elastic Straps For Sofa Cushions And Bedding - Practical And Invisible Safety Straps
642,#9 Best Sellers,in Good Quality Household Cleaning Protections,741.0,4.0,0,0.0,"1pc Love Heart & Bowknot Design Waterproof & Oil-Proof Princess Apron, Perfect For Stylish Cooking At Home"
643,#1 Best Sellers,in Portable Aprons,218.49999999999997,4.0,0,0.0,"1pc Convenient Style Polyester Adult Bib Apron With Bunny Pattern, Kitchen Stuff"
644,#6 Best Sellers,in Cleaning Cloth Customer Favorite List,598.5,4.0,0,0.0,10pcs/pack Black Flat Screen Cleaning Cloth
645,Unranked(New),General-Home-Textile,114.0,4.0,7000,0.0,"1/5/10pcs, Fish Scale Glass Wiping Cloth, Household Cleaning Cloth, Stains Removal Cloth, Dishwashing Cloth, Window Wiping Towel, No Trace, Multipurpose Rag, Cleaning Supplies, Cleaning Tool, Back To School Supplies"
646,Unranked(New),General-Home-Textile,275.5,4.0,300,0.0,10pcs Kitchen Towels And Dishcloths Rag Set 9.4in*5.5in Small Dish Towels For Washing Dishes Dish Rags For Everyday Cooking Baking-Random Color
647,Unranked(New),General-Home-Textile,332.5,4.0,10000,8.0,10/20pcs Kitchen Towels And Dishcloths Rag Set 9.4in*5.5in Small Dish Towels For Washing Dishes Dish Rags For Everyday Cooking Baking-Random Color
648,Unranked(New),General-Home-Textile,209.00000000000003,4.0,3500,0.0,4pcs Women's Quick Drying Microfiber Hair Drying Cap: Coral Fleece Hair Turban And Quick Drying Hair Towel
649,Unranked(New),General-Home-Textile,528.1999999999999,4.0,0,45.0,Rose Flower Curtain Head
650,Unranked(New),General-Home-Textile,159.6,4.0,3900,20.0,"5pcs Kitchen Dish Cloths, Coral Fleece Microfiber Dish Towels, Soft Absorbent Towels, Reusable, Machine Washable For Kitchen, Bathroom, Car, Window"
651,Unranked(New),General-Home-Textile,256.5,4.0,700,0.0,"1pc Pink Cartoon Coral Fleece Hair Drying Cap For Women, Thick, Quick-drying, Non-fading, Non-shedding, Soft, Suitable For Bathroom"
652,#1 Best Sellers,in Sheet Fasteners & Grippers,332.5,4.0,0,0.0,"Bed Sheet Straps, Easy To Install Sheet Straps, Fitted Sheet Clips, Adjustable Sheet Fasteners, Say Goodbye To The Messy Sheets"
653,#3 Best Sellers,in Beach holiday shopping list,852.1500000000001,5.0,0,22.0,"1pc  Stitch Beach Towel, Soft, & Quick-Drying Beach Blanket, Sand Free & Lightweight Beach Towel, For Beach Bathing Swimming Pool Camping Yoga, Ideal Beach Essentials"
654,Unranked(New),General-Home-Textile,743.85,4.0,800,10.0,"1pc Cute And Stylish Pill Shaped Pillow For Room Decoration, Sofa, Home Decor, And Birthday Gift"
655,Unranked(New),General-Home-Textile,560.5,5.0,2100,0.0,"1pc Solid Color Hair Towel, Minimalist Microfiber Women's Strong Absorbent Quick-drying Hair Drying Cap For Home"
656,#2 Best Sellers,in Disposable Towels & Bath Towels,436.99999999999994,4.0,0,0.0,70pcs Disposable Washcloth Thick Face Towel Make Up Soft Removing Wipes Dry Cleanser Towelettes For Skin Care
657,Unranked(New),General-Home-Textile,693.5,4.0,300,0.0,"1pc Water Cube 3d Waterproof & Mildew Resistant Bathroom Shower Curtain With Steel Ring And Magnets, Blue, Green Or Transparent With A Fresh Ice Pattern Design."
658,Unranked(New),General-Home-Textile,465.50000000000006,4.0,90,0.0,"4pcs Bed Sheet Holder Straps, Fitted Sheet Straps"
659,Unranked(New),General-Home-Textile,1368.0,4.0,0,0.0,4pcs Cartoon Christmas Snowman & Reindeer Pillowcase 17.7in*17.7in
660,#2 Best Sellers,in Face Towels,171.0,4.0,0,0.0,"1pc Hot Compress Face Towel Masks, Reusable Facial Steamer Towel For Hot Cold Skin Care"
661,#8 Best Sellers,in Hair Towels,199.5,4.0,0,0.0,1pc Women's Hair Drying Hat: Quick-Dry Microfiber Towel Cap Hat For Super Absorption And Maximum Hair Drying Speed!
662,Unranked(New),General-Home-Textile,247.0,4.0,1000,0.0,"50pcs/Roll Reusable Disposable Oil-Free Kitchen Cloth Rolls, Dish Towels Cleaning Rags Scouring Pads,Kitchen Non-Woven Fabric, Disposable Cleaning Cloth"
663,#2 Best Sellers,in Portable Aprons,380.0,4.0,0,0.0,"1pc, Linen Apron, Colorful Striped Pattern Apron, Unisex Adjustable Cooking Apron, Household Simple Style Apron, Chef Waiter Barbecue Hairdresser Adult Pocket Apron, Kitchen Supplies"
664,#8 Best Sellers,in Camping & Hiking,408.5,4.0,0,0.0,4pcs Multifunctional Round Heat Resistant Silicone Mat Cup Coasters Non-Slip Pot Holder Table Placemat Restaurant Accessories Tool Picnic Blanket
665,Unranked(New),General-Home-Textile,176.70000000000002,4.0,200,26.0,"3pcs Random Color Cleaning Rag, Microfiber Absorbent Cleaning Cloth For Home"
666,#4 Best Sellers,in Hair Towels,247.0,4.0,0,0.0,"1pc Women Girl's Shower Cap Towel,Bath Hats for Women,Dry Hair Cap,Quick Drying,Soft for Lady Turban Head"
667,#6 Best Sellers,in Kitchen Cleaning Cloths,197.6,4.0,0,20.0,"5pcs Mixed Color Cleaning Rag,Microfiber Cleaning Cloth, Microfiber Towels"
668,#1 Best Sellers,in Bathtub Accessories,3819.0000000000005,4.0,0,0.0,"1pc Suction Cup Bathtub Pillow, White Simple Bath Pillow For Household"
669,Unranked(New),General-Home-Textile,1389.8500000000001,4.0,30,25.0,"Outdoor Carpet Suitable For Patios, Waterproof, Reversible Plastic Grass Carpet For Gaps, Indoor And Outdoor Areas For Rv Campers, Apartment Balconies, Swimming Pools, Beaches"
670,Unranked(New),General-Home-Textile,332.5,4.0,90,0.0,"1/2pcs Mop Cloths, Replaceable Mop Heads, Washable And Mop Cloths, Flat Mop Cloths, Replacement Mop Mats, Useful Tools, Cleaning Supplies, Cleaning Tools, Essential Items For Apartment And School Use, Always Available"
671,#3 Best Sellers,in Household Cleaning Protections,323.0,4.0,0,0.0,1pc Waterproof Floral Print Apron For Gardening And Cooking - Oil-Proof And Durable
672,#10 Best Sellers,in Kitchen Cleaning Cloths,399.0,4.0,0,0.0,10pcs Random Color Microfiber Towel Absorbent Kitchen Cleaning Cloth Non-Stick Oil Dish Towel Rags Napkins Tableware Household Cleaning Towel
673,#10 Best Sellers,in fun beach towel,555.75,4.0,0,22.0,"250gsm Ultra-Fine Fiber Quick-Drying Absorbent Colorful Mermaid Tail/Fish Scale Print 70*140cm Swimming Towel, Bath Towel, Beach Towel, Shawl, Seat Cushion, 1pc Or Oversized 90*180cm Bath Towel, Beach Towel, 1pc"
674,#3 Best Sellers,in Cleaning Cloth,294.5,4.0,0,0.0,"5/10 Pcs Dishwashing Towel, Hangable Kitchen Cleaning Towel, Coral Velvet Towel, Dish Washing Table Cleaning Household Towel Random Color, Non-Stick Oil Dish Cloth, Double-Sided Absorbent Thickening Scouring Pad, Kitchen Cleaning,Kitchen,Kitchen Items,Cleaning"
675,#7 Best Sellers,in Face Towels,652.65,4.0,0,22.0,"20 Packs Towel Cloth - Multi-Color - 10x10 Inches, Soft And Absorbent - Great For Bath, Face, Hand, Kitchen, Spa"
676,#4 Best Sellers,in Duvet Covers & Sets,869.25,9.0,0,55.0,"3pcs Premium Light Pink Color Silky Satin Duvet Cover Bedding Set, Soft Breatheable Wrink-Free Better For Sleep, Luxury Hotel Style, Gift For Mom Dad Friend, Quilt Comforter Duvet Cover*1 Pillowcase*2"
677,#9 Best Sellers,in Home Carpet,467.4,4.0,0,15.0,"1pc Anti-Slip Welcoming Doormat, Machine Washable Crystal Velvet Rug For Hallway, Entrance, Living Room And Kitchen, Long Soft And Non-Slip Floor Carpet With Oil-Resistant Features"
678,#1 Best Sellers,in Kitchen Tablecloth,1301.5,4.0,0,0.0,"1pc 6ft Spandex Tablecloth For Standard Folding Table With 1pc Universal Rectangle Table Cover Protector, Ideal For Parties, Weddings, Trade Shows, Vendors"
679,Unranked(New),General-Home-Textile,1291.05,4.0,0,5.0,"1pc Simple Dirt-Resistant, Wear-Resistant, Anti-Slip Door Mat, Decorative Floor Mat For Doorway"
680,Unranked(New),General-Home-Textile,370.5,4.0,300,0.0,"1pc Waist Apron Maid Costume, Cute & Vintage Style With Pockets, Pleated Kitchen Cooking Half Apron"
681,#6 Best Sellers,in Hair Towels,209.00000000000003,4.0,0,0.0,1pc Pink Hair Drying Cap Super Strong Absorbent Quick-Drying Thickened Women's Shower Hat
682,Unranked(New),General-Home-Textile,1596.0,4.0,70,0.0,"3pcs/set White Duvet Cover Set(1 Duvet Cover & 2 Pillowcase) Modern Fabric Bedding Set For Home, All Season"
683,#4 Best Sellers,in Kitchen Table Runners,209.00000000000003,4.0,0,0.0,"Table Runner Roll - Shiny Metallic Gold Runner With Running Man Design, Perfect For Christmas And Thanksgiving - Sparkly Mesh Table Runner - Silver Table Decoration - Ideal For Wedding Party, Centerpiece And Decor For Dining Table 1pc"
684,Unranked(New),General-Home-Textile,1016.4999999999999,4.0,100,0.0,"1pc Men Letter Embroidered Bath Wrap Towel, Slight Stretch Wearable Bath Towel For Men"
685,Unranked(New),General-Home-Textile,332.5,4.0,70,0.0,"4 Pcs Bed Sheet Holder Straps Sheet Stays Keepers Bedsheet Holders Fasteners, (White/Black)"
686,Unranked(New),General-Home-Textile,902.5,4.0,40,2.0,"1 Pc Stretch Spandex Table Cover For Standard Folding Tables - Universal Rectangular Fitted Tablecloth Protector For Wedding, Banquet And Party"
687,#2 Best Sellers,in Home Carpet,845.5,4.0,0,0.0,"1pc Soft, Anti-Slip, Washable Kitchen Or Living Room Carpet Rug For Entryway, All Seasons Use, Random Delivery"
688,Unranked(New),General-Home-Textile,2147.0,4.0,100,0.0,Metallic Marble Pattern Duvet Cover Set Without Filler
689,Unranked(New),General-Home-Textile,319.2,6.0,10,45.0,1pc Short Plush Skin-friendly Simple Pillowcase Without Pillow Core
690,Unranked(New),General-Home-Textile,760.0,4.0,70,0.0,"1pc Soft Beach Towel With Dollar Print, Suitable For Swimming, Camping And Vacation, Perfect For Yoga, Diving And Traveling"
691,#7 Best Sellers,in Table Decorations & Kitchen Fabrics,98.8,4.0,0,20.0,"8/10/16/24pcs Plastic Transparent Tablecloth Clips, Tablecloth Anti-Slip Clips For Wedding Party Home, Table Cover Fasteners"
692,#4 Best Sellers,in Beach Towels,591.85,4.0,0,25.0,"Extra Large Beach Towel - Ultra-Soft Microfiber, Quick-Dry & Sand-Free, Perfect For Travel, Yoga, Camping & Pool Parties"
693,#7 Best Sellers,in Sport Towels,551.0,4.0,0,0.0,"6pcs Cooling Sports Towel, Quick Drying Ice Towel For Cycling Fitness Running Camping Fishing, Soft And Thin Cool Towel, Random Color"
694,#8 Best Sellers,in Kids' Bath Towels,731.5,4.0,0,0.0,1pc Kids' Mermaid Tail Design Hooded Cape Bath Towel
695,#3 Best Sellers,in Bath Towels,617.5,4.0,0,0.0,"1pc wearable bath towel, bow coral fleece thickened adult bath towel, blue"
696,Unranked(New),General-Home-Textile,275.5,4.0,1800,3.0,"1pc Soft Absorbent Wide Stripe Bath Towel, Non-Shedding Thickened Towel, Shower Towel Suitable For Bathroom, Gym, Hotel, Living Room Home Bedroom Bathroom House Decor, Travel Stuff, Wedding, Party, Birthday, Gifts For Men Mom Dad Friends, New Years, Accessories, Funny Gift"
697,Unranked(New),General-Home-Textile,1230.25,4.0,200,30.0,"3pcs  Green Brushed Bedding Set (1 Quilt Cover, 2 Pillowcases)"
698,Unranked(New),General-Home-Textile,424.65,4.0,100,29.0,"1pc Crystal Velvet Kitchen Mat, Non-Slip, Oil & Water Absorbent, Easy To Clean, Anti-Fatigue, Multi-Purpose Rug For Home, Random Shipment"
699,Unranked(New),General-Home-Textile,665.0,6.0,100,0.0,1pc Jacquard Geometric Plush Pillow Cover Without Filling
700,#10 Best Sellers,in Quilts,2827.2000000000003,4.0,0,14.0,"Solid Colored Checkered Pattern Embossed Quilted Bedspread Set With Pillowcases (1 Thin Quilt + 2 Pillowcases), Breathable & Comfortable, Light & Cool, Bedding, Single Color (blue/gray/white/black/pink), For Kids, Adults, College Dorm, Modern Home, Stylish & Simple Quilts"
701,#2 Best Sellers,in Couch Cover,883.5000000000001,4.0,0,0.0,1pc Tufted Sofa Towel
702,Unranked(New),General-Home-Textile,1183.7,4.0,100,30.0,3pcs Solid Color Simulated Silk Polyester Duvet Cover Set
703,#1 Best Sellers,in Car Floor Mat,1966.5,4.0,0,0.0,"4pcs Car Foot Mat Waterproof PU Leather General Purpose Car Foot Mat, Simple Design Of Men's And Women's Car Carpet Accessories Interior"
704,Unranked(New),General-Home-Textile,137.75,4.0,100,44.0,3pcs/pack Black Cleaning Small Towels
705,Unranked(New),General-Home-Textile,161.5,5.0,300,0.0,"1pc Cute Cartoon Rabbit Printed Kitchen Apron,suitable For Men And Women,home Cleaning Tool"
706,Unranked(New),General-Home-Textile,381.9,4.0,200,40.0,1PC Beach Towel For Kids Hooded Bath Towel Poncho Kids Towel Microfiber Baby Towel For Girls 2-6 Years Bathroom Beach Swim Cover (Mermaid)
707,#7 Best Sellers,in Hand Towels,152.0,4.0,0,0.0,1pc Solid Color Bath Wrist Band
708,Unranked(New),General-Home-Textile,1992.1499999999999,15.0,50,54.0,Farmhouse Shower Curtain Ruffle Shower Curtain With Buttons Shabby Chic Shower Curtain With 12 Hooks 72 X 72 Inches Country Style
709,Unranked(New),General-Home-Textile,1263.5,4.0,0,5.0,"1pc Hand-woven Jacquard Black And White Carpet With Tassels, Nordic Style Living Room/bedroom/coffee Table Dustproof Carpet"
710,Unranked(New),General-Home-Textile,722.0,4.0,100,0.0,1pc Soft & Non-Slip Crystal Velvet Kitchen Floor Mat/Doormat/Runner Rug/Washable Carpet
711,#10 Best Sellers,in Disposable Towels & Bath Towels,294.5,4.0,0,0.0,"Portable Disposable Bath Towels, Larger And Thicker, Individually Packaged, Soft, Skin-Friendly And Comfortable For Bathing, Highly Absorbent, Suitable For Business Trips, Families, Travel, Gyms, Offices, Vacations, And Camping"
712,Unranked(New),General-Home-Textile,123.5,4.0,100,0.0,"5/10/ Kitchen Towel, Ultra-Fine Fiber Light Gray Cleaning Cloth Set, Absorbent, Soft And Stain-Removing Cloth, For Cleaning Glass, Cooking Bench, Pot, Bowl, Water Tap, Lampblack Machine,Car Wipe Cleaning Cloth"
713,#3 Best Sellers,in Decorative Tapestry,332.5,4.0,0,0.0,"One Hip-Hop Music Fan Personalized Tapestry Made Of Polyester Fabric Wall Hanging Tapestry Suitable For Music Party, Chorus Theme Bar, Studio, Living Room, Bedroom, Dormitory Room Decoration. It Can Be Used As Home Decoration Wall Cloth, Background Cloth And Tapestry. Free Installation"
714,#10 Best Sellers,in Hair Towels,627.0,4.0,0,0.0,"3pcs Multicolor Super Absorbent Microfiber Hair Turbans, Women's Soft Hair Drying Cap, Button Closure, Quick Dry For Curly, Long And Thick Hair, Anti Frizz"
715,Unranked(New),General-Home-Textile,693.5,4.0,50,0.0,"1pc PVC Square Tablecloth, Table Cover For Protection, Office Desk Anti-Spill Mat, Transparent Plastic Desk Protector, Waterproof Scratchproof Desk Cover"
716,#7 Best Sellers,in Car Floor Mat,1406.0,4.0,0,0.0,"4pcs Car Foot Mat Waterproof PU Leather General Purpose Car Foot Mat, Simple Design Of Men's And Women's Car Carpet Accessories Interior"
717,#9 Best Sellers,in Duvet Covers Sets,764.7500000000001,4.0,0,55.0,Solid Color Satin Duvet Cover Set Without Filler
718,#5 Best Sellers,in Cleaning Cloth,294.5,4.0,0,0.0,"5pcs/10pcs Double-Sided Absorbent Hanging Kitchen Towel For Cleaning Dishes, Birds Design Square Towel,Kitchen,Kitchen Items,Cleaning,Kitchen Towel,Cloth"
719,Unranked(New),General-Home-Textile,1256.8500000000001,4.0,0,10.0,"1 Set (2pcs) White Geometric Line Pattern Pillowcase & Lumbar Pillowcase, Modern Minimalist Style With Corners Tassels, Perfect For Living Room, Sofa, Bedroom"
720,#7 Best Sellers,in Bedding Comforters & Sets,4749.05,4.0,0,83.0,"7 Piece Bed In A Bag Striped Tufted Comforter Set,Shabby Chic Boho Comforter And Sheet Set, All Season Soft Microfiber Complete Bedding Set"
721,#10 Best Sellers,in Sheet Fasteners & Grippers,171.0,4.0,0,0.0,"1pc Adjustable Threaded Bedside Table And Chair Fixer/Retarder, Self-Adhesive And Retractable Wall Stabilizer, Anti-Shake Bed Frame, Table And Chair"
722,#2 Best Sellers,in Shade Cloths,1557.9999999999998,4.0,0,0.0,"1 Sunshade Net, Thickened Large Size Black Encrypted Thick With Edge Punching Sunshade Net, Suitable For Outdoor, Courtyard, Garden, Swimming Pool, Carport, Farm, Sunshade, Heat Insulation, Perfect Sunshade Net, Sunshade Net"
723,#4 Best Sellers,in Comforter Sets,5319.05,4.0,0,86.0,"7 Pieces Bed In A Bag,Boho Tufted  Comforter Set,Embroidery Shabby Chic Bedding Comforter Sets For All Seasons(7 Pieces Includes 1 Comforter, 1 Flat Sheet, 1 Fitted Sheet, 2 Pillowcases, 2 Pillow Shams)"
724,Unranked(New),General-Home-Textile,171.0,4.0,100,0.0,"1pc Random Plush Fox Washcloth, Cartoon Flannelette Multifunction Hand Towel For Home"
725,#9 Best Sellers,in Kitchen Tablecloth,627.0,4.0,0,0.0,Pure Transparent Table Mat Soft Glass Tablecloth Pvc Waterproof Oil Wash-Free Anti-Scalding Coffee Table Mat Desktop Mat Crystal Board
726,Unranked(New),General-Home-Textile,161.5,4.0,50,0.0,"3pcs Soft Microfiber Glass Cleaning Cloth, Polishing Cloth, Reusable Lint-Free Fish Scale Cloth, Kitchen Dish Cloth,Kitchen,Kitchen Items,Cleaning,Kitchen Towel"
727,Unranked(New),General-Home-Textile,2498.5,12.0,100,0.0,Ruffle Decor Duvet Cover Set Without Filler
728,Unranked(New),General-Home-Textile,1064.0,4.0,600,0.0,"1Pc Cherry Petal Pillow Heart Floating Window Bedroom Tatami Living Room Pillow Flower Back Cushion Birthday Gift(Products May Have Chromatic Aberrations Due To Light And Production Batch Issues.Since The Surface Is Produced And Cut From Different Batches Of Fabrics, The Surface Pattern Has Randomness In Position, Size, And Quantity.)"
729,Unranked(New),General-Home-Textile,1662.5,6.0,10,0.0,"Washed Duvet Cover Set,soft,Simple Fabric for all seasons"
730,Unranked(New),General-Home-Textile,1919.0,6.0,90,0.0,1pc Women's Pink Bathrobe
731,Unranked(New),General-Home-Textile,1121.0,7.0,300,0.0,"1pc Thickened Plush Sofa Cushion, Four Seasons Universal Anti-slip Sofa Cover, Modern Simple Style, Dustproof, Dirty-resistant, Machine Washable, Winter"
732,Unranked(New),General-Home-Textile,423.7,4.0,90,9.0,Carpet Long Hair Soft Skin Washable Carpet Easy To Clean Non-Slip Carpet Modern Simple Wind Living Room Bedroom Sofa
733,#5 Best Sellers,in Umbrellas & Shade,817.0,4.0,0,0.0,1Pcs Sunshade Net Rectangle Sun Shade Cloth Awning Cover Net Sun-Shelter Sails For Outdoor Garden Courtyard Swimming Pool Supplies
734,Unranked(New),General-Home-Textile,1190.35,16.0,300,30.0,"3pcs Washed Microfiber Duvet Cover Set With Zipper Closure Corner Ties, Soft, Skin Friendly, And Breathable, Twin/Queen/King, 1pc Duvet Cover & 2pcs Pillowcase"
735,Unranked(New),General-Home-Textile,6178.8,4.0,0,20.0,Kamperbox Sleeping Bag Winter Cold Down Sleeping Bag Camping Equipment Down Slippers Lightweight Sleeping Bag
736,Unranked(New),General-Home-Textile,319.2,7.0,20,45.0,1pc Simple Skin-friendly Short Plush Pillowcase Without Pillow Core
737,Unranked(New),General-Home-Textile,275.5,4.0,0,50.0,"4pcs Pumpkin Plaid Slogan Placemats, Simple Rural Style Fabric Decoration Linen-Like Insulated Waterproof Western-Style Dining Mats, Suitable For Farm Kitchen Table Waterproof, Stain-Resistant, Insulated, Decoration"
738,Unranked(New),General-Home-Textile,1389.8500000000001,4.0,40,25.0,"Outdoor Carpet Anti-water Motorhome Camping Pad Reversable Plastic Grass Mat For Gaps, Indoor/outdoor Areas, Campers, Apartment Balconies, Pools, Beaches"
739,Unranked(New),General-Home-Textile,560.5,7.0,200,0.0,"1pc Extra Thick Memory Foam Bath Rug Black Non Slip Absorbent Super Cozy Velvet Bathroom Mat, Luxury Soft Plush Small Carpet for Bath Room Shower Floor Tub, Machine Wash Dry Suitable for living room, bedroom, porch, spring, summer, autumn, winter"
740,Unranked(New),General-Home-Textile,1692.9,4.0,100,10.0,1pc Lace Floral Tablecloth
741,Unranked(New),General-Home-Textile,695.4,4.0,50,45.0,"1pc Vintage Pattern Fringe Braided Carpet Non-slip Wear-resistant Decorative Rug For Living Room, Bedroom, Balcony"
742,Unranked(New),General-Home-Textile,1358.5,9.0,10,0.0,"Nordic Style Printed Plush Carpet With Anti-slip Bottom, Water Absorbent For Bathroom, Soft And Comfortable With Thick Sponge, Suitable For Living Room, Bedroom, Balcony, Study Room, Bathroom"
743,Unranked(New),General-Home-Textile,451.25,4.0,0,50.0,"4pcs, Chinoiserie Botanical Wildflowers Linen Throw Pillow Covers, 18x18 Inch, Farmhouse Floral Plant Decorative Cushion Cases, Charming Asian Scenic Pillowcases For Sofa, Porch, Patio, And Living Room Decor, Hidden Zipper, No Inserts"
744,Unranked(New),General-Home-Textile,7058.5,4.0,0,0.0,Kamperbox Winter Sleeping Bag Down Sleeping Bag Winter Camping Sleeping Bag Double
745,Unranked(New),General-Home-Textile,303.05,4.0,10,45.0,1pc Soft Short Plush Zebra Pattern Printed Pillowcase Without Filling
746,Unranked(New),General-Home-Textile,5861.5,4.0,0,0.0,kamperbox Sleeping Bag Winter Sleeping Bag Ultralight Camping Equipment CW1100 Synthetic Sleeping Bag
747,Unranked(New),General-Home-Textile,1197.0,4.0,0,0.0,"4pcs Cartoon Santa Claus, Christmas Tree And Snowman Pink Pillowcases 17.7in*17.7in"
748,Unranked(New),General-Home-Textile,1349.0,4.0,20,0.0,"1pc Solid Color Square Faux Wool Decorative Home Carpet And Rug For Living Room, Bedroom, Kid's Room And Study Room, Etc."
749,#7 Best Sellers,in Bath Towels,228.0,4.0,0,0.0,1pc Random Color Bath Towel
750,Unranked(New),General-Home-Textile,304.0,4.0,0,50.0,12pcs White Round Lace Table Placemats Disposable Hotel & Household Waterproof Oil-Proof Protective Pad Anti-Scratch Dining Table Mat
751,Unranked(New),General-Home-Textile,522.5,18.0,600,0.0,"1pc Soft Runner Carpet For Bedroom/living Room, Fluffy & Plush. Multisize Gray Tone Tie Dye. Suitable For Bedside/decoration/dorm. Washable Blanket Cover"
752,Unranked(New),General-Home-Textile,541.5,18.0,200,0.0,"1pc Camel Bedside Rug For Bedroom, Living Room Coffee Table, Modern Nordic Ins Style, Cute Fully Covered Internet Red Mat"
753,Unranked(New),General-Home-Textile,959.5,4.0,100,0.0,"4pcs/6pcs/8pcs/15-Inch Round Woven Washable Placemats For Kitchen Table, Great For Home Gatherings And Wedding Parties (Green)"
754,Unranked(New),General-Home-Textile,651.7,5.0,100,43.0,"LongNap™ Super Soft Solid Color Bed Skirt Made Of Ultra-Fine Fiber, Suitable For All Seasons"
755,Unranked(New),General-Home-Textile,413.24999999999994,7.0,70,25.0,1pc Mini Handmade Knotted Ball Living Room Sofa Windowsill Decoration
756,Unranked(New),General-Home-Textile,988.0,7.0,1200,0.0,"New Ice Silk Summer Bed Cover, Anti-Slip Solid Color Bedding, Cool And Smooth Mattress Cover, Multi-Color Elastic Cloth Mattress Cover"
757,Unranked(New),General-Home-Textile,1178.0,4.0,200,0.0,DeramHy Home 1 Piece You Look Good Bath Mat Green Bathroom Rugs Funny Cute Bathroom Decor Preppy Small Cool Rug Non Slip Microfiber Washable Absorbent Shower Rug
758,Unranked(New),General-Home-Textile,551.9499999999999,4.0,400,30.0,"1pc Solid Color Ruffle Trim Bed Pillow Case, Modern Fabric Pillowcase Without Filler For Bedroom"
759,Unranked(New),General-Home-Textile,617.5,7.0,1000,0.0,"New Ice Silk Summer Bed Cover, Anti-Slip Solid Color Fitted Sheet, Cool & Smooth Mattress Cover, Multicolor Elastic Fabric Bed Protector"
760,Unranked(New),General-Home-Textile,1054.5,4.0,1000,0.0,THE POWERPUFF GIRLS X SHEIN Cute Cartoon Yellow Plush Pillow
761,#4 Best Sellers,in Aprons,275.5,4.0,0,0.0,"1pc Waterproof And Oil-Proof Apron For Kitchen, With Knife And Fork Pattern, Home Cooking Apron"
762,Unranked(New),General-Home-Textile,2754.0499999999997,5.0,30,15.0,"HIG Ruffled Farmhouse Shower Curtain, Camel Frilly Feminine Bathroom Curtain With 3 Rows Of Handmade Butterfly Flowers, Elegant Cloth Bath Curtain For Bathroom Decor, 72"" X 72"", Microfiber"
763,Unranked(New),General-Home-Textile,824.6,4.0,100,30.0,Plain Pom Pom Decor Bed Skirt
764,Unranked(New),General-Home-Textile,655.5,4.0,100,0.0,Leaf Design Table Runner
765,Unranked(New),General-Home-Textile,237.5,8.0,300,0.0,Jacquard Chair Seat Cover Dining Room Chair Slipcover Turquoise 1pc
766,Unranked(New),General-Home-Textile,237.5,8.0,400,0.0,1pc Solid Color Chair Cushion Cover
767,#4 Best Sellers,in Table Runners,370.5,9.0,0,0.0,"1pc Polyester Crinkle Table Runner, Cheesecloth Table Runner, Gauze Tablecloth, Boho Rustic Decorations For Wedding Decor Reception Bridal Shower Holiday Party"
768,Unranked(New),General-Home-Textile,503.5,13.0,10000,0.0,"1pc Grey Embossed Stone Sponge Bathroom Floor Mat Anti-slip Mat For Bathroom, Toilet Door Mat"
769,Unranked(New),General-Home-Textile,389.49999999999994,4.0,300,0.0,"6pcs 43*43cm Solid Color Polyester Napkins, For Dining Room, Living Room, Restaurant"
770,Unranked(New),General-Home-Textile,611.8000000000001,5.0,90,30.0,1pc Camel-colored Long Cushion With Furry Ball Decoration
771,#5 Best Sellers,in Chair Covers,237.5,8.0,0,0.0,1pc Solid Color Chair Cushion Cover
772,#10 Best Sellers,in Sheet Sets with Pillowcases,1349.0,11.0,0,64.0,Ultra-Soft 1800 Series Deep Pocket Bed Sheet Set (6-Piece)
773,Unranked(New),General-Home-Textile,1509.55,9.0,400,30.0,"4pcs Plain Satin Sheet Set Without Filler,1pc Fitted Sheet & 1pc Flat Sheet & 2pcs Pillowcase, Bedding Full/Twin/Queen/King"
774,Unranked(New),General-Home-Textile,4227.5,4.0,20,40.0,Triangular Headboard Wedge Pillow Bed Rest Reading Pillow Backrest Positioning Support Bolster Cushion
775,Unranked(New),General-Home-Textile,566.2,4.0,60,69.0,Knot Pillow Throw Pillow For Couch Soft Decorative Knotted Pillow For Home Sofa Bedroom Decor To Add Comfort And Style  Knotted Pillow For Home Sofa & Bedroom Decor
776,Unranked(New),General-Home-Textile,209.00000000000003,15.0,400,0.0,1pc Plain Satin Pillowcase Without Filler
777,Unranked(New),General-Home-Textile,1954.15,4.0,40,23.0,"1PC Pleated Blackout Door Curtain,Pleated Folding Window  Curtain, Vertical Window Blinds, With Rings,High-TemperatureSetting, For Bedroom Patio"
778,Unranked(New),General-Home-Textile,285.0,8.0,1000,0.0,"1pc Jacquard Geometric Chair Seat Cover, Modern Chair Cushion Cover For Home"
779,Unranked(New),General-Home-Textile,551.0,7.0,20,0.0,1pc Mini Handmade Knotted Ball Home Decor For Living Room Sofa Window
780,Unranked(New),General-Home-Textile,434.15000000000003,9.0,300,21.0,"2Pieces Solid Color Slip Silk Satin Pillow Cases For Hair And Skin,  Black Cooling Pillow Covers With Envelope Closure, Gift For Women Man"
781,Unranked(New),General-Home-Textile,365.75,7.0,600,30.0,"1pc Plain Color Body Pillowcase Without Filler, Modern Black Fabric Body Pillowcase For Home"
782,Unranked(New),General-Home-Textile,1137.15,6.0,200,11.0,"Solid Color Fuzzy Rug, Pink Plush Acrylic Floor Mat For Bedroom"
783,Unranked(New),General-Home-Textile,579.5,18.0,800,0.0,"1pc Grass Green Bedside Carpet For Bedroom, Living Room & Tatami, Modern & Simple Northern Europe Ins Style Full-cover Lovely Cushion"
784,Unranked(New),General-Home-Textile,1072.55,4.0,900,1.0,"1pc Quilted Fitted Sheet, Mattress Protector, Bedspread For Bedroom, Full Coverage, Solid Color Mattress Cover, Machine Washable, Curved Grid Design, Fits Twin Full King Queen Size Bed"
785,Unranked(New),General-Home-Textile,332.5,9.0,300,0.0,"1pc Solid Color Cheese Cloth Table Runner, Bohemian Style Polyester Tablecloth And Table Runner For Wedding Party Banquet Table Decoration"
786,#7 Best Sellers,in Decorative & Throw Pillows,902.5,4.0,0,0.0,THE POWERPUFF GIRLS X SHEIN Green Girl Plush Pillow
787,Unranked(New),General-Home-Textile,372.4,18.0,100,30.0,"2pcs Satin Solid Color Pillowcase,Soft Pillow Cover With Envelope Closure For Bedroom,Bedding Supplies"
788,Unranked(New),General-Home-Textile,244.14999999999998,6.0,500,22.0,"Sequin Cushion Cover Without Filler, Silver Throw Pillow Case, For Sofa, Living Room"
789,Unranked(New),General-Home-Textile,1168.5,17.0,300,0.0,"1pc Solid Color Plush Blanket, Soft Skin-Friendly Fabric, Multi-Size And Multi-Function Blanket, Suitable For Air Conditioning, Summer Thin Blanket, Beds, Sofas, Outdoors, Or Office, Four Seasons Usable, Suitable For Sofas, Beds, Sofas, And Chairs - Double-Sided Blanket"
790,Unranked(New),General-Home-Textile,1291.05,10.0,100,10.0,2 Panels Solid Thermal-Insulated Blackout Curtains For Bedroom And Living Room For Protection Against Ultraviolet Rays
791,Unranked(New),General-Home-Textile,456.0,4.0,200,0.0,Leaf Decor Cushion Cover Without Filler
792,Unranked(New),General-Home-Textile,465.50000000000006,5.0,700,0.0,1pc White Rectangular Carpet
793,Unranked(New),General-Home-Textile,522.5,5.0,1900,0.0,"2pcs Satin Solid Color Pillowcase,Soft Pillow Cover With Envelope Closure For Bedroom,Bedding Supplies"
794,Unranked(New),General-Home-Textile,285.0,8.0,400,0.0,Jacquard Chair Seat Cover Dining Room Chair Slipcover Burgundy 1pc
795,Unranked(New),General-Home-Textile,1368.0,4.0,70,0.0,1pc Four Seasons Plush Polyester Shaped Flower Happy Letter Cartoon Print Anti-slip Tpr Bottom Soft Absorbent Comfortable Machine/hand Washable Easy To Clean Suitable For Sink Shower Bathtub Bathroom Mat
796,Unranked(New),General-Home-Textile,651.7,5.0,100,43.0,LongNap™ Solid Color Elegant Ultra-Soft Microfiber Bed Skirt For Bedroom Bedding Decoration
797,Unranked(New),General-Home-Textile,627.0,4.0,500,0.0,1PC Furry Carpet Nordic Style Solid Color Children's Rug Modern   Bedroom Living Room Large Size Non Slip Children's Room Floor Mat
798,#4 Best Sellers,in Mosquito Net,1520.0,4.0,0,0.0,1pc Solid Color Mosquito Net
799,Unranked(New),General-Home-Textile,323.0,4.0,30,0.0,"1pc English Letter Luminous Black Light Tapestry, Creative And Minimalistic Wall Hanging For Living Room, Bedroom, Office And Home Decoration/Room Decoration/Party Decoration"
800,Unranked(New),General-Home-Textile,3489.35,10.0,300,1.0,3pcs Pure Color Simple Bedding Set
801,Unranked(New),General-Home-Textile,3562.5,16.0,400,0.0,"3pcs Pink Plush Duvet Cover Set (1 Duvet Cover + 2 Pillowcase), Soft & Warm Bedding Set"
802,#3 Best Sellers,in Bathrobe,807.5,4.0,0,0.0,"1pc Thicken Soft & Absorbent Bathrobe With Edge Stitching For Women, Towel Wrap Style"
803,Unranked(New),General-Home-Textile,180.5,4.0,10000,0.0,5pcs/10pcs Mixed-Color Thickened Wavy-Shaped Anion Kitchen Dishcloth Striped Coral Velvet Cleaning Pad Non-Stick Oil Washing Towel
804,Unranked(New),General-Home-Textile,323.0,4.0,1400,0.0,"10pcs/set Coral Fleece Cleaning Cloth & Cleaning Sponge, Minimalist Multifunction Double-side Cleaning Rag & Scouring Pad For Household"
805,Unranked(New),General-Home-Textile,676.4,4.0,70,20.0,1pc Men Letter Embroidered Bath Wrap Towel
806,Unranked(New),General-Home-Textile,812.2500000000001,4.0,200,25.0,Star Pillow Cute Bedside Love Sofa Pillow Car Cushion Personality Funny Girls Gift
807,#2 Best Sellers,in Tablecloths,223.25,12.0,0,62.0,1pc Elegant Sheer Wedding Arch Backdrop For Indoor And Outdoor Use
808,Unranked(New),General-Home-Textile,426.55,12.0,50,25.0,"LongNap™ 2pcs Premium Silky Satin Envelope Pillowcases Set, Soft Breatheable Wrink-Free Better For Hair Skin Sleep, Pillow Covers Without Filling, Dark Grey"
809,#9 Best Sellers,in Pillows & Positioners,560.5,4.0,0,0.0,Upgraded U-Shaped Travel Pillow Supportive Neck Pillow
810,Unranked(New),General-Home-Textile,579.5,6.0,100,0.0,"1pc Pink Rug, Polyester Fluffy Floor Carpet For Home"
811,#9 Best Sellers,in Fitted Sheets,1083.0,4.0,0,0.0,"1pc Quilted Fitted Sheet, Mattress Protector, Bedspread For Bedroom, Full Coverage, Solid Color Mattress Cover, Machine Washable, Curved Grid Design, Fits Twin Full King Queen Size Bed"
812,Unranked(New),General-Home-Textile,323.0,4.0,100,0.0,1pc Black Cartoon Character Tapestry For Living Room And Bedroom Wall Decoration
813,#3 Best Sellers,in Beach Towels & Bath sheets,817.0,4.0,0,0.0,"1pc   Beach Towel, Microfiber Beach Towel, Oversized Quick-Drying Soft Beach Towel, Beach Blanket For Swimming, Fitness And Gym"
814,Unranked(New),General-Home-Textile,817.0,4.0,90,0.0,1pc Plush Sofa Cushion All Seasons Universal  Anti-Slip Sofa Cover Full Package Universal Cover
815,#5 Best Sellers,in Quilts & Sets,2717.0,4.0,0,0.0,Bow Pattern Quilted Bedspread
816,Unranked(New),General-Home-Textile,380.0,4.0,40,0.0,"1pc 100% Blackout Coated Solid Color Simple & Stylish Decorative Thermal Insulated Curtain With Rod Pocket For Living Room, Bedroom, Nursery, Doorway, Closet"
817,Unranked(New),General-Home-Textile,1660.6000000000001,7.0,100,25.0,Tufted Chevron Pattern Duvet Cover Set Without Filler
818,#4 Best Sellers,in Shade Cloths,691.6,4.0,0,25.0,"1pc Heavy-Duty Sun Shade Net - 80% UV Protection, Durable & Breathable - Easy Install Privacy Screen For Outdoor Yard, Patio, Plants, Pergola, Greenhouse, And Chicken Coop - Weather-Resistant With Secure Grommets"
819,Unranked(New),General-Home-Textile,266.0,4.0,100,0.0,Eyelash Print Cushion Cover Without Filler
820,Unranked(New),General-Home-Textile,284.05,4.0,900,30.0,"1PC Ultra Plush Ultra-Fine Fiber Anti Slip Soft Bathroom Carpet, Water Absorbent And Machine Washable Chenille Bathroom Mat, Quick Drying Plush Floor Mat, Suitable For Bathroom, Shower, Bedroom Or Door Mat, Bathroom Decoration"
821,Unranked(New),General-Home-Textile,1881.0,4.0,10,0.0,Office Chair Waist Protection Cushion Thick Double-Sided Rocking Chair Cushion Lunch Break Folding Chair Cushion Bedroom Chair Waist Protection Cushion Computer Chair Cushion
822,Unranked(New),General-Home-Textile,560.5,4.0,90,0.0,"1pc Colorful Wooden Plank Text Printed Kitchen Mat, Soft Crystal Velvet Rectangle Anti-Skid Absorbent Rug, Suitable For Kitchen, Dining Room, Living Room, Home Use"
823,#2 Best Sellers,in Kitchen Window Curtains,893.0,5.0,0,0.0,2pcs Modern Fresh Grid & Sunflower Digital Printing Decorative Rod Pocket Kitchen Short Curtains
824,Unranked(New),General-Home-Textile,712.5,4.0,90,0.0,"1pc Vintage Bohemian Style Carpet, Ultrafine Fiber Short Plush Soft & Washable, Suitable For Bedroom, Restaurant, Living Room, Hallway Home Decor"
825,Unranked(New),General-Home-Textile,418.00000000000006,5.0,300,0.0,"1pc Solid Color Cushion Cover, Soft Warm Simple White Polyester Pillow Case For Sofa Home Decor, Pillow Insert Not Include"
826,Unranked(New),General-Home-Textile,361.0,4.0,200,0.0,"1pc Handmade Crochet Lace Table Runner With Tassels - Chic Cream And Brown, Perfect For Dining Room And Bedroom - Bohemian Farmhouse Decor"
827,Unranked(New),General-Home-Textile,1045.0,10.0,0,0.0,1pc Knotted Ball Plush Pillow For Sofa And Window Decoration
828,#4 Best Sellers,in Kitchen Towels,72.2,4.0,0,60.0,"5pcs Kitchen Rag, Cleaning Cloth, Dishwashing Cloth, Super Absorbent, Multifunctional Cleaning Towel, Household Rag, Kitchen Bathroom Cleaning Towel, Window Wiping Cloth, Cleaning Supplies, Cleaning Gadgets, ( Random Color )"
829,#10 Best Sellers,in Towels,503.5,4.0,0,0.0,2pcs Wheat Stem Pattern Coral Fleece Soft Face Towel Bath Towel Fast Drying & Non-Shedding
830,Unranked(New),General-Home-Textile,221.35,16.0,400,25.0,1pc Geometric Jacquard Cushion Cover Without Filler
831,Unranked(New),General-Home-Textile,423.7,4.0,200,16.0,"1pc Double Mouth With Tongue Solid Color Woven Dining Chair Cover, Washable Stretchable Seat Protector, Suitable For Restaurant Chair With Back Cover"
832,Unranked(New),General-Home-Textile,265.05,15.0,100,10.0,"1pc Plush Geometric Design Pillow Case (Pillow Core Not Included), Bohemian Style Decorative Cushion Cover For Living Room, Bedroom, All Seasons"
833,Unranked(New),General-Home-Textile,2099.5,9.0,1000,0.0,"4pcs Plain Satin Sheet Set Without Filler,1pc Fitted Sheet & 1pc Flat Sheet & 2pcs Pillowcase, Bedding Full/Twin/Queen/King"
834,#1 Best Sellers,in Pillows & Positioners,1140.0,4.0,0,0.0,"1/4 Pcs Throw Pillows, White Bed Pillow Pillow Insert For Sofa, Bed And Couch Bedroom Dorm Room Hotel"
835,Unranked(New),General-Home-Textile,361.0,5.0,300,0.0,"1pc Solid Color Cushion Cover Without Filler,  Fabric Throw Pillow Case, For Living Room Sofa"
836,Unranked(New),General-Home-Textile,567.15,4.0,900,44.0,"4pcs Double-sided Printed Decorative Pillows In Floral, Geometric Plush, Vintage And Leaves Styles - Exclusive Design Brings Beautiful Moments Back Home, Durable Materials Perfect For Living Room, Bedroom, Car, Sofa, Bed, Etc."
837,Unranked(New),General-Home-Textile,1111.5,4.0,200,0.0,"1pc Home & Flowers Pattern Shower Curtain Or Toilet Mat Or 4pcs Bath Mat Set, Waterproof Bathroom Accessories With 12 Shower Curtain Hooks Gift"
838,Unranked(New),General-Home-Textile,1542.8,5.0,60,30.0,"3pcs Pom Pom Decor Duvet Cover Set With 1pc Cover, 2pcs Pillowcase Without Filler, Modern Polyester Soft Bedding Duvet Cover Set For Household"
839,Unranked(New),General-Home-Textile,4246.5,4.0,20,0.0,1pc Solid Color Plush Triangle Back Cushion (With Filling) Reading And Bed Rest Pillow Soft And Smooth To The Touch
840,Unranked(New),General-Home-Textile,475.0,4.0,100,0.0,"1 Ps USD Banknote Series Irregular Floor Mat, Living Room Fun Floor Mat, Door Mat, Sofa Coffee Table Mat, Multiple Size Floor Mat, Suitable For Living Room Decoration"
841,Unranked(New),General-Home-Textile,2232.5,12.0,100,0.0,Pom Pom Decor Duvet Cover Set Without Filler
842,Unranked(New),General-Home-Textile,256.5,4.0,80,0.0,"Coral Fleece Soft And Comfortable Absorbent Dot Pattern Couple Style Quick-Dry Hair Drying Towel, Hand Towel, Face Towel, Shower Towel, Or Bath Towel For Home Use (1pc)"
843,#5 Best Sellers,in Trending Rugs & Mats for Spring or Summer,532.0,4.0,0,0.0,"1pc Green Leaf Pattern Living Room Carpet, Modern Simple Stain Resistant Easy Clean Decorative Carpet, Water Absorbent Soft Anti-Fatigue Floor Mat, Safe & -Friendly Bathroom Shower Anti-Slip Mat, Suitable For Living Room, Bedroom, Garden, Kitchen And Entrance Decoration, Multiple Styles Optional"
844,Unranked(New),General-Home-Textile,1349.0,4.0,700,0.0,"THE POWERPUFF GIRLS X SHEIN Cartoon Graphic Fitted Sheet, Cute Composite Fabric Elastic Band Fitted Sheet, For Bedroom"
845,Unranked(New),General-Home-Textile,138.7,4.0,600,58.0,"1pc Crinkle Table Runner, Rustic Bohemian Style Wedding Party Decoration, Purple"
846,Unranked(New),General-Home-Textile,2374.0499999999997,15.0,300,58.0,"2 Pcs Deconovo 100% Blackout Curtains With Black Liners, Thermal Insulated Full Blackout Double Layer Curtains, Energy Efficiency Small Window Draperies For Dining Room"
847,#4 Best Sellers,in Face Towels,456.0,4.0,0,0.0,"1 Pack Disposable Face Towels With Thick Soft Gentle 100% , Dry And Wet Dual-use Facial Cleansing Towel For Home Use"
848,Unranked(New),General-Home-Textile,342.0,12.0,500,0.0,"1pc Solid Color Cushion Cover Without Filler, Modern Woven Fabric Throw Pillow Cover For Household"
849,#2 Best Sellers,in Oven Mitts & Oven Sleeves,294.5,4.0,0,0.0,"2pcs Left And Right Hand Heat Resistant Gloves Set For Oven & Microwave With Grid Pattern And Thick Double Layer Polyester Fabric Suitable For House, Kitchen And Dining Room"
850,Unranked(New),General-Home-Textile,893.0,4.0,100,0.0,1PC Solid Color Velvet Office Chair Cover Super Soft Fabric Computer Chair Covers Stretch Armchair Slipcover for Living Room Study Gaming Chair
851,#2 Best Sellers,in Shower Curtains,564.3000000000001,4.0,0,40.0,"1pc Peva Heavy Duty Transparent Shower Curtain, Waterproof Anti-Punching Screen Door Curtain For Home Use"
852,#5 Best Sellers,in Kitchen Towels,128.25,4.0,0,29.0,1pc Coralline Velvet Hand Towel Pineapple Cartoon Hanging Towel Thick Absorbent Cleaning Cloth For Kitchen And Bathroom (Color Random)
853,Unranked(New),General-Home-Textile,313.5,4.0,300,0.0,1pc White Small Round Decorative Placemat For Coffee Table
854,Unranked(New),General-Home-Textile,1155.2,4.0,40,5.0,One Solid Color Twisted Flower Craft Pillow Core For Single Adult Or Student Dormitory Modern Style Pillow Suitable For Home Living Room Carrying Outdoor
855,Unranked(New),General-Home-Textile,465.50000000000006,4.0,1200,0.0,"Plain Single Panel Curtain, Pink Simple Polyester Curtain For Bedroom"
856,Unranked(New),General-Home-Textile,2636.25,5.0,200,25.0,3pcs Floral Cut Ball & Tassel Duvet Cover Set
857,#10 Best Sellers,in Comforter Sets,5414.05,4.0,0,81.0,"7 Piece Bed In A Bag Comforter Set, Boho Shabby Chic Jacquard Comforter And Sheet Set,Farmhouse Bedding Set,Soft Microfiber Bedding Set For All Season"
858,Unranked(New),General-Home-Textile,189.05,4.0,800,34.0,"5pcs Plaid Pattern Cleaning Rag, Black Polyester Durable Absorbent Dish Cleaning Rag For Kitchen"
859,Unranked(New),General-Home-Textile,494.0,4.0,90,0.0,"4pcs Bed Sheet Holder Straps, Fitted Sheet Straps"
860,Unranked(New),General-Home-Textile,218.49999999999997,4.0,600,0.0,"1pc Random Color Floral Pattern Washcloth,Cute Flannelette Absorbing Water Hand Towel For Kitchen,Bathroom"
861,Unranked(New),General-Home-Textile,741.0,4.0,0,0.0,"1pc Abstract Geometric Print Shower Curtain, Water-Resistant Bathroom Decorative Curtain With 12 Hooks, Black And White Curtain For Windows, Bathroom Accessories, 71x71inch/180x180cm"
862,Unranked(New),General-Home-Textile,399.0,4.0,800,0.0,"Tufted Single Panel Sheer Curtain, Simple Polyester Light Filtering Privacy Sheer Curtain For Living Room And Bedroom"
863,Unranked(New),General-Home-Textile,119.7,4.0,300,50.0,"5pcs/10pcs Thickened Wave Pattern Coral Fleece Dish Cloth In Mixed Colors, Antibacterial, Kitchen Cleaning Rag"
864,Unranked(New),General-Home-Textile,722.0,12.0,1000,0.0,"Polyester Single Panel Curtain, Pink Single Panel Blackout Curtain For Bedroom And Living Room"
865,#3 Best Sellers,in Trending Rugs & Mats for Spring or Summer,386.65000000000003,4.0,0,37.0,"1pc Printed Bathroom Mat, Toilet Entrance Rug, Diatomaceous Earth Absorbent Mat, Anti-Slip Washroom Mat"
866,Unranked(New),General-Home-Textile,1702.4,12.0,50,30.0,"3pcs Solid Color Lotus Edge Duvet Cover Set, 1 Duvet Cover & 2 Pillowcases (excluding Core), Soft Polyester Fiber Blend Skin-friendly Bedding Set For Daily Use"
867,#5 Best Sellers,in Decorative Textile,722.0,4.0,0,0.0,"4 PCS Patriotic Suede Pillow Covers 18 X 18, Memorial Day Independence Day Throwing Pillow Covers Outdoor, American Flag Star Pillow Covers Home Decor, Room Decor, Bedroom Decor, Living Room Decor, Sofa Decor"
868,Unranked(New),General-Home-Textile,902.5,4.0,100,0.0,Large Bean Bag Chair Sofa Cover Comfortable Outdoor Slouchy Seat Bag Couch Cover Without Filler For Adults Kids Soft Tatami Chairs Covers For Home Garden Living Room
869,Unranked(New),General-Home-Textile,294.5,4.0,200,0.0,1pc Bohemian Table Runner Placemat
870,#10 Best Sellers,in Sheet Sets with Pillowcases,1349.0,11.0,0,64.0,Ultra-Soft 1800 Series Deep Pocket Bed Sheet Set (6-Piece)
871,Unranked(New),General-Home-Textile,1509.55,9.0,400,30.0,"4pcs Plain Satin Sheet Set Without Filler,1pc Fitted Sheet & 1pc Flat Sheet & 2pcs Pillowcase, Bedding Full/Twin/Queen/King"
872,Unranked(New),General-Home-Textile,4227.5,4.0,20,40.0,Triangular Headboard Wedge Pillow Bed Rest Reading Pillow Backrest Positioning Support Bolster Cushion
873,Unranked(New),General-Home-Textile,566.2,4.0,60,69.0,Knot Pillow Throw Pillow For Couch Soft Decorative Knotted Pillow For Home Sofa Bedroom Decor To Add Comfort And Style  Knotted Pillow For Home Sofa & Bedroom Decor
874,Unranked(New),General-Home-Textile,209.00000000000003,15.0,400,0.0,1pc Plain Satin Pillowcase Without Filler
875,Unranked(New),General-Home-Textile,1954.15,4.0,40,23.0,"1PC Pleated Blackout Door Curtain,Pleated Folding Window  Curtain, Vertical Window Blinds, With Rings,High-TemperatureSetting, For Bedroom Patio"
876,Unranked(New),General-Home-Textile,285.0,8.0,1000,0.0,"1pc Jacquard Geometric Chair Seat Cover, Modern Chair Cushion Cover For Home"
877,Unranked(New),General-Home-Textile,551.0,7.0,20,0.0,1pc Mini Handmade Knotted Ball Home Decor For Living Room Sofa Window
878,Unranked(New),General-Home-Textile,434.15000000000003,9.0,300,21.0,"2Pieces Solid Color Slip Silk Satin Pillow Cases For Hair And Skin,  Black Cooling Pillow Covers With Envelope Closure, Gift For Women Man"
879,Unranked(New),General-Home-Textile,365.75,7.0,600,30.0,"1pc Plain Color Body Pillowcase Without Filler, Modern Black Fabric Body Pillowcase For Home"
880,Unranked(New),General-Home-Textile,893.0,4.0,100,0.0,1PC Solid Color Velvet Office Chair Cover Super Soft Fabric Computer Chair Covers Stretch Armchair Slipcover for Living Room Study Gaming Chair
881,Unranked(New),General-Home-Textile,313.5,4.0,300,0.0,1pc White Small Round Decorative Placemat For Coffee Table
882,Unranked(New),General-Home-Textile,465.50000000000006,4.0,1200,0.0,"Plain Single Panel Curtain, Pink Simple Polyester Curtain For Bedroom"
883,Unranked(New),General-Home-Textile,2636.25,5.0,200,25.0,3pcs Floral Cut Ball & Tassel Duvet Cover Set
884,Unranked(New),General-Home-Textile,189.05,4.0,800,34.0,"5pcs Plaid Pattern Cleaning Rag, Black Polyester Durable Absorbent Dish Cleaning Rag For Kitchen"
885,Unranked(New),General-Home-Textile,494.0,4.0,90,0.0,"4pcs Bed Sheet Holder Straps, Fitted Sheet Straps"
886,Unranked(New),General-Home-Textile,218.49999999999997,4.0,600,0.0,"1pc Random Color Floral Pattern Washcloth,Cute Flannelette Absorbing Water Hand Towel For Kitchen,Bathroom"
887,Unranked(New),General-Home-Textile,399.0,4.0,800,0.0,"Tufted Single Panel Sheer Curtain, Simple Polyester Light Filtering Privacy Sheer Curtain For Living Room And Bedroom"
888,Unranked(New),General-Home-Textile,722.0,12.0,1000,0.0,"Polyester Single Panel Curtain, Pink Single Panel Blackout Curtain For Bedroom And Living Room"
889,Unranked(New),General-Home-Textile,1702.4,12.0,50,30.0,"3pcs Solid Color Lotus Edge Duvet Cover Set, 1 Duvet Cover & 2 Pillowcases (excluding Core), Soft Polyester Fiber Blend Skin-friendly Bedding Set For Daily Use"
890,Unranked(New),General-Home-Textile,294.5,4.0,200,0.0,1pc Bohemian Table Runner Placemat
891,Unranked(New),General-Home-Textile,436.05,4.0,100,10.0,"1 Pc 100% Water Absorbent Pet Feeding Mat, Dog And Cat Food Mats Contain Spills Protects Floors, Placemats For Dogs Water Bowl, Pets Accessories"
892,#2 Best Sellers,in Tapestry,361.0,4.0,0,0.0,"1pc Ghost With Phone And Knife Printed Fluorescent Tapestry, With Blue Light Uv Lamp Response, Fabric Wall Decoration"
893,Unranked(New),General-Home-Textile,1092.5,4.0,200,0.0,"2pcs Retro European Style Knife And Fork Printed Rod Pocket Kitchen Curtain, 27.5*39in"
894,Unranked(New),General-Home-Textile,1994.05,4.0,30,0.0,"Queen Comforter Set, Burnt Orange 3 Pieces Boho Tassel Lightweight Soft Bedding Sets, All Season Fluffy Bed Set (1 Comforter & 2 Pillowcases)"
895,Unranked(New),General-Home-Textile,429.4,4.0,40,38.0,Leaf Design Table Runner
896,Unranked(New),General-Home-Textile,513.95,4.0,200,24.0,"1pc Household Bathroom Anti-slip Mat With Water Absorption, Quick Dry, Suitable For Toilet, Washbasin Or Bedroom Doorway"
897,#8 Best Sellers,in Carpet,1463.0,4.0,0,0.0,1 Pack Sexy Bathroom Rugs Soft Tufted Rugs Non-Slip Absorbent Handmade Rugs Bedroom Kitchen Bathroom Rugs Home Decor Room Decor 23.6Inch*21.6Inch (60X55cm)
898,#9 Best Sellers,in Carpet,560.5,4.0,0,12.0,"1pc Soft & Non-slip Bedroom/bathroom/entrance Doormat Carpet, All Seasons/can Be Washed"
899,Unranked(New),General-Home-Textile,21.85,4.0,30,82.0,"1 Roll Window Screen Repair Tape, Self-Adhesive Mesh Tape, Insect Screen, Strong Self-Adhesive Window Screen Repair Patch For Rips And Holes, Window Screen Repair Sticker, Tear-Resistant Insect Screen Patch"
900,Unranked(New),General-Home-Textile,285.0,4.0,100,0.0,"1pc Thickened And Super Absorbent Solid Color Bath Towel Set For Daily Use, Soft And Skin-Friendly, Including Bath Towel, Hand Towel, And Washcloth"
901,Unranked(New),General-Home-Textile,1539.0,4.0,900,0.0,HARRY POTTER X SHEIN White Owl Plush Pillow
902,#2 Best Sellers,in Blackout Curtains & Shades,342.0,4.0,0,0.0,"1pc Beige 100% Full Blackout Heat-Insulating Power-Cut Curtain, Blocking Sunlight And Glare, Making Room Darker, Reducing UV Rays And Heat, And Protecting Privacy, Suitable For Living Room, Bedroom, Office And Other Full Blackout Curtains"
903,Unranked(New),General-Home-Textile,3790.5,4.0,50,0.0,1pc New Triangular Backrest Pillow (Including Inner Filling) Soft And Skin-Friendly Pillow For Reading And Rest On Bed
904,Unranked(New),General-Home-Textile,753.35,4.0,80,35.0,"2pcs/Set Pineapple Grid Bathrobe & Bath Cap Set, Simple Style Coral Fleece Bowknot With Pockets, Water-Absorbent & Quick-Drying Bathrobe Suit For Kitchen, Bathroom, Bedroom, Living Room All Seasons"
905,Unranked(New),General-Home-Textile,436.99999999999994,4.0,400,0.0,1pc Geometric Pattern Dining Chair Cover
906,Unranked(New),General-Home-Textile,1225.5,4.0,20,40.0,"1pc Flower Printed Tablecloth, Picnic & Dinner Table Decoration Cloth, Anti-Dirt & Anti-Oil Table Cover Suitable For Kitchen, Dining Room And Party Decoration, All Seasons"
907,Unranked(New),General-Home-Textile,252.70000000000002,5.0,100,40.0,"1pc Modern Water Ripple Pattern Pillow Cover, Polyester Square Cushion Cover Suitable For Living Room Home Decor"
908,Unranked(New),General-Home-Textile,1263.5,4.0,80,0.0,FRIENDS X SHEIN Car And Letter Print Flat Sheet
909,#1 Best Sellers,in Kitchen Towels,178.6,4.0,0,1.0,"1pc Cute Pig Shaped Hanging Hand Towel, Kitchen Cleaning Cloth, Slouchy Wiping Towel, Plain Color Kids Handkerchief For Household Use"
910,Unranked(New),General-Home-Textile,228.0,4.0,100,0.0,1pc Flower Embroidery Table Cloth Or Placemat
911,Unranked(New),General-Home-Textile,327.75,4.0,200,32.0,"1pc Cartoon Style Linen Look Anti-Slip Rectangle Tablecloth/Table Runner With Star & English Alphabet Pattern,Easy To Clean, Perfect For Family Dinner, Birthday Party, Gift, Kitchen, Living Room Decor"
912,Unranked(New),General-Home-Textile,1425.0,4.0,200,0.0,"1pc Satin Bed Skirt, Luxurious Soft Ruffled Silk Bedskirt Without Pillowcase, Wrap Around Dust Ruffle, Fit Twin Full Queen King Size Bed"
913,Unranked(New),General-Home-Textile,1947.5,7.0,100,0.0,4pcs Polyester Leopard Print Bedding Set (2 Pillowcases+1 Flat Sheet+1 Fitted Sheet)
914,#2 Best Sellers,in Kitchen Tablecloth,304.0,4.0,0,0.0,"1pc Kitchen Dining Room Bali-Inspired Crinkled Gauze Tablecloth, Bohemian Style Linen Blend Wedding Birthday Party Table Cover"
915,Unranked(New),General-Home-Textile,352.45,7.0,300,30.0,1pc Plain Color Body Pillowcase Without Filler
916,#1 Best Sellers,in Beach Accessories,1015.55,4.0,0,4.0,"SHEIN Swim Vcay Cherry Print Beach Blanket,Summer Beach"
917,Unranked(New),General-Home-Textile,760.9499999999999,4.0,100,10.0,"1pc Antibacterial Waterproof Mattress Protector (Only Fitted Sheet Without Pillow), Soft And Comfortable Solid Color Bedding Mattress Cover, For All Size Bed - Queen, King, Full, Twin Size Sheet, Rhombus Pattern"
918,Unranked(New),General-Home-Textile,769.5,4.0,300,10.0,Pair Of Ruffled Solid Color Pillowcases
919,Unranked(New),General-Home-Textile,691.6,5.0,40,25.0,"3pcs /Set Dark Gray Plum Blossom Branch Flower Pattern Fitted Sheet Set Without Filler, Fitted Sheet Set For Bedroom Brushed Microfiber Breathable Comfortable"
920,Unranked(New),General-Home-Textile,503.5,4.0,200,0.0,1pc Bee Pattern Table Runner
921,Unranked(New),General-Home-Textile,2232.5,12.0,200,0.0,"3pcs/set Solid Color Duvet Cover Set Without Filler, Simple Fabric Duvet Cover Set (1pc Comforter Cover, 2pcs Pillowcase) For Bedroom"
922,Unranked(New),General-Home-Textile,1274.9,9.0,200,22.0,Two Tone Duvet Cover Set Without Filler Room Stuff
923,Unranked(New),General-Home-Textile,2318.0,4.0,90,0.0,"1pc Soft And Comfortable New Dornier Fabric Tpr Base Material, Gray Floor Mat Carpet, Quick Water Absorption And Non-Slip, Four-Season Decoration, Indoor Area Decoration, Vivid And Realistic Color"
924,Unranked(New),General-Home-Textile,338.2,4.0,100,43.0,"2pcs Satin Solid Color Pillowcase, Soft Pillow Cover With Envelope Closure For Bedroom, Bedding Supplies"
925,Unranked(New),General-Home-Textile,441.75000000000006,4.0,100,25.0,"1pair Lip Print Pillowcase Without Filler, Valentine's Day Bed Pillow Cover For Bedroom"
926,Unranked(New),General-Home-Textile,1140.0,4.0,50,0.0,1pc Transparent PVC Lace Floral Waterproof Tablecloth
927,Unranked(New),General-Home-Textile,570.0,4.0,700,0.0,1pc Bohemian Style Fringe Decorative Pillow Cover For Vacation
928,Unranked(New),General-Home-Textile,636.5,4.0,30,0.0,"A Set Of 100 Compressed Towels, Mini Portable Clean Travel"
929,Unranked(New),General-Home-Textile,974.6999999999999,4.0,600,38.0,Solid Double Layer Single Panel Curtain
930,Unranked(New),General-Home-Textile,246.04999999999998,4.0,100,24.0,"1pc Bee Sunflower Summer Table RunnerPlacemats, Seasonal Spring Flowers Kitchen Dining Table Decoration For Home Party Decor"
931,Unranked(New),General-Home-Textile,809.4,5.0,100,10.0,1pc Red Oval Shaped Plush Carpet For Living Room And Bedroom Decoration
932,#7 Best Sellers,in Runner Rugs,1493.4,4.0,0,18.0,"1pc Vintage  Style Hallway Carpet, Blue Bohemian Polyester Rectangle Printed Rug, Machine Washable & Easy To Clean, Suitable For Hallway, Kitchen, Bedside, Laundry Room, Bedroom, Living Room Home Decor"
933,Unranked(New),General-Home-Textile,313.5,4.0,900,0.0,1pc Geometric Flower Pattern Tapestry
934,#1 Best Sellers,in Window Stickers,159.6,4.0,0,20.0,"Colorful Daisy Flowers Sunlight Electrostatic Glass Sticker, Self-Adhesive Decoration For Windows, Shop Windows And Walls"
935,Unranked(New),General-Home-Textile,484.49999999999994,6.0,100,25.0,"1pc Plush Heart Shaped Throw Pillow, Perfect For Living Room And Bedroom Decoration"
936,Unranked(New),General-Home-Textile,579.5,4.0,200,0.0,"1pc Striped Pattern Cushion Cover, Modern Polyester Throw Pillow Case For Home Sofa, Pillow Insert Not Include"
937,Unranked(New),General-Home-Textile,1216.0,4.0,60,0.0,1PC Rugs For Living Room Black Fluffy Furry Shaggy Fuzzy Area Rug Carpets For Bedroom Shag Plush Soft Large  Kids Home Decor Aesthetic
938,#5 Best Sellers,in Decorative & Throw Pillows,358.15,4.0,0,55.0,Sunflower Pillow Living Room Sofa Decoration Cushion Bed Headrest Seat Cushion Plush Tatami Bay Window Pillow
939,Unranked(New),General-Home-Textile,2564.0499999999997,4.0,0,43.0,Boho Washable Bordered Area Rug Non Slip Stain Resistant Hallway Runner Rug Thin Easy To Clran Floor Cover Home Decor Carpet For Living Room Bedroom Kitchen Laundry Bathroom
940,Unranked(New),General-Home-Textile,1060.2,4.0,30,10.0,"1pc Personalized Beach Towel, 80*160cm Seahorse Starfish Shark Mermaid Dinosaur Customized Beach Towel, Absorbent Beach Towel, Large Summer Beach Blanket, Gift For Beach Pool Party, Beach Essentials"
941,Unranked(New),General-Home-Textile,8549.05,4.0,100,18.0,"Extra Large 8x10 Feet Fluffy Area Rug,  Modern Indoor Living Room Bedroom Home Colorful Rugs, Shaggy Plush Faux Carpets Decor"
942,Unranked(New),General-Home-Textile,513.0,4.0,60,0.0,"1pc Fashion Letter Doormat - Durable And Non-Slip, Great For High Traffic Areas - Ideal For Home Decoration And Housewarming Gift"
943,Unranked(New),General-Home-Textile,275.5,13.0,200,0.0,"A Solid Color Pillowcase, Soft Fabric, Skin-Friendly And Breathable, Suitable For Bedroom Or Hotel Business Trip"
944,Unranked(New),General-Home-Textile,285.0,9.0,80,0.0,"SHEIN 2pcs 100%Cotton Pillowcase, Soft Pillow Cover With Envelope Closure For Bedroom, Bedding Supplies"
945,Unranked(New),General-Home-Textile,532.0,4.0,700,0.0,"1pc Galaxy Lovers Tapestry, Room Decoration Wall Hanging, Simple Fabric Multi-Purpose Wall Art For Bedroom, Living Room Decoration For Couples Of Both Genders"
946,Unranked(New),General-Home-Textile,1576.05,5.0,10,30.0,"3pcs Diamond Uragiri Texture Duvet Cover Set Without Filler, Simple Fabric Bedding Set For Bedroom"
947,Unranked(New),General-Home-Textile,351.5,4.0,2600,0.0,1pc Gray Absorbent Non-Slip Fiber Pebble Embossed Doorway Rug Doormat Or U-Shaped Toilet Mat
948,Unranked(New),General-Home-Textile,803.7,4.0,1100,38.0,"1pc Cherry Pattern Door Mat, Modern Polyester Anti-slip Absorbent Indoor Outdoor Rug For Household"
949,Unranked(New),General-Home-Textile,855.0,4.0,200,0.0,SHEIN X Care Bears Cartoon Bear Embroidered Pink Plush Pillow
950,#9 Best Sellers,in Beach Towels,431.3,4.0,0,46.0,"Microfiber Sea Water Bath Towel-Anti-Sea Water Bath Towel-Children's Products-Sea Water Bath Towel, Fitness Supplies, Travel Supplies, Sports Supplies, Summer Bath Supplies (75 X 150 Cm) Beach Towel"
951,Unranked(New),General-Home-Textile,872.1,4.0,70,18.0,"1pc Floral Pattern Bedspread, Modern Fabric Soft Quilt For Bedroom"
952,Unranked(New),General-Home-Textile,2328.4500000000003,4.0,0,5.0,"3pcs White Polyester Fiber Flower-Embroidered Duvet Cover And Pillowcase Set, Simple And Stylish Polyester Fiber Cover Set, Suitable For All Seasons"
953,#8 Best Sellers,in Decorative Tapestry,494.0,4.0,0,0.0,"1PC Funny Flag Gibby What Are You, A Cop? 3x5 Feet With Four Brass Buttonholes For Hanging Suitable For Indoor And Outdoor University Dormitory Party Tapestry"
954,#9 Best Sellers,in Table Napkins,465.50000000000006,4.0,0,0.0,"4 Pieces  Linen Cloth Napkin Handmade Cloth Napkin With Fringe 16 X 16 Inch Soft Cloth Dinner Wedding Napkin Square Rustic Fringe Napkin For Dinners, Parties, Weddings"
955,Unranked(New),General-Home-Textile,294.5,4.0,200,0.0,"1pc Metallic Gold Letter Graphic Cushion Cover Without Filler, Modern Fabric Decorative Square Shaped Cushion Cover For Bed, Sofa"
956,Unranked(New),General-Home-Textile,2090.0,4.0,40,0.0,3pcs Blue Skin-friendly Duvet Cover Set With Double Plaid Design
957,Unranked(New),General-Home-Textile,2090.0,7.0,90,0.0,"4pcs Satin Solid-Colored Bed Sheet Set (1 Fitted Sheet, 1 Flat Sheet And 2 Pillow Cases, Pillows Not Included)"
958,#3 Best Sellers,in Customized Beach Towels,1045.0,4.0,0,0.0,"1pc 80*160cm Customized Name Starfish Pattern Ultrafine Fiber Beach Towel, Fashionable Pool Seaside Vacation Outdoor Travel Casual Beach Mat"
959,Unranked(New),General-Home-Textile,971.85,4.0,100,19.0,"3pcs Marble Pattern Fitted Sheet Set, Modern Fabric Sheet Set For Bedroom"
960,Unranked(New),General-Home-Textile,247.0,4.0,200,0.0,"1pc Striped Velvet Soft & Quick-Drying Face Towel Or Bath Towel, Made Of Superfine Fiber With Strong Water Absorption. Available In Different Sizes And Sold Separately. A Luxurious Choice For Your Bathroom, Swimming Pool, Gym Or Beach. Choose The Size You Like."
961,#2 Best Sellers,in Kitchen & Table Linens,304.0,4.0,0,0.0,"1pc Cheesecloth Table Runner, Country Style Gauze Cheese Cloth Tablecloth, Transparent Table Runner For Wedding, Bridal Shower, Baby Shower, Birthday And Holiday Party Cake Table Decoration, Romantic Party Table Decoration Gauze Table Runner"
962,#8 Best Sellers,in Couch & Sofa Decor,313.5,5.0,0,0.0,"1pc Solid Color Waterproof Chair Seat Cover, Modern Polyester Dining Chair Seat Cover For Home"
963,Unranked(New),General-Home-Textile,361.0,4.0,90,0.0,Cheesecloth Table Runner 10ft Gauze Boho Rustic Lilac Purple Cheese Cloth Table Runner For Baby Shower Decoration Wedding Easter Summer Table Runner
964,Unranked(New),General-Home-Textile,494.0,4.0,700,0.0,"1pc European Ins Style Lace Embroidered Tablecloth, Mesh 3d Embroidery Multi-Color Flowers Dining Table Cover For Coffee Table, Side Table, Tv Cabinet And Elegant House Or Outdoor Garden Wedding Decoration"
965,#2 Best Sellers,in Patio Furniture & Accessories,959.5,4.0,0,0.0,"Foldable Reflective Sunshade Umbrella For Car Windshield, Queen-Size UV Protector Sun Blind Umbrella"
966,Unranked(New),General-Home-Textile,538.65,13.0,200,10.0,"1pc Modern, Minimalist Solid-Colored Polyester Fiber Window Curtain With Grommets For Bedroom, Living Room Or Balcony, Used As Blackout, Thermal Insulation, Home Or Outdoor Decoration, Kitchen Curtain Or Room Divider, In White Or Green Color, Ideal For Outdoor Use"
967,Unranked(New),General-Home-Textile,722.0,4.0,40,0.0,"1pc Modern Home Living Room Bedroom Decorative Non-Slip Round Carpet Rug, Retro Style Decorative Round Area Rug, Suitable For Various Home Scenes"
968,Unranked(New),General-Home-Textile,361.0,4.0,500,0.0,1pc/2pcs Cafe Curtains Farmhouse Kitchen Curtains Blackout Curtains No Drilling Window Treatment For Kitchen Bathroom Small Window
969,Unranked(New),General-Home-Textile,684.0,4.0,100,0.0,Floral Embroidered Table Runner
970,Unranked(New),General-Home-Textile,845.5,4.0,10,0.0,"1pc Geometric Abstract Style Carpet, Ultra-Fine Fiber Short Plush Soft And Washable, Suitable For Bedroom, Dining Room, Living Room, Hall Home Decor"
971,Unranked(New),General-Home-Textile,691.6,4.0,500,30.0,"1pc White Bed Skirt, Modern Fabric Bedding Bed Skirt For Home"
972,Unranked(New),General-Home-Textile,475.0,4.0,20,0.0,"1 White Bathroom Mat 40 Cm X 60 Cm Non-Slip Soft Absorbent Plush Bathroom Rug Machine Washable Plush Luxury Bathroom Rugs For Bathroom Floors, Tubs And Showers"
973,Unranked(New),General-Home-Textile,2849.0499999999997,4.0,200,43.0,"Living Room Area Rugs Indoor Vintage Boho Rug Bedroom Traditional Washable Rug Non Slip Distressed Floor Carpet For Dining Room Floral Print Retro Carpet Mat Throw Rug Hallway Runner Kitchen Floorcover Mat Entryway Mat For Laundry Bathroom, Taupe"
974,#3 Best Sellers,in Quilts & Sets,3952.0,4.0,0,0.0,Comforter Duvet Insert - Quilted White All Season Down Alternative Filling - Microfiber Bedding Comforter With Corner Tabs Machine Washable
975,Unranked(New),General-Home-Textile,284.05,4.0,800,30.0,1pc Geometric Pattern Anti-slip Bath Rug
976,Unranked(New),General-Home-Textile,873.9999999999999,4.0,80,0.0,1pc Plush Sofa Cushion All Seasons Universal  Anti-Slip Sofa Cover Full Package Universal Cover
977,Unranked(New),General-Home-Textile,285.0,6.0,200,0.0,Plain Plush Cushion Cover Without Filler
978,Unranked(New),General-Home-Textile,294.5,5.0,200,0.0,"1pc Velvet Decorative Soft Square Pillowcase, Suitable For Sofa, Bed, Car"
979,Unranked(New),General-Home-Textile,281.2,4.0,30,48.0,Solid Color Outdoor Waterproof Polyester Pillowcase One Piece
980,Unranked(New),General-Home-Textile,3799.05,18.0,400,49.0,12 Pack Cheesecloth Table Runner 35x120 Inch / 35x157 Inch Boho Gauze Table Runner  10Ft / 13Ft Cheese Cloth Long Table Runner Romantic Table Runner For Wedding Bridal Shower Birthday Party Table Decor
981,Unranked(New),General-Home-Textile,1702.4,4.0,70,30.0,"3pcs Back to school season white ball decoration, Bohemia, multi-color Duvet Cover Set, 1 Duvet Cove"
982,Unranked(New),General-Home-Textile,532.0,4.0,200,0.0,1pc Heart Shaped Fuzzy Rug
983,#4 Best Sellers,in Kids' Bath Towels,252.70000000000002,4.0,0,64.0,"1PC Cartoon Coral Fleece Hooded Baby Towel -  Soft Bath Towel, Infant Towels Blanket, Newborn Baby Bathrobe With Hood For Babie, Toddler, Infant - Ultra Absorbent, Natural Baby Stuff Baby Bath Shower Gifts For Boy And Girl"
984,Unranked(New),General-Home-Textile,731.5,4.0,200,0.0,"1pc Cartoon Kids' Wearable Bath Towel, Cute Personalized Ultrafine Fiber Girls' Boys' Cape Towel With Hooded Cloak, Quick Dry Absorbent Swimming Towel For Travel Beach, Available In Flower, Flamingo, Leaves Or Mermaid Design"
985,Unranked(New),General-Home-Textile,978.5000000000001,11.0,300,0.0,1pc Solid Color Flannel Fitted Sheet For Single Bed
986,Unranked(New),General-Home-Textile,646.0,4.0,100,0.0,"1pc Satin Tablecloth Rectangular Sheen Damask Table Cover Smooth Fabric Tablecloth, Perfect For Wedding, Banquet, Party And Special Event"
987,Unranked(New),General-Home-Textile,665.0,4.0,50,0.0,"Cartoon Cute Cat Printed Doormat/Bathroom Antiskid Water Absorbent Rug/Cute Decor Foot Mat, Dropshipping"
988,Unranked(New),General-Home-Textile,399.0,18.0,100,30.0,"2pcs Satin Solid Color Pillowcase, Soft Pillow Cover With Envelope Closure For Bedroom, Bedding Supplies"
989,Unranked(New),General-Home-Textile,2541.25,4.0,100,30.0,"1pc Bedrest Reading Pillow With Armrests For Adults, Grey, Can Be Used On Bed/sofa"
990,#8 Best Sellers,in Area Rugs & Sets,503.5,14.0,0,0.0,"1pc Nordic Tie-dye Long Plush Carpet With Anti-skid And Absorbent Features, Suitable For Bedroom, Living Room, Balcony And Study Room; Thick Sponge, Odorless, Non-shedding And Non-fading"
991,#7 Best Sellers,in Curtains,424.65,4.0,0,58.0,"2pcs Red Flower Diamond Without Holes Curtain, Refer To Bedroom Office Kitchen Living Room Study Home Decor"
992,Unranked(New),General-Home-Textile,299.25,4.0,300,10.0,"1pc Plaid Pattern Decorative Throw Pillow Case, Modern Fabric Cushion Cover For Living Room, Home Decor"
993,Unranked(New),General-Home-Textile,627.0,4.0,300,0.0,"1pc Letter & Coffee Cup Pattern Kitchen Mat, Modern Polyester Non-slip Kitchen Rug For Kitchen"
994,Unranked(New),General-Home-Textile,3828.4999999999995,4.0,800,0.0,"2pcs Bed Pillows for Sleeping , Premium Down Alternative Hotel Luxury Pillow for Side and Back Sleepers, Soft & Comfortable With Invisible Zipper for Height Adjustment"
995,#10 Best Sellers,in Outdoor Sofas Covers,427.5,4.0,0,0.0,"1pc Modern Simple Solid Color Elastic Sofa Seat Cushion Cover, Summer Ice Silk Breathable Threaded Wicker Hat Style Outdoor Furniture Protection Cover"
996,Unranked(New),General-Home-Textile,522.5,4.0,1000,0.0,"1pc Simple Style Solid Color Silk Satin Fitted Sheet Cover, Skin-Friendly, Breathable, Dust-Proof, For Men And Women, Bedroom Home Textiles Bedding"
997,Unranked(New),General-Home-Textile,3043.7999999999997,4.0,60,10.0,Chunky Cream Thick Handmade Cozy Knitted Blanket
998,Unranked(New),General-Home-Textile,494.0,4.0,10,9.0,"1pc Simple Foldable Travel Pillow, Lightweight Portable Travel Accessories For Car Airplane Sea, Travel Pillow - First Neck Pillow With An Arm-Sling! Supports The Head, Body, And Arms, Providing The Leaning Support. Perfectly Balanced Sleep System Anywhere!"
999,Unranked(New),General-Home-Textile,530.1,10.0,80,10.0,"1pc Satin Solid Color Fitted Sheet Cover, Bedroom Ice Silk Bed Cover, Bedding Sets, Pink"
1000,#5 Best Sellers,in Shower Curtains & Accessories,712.5,4.0,0,0.0,"1pc Clear Shower Curtain Liner With Hooks, Plastic Waterproof Shower Curtain Liner With 3 Weighted Magnets, Transparent Mildew Resistance Shower Curtain, 71x71in / 71x78.7in, Bathroom Accessories"
1001,#10 Best Sellers,in Tablecloths,294.5,4.0,0,0.0,"Faux Pearl Decor Tablecloth, White Mesh Table Cover For Dining Room"
1002,Unranked(New),General-Home-Textile,379.05,18.0,100,30.0,"2pcs Satin Solid Color Pillowcase, Soft Pillow Cover With Envelope Closure For Bedroom, Bedding Supplies"
1003,Unranked(New),General-Home-Textile,522.5,5.0,3700,0.0,"2pcs Satin Solid Color Pillowcase, Soft Pillow Cover With Envelope Closure For Bedroom, Bedding Supplies"
1004,Unranked(New),General-Home-Textile,323.0,4.0,500,0.0,"THE POWERPUFF GIRLS X SHEIN 1pc Cartoon Graphic Cushion Cover Without Filler, Cute Flannelette Throw Pillow Case, For Sofa, Couch"
1005,#5 Best Sellers,in Tablecloths,446.5,5.0,0,0.0,"1pc Rectangular Satin Tablecloth For Wedding, Solid Color Banquet Table Cover For Dining Table Or Coffee Table"
1006,Unranked(New),General-Home-Textile,492.09999999999997,4.0,200,25.0,Tufted Pom Pom Body Pillowcase Without Filler
1007,Unranked(New),General-Home-Textile,678.3,4.0,100,11.0,1pc Zebra Striped Pattern Cushion Cover Without Filler
1008,Unranked(New),General-Home-Textile,798.0,4.0,600,0.0,"1pc White Waist Pillow Core, Casual Simple Style Soft Fluffy Lumbar Cushion, For Office, Home, Living Room, Sofa Decoration And Support"
1009,Unranked(New),General-Home-Textile,684.0,7.0,900,0.0,"1pc Geometric Tufted Blanket, Simple Plain Color Jacquard Design Decorative Blanket For Bed, Sofa"
1010,Unranked(New),General-Home-Textile,1159.0,4.0,20,0.0,"1pc Soft And Fluffy Rabbit Fur Blanket Thickened Pure Color Small Blanket For Multiple Use, Suitable For Office Napping And Sofa Covering"
1011,Unranked(New),General-Home-Textile,532.0,4.0,100,0.0,"Watermelon Pink Flower Seat Cushion Pillow, Sofa, Chair Pad For Office Classroom With Sunflower Petals Design"
1012,Unranked(New),General-Home-Textile,376.2,4.0,100,18.0,"1pc/4pcs/6pcs Gold-Stamped Geometric Chair Cover, High Elasticity Dustproof Dining Chair Cover, Suitable For Restaurant, Hotel, Black, White"
1013,#10 Best Sellers,in Area Rugs & Sets,816.05,4.0,0,19.0,"1pc Black Little Man Cartoon Floor Mat, Funny Velvet Polka Dot Bottom Irregular Area Rug For Anti-Slip Wear Resistant Bedside Mat Home Decoration, Suitable For Living Room, Bedroom, Kitchen, Bathroom, Laundry Room, Hallway, Entrance, Game Room, Boy's Playroom"
1014,Unranked(New),General-Home-Textile,342.0,9.0,600,0.0,"1pc Solid Color Cheesecloth Table Runner, Bohemian Style Polyester Tablecloth For Party Wedding Banquet Decoration"
1015,Unranked(New),General-Home-Textile,446.5,11.0,200,0.0,"1pc Embossed Velvet Cushion Cover, Dark Green"
1016,Unranked(New),General-Home-Textile,912.0,4.0,100,0.0,"Round Wedding Party Decoration Tablecloth With Fabric For Outdoor/Indoor Use, Weight 100g, Suitable For Hotel/Party Table Decor"
1017,#1 Best Sellers,in Wearable Blankets,1235.0,4.0,0,0.0,"HARRY POTTER X SHEIN 1pc Cartoon Graphic Wearable Blanket, Modern Worsted Wearable Blanket For Home"
1018,Unranked(New),General-Home-Textile,351.5,4.0,80,0.0,"5pcs Summer Beach Chair Towel Clips Windproof And Adjustable Colorful Beach Towel Clips - Suitable For Securing Beach Towel On Outdoor Beach Chairs, Pool Chairs And Cruise Chairs (Random)"
1019,Unranked(New),General-Home-Textile,271.7,4.0,200,52.0,2pcs Comfortable Heart Pattern Pillowcase & Decorative Pillow Cover For Bed
1020,Unranked(New),General-Home-Textile,1407.9,4.0,0,40.0,"1pc Vintage Bohemian Outdoor Camping Rug For Courtyard Camping Anti-Slip And Stain-Resistant Washable Carpet, Bohemian Balcony Picnic Area Carpet Mat, Outdoor & Indoor Decoration"
1021,Unranked(New),General-Home-Textile,304.0,4.0,300,0.0,"Exquisite Water-Soluble Hollow Out Lace Edge, Waterproof Fabric, Easy To Clean, Table Runner For Kitchen Dining Table, Home Decoration, Family Gathering, Festival Decoration, Outdoor Furniture Party Wedding Decorations, 1pc, Various Sizes"
1022,Unranked(New),General-Home-Textile,499.7,4.0,300,36.0,"1pc STAYCOZY Letter Phrase Decor Snowy Fleece Pillowcase, North American Style, Embroidery Craft, Suitable For Beach Chair, Sofa, Wedding Room, Decorative Packaging"
1023,Unranked(New),General-Home-Textile,218.49999999999997,4.0,1200,0.0,"10 Pack Gold Satin Table Runner 12x108 Inches Long, Silk And Smooth Fabric Table Runner For Wedding, Parties, Banquets, Events Decoration"
1024,Unranked(New),General-Home-Textile,551.0,4.0,200,0.0,"Rectangle Tablecloth, Elastic Fitted Flannel Backed Vinyl Tablecloths Waterproof Wipeable Table Covers For Indoor, Outdoor, Picnic And Camping"
1025,Unranked(New),General-Home-Textile,748.6,4.0,200,25.0,1pc Dice Shaped Decorative Pillow For Personalized Sofa And Bay Window Decoration
1026,Unranked(New),General-Home-Textile,304.0,4.0,300,0.0,"1pc Striped Pattern Towel, Modern Microfiber Towel For Bathroom, Gym, Hotel"
1027,Unranked(New),General-Home-Textile,290.7,5.0,100,38.0,"1pc Heart Shaped Area Rug, Plush Carpet For Living Room & Bedroom, Home Decor Valentine's Day Decor"
1028,Unranked(New),General-Home-Textile,380.0,9.0,300,0.0,"Pom Pom Decor Single Panel Sheer Curtain, Romantic White Curtain For Home Decor"
1029,Unranked(New),General-Home-Textile,1627.35,4.0,0,28.0,"Shark Blanket Hoodie  Adult & Kid, Shark  Costume, Shark Blanket Wearable, Cozy Shark Pajamas Snuggie"
1030,#3 Best Sellers,in Kitchen Table Runners,294.5,9.0,0,0.0,"1pc Cheese Cloth Tablecloth, Bohemian Gauze Table Runner, Sheer Transparent Table Skirt, Suitable For Baby Shower, Wedding, Bride, Birthday Party, Dining Table Decoration"
1031,#7 Best Sellers,in Runner Rugs,1493.4,4.0,0,18.0,"1pc Vintage  Style Hallway Carpet, Blue Bohemian Polyester Rectangle Printed Rug, Machine Washable & Easy To Clean, Suitable For Hallway, Kitchen, Bedside, Laundry Room, Bedroom, Living Room Home Decor"
1032,Unranked(New),General-Home-Textile,313.5,4.0,900,0.0,1pc Geometric Flower Pattern Tapestry
1033,#1 Best Sellers,in Window Stickers,159.6,4.0,0,20.0,"Colorful Daisy Flowers Sunlight Electrostatic Glass Sticker, Self-Adhesive Decoration For Windows, Shop Windows And Walls"
1034,Unranked(New),General-Home-Textile,484.49999999999994,6.0,100,25.0,"1pc Plush Heart Shaped Throw Pillow, Perfect For Living Room And Bedroom Decoration"
1035,Unranked(New),General-Home-Textile,579.5,4.0,200,0.0,"1pc Striped Pattern Cushion Cover, Modern Polyester Throw Pillow Case For Home Sofa, Pillow Insert Not Include"
1036,Unranked(New),General-Home-Textile,1216.0,4.0,60,0.0,1PC Rugs For Living Room Black Fluffy Furry Shaggy Fuzzy Area Rug Carpets For Bedroom Shag Plush Soft Large  Kids Home Decor Aesthetic
1037,#5 Best Sellers,in Decorative & Throw Pillows,358.15,4.0,0,55.0,Sunflower Pillow Living Room Sofa Decoration Cushion Bed Headrest Seat Cushion Plush Tatami Bay Window Pillow
1038,Unranked(New),General-Home-Textile,2564.0499999999997,4.0,0,43.0,Boho Washable Bordered Area Rug Non Slip Stain Resistant Hallway Runner Rug Thin Easy To Clran Floor Cover Home Decor Carpet For Living Room Bedroom Kitchen Laundry Bathroom
1039,Unranked(New),General-Home-Textile,1060.2,4.0,30,10.0,"1pc Personalized Beach Towel, 80*160cm Seahorse Starfish Shark Mermaid Dinosaur Customized Beach Towel, Absorbent Beach Towel, Large Summer Beach Blanket, Gift For Beach Pool Party, Beach Essentials"
1040,Unranked(New),General-Home-Textile,8549.05,4.0,100,18.0,"Extra Large 8x10 Feet Fluffy Area Rug,  Modern Indoor Living Room Bedroom Home Colorful Rugs, Shaggy Plush Faux Carpets Decor"
1041,Unranked(New),General-Home-Textile,376.2,4.0,100,18.0,"1pc/4pcs/6pcs Gold-Stamped Geometric Chair Cover, High Elasticity Dustproof Dining Chair Cover, Suitable For Restaurant, Hotel, Black, White"
1042,Unranked(New),General-Home-Textile,446.5,11.0,200,0.0,"1pc Embossed Velvet Cushion Cover, Dark Green"
1043,Unranked(New),General-Home-Textile,271.7,4.0,200,52.0,2pcs Comfortable Heart Pattern Pillowcase & Decorative Pillow Cover For Bed
1044,Unranked(New),General-Home-Textile,304.0,4.0,300,0.0,"Exquisite Water-Soluble Hollow Out Lace Edge, Waterproof Fabric, Easy To Clean, Table Runner For Kitchen Dining Table, Home Decoration, Family Gathering, Festival Decoration, Outdoor Furniture Party Wedding Decorations, 1pc, Various Sizes"
1045,Unranked(New),General-Home-Textile,499.7,4.0,300,36.0,"1pc STAYCOZY Letter Phrase Decor Snowy Fleece Pillowcase, North American Style, Embroidery Craft, Suitable For Beach Chair, Sofa, Wedding Room, Decorative Packaging"
1046,Unranked(New),General-Home-Textile,218.49999999999997,4.0,1200,0.0,"10 Pack Gold Satin Table Runner 12x108 Inches Long, Silk And Smooth Fabric Table Runner For Wedding, Parties, Banquets, Events Decoration"
1047,Unranked(New),General-Home-Textile,290.7,5.0,100,38.0,"1pc Heart Shaped Area Rug, Plush Carpet For Living Room & Bedroom, Home Decor Valentine's Day Decor"
1048,Unranked(New),General-Home-Textile,380.0,9.0,300,0.0,"Pom Pom Decor Single Panel Sheer Curtain, Romantic White Curtain For Home Decor"
1049,Unranked(New),General-Home-Textile,1276.8,4.0,50,30.0,3pcs Pink Double-Layered Spliced Duvet Cover Set
1050,#10 Best Sellers,in Kids' Bath Towels,665.0,4.0,0,18.0,"1pc Girl's Long Bathrobe With Gold Letter Printing, 3/4 Sleeves, Thin Morning Robe, Flower Girl Sleepwear, Nightgown, Wedding Party Dress"
1051,#2 Best Sellers,in Bath Mats,551.0,5.0,0,0.0,1pc Modern Style Polyester Fiber Rectangle Shaped Absorbent Floor Mat With Leaf Pattern Suitable For Living Room Home Use
1052,Unranked(New),General-Home-Textile,228.0,4.0,100,0.0,"1pc Flower Embroidery Table Runner, White Lace Table Decoration For Wedding, Home Decor"
1053,Unranked(New),General-Home-Textile,504.45,4.0,400,10.0,1pc Pink Blackout Curtain With Gold Lightning Pattern
1054,Unranked(New),General-Home-Textile,304.0,4.0,80,0.0,"1pc Bow Decor Hair Drying Cap, Khaki Polyester Absorbent Hair Towel, For Bathroom"
1055,Unranked(New),General-Home-Textile,304.0,13.0,600,0.0,1pc Solid Table Runner
1056,Unranked(New),General-Home-Textile,1539.0,5.0,100,0.0,"2/3pcs Three-Piece Quilt Cover Set, Chemical Fiber Sanding Process, Geometric Elements, Plant And Flower Style Pattern, 1 Quilt Cover + 1/2 Pillowcases"
1057,Unranked(New),General-Home-Textile,923.4000000000001,4.0,100,10.0,"1pc Pink Tulle Table Skirt For Wedding Birthday Party Decoration, Reusable"
1058,Unranked(New),General-Home-Textile,332.5,4.0,400,0.0,1PC Printed Stretch Chair Cover Restaurant Kitchen Removable Chair Protective Cover Spandex Home Decorative Chair Cushion Cover
1059,Unranked(New),General-Home-Textile,598.5,4.0,200,0.0,"Shiny Silver Thread Decor Curtain For Bedroom Living Room Divider, With Tassel, Suitable For Home, Wedding, Party Decoration"
1060,Unranked(New),General-Home-Textile,731.5,4.0,200,0.0,"2pcs Sheer Curtain Voile Window Treatment Rod Pocket Curtain Panels For Bedroom,Living Room And Kitchen Home Decor"
1061,#5 Best Sellers,in Customized Throws,684.0,13.0,0,0.0,"1pc Custom Photo Blanket, Personalized Blanket With Photo And Text, Blanket Photo Collage, Custom Dog Blanket, Personalized Dog Blankets, Personalized Throws Blanket, Dog Picture Blanket, Collage Blanket, Best Friend Photo Blanket, Cozy Blanket, Family Photo Gift, Wedding Gift, Birthday Gifts, Mother's Day Gift, Father's Day Gift, Gift For Mom/Dad, Gift For Friend, Gift For Her"
1062,Unranked(New),General-Home-Textile,285.0,4.0,100,0.0,1pc Funny Quotes Throw Pillow Covers Home Bedroom Decor Words Standard Pillow Cases Cushion Covers Short Plush Decor 18x18 Inch
1063,#1 Best Sellers,in Kitchen Table Skirts,316.35,4.0,0,10.0,"1pc Straw Color Grass Table Skirt,Hawaiian Table Skirt With Flower Decoration, Summer Hawaiian Theme Party Supplies For Tropical Hawaiian Luau Birthday Wedding Party Decoration Supplies Available In 2 Sizes (100*60cm/200*60cm)"
1064,Unranked(New),General-Home-Textile,1652.9999999999998,5.0,60,25.0,Plain Tufted Duvet Cover Set Without Filler
1065,Unranked(New),General-Home-Textile,912.0,4.0,0,0.0,"1pc Bohemian Style Decorative Pillow Cover (No Pillow Core Included), Featuring Geometric Stripes Fluffy Coral Fleece Craft And Velvet Back Cushion Case, Suitable For Living Room Sofa And Bedroom All Seasons"
1066,#2 Best Sellers,in Patio & Outdoor Furniture Covers,522.5,4.0,0,0.0,"1PC Stretch Sofa Seat Cushion Cover, Fitted Sofa Couch Cushion Covers, Replacement For Individual Cushion Checks Jacquard Sofa Seat Protector Seat Cover For Livingroom & Outdoor Chair Cushion Furniture"
1067,Unranked(New),General-Home-Textile,864.5,4.0,300,0.0,1pc Plush Winter Sofa Cushion Cover Solid Color Simple Anti-slip Sofa Seat Cover
1068,#9 Best Sellers,in Trending Rugs & Mats for Spring or Summer,513.0,4.0,0,0.0,"1pc Blue Ombre Graffiti Geometric Blocks Design Living Room Carpet, Modern & Minimalist Thick Decorative Rug, Indoor Entrance Water Absorption Anti-Slip Floor Mat, Anti-Fatigue Foam Mat, Suitable For Living Room Bedroom Bathroom Decoration, Multiple Styles Available"
1069,Unranked(New),General-Home-Textile,921.4999999999999,4.0,10,0.0,"4pcs, Stitch Happy Play Pattern Is Very Soft To The Touch 17.7 ""X17.7"" Single Sided Print Pillow Case Without Pillow Core Suitable For Sofa Bed, Decor Pillow Case Room Decor Office Decor Home Decor Car Decor"
1070,#1 Best Sellers,in Oversleeves,91.2,4.0,0,40.0,Unisex Arm Guard Sleeve Warmer Women Men Sports Sleeves Sun UV Protection Hand Cover Support Running Fishing Cycling Ski
1071,Unranked(New),General-Home-Textile,1225.5,4.0,70,0.0,"1pc Pink American Flag Printed Rectangle Tapestry, 160gsm Thick Flannel Fabric, Free Installation Kit, Washable, For Living Room/Bedroom Decoration"
1072,Unranked(New),General-Home-Textile,4180.95,12.0,40,74.0,"Lightweight Soft Quilt Bedding Set For All Seasons, 2/3Pcs, 1 Quilt And 1/2 Pillow Shams, Bedspreads & Coverlets, Corduroy Pattern Quilt Set"
1073,Unranked(New),General-Home-Textile,332.5,4.0,400,0.0,"2pcs Pink Polyester Fiber Removable Office Chair Cover, Modern Simple Style, Suitable For Home Office Study"
1074,Unranked(New),General-Home-Textile,788.5000000000001,4.0,100,0.0,"12pcs Restaurant Quality Square Shaped Cloth Napkins, Blue, 43x43cm, Wedding, Party, Hotel Supplies"
1075,Unranked(New),General-Home-Textile,266.0,7.0,500,0.0,"Coral Fleece Soft Comfortable Absorbent Checkered Printed Household Adult Couples Towel Wrap For Hair Drying, Hand Wiping, Face Washing, Bathing, Or As Air-Conditioning Shawl, Sofa Cover, Beach Towel, Swimming Towel, Etc. Size Option: 34*75cm Hand Towel 1pc Or 40*80cm Large Towel 1pc Or 70*140cm Bath Towel 1pc Or 90*170cm Large Bath Towel 1pc"
1076,Unranked(New),General-Home-Textile,1553.2500000000002,7.0,50,25.0,"3pcs/set Beige Duvet Cover Set (1pc Comforter Cover & 2pcs Pillowcase), Modernist Fabric Bedding Set For Home"
1077,#7 Best Sellers,in Couch Cover,1510.5,4.0,0,0.0,1pc Two Tone Waterproof Sofa Towel
1078,Unranked(New),General-Home-Textile,921.4999999999999,4.0,1600,0.0,1pc Solid Color Rectangle Tablecloth
1079,Unranked(New),General-Home-Textile,1019.35,4.0,0,45.0,"Girls' Style Rainbow Polka Dots Classroom Area Rug, Suitable For Indoor Study, Bedroom Education, Game Mat"
1080,Unranked(New),General-Home-Textile,551.0,4.0,80,0.0,"1pc Random Color Sheet Clip, Black Nylon Non-marking Bed Sheet Fixer, For Bedding"
1081,Unranked(New),General-Home-Textile,807.5,4.0,500,0.0,Ruffle Decor Single Panel Sheer Curtain
1082,#2 Best Sellers,in Blankets,608.0,6.0,0,0.0,"1pc Solid Color Butterfly Shaped All Season Blanket, Modern Style Polyester Three-Dimensional Jacquard Bedspread As Bed Sheet (Pillowcase Not Included)"
1083,Unranked(New),General-Home-Textile,632.7,9.0,90,61.0,"3pcs Premium Dusty Pink Silky Satin Duvet Cover Bedding Set, Soft Breatheable Wrink-Free Better For Sleep, Luxury Hotel Style, Gift For Mom Dad Friend, Quilt Comforter Duvet Cover*1 Pillowcase*2"
1084,Unranked(New),General-Home-Textile,538.65,4.0,300,10.0,"1pc Clear Shower Curtain, Thicken Buttonhole Partition Curtain For Bathroom"
1085,Unranked(New),General-Home-Textile,370.5,4.0,200,0.0,"1/4/6/8/12pcs Plastic Table Mat, Square Gold Placemat, Nordic Style Solid Color Table Decoration, Coffee Table Protector, Household Plate Coaster, Dining Table Decoration, Room Decoration"
1086,Unranked(New),General-Home-Textile,237.5,8.0,1100,0.0,"Jacquard Chair Cover Chair Seat Cushion Cover Dining Table Chair Slipcover, 1pc"
1087,Unranked(New),General-Home-Textile,560.5,4.0,100,0.0,1pc Marble Print Kitchen Rug
1088,#7 Best Sellers,in Kitchen Tablecloth,332.5,4.0,0,0.0,"1pc, 90*180cm Cheesecloth Bohemian Polyester Table Runners,Pleated Atmospheric Table Runner,Solid Color Table Cover,Holiday Desktop Decoration Fabric Table Runner,Home Decoration,Dining Table Decor,Room Decor,Wedding Decor"
1089,Unranked(New),General-Home-Textile,940.5,4.0,1500,0.0,2024 New DeramHy Home 1 Piece Nightmare Before Christmas Bath Mat: Ultra-Soft & Absorbent Skull Rug With Non-Slip Backing - Unique Red & Black Halloween Decor For Bathroom  - Washable & Perfect Gothic Gift  (Halloween & Christmas Special)
1090,Unranked(New),General-Home-Textile,1303.4,8.0,200,30.0,"3pcs Satin Duvet Cover Set, Imitation Silk Bedding Set, Solid Color Quilt Cover Set (1pc Duvet Cover And 2pcs Pillowcases)"
1091,#5 Best Sellers,in Kids' Bath Towels,817.0,4.0,0,0.0,Mermaid Pattern Children Bath Towel
1092,Unranked(New),General-Home-Textile,436.99999999999994,6.0,100,22.0,"1pc Dark Grey Throw Blanket for Couch,Soft Fuzzy Fluffy Blanket for Bed and Sofa"
1093,Unranked(New),General-Home-Textile,617.5,4.0,500,0.0,"1pc Irregular Shaped Faux Cashmere Carpet Floor Mat Soft & Non-slip, Hand Washable For All Seasons, Indoor Use"
1094,Unranked(New),General-Home-Textile,323.0,4.0,100,0.0,"1pc Fish Tank Printed Tapestry, Modern Polyester Square Wall Hanging For Room Living Room Bedroom Decoration"
1095,Unranked(New),General-Home-Textile,303.05,4.0,30,24.0,"5/10/20pcs Gray And White Extra Wide Striped Cleaning Towel Set, Super Soft & Quick Drying, 30x30cm"
1096,#2 Best Sellers,in Table Runners,332.5,4.0,0,0.0,"1pc Bohemian Style Tablecloth Table Banner, Transparent Thin Gauze Table Runner For Baby Shower, Wedding, Bridal Shower, Birthday Party Table Decoration"
1097,Unranked(New),General-Home-Textile,902.5,4.0,10,0.0,"1pc 3D Simulation Car Wheel Tire Round Carpet, Cartoon Funny Decorative Mat, Thickened Velvet Point Plastic Bottom Irregular Carpet, Shaggy Anti-Slip Bedside Decoration Blanket, Suitable For Living Room, Bedroom, Kitchen, Bathroom, Laundry Room, Hallway, Entrance, Game Room, Boy Game Room Decoration Carpet, Home Decor"
1098,Unranked(New),General-Home-Textile,480.7,13.0,80,45.0,1 Panel Teal Blackout Curtain 63 84 Inch Length Thermal Insulated Blackout Curtain Drape For Bedroom.
1099,#5 Best Sellers,in Neck & Cervical Pillows,1282.5,4.0,0,7.0,"1pc Travel Pillow Pure Memory Foam Neck Pillow, Comfortable & Breathable Cover, Machine Washable, Airplane Travel Kit With Luxury Bag"
1100,Unranked(New),General-Home-Textile,1230.25,4.0,200,22.0,"3pcs/set, Brushed Super Soft Pastoral Style Printed Korean Style Breathable Quilt Cover Set (1 Quilt Cover + 2 Pillowcases), Multiple Sizes Available, Without Filler"
1101,#1 Best Sellers,in Rugs & Carpets,408.5,5.0,0,0.0,"1pc Simple Style Polyester Rectangular U-Shaped Absorbent Rug With Leaf Pattern For Bathroom, Toilet, Living Room"
1102,Unranked(New),General-Home-Textile,769.5,4.0,20,0.0,"1pc Black And Grey Texture Letter Pattern Laundry Room Carpet, Modern Style Polyester Rectangle-Shaped Water-Absorbent Anti-Slip Rug Suitable For Bathroom, Balcony And Laundry Room"
1103,Unranked(New),General-Home-Textile,1363.25,8.0,40,30.0,"3pcs/set Rose Embroidery Duvet Cover Set With 1 Duvet Cover And 2 Pillowcases, No Filling"
1104,Unranked(New),General-Home-Textile,889.1999999999999,4.0,200,22.0,Flower Design Rug
1105,#10 Best Sellers,in Mattresses,3166.35,4.0,0,52.0,"Mattress Topper, Gel Memory Foam Mattress Topper For Pressure Relief, CertiPUR-US Certified, Blue"
1106,Unranked(New),General-Home-Textile,1516.2,13.0,100,30.0,"3pcs/set Chevron Design Duvet Cover Set Without Filler, Modern Polyester Bedding Set For Home"
1107,Unranked(New),General-Home-Textile,1149.5,4.0,900,0.0,"1pc Abstract Line Pattern Shower Curtain With Face, Butterfly And 5 Female Figure Design, Comes With 12 Hooks, Waterproof Bathroom Decor, 72*72in"
1108,#3 Best Sellers,in Duvet Covers,1349.0,4.0,0,0.0,"1pc Floral Pattern Comfortable Polyester Duvet Cover, Suitable For All Seasons"
1109,Unranked(New),General-Home-Textile,221.35,16.0,500,25.0,"1pc Stripe Pattern Camel Cushion Cover Without Filler, Modern Stretchy Throw Pillow Cover For Household"
1110,Unranked(New),General-Home-Textile,370.5,4.0,300,0.0,1pc 3d Floral Pattern Digital Printed Shower Curtain Or Floor Mat
1111,Unranked(New),General-Home-Textile,256.5,4.0,300,0.0,Easy To Clean 1pc White Square Tablecloth Set
1112,Unranked(New),General-Home-Textile,218.49999999999997,4.0,200,0.0,"1pc Gongdian Fabric Colorful Embroidery Hollow Out Design Bird & Flower Printed Anti-Hot Stain Resistant Table Runner, Dustproof Table Cloth, Home Decoration, For Festival Party Wedding Indoor Or Outdoor Use"
1113,Unranked(New),General-Home-Textile,1738.5,5.0,100,0.0,"3pcs/Set Comfortable Solid Satin Duvet Cover And Pillowcase Bedding Set, Suitable For Bedroom And Guest Room (1*Duvet Cover, 2*Pillowcases, Without Comforter)"
1114,Unranked(New),General-Home-Textile,1225.5,4.0,200,0.0,"Cute Fruit Cherry Shaped Anti-Slip, Machine Washable Bathroom Mat For Kids' Washroom Or Household Decor Rug"
1115,Unranked(New),General-Home-Textile,256.5,4.0,100,0.0,"Soft Coral Fleece Quick-Dry Absorbent Hair Drying & Hand Towel For Home Use, Adult Unisex Couple Bath/Hand/Face Towel, 1pc Bath Towel Or 1pc 90*170cm Oversized Bath Towel"
1116,Unranked(New),General-Home-Textile,190.0,4.0,300,0.0,"1pc & Linen Vintage Tassel Table Runner, For Coffee Table, Drawer Cabinet, Tv Stand, Dining Table Decoration, Home Party And Festival Decoration, Various Sizes Available"
1117,Unranked(New),General-Home-Textile,489.25000000000006,5.0,200,30.0,"4pcs Gold Daisy Flower English Letter Print Pillowcase Without Core, Romantic Square Pillowcase, Suitable For Living Room Bed Room Sofa Decoration, Proposal Anniversary Gift Pillowcase"
1118,Unranked(New),General-Home-Textile,494.0,4.0,700,0.0,1pc Geometric Pattern Stretchy Chair Slipcover
1119,Unranked(New),General-Home-Textile,1094.3999999999999,6.0,100,10.0,"Solid Color Fuzzy Rug, Khaki Plush Acrylic Floor Mat For Bedroom"
1120,Unranked(New),General-Home-Textile,1311.0,4.0,0,0.0,"New Color-Provence High Elasticity Sofa Cover Set, Including 1 Sofa Cover And 1 Pillowcase (No Pillow Core), Irregular Pattern, Modern Simple Fashionable Flower Styles, Suitable For Single Seater, Double Seater And Three Seater Sofas"
1121,Unranked(New),General-Home-Textile,433.2,4.0,100,20.0,1pc Velvet Gold-colored Patchwork Khaki Cushion
1122,Unranked(New),General-Home-Textile,380.0,4.0,0,0.0,"1 Panel Elegant Tulle Kitchen Curtain With Rose Pattern, Suitable For Kitchens Or Small Windows"
1123,Unranked(New),General-Home-Textile,694.4499999999999,4.0,100,13.0,1pc Creative Dollar Sign Decor Kitchen Carpet Bedroom Bedside Plush Mat Abstract Anti-Slip Living Room Carpet Aesthetic Home Art Decoration
1124,Unranked(New),General-Home-Textile,484.49999999999994,4.0,0,0.0,"1pc Simple Grey Daisy Sponge Printed Floor Mat Soft Anti-Fatigue Kitchen Mat With Water/Oil Absorption And Dirt Resistance, Suitable For Entrance/Doorway"
1125,Unranked(New),General-Home-Textile,418.00000000000006,4.0,100,0.0,"1pc Turtle Back Jacquard Bath Towel Or Towel, Soft And Absorbent, Thick Coral Fleece Water-Absorbing Fiber Soft Bathroom Supplies Couple Style, Different Sizes Sold Separately, Please Select Your Preferred Size."
1126,Unranked(New),General-Home-Textile,1007.0,4.0,100,0.0,1pc Fashionable And Simple Style Linen-like Drawstring Curtains For Living Room And Study
1127,Unranked(New),General-Home-Textile,180.5,4.0,20,0.0,3pcs Durable Cleaning Rag Modern Plaid Cleaning Rag Compatible With Dining Table Kitchen
1128,Unranked(New),General-Home-Textile,731.5,4.0,100,0.0,"1pc Minimalist White Ultra Fine Mesh Mosquito Net, Polyester Durable Bed Canopy For Bedroom"
1129,Unranked(New),General-Home-Textile,1092.5,4.0,100,0.0,"2pcs/set Digital Printed Curtains With Blue Peacock And Gold Tree Design, Made Of Polyester, Suitable For Living Room, Bedroom, Kitchen, Bathroom, Dining Room, Cafe, Home Decor"
1130,Unranked(New),General-Home-Textile,427.5,4.0,100,0.0,"1pc Floral Embroidered Lace Mesh Tablecloth, White/Green Crochet Edge Hollowed-Out Flower Table Cloth, Polyester Fabric Rectangle/Round Embroidery Decorative Table Cover, Suitable For Kitchen Dining Table, Christmas, Halloween, Wedding"
1131,Unranked(New),General-Home-Textile,684.0,4.0,400,0.0,"1pc Tufted Sun & Tassel Detail Cushion Cover Without Filler, Modern Throw Pillow Case, For Sofa, Living Room"
1132,Unranked(New),General-Home-Textile,655.5,4.0,90,0.0,"1pc Shaped Faux Knitted Carpet, Soft Anti-Slip Bathroom Living Room Bedroom Bedside Creative Washable Floor Rug"
1133,#7 Best Sellers,in Window Stickers & Films,228.0,4.0,0,0.0,"1 Sheet/Privacy Window Film-Heat Control, Uv Blocking, One Way Mirror Reflective Tint For Home & Office (Custom Size)"
1134,Unranked(New),General-Home-Textile,342.0,7.0,80,0.0,"1pc Love pillowcase, brushed skin pillow, literary single pillowcase, white double pillowcase, student and couple pillowcase"
1135,Unranked(New),General-Home-Textile,949.0500000000001,4.0,500,43.0,3pcs Soft Absorbent Chenille Floor Mats For Home Bathroom And Shower Room Decoration Anti-Slip Bath Mat
1136,#4 Best Sellers,in Sheet Fasteners & Grippers,294.5,4.0,0,0.0,1pc Adjustable Bed Sheet Fixer
1137,Unranked(New),General-Home-Textile,465.50000000000006,4.0,70,0.0,"1pc Ocean Dream Velvet Blue Starfish 35*50cm Pillowcase For Home Decor, Coastal Style Cushion Cover For Sofa, Throw Pillow Cover For Room Decoration"
1138,Unranked(New),General-Home-Textile,474.05,4.0,100,22.0,"U-shaped Neck Pillow For Travel, Airplane, Car, Nap, Portable Neck Cushion For Neck Protection"
1139,Unranked(New),General-Home-Textile,1007.0,4.0,200,0.0,"1pc Solid Color Voile Curtains With Retro And Concise Style, Made Of Snow Veil, With Fringed Edge, Suitable For Living Room, Bedroom, Kitchen, Window And Door Decoration"
1140,Unranked(New),General-Home-Textile,855.0,4.0,80,0.0,"1pc Polyester High-Density Jacquard Table Runner With Starry Stripes & Triangle Tassels, Double-Layered Hemming, Suitable For Restaurants, Hotels, Bars"
1141,Unranked(New),General-Home-Textile,624.15,8.0,1100,10.0,"4pcs Sunflower & Car Printed Square Pillowcase Without Pillow Inner, Spring Summer Rural Style Decorative Cushion Cover For Living Room, Bedroom And Car"
1142,Unranked(New),General-Home-Textile,782.8000000000001,6.0,40,25.0,"LongNap™ 1pc Premium Silky Satin Fitted Sheet, Soft Breatheable Wrink-Free Better For Sleep, Luxury Hotel Style, Gift For Mom Dad Friend, 14inch/35cm Deep Pocket, Pink"
1143,#8 Best Sellers,in Family,636.5,4.0,0,0.0,1PC Hooded Towel For Toddlers 2-6 Years Girls Kids Bath Pool Beach Towel Soft Absorbent Beach Poncho(Mermaid)
1144,Unranked(New),General-Home-Textile,940.5,4.0,100,0.0,Lace Trim Clear Tablecloth
1145,Unranked(New),General-Home-Textile,1383.2,8.0,50,30.0,"3pcs Satin Duvet Cover Set, Imitation Silk Bedding Set, Solid Color Quilt Cover Set (1pc Duvet Cover And 2pcs Pillowcases)"
1146,Unranked(New),General-Home-Textile,418.00000000000006,4.0,100,0.0,"1pc White Round Satin Silk Tablecloth/Table Cover For Wedding, Party, Dessert Table In Large Size"
1147,Unranked(New),General-Home-Textile,1533.3,4.0,70,51.0,"1pc Women Plush Hooded Bathrobes, Solid Color Short Warm Robes, Valentines & Christmas Gifts"
1148,Unranked(New),General-Home-Textile,2849.0499999999997,4.0,60,25.0,"LongNap™ ChillTech 1pc ChillTech Cooling Quilted Comforter, Double-Sided Reversible Summer Cooling Quilt For Night Sweats Hot Sleepers, Supersoft Lightweight & Breathable Blanket With Japannese Tech To Keep Cool, Blue"
1149,Unranked(New),General-Home-Textile,377.15000000000003,4.0,60,22.0,"1pc Durable Welcome Colorful Doormat, Non-Slip Soft Indoor Entrance Mat, Suitable For Home, Living Room, Kitchen, Bedroom, Farmhouse, Hallway, Laundry Room, Kitchen Carpet"
1150,#2 Best Sellers,in Wall Textile,323.0,4.0,0,0.0,"A Piece Of Polyester Fiber Wall Tapestry With Boy Hugging Crocodile Design, Personality, Animal Themed Art Decoration For Living Room, Bedroom Or Dorm Wall Art, Background Decoration, Ideal Gift For Room Decoration"
1151,#7 Best Sellers,in Towel Sale,968.9999999999999,9.0,0,0.0,"1pc Yellow Kid's Bath Towel, Cute Fabric Cartoon Detail Kids Hooded Bath Towel For Bathroom"
1152,Unranked(New),General-Home-Textile,570.0,4.0,400,0.0,1pc Memory Foam Bath Mat Boho Anti Fatigue Kitchen Rugs Vintage Absorbent Non Slip Cushioned Rug Stain Resistant Waterproof Long Strip Floor Mat Comfort Standing Mats Living Room Bedroom Bathroom Kitchen Sink Laundry Office Area Rug Runner Home Decor
1153,#4 Best Sellers,in Towel,285.0,4.0,0,3.0,"2/4/6 Packs Soft Towel Quick Drying Face Wash Towel Reusable Makeup Remover Microfiber Face Wash Cloth Black, Black Fine Fiber Thickened Bath Towel Hotel Household Towel Beauty Salon Foot Therapy Physiotherapy Barber Shop Absorbent Towel"
1154,Unranked(New),General-Home-Textile,684.0,4.0,400,0.0,FRIENDS X SHEIN Slogan Printed Flannel Blanket
1155,Unranked(New),General-Home-Textile,1397.45,4.0,50,15.0,Plain Duvet Cover Set Without Filler
1156,Unranked(New),General-Home-Textile,741.0,4.0,300,0.0,"Goose Plush Stuffed Animal Cute Duck Plush Toy, Goose Plush Soft Swan Hugging Pillow Halloween Party Decorations/Thanksgiving Day/Christmas Gift Room Decor"
1157,Unranked(New),General-Home-Textile,361.0,4.0,100,45.0,"1pc Universal Elastic Corn Velvet Sofa Cover, Stretchable Full Package Cushion Cover, Washable Dustproof And Stain Resistant Sofa Slipcover"
1158,Unranked(New),General-Home-Textile,484.49999999999994,16.0,400,0.0,"1pc Gray Fitted Sheet, Minimalist Fabric Fitted Bottom Sheet For Home"
1159,#7 Best Sellers,in Shower Curtains,778.9999999999999,13.0,0,0.0,"Watercolor Floral Shower Curtain, Sage Green Beige Flower Shower Curtain For Bathroom, Modern Minimalist White Waterproof Fabric Shower Curtain Set With Hooks 36/72x72 Inch"
1160,Unranked(New),General-Home-Textile,180.5,4.0,300,0.0,"10pcs Gray Ultra-Fine Fiber Cleaning Cloth, Square Sponge Cloth, Bamboo Charcoal Dish Towel, Super Absorbent Towel, Reusable Kitchen Cleaning Rag, Suitable For Household Cleaning, Dishwashing, Car Washing, Kitchen Tools And Cleaning Supplies"
1161,#2 Best Sellers,in Cleaning Cloth,104.50000000000001,4.0,0,0.0,"5pcs Multifunctional Cleaning Towels, Superfine Fiber Cleaning Cloth, Dishcloth, Household Cleaning Cloth, Kitchen And Bathroom Cleaning Towel, Durable Absorbent Towel, Window Cleaning Cloth, Cleaning Supplies, Cleaning Tools,Kitchen,Kitchen Items,Cleaning,Kitchen Towel"
1162,Unranked(New),General-Home-Textile,130.15,5.0,400,54.0,1pc Modern Simple Living Room & Bedroom Double-sided Jacquard Sofa Pillowcase With Twisted Braid Design (pillow Core Not Included)
1163,Unranked(New),General-Home-Textile,1026.0,4.0,100,0.0,"1pc Vintage Bohemian Pattern Carpet, Ultra-Fine Fiber Short Velvet Soft And Machine-Washable, Suitable For Bedroom, Dining Room, Living Room, Hallway And Home Decor"
1164,#6 Best Sellers,in Window Stickers & Films,96.9,4.0,0,79.0,"1pc Tulip Pattern Privacy Window Film, Rainbow Removable Window Sticker, 17.5x78.7in 3d Decorative Electrostatic Glass Film - Heat Control Uv Block, For Door, Window And Glass Decoration"
1165,Unranked(New),General-Home-Textile,189.05,4.0,60,53.0,"5/10/20 Pcs Set Black Checkered Dish Towels, Super Soft, Quick-Drying And Absorbent"
1166,Unranked(New),General-Home-Textile,598.5,8.0,1500,0.0,"1pc Flower Design Decorative Pillow, Modern Corduroy Decorative Pillow For Home"
1167,Unranked(New),General-Home-Textile,418.00000000000006,6.0,200,0.0,"1pc Patchwork Cushion Cover Without Filler, Modern Woven Fabric Pillow Cover For Home Decor"
1168,#2 Best Sellers,in Throws,1016.4999999999999,5.0,0,0.0,"[Authorized]1pc   Flannel Blanket, Soft And Warm For All Seasons, Gift Throw Blanket For Bed, Chair, Car And Sofa"
1169,Unranked(New),General-Home-Textile,643.15,4.0,200,51.0,"Soccer Pattern Non-slip Rug, Modern Football Pattern Floor Rug For Living Room And Bedroom"
1170,Unranked(New),General-Home-Textile,1318.6000000000001,10.0,100,25.0,Tulip Print Sheet Set Without Filler
1171,Unranked(New),General-Home-Textile,921.4999999999999,4.0,200,0.0,"1pc Plush Winter Sofa Cushion Cover, Solid Color Simple Design Anti-slip Seat Cover"
1172,Unranked(New),General-Home-Textile,1111.5,4.0,100,0.0,"1/4pcs Beautiful White 3D Flower Shower Curtain Set, Bathroom Partition Waterproof Bathroom Curtain, Non-Slip Mat, Home Decor, With 12 Free Hooks"
1173,Unranked(New),General-Home-Textile,104.50000000000001,4.0,0,0.0,"100/80/50/30/20/5pcs Compressed Towels Suitable For Home, Outdoor, Hotel, Traveling, Convenient To Carry"
1174,Unranked(New),General-Home-Textile,342.0,4.0,300,0.0,"1pc Decorative Pillow Cover Modern Metallic Shiny Cushion Cover, Sofa Party Pillowcase, 18x18, Silver"
1175,Unranked(New),General-Home-Textile,968.9999999999999,7.0,200,0.0,"1pc Jacquard Sofa Towel, Modern Polyester Anti-slip Sofa Cover Blanket For Home, All Season"
1176,Unranked(New),General-Home-Textile,932.9,10.0,100,35.0,"2 Panels Solid Thermal-Insulated Blackout Curtains For Bedroom And Living Room For Protection Against Ultraviolet Rays,"
1177,Unranked(New),General-Home-Textile,3039.0499999999997,22.0,20,68.0,Bibb Home 6 Piece Egyptian Cotton Towel Set
1178,Unranked(New),General-Home-Textile,119.7,4.0,40,26.0,"1pc New 2024 Multi-Functional Home Cleaning Towel, Car Towel, Water Absorbent Thickened Non-Shedding Cleaning Cloth, Car Towel Accessory"
1179,#10 Best Sellers,in Bath Mats,465.50000000000006,5.0,0,0.0,"One Piece Of Modern Style Leaf Patterned Carpet, Polyester Fiber Rectangle Shaped Water Absorbent Floor Mat With Raised Dots Detailing Suitable For Living Room, Bedroom, Kitchen, Courtyard"
1180,Unranked(New),General-Home-Textile,585.2,4.0,40,22.0,1PC Pajama Ladies Spring Summer Wedding Bridesmaid Pajama Bride Dress Bestie Party Embroidered Bathrobe Bride Bathrobe Wedding Party Wedding Supplies Outdoor Wedding Holiday Party Supplies
1181,Unranked(New),General-Home-Textile,1406.0,4.0,200,0.0,Ruffle Design Bed Skirt
1182,Unranked(New),General-Home-Textile,1125.75,4.0,100,25.0,Cow Pattern Duvet Cover Set Without Filler
1183,Unranked(New),General-Home-Textile,332.5,4.0,100,0.0,"1pc Ears Of Wheat Pattern Cushion Cover Without Filler, Modern Flannelette Throw Pillow Cover For Household"
1184,Unranked(New),General-Home-Textile,168.15,9.0,100,45.0,1pc Solid Color Simplicity Velvet Pillowcase
1185,Unranked(New),General-Home-Textile,655.5,4.0,200,0.0,"Fluffy Cushion Cover Without Filler, White Plush Throw Pillow Case, Pillow Insert Not Include, For Sofa, Living Room"
1186,Unranked(New),General-Home-Textile,370.5,5.0,800,0.0,"1 Panel Sheer Voile Window Treatment Rod Pocket Curtain Panels for Kitchen, Bedroom and Living Room"
1187,#2 Best Sellers,in Duvet Covers Sets,1842.9999999999998,9.0,0,0.0,"3pcs Cartoon  Pattern Duvet Cover Set - Soft Comfortable Bedding Set For Bedroom, Guest Room And Dormitory (1 Duvet Cover + 2 Pillowcases)"
1188,Unranked(New),General-Home-Textile,826.4999999999999,4.0,60,0.0,"One Piece Of Kitchen Floor Mat, Made Of Diatomaceous Earth, Water & Oil Absorbent, Anti-Slip, Anti-Dirty, Quick Drying For Household Use"
1189,Unranked(New),General-Home-Textile,1026.0,4.0,400,0.0,"100% Memory Foam Hump Velvet Travel Neck Pillow, Comfortable Breathable Travel Pillow Removable U-shape Pillow, Suitable For Travel, Car, Home, Office, Airplane, Train, Rest Awake To Prevent Head From Moving Forward, Use For Head And Neck Support, Comes With 3d Contoured Sleep Mask, Earplugs And Carrying Bag"
1190,Unranked(New),General-Home-Textile,270.75,4.0,90,53.0,Flower Shaped Table Runner
1191,Unranked(New),General-Home-Textile,703.0,4.0,70,0.0,"1pc Cocktail Elastic Tablecloth Made Of Polyester Suitable For Covering And Decorating Round High-Top Bar Tables With 4-Way Stretch, Perfect For Weddings, Parties, Banquets."
1192,#10 Best Sellers,in Pillows & Positioners,760.0,4.0,0,0.0,"1pc White Decorative Throw Pillow With Modern Style, Multiple Sizes And Specifications, Suitable For Home, Bedroom, Sofa, Car, And Travel"
1193,Unranked(New),General-Home-Textile,3419.05,4.0,30,40.0,Machine Washable Vintage Rug Floral Print Throw Carpet For Bedroom Living Room Retro Accent Throw Kitchen Mat Non Slip Soft Floorcover Mat Non Shedding Home Decor Rug For Dining Room Laundry Bathroom
1194,#1 Best Sellers,in Window Screens,95.95,4.0,0,61.0,"1pc Anti-mosquito Net Curtain Net Can Be Cut At Will, Equipped With Encrypted Anti-mosquito Window Screen"
1195,Unranked(New),General-Home-Textile,1702.4,12.0,50,30.0,"3pcs Solid Color Frilled Duvet Cover Set, Includes 1 Duvet Cover And 2 Pillowcases, Made Of Soft And Skin-friendly Polyester Fiber, Core Not Included"
1196,#1 Best Sellers,in Sport Towels,304.0,4.0,0,0.0,"3pcs Summer Cooling Towels, Outdoor Quick-Dry Sports Ice Towels, Instant Cool Towels"
1197,Unranked(New),General-Home-Textile,484.49999999999994,4.0,100,0.0,"1pc Classic Simple Gray Gradient Memory Sponge Decorative Bathroom Mat, Non-Slip And Machine Washable"
1198,Unranked(New),General-Home-Textile,1261.6,4.0,300,25.0,"Marble Pattern Duvet Cover Set Without Filler,Marble Duvet Cover Set (1 Duvet Cover + Pillowcase), Soft Microfiber Bedding For All Season"
1199,#1 Best Sellers,in Beach Towels,386.65000000000003,4.0,0,44.0,"1pc Beach Towel, Quick Dry Beach Towel, Sports Towel, Ultra-Fine Fiber Sports Towel, Beach Vacation Swim Towel, Portable Water-Absorbing Printed Towel, Water-Absorbing Beach Towel"
1200,Unranked(New),General-Home-Textile,741.0,4.0,300,0.0,"1pc White Home Living Room Decorative Floor Mat, Fluffy Washable Carpet, For Bedroom, Game Room, Luxury Room Decor, Rectangular Shaped Rug"
1201,Unranked(New),General-Home-Textile,535.8,4.0,200,17.0,1pc Crochet Tassel Cushion Cover Without Filler
1202,Unranked(New),General-Home-Textile,308.75,4.0,200,48.0,"1pc Cartoon Coral Fleece Wrap Towel For Kids, Quick Dry Soft Bathrobe, Suitable For Boys And Girls"
1203,Unranked(New),General-Home-Textile,1035.5,4.0,200,0.0,"1pc 40x60cm (15.7x23.6inch) Orange Fruit Pattern Floor Mat, Soft & Comfortable, Machine Washable Long Plush, Anti-Slip, Absorbent Rug, Suitable For Bathroom, Bedroom, Living Room, Kitchen And Entrance Door"
1204,Unranked(New),General-Home-Textile,1273.0,6.0,100,0.0,"1pc Cartoon Printed Fluffy Blanket Soft And Warm Milk Flannel Throw Blanket For Living Room And Bedroom Decor, All Seasons"
1205,#4 Best Sellers,in Outdoor Sofas Covers,465.50000000000006,4.0,0,0.0,"1pc Solid Color Milk Silk Sofa Cushion Cover, High Elasticity Dust-Proof & Dirt-Resistant Removable And Washable All-Year-Round Wicker Sofa Mat"
1206,Unranked(New),General-Home-Textile,551.0,18.0,100,0.0,"1pc Furry Tie-dye Coffee Colored Carpet, Multi-size Living Room Floor Rug, Non-slip Soft Fluffy Floor Mat For Indoor Home Decoration"
1207,#8 Best Sellers,in Bedding Comforters & Sets,4788.0,4.0,0,28.0,"7 Pieces Embroidered Patchwork Comforter Set Size, Modern Geometric Down Alternative Comforter, Decorative Taupe And Gray Color Block Bed In A Bag - 1 Comforter, 2 Shams, 4 Decor Pillows"
1208,Unranked(New),General-Home-Textile,427.5,4.0,100,0.0,"Metallic Gold Feather Print Cushion Cover, Modern Decorative Throw Pillow Case, Pillow Insert Not Include, For Sofa, Home Decor"
1209,Unranked(New),General-Home-Textile,863.55,4.0,200,10.0,"1pc Colorful Vertical Stripe Polyester Fiber Sheer Curtain, Nordic Minimalist Style, Suitable For Living Room, Bedroom And Window/Door Decoration"
1210,Unranked(New),General-Home-Textile,788.5000000000001,4.0,200,0.0,1pc Simple Nordic Style Gold Leaves Pattern Waterproof & Anti-Mold Shower Curtain With Hooks For Bathroom
1211,Unranked(New),General-Home-Textile,655.5,4.0,800,0.0,"1pc Two Tone Curtain, Modern Polyester Star Decor Blackout Curtain For Living Room"
1212,Unranked(New),General-Home-Textile,285.0,4.0,200,0.0,"Metallic Graphic Cushion Cover Without Filler, Modern Throw Pillow Case For Sofa, Home Decor"
1213,Unranked(New),General-Home-Textile,921.4999999999999,4.0,60,0.0,"1pc Quick-Drying Absorbent Kitchen Mat/Living Room Carpet, Anti-Slip, Anti-Fouling, Easy To Clean And Anti-Drop Bathroom Mat"
1214,Unranked(New),General-Home-Textile,412.3,4.0,100,30.0,"1pc Solid Green Long Cushion (1 Cushion Cover Without Filler), Simple Forest Style Lovely Countryside Polyester Fiber Soft Skin-friendly Long Pillow For Indoor, Bedroom, Four Seasons"
1215,Unranked(New),General-Home-Textile,262.2,6.0,200,52.0,"1pc Solid Color No Tools Pleated Fabric Shades With Two Clips Light Filtering Paper Pleated Blinds With Adhesive No Drilling Self Adhesive Blinds Easy To Cut And Install,  Easy Pleated Curtain For Bedroom Living Room Office Bathroom"
1216,Unranked(New),General-Home-Textile,504.45,8.0,800,10.0,1pc Flower Design Decorative Pillow
1217,Unranked(New),General-Home-Textile,1419.3,4.0,400,10.0,Plain Double-layer Single Panel Blackout Curtain
1218,Unranked(New),General-Home-Textile,940.5,4.0,100,0.0,"2024 New 1 Pc DeramHy Home Large Skull Bath Mat Fluffy Black Bath Rugs Soft Plush Non-Slip Bathroom Rug Mats Halloween Decorative Welcome Doormat Washable For Toilet, Bedroom, Living Room"
1219,#3 Best Sellers,in Throws,1596.0,4.0,0,0.0,1pc Thickened And Flannelled Warm Blanket
1220,Unranked(New),General-Home-Textile,323.0,4.0,90,0.0,"1pc Pintuck Cushion Cover Without Filler, Modern Plain Colo Decorative Square Shaped Cushion Cover For Bed, Sofa"
1221,#3 Best Sellers,in Towels & Towel Sets,798.0,4.0,0,0.0,"1pc   Beach Towel, Microfiber Quick-Dry Extra Large Beach Towel, Soft And Absorbent Beach Blanket For Swimming, Sports And Fitness"
1222,Unranked(New),General-Home-Textile,1244.5,4.0,200,0.0,Solid Double-layer Single Panel Blackout Curtain
1223,Unranked(New),General-Home-Textile,342.0,4.0,30,0.0,"1pc Tropical Rainforest Printed Spandex Dust-Proof And Dirt-Resistant Couch Cover, Removable And Washable Outdoor Garden Chair Cushion Cover, Modern Simple Style"
1224,Unranked(New),General-Home-Textile,2163.15,4.0,30,10.0,"3pcs Pink Flower Embossed Quilted Bedspread Set, 1pc Bedspread And 2pcs Pillow Case, Pillow Core Not Include, Modern Minimalist Style Fabric Bedspread, For Bedroom"
1225,#8 Best Sellers,in Window Valance,448.4,4.0,0,14.0,"1pc Plaid Pattern Window Valance, Polyester Soft Curtain Valance For Home Decor"
1226,Unranked(New),General-Home-Textile,1140.0,4.0,100,0.0,"3pcs/Set Coral Fleece Floral Print Towels (1pc Washcloth, 1pc Hand Towel, 1pc Bath Towel), Soft, Comfortable, Lightweight And Skincare, Suitable For Face Washing, Bathing, And More"
1227,#4 Best Sellers,in Sheet Sets with Pillowcases,1529.5000000000002,4.0,0,0.0,"3PCS Luxury Silk Satin Fitted Sheet Set With 2x Pillowcases, Black Ultra Soft Deep Pocket Single Bottom Bed Sheets Set Of 3, Wrinkle Free, Non- Fading, Breathable, Cool And Smooth Mattress Protector Cover, Fit For 6"" 8"" 10"" 12"" 14"" Bed Mattress, Good For Hair And Skin, Valentine Gift For Girl Women"
1228,#2 Best Sellers,in Decorative Rugs,1786.0,4.0,0,0.0,"1pc Blue Cookie Letter Print Cartoon Cool Style Thickened Velvet Dotted Shape Carpet With Non-Slip And Wear-Resistant Plush Bedside Rug, Suitable For Living Room, Bedroom, Kitchen, Bathroom, Laundry Room, Hallway, Entrance, Playroom, Boy's Room Decoration, Home Decor"
1229,Unranked(New),General-Home-Textile,436.05,4.0,300,10.0,"1pc Watercolor Green Sage Leaves  Curtain Valance,Small Short Curtain, Without Holes Curtain, Refer To Bedroom Office Kitchen Living Room Study Home Decor"
1230,Unranked(New),General-Home-Textile,247.0,4.0,100,0.0,"1pc Ginkgo Biloba Print Cushion Cover, Modern Throw Pillow Case, Pillow Insert Not Include, For Sofa, Home Decor"
1231,Unranked(New),General-Home-Textile,750.5,4.0,100,0.0,"1pc Beautiful Blue Oil Painting Flower Printed Shower Curtain With 12 Hooks, Mold & Water Resistant Bathroom Decor, Modern Style Bath Partition Window Curtain No Drilling, 72*72 Inches"
1232,Unranked(New),General-Home-Textile,304.0,13.0,600,0.0,1pc Bohemian Style Gauze Countryside Wedding Party Gathering Wrinkle Fabric Table Runner 90*180cm
1233,Unranked(New),General-Home-Textile,2432.0,9.0,200,0.0,"1pc 3D Sofa Cover, Multi-Functional All-Inclusive Sofa Cover, Sofa Protection, Holiday Decoration, Elastic One-Piece Sofa Slipcover, Including A Pillowcase Cover As A Gift."
1234,Unranked(New),General-Home-Textile,3987.15,19.0,10,77.0,"Comforter Set - Soft Cationic Dyed Bedding Set For All Seasons, 2/3 Pieces, 1 Comforter And 1/2 Pillow Shams"
1235,Unranked(New),General-Home-Textile,486.40000000000003,4.0,100,55.0,45*45cm Beige Dinner Napkin Cloth (set Of 10)
1236,Unranked(New),General-Home-Textile,487.34999999999997,4.0,400,10.0,1pc Fashionable Simple Style Rectangular Printed Brushed Fitted Sheet Cover Dustproof Cover For Bedroom Home Textile Bedding
1237,#10 Best Sellers,in Door Curtains,465.50000000000006,4.0,0,0.0,1 Set Of PVC Butterfly Door Curtain Home Decoration (Random Butterfly Colors And Styles)
1238,Unranked(New),General-Home-Textile,541.5,4.0,600,0.0,SHEIN X Care Bears Irregular Love Bear Character Printed Area Rug
1239,Unranked(New),General-Home-Textile,456.0,4.0,500,0.0,"1pc Mexican Pattern Table Runner, Polyester Geometric Table Cloth For Day Of The Dead Or Cinco De Mayo Decoration, Suitable For Kitchen, Restaurant, Holiday, And Picnic Decor, All Seasons Applicable"
1240,Unranked(New),General-Home-Textile,341.05,4.0,1600,31.0,"1pc Cartoon Cat Shaped Bath Mat, Imitation Cashmere, Anti-Slip And Absorbent Decorative Bathroom Floor Mat/Toilet Rug"
1241,#6 Best Sellers,in Decorative Textile,351.5,4.0,0,0.0,"1 Pc RATZs Pink Mouse Funny Tapestry  For Hanging Suitable For Indoor University Dormitory Party Tapestry Art Poster, Comes With Free Mounting Accessories"
1242,Unranked(New),General-Home-Textile,551.0,4.0,0,0.0,"1pc Decorative Sofa Cushion With Spandex Knot Ball Pillow, Living Room Sofa Decoration, Bedroom Ornament"
1243,#2 Best Sellers,in Kitchen Table Runners,332.5,4.0,0,0.0,Boho Table Runner  Macrame Table Runners For Home Decor Cream & Brown Macrame Table Runner With Tassels For Boho Dining Bedroom Decor Rustic Bridal Shower
1244,Unranked(New),General-Home-Textile,237.5,4.0,100,0.0,"1pc Flower Embroidered Sequin Decor Table Runner, Modern Polyester Hollow Out Design Dinner Table Runner For Wedding, Party"
1245,#8 Best Sellers,in Interlocking Floor Mats,1045.95,4.0,0,52.0,"8pcs 11.8 Inches Modular Interlocking 0.4 Inch Thick Rv Carpet, Plush And Soft Eva Foam Mat, Fluffy Area Rug, Protection Tile For Bedroom, Children's Playroom And Kid's Soft Foam Baby Play Mats | Toddler Colorful Blocks, Kids & Baby 8 Square Mats | Eva Foam Interlocking Tiles For Gym, Nursery, Playroom"
1246,Unranked(New),General-Home-Textile,410.40000000000003,4.0,200,10.0,1pc Printed Elastic Milk Silk Chair Cover
1247,Unranked(New),General-Home-Textile,427.5,4.0,0,0.0,"5/10pcs Pack Swedish Fish Scale Pattern Dishcloths, Kitchen And Bathroom Cleaning Cloth For Dishwashing, Glass Wiping And Surface Cleaning, Reusable And -Friendly"
1248,Unranked(New),General-Home-Textile,263.15,4.0,200,21.0,"1pc  Melody Pattern Hair Drying Cape, Cute Cartoon Hair Drying Towel, Water Absorbent Head Wrap"
1249,#8 Best Sellers,in Towel Sale,220.39999999999998,4.0,0,20.0,"1pc Women's Coral Plush Hair Drying Cap With Cute Printed Strawberry, Bear, Rabbit, Or Heart Shape Design, Soft, Quick-Drying, Anti-Shedding, Absorbent"
1250,Unranked(New),General-Home-Textile,1045.0,4.0,80,0.0,"1pc 40x60cm Yellow Orange Fruit Pattern Soft Plush Non-Slip Absorbent Bathroom Mat, Machine Washable, Ideal For Home Decoration"
1251,Unranked(New),General-Home-Textile,418.00000000000006,5.0,200,0.0,"1pc Plain Cushion Cover Without Filler, Simple Throw Pillow Case, Pillow Insert Not Include, For Sofa, Home Decor"
1252,Unranked(New),General-Home-Textile,209.00000000000003,4.0,80,0.0,"1pc Fleece Throw Blanket For Bed - Ultra Soft And Cozy Fluffy Blanket For Couch, Cute Boho Blanket For Women Girls, Summer Sleeping Essential, Warm, Lightweight, Room Decor, Bedroom, Living Room, All Size"
1253,Unranked(New),General-Home-Textile,703.0,4.0,200,0.0,"1pc Letter Pattern Polyester Kitchen Carpet, Wood Pattern Floor Mat"
1254,Unranked(New),General-Home-Textile,551.0,4.0,300,0.0,"U-shape Pp Neck Pillow, Portable And Suitable For Students, Office, Driving, And Protecting The Cervical Vertebra And Neck"
1255,Unranked(New),General-Home-Textile,1436.3999999999999,9.0,300,30.0,"4pcs Plain Satin Sheet Set Without Filler,1pc Fitted Sheet & 1pc Flat Sheet & 2pcs Pillowcase, Bedding Full/Twin/Queen/King"
1256,#9 Best Sellers,in Sheet Sets with Pillowcases,776.15,7.0,0,38.0,"3pcs Solid Color White Satin Duvet Cover Set With 1pc Cover, 2pcs Pillow Case Without Filler, Modern Soft Bedding Duvet Cover For Household"
1257,#3 Best Sellers,in Kitchen Towels,384.75,4.0,0,47.0,"2pcs 18*28inch Rectangle Polyester Kitchen Towels With Potted Plant Wreath And Letter Print, Black & White Grid Pattern With Green Plant And Letter Print, Modern Simplicity Kitchen Towels, Multi-Purpose Towels For Home, Suitable For Kitchen, Bathroom, Living Room, Dining Room, Bedroom, Etc., Perfect Gift For Parents And Friends"
1258,Unranked(New),General-Home-Textile,794.1999999999999,4.0,80,33.0,"Single Solid Color Bed Skirt, Simple Dustproof Bedding Cover, 1pc, Suitable For All Seasons, Modern Home, New Arrival, Suitable For Children And Adults, Men And Women, Students, Gray/white/tan/blue/purple/red/green, Multiple Colors Available"
1259,Unranked(New),General-Home-Textile,233.7,4.0,2200,25.0,"1pc Geometric Design Table Runner, Minimalist Polyester Kitchen Table Runner For Kitchen Dining Table"
1260,Unranked(New),General-Home-Textile,247.0,4.0,700,0.0,"1pc Solid Color Tablecloth, Modern Polyester Table Cover For Kitchen Dining Table And Party"
1261,Unranked(New),General-Home-Textile,313.5,6.0,100,0.0,Sequin Lumbar Pillow Cover Without Filler
1262,Unranked(New),General-Home-Textile,1283.45,4.0,80,30.0,Solid Duvet Cover Set Without Filler
1263,Unranked(New),General-Home-Textile,313.5,4.0,300,0.0,"1pc Coral Fleece Exquisite Embroidery Solid Color Towel/Bath Towel Soft, Absorbent, Home Essential, Romantic, Fashionable Different Sizes Sold Separately, Please Choose Your Preferred Size"
1264,Unranked(New),General-Home-Textile,1828.75,8.0,100,30.0,"Solid Color Duvet Cover Set Without Filler, Beige Bedding For Bedroom, For All Season"
1265,#2 Best Sellers,in Bath Towel Sets,329.65000000000003,4.0,0,36.0,"1set/2pcs Travel Towel Set, Super Soft Microfiber Quick Dry Bath Towel And Face Towel, Fast Dry Skin-Friendly Bath Towel For Bathroom, Gym, Hotel, Spa, Camping, Hiking, Bathroom Accessories"
1266,Unranked(New),General-Home-Textile,579.5,9.0,100,0.0,1pc Plush Area Rug With Anti-slip Backing For Home Living Room Bedroom
1267,Unranked(New),General-Home-Textile,503.5,4.0,20,0.0,"1pc Creative Plush Toy Resembling A Cigarette Butt, Soft & Furry Smoke-Free Pillow, Fun Home Decoration, Christmas Gift, Quit Smoking Birthday Gift"
1268,Unranked(New),General-Home-Textile,3971.9500000000003,12.0,50,76.0,"Lightweight Soft Quilt Bedding Set For All Seasons, 2/3Pcs, 1 Quilt And 1/2 Pillow Shams, Bedspreads & Coverlets, Corduroy Pattern Quilt Set"
1269,Unranked(New),General-Home-Textile,294.5,8.0,200,0.0,"1pc Flannel Pink Pebble Embossed Floor Mat, Soft Thick Water-Absorbent Anti-Slip Bathroom Mat, Bedroom Entrance Mat, Toilet Mat"
1270,Unranked(New),General-Home-Textile,503.5,8.0,200,22.0,Solid Single Panel Blackout Curtain
1271,Unranked(New),General-Home-Textile,1757.5,4.0,100,0.0,"3-piece Modern Flower And Geometric Pattern Duvet Cover Set, Includes 1 Duvet Cover And 2 Pillowcases"
1272,Unranked(New),General-Home-Textile,608.0,9.0,300,0.0,"1pcStitch Cozy Flannel Blanket, Cartoon Super Soft Warm And Durable Throw Blanket, Warm And Comfortable Flannel Cartoon Blanket For Bedroom Sofa Living Room"
1273,Unranked(New),General-Home-Textile,1757.5,4.0,60,0.0,"Succulent Pillow - Hand-Stitched Plush Decorative Throw Pillow. Plant-Shaped Pillows And Flower Pillows, Plush Cushions For Bedroom And Home Decoration"
1274,Unranked(New),General-Home-Textile,1814.5000000000002,4.0,100,0.0,"3pcs/set Checkerboard Pattern Duvet Cover Set(1 Duvet Cover & 2 Pillowcase) Modern Polyester Bedding Set For Home, All Season"
1275,#10 Best Sellers,in Bath Towels,684.0,4.0,0,0.0,"3pcs Coral Fleece Tassel Towel/Bath Towel Set, Soft, Absorbent, Fast Drying, No Fading, No Shedding, For Bathroom, Hotel, And Outdoor Use"
1276,Unranked(New),General-Home-Textile,1700.4999999999998,4.0,70,38.0,"Luxury White Bed Pillow Core Simple Soft Bedroom, Hotel Queen Size Cotton Fill Machine Washable"
1277,Unranked(New),General-Home-Textile,311.59999999999997,5.0,300,22.0,1pc Solid Stretchy Chair Slipcover
1278,Unranked(New),General-Home-Textile,215.65,4.0,200,22.0,"1pc Couple Bird Pattern Pillowcase (Without Pillow Core), Soft & Comfortable Polyester Super Soft Fabric, Single Side Printed Decorative Pillowcase, Suitable For Bedroom, Living Room Decoration. Can Be Used As Birthday Gift, Valentine'S Day Gift."
1279,Unranked(New),General-Home-Textile,1702.4,12.0,100,30.0,Ruffle Decor Duvet Cover Set Without Filler
1280,#3 Best Sellers,in Couch & Sofa Decor,655.5,8.0,0,0.0,"5pcs Solid Color Chair Decorative Belts, Table & Chair Decoration, Chair Ties"
1281,Unranked(New),General-Home-Textile,352.45,4.0,100,30.0,Satin Body Pillowcase Without Filler
1282,Unranked(New),General-Home-Textile,513.0,17.0,400,0.0,"1pc Universal Four Seasons Elastic Sofa Cover, Anti-Slip Full Covered Thick Fabric Couch Cushion Cover, Washable Dustproof And Stain Resistant"
1283,Unranked(New),General-Home-Textile,661.2,4.0,70,19.0,"1pc Women's Beach Towel Turtle Pink Color, Soft, Oversize, Quick-Drying, Absorbent, Light-Weight Towel That Can Be Used As A Beach Mat, Suitable For Swimming, Sports, Beach And Gym"
1284,Unranked(New),General-Home-Textile,709.65,4.0,200,10.0,"1pc Sea Turtle Print Absorbent Beach Towel, Modern Microfiber Beach Towel For Outdoor"
1285,Unranked(New),General-Home-Textile,1045.0,4.0,200,0.0,Double Layer Star Detail Single Panel Blackout Curtain
1286,Unranked(New),General-Home-Textile,1102.0,4.0,100,0.0,"1pc Pure Color Rug, Short Plush With 3d Stitched Decor, All Seasons Anti-dirty Mat For Living Room And Bedroom"
1287,Unranked(New),General-Home-Textile,595.65,5.0,300,39.0,"Oven Mitts and Pot Holders 4 pcs Set, High Heat Resistant 500 Degree Extra Thicken Long Kitchen Oven Glove for Cooking"
1288,Unranked(New),General-Home-Textile,370.5,4.0,70,0.0,4-Piece Set Round Table Mats Woven Ramie Placemats Anti-Slip Dining Table Mats Non-Slip Tableware Bowl Pads Kitchen Drink Cup Coasters
1289,Unranked(New),General-Home-Textile,560.5,4.0,100,0.0,"4pcs Sunflower Placemats, Flower Placemats Vintage Placemats, For Dining Table Decorations, Sunflower Kitchen Decor Meal Mat For Kitchen Dinner"
1290,Unranked(New),General-Home-Textile,1130.5,4.0,200,0.0,"1/4pcs  Shower Curtain Or Toilet Mat, 4pcs Bathroom Set, Waterproof Shower Curtain With 12 Shower Hooks"
1291,Unranked(New),General-Home-Textile,898.7,5.0,20,24.0,"2/3pcs Satin Silk Fitted Sheet Set, Deep Pocket Fitted Sheet With 1/2pcs Pillowcase, Luxurious, Soft, All Size Bedding Set For Twin Full Queen King Size Bed"
1292,Unranked(New),General-Home-Textile,216.6,4.0,40,40.0,"One Vintage Style Blue And White Porcelain Tablecloth, Bohemian Style Polyester Square Table Cover With Tassel Decoration, Suitable For Table/Shoe Cabinet/Counter/Tablecloth, All Seasons"
1293,#9 Best Sellers,in Sheer Panels,389.49999999999994,4.0,0,0.0,"1pc Sunflower Decorative Window Screen, Suitable For Hotel, Restaurant, Living Room"
1294,Unranked(New),General-Home-Textile,513.0,17.0,500,0.0,1pc Universal Elastic Sofa Cover Stretch Fabric Thickened Sofa Cushion Cover Non Slip Washable Sofa Towel For Whole Set Dustproof And Stain Resistant Grey Color
1295,Unranked(New),General-Home-Textile,218.49999999999997,4.0,40,0.0,"1/4pc Embroidered Floral Bird Butterfly Cushion Cover, 3D Effect, Suitable For Party Home Decor, Living Room Sofa And Bedroom, Waist Pillowcase Cover, No Pillow Core, All Seasons"
1296,Unranked(New),General-Home-Textile,1301.5,5.0,800,0.0,"2/3pcs Solid Color Color Duvet Cover Set With Zipper Closure Corner Ties,Washed Microfiber Duvet Cover,Soft, Skin Friendly,And Breathable,Lightweight And Ailky Smooth,Suitable For All Seasons,Bedding Set,Soft Comfortable Duvet Cover,Twin/Queen/King,1pc Duvet Cover And 2/1pc Pillowcase"
1297,Unranked(New),General-Home-Textile,1111.5,4.0,100,0.0,"1/3/4 Pcs 70.87x70.87 Inch Shower Curtain Set Blue Rose Shower Curtain Set, Dewy Bouquet Black Blue Shower Curtain With 12 Hooks, Rose Pattern Bathroom Set"
1298,Unranked(New),General-Home-Textile,2131.8,4.0,30,40.0,"1pc Pink Rug, Modern Polyester Fluffy Rug For Home"
1299,Unranked(New),General-Home-Textile,589.95,4.0,800,10.0,"1pc Star Pattern Double-layer Single Panel Blackout Curtain,Star Stripe Double-Layer Curtain For Bedroom"
1300,Unranked(New),General-Home-Textile,1051.65,4.0,80,10.0,"2pcs Yellow Feather Pattern Curtains For Bedroom, Office, Kitchen, Living Room, Study As Home Decoration"
1301,Unranked(New),General-Home-Textile,270.75,4.0,400,25.0,"1pc Flower & Sun Pattern Tapestry, Modern Polyester Hanging Art Cloth For Home Decor"
1302,#2 Best Sellers,in Outdoor Sofas Covers,351.5,4.0,0,0.0,"1pc Solid Color Milk Silk Sofa Cushion Cover, High Elasticity, Dust-Proof, Dirt Resistant, Removable And Washable, Suitable For Four Seasons, Indoor And Outdoor Rattan Sofa Cover."
1303,Unranked(New),General-Home-Textile,873.9999999999999,4.0,100,0.0,"1pc Tufted Tassel Decor Cushion Cover, Throw Pillow Case, Pillow Insert Not Include, For Sofa, Living Room"
1304,Unranked(New),General-Home-Textile,2441.5,13.0,100,0.0,Floral Embroidered Duvet Cover Set Without Filler
1305,Unranked(New),General-Home-Textile,1842.9999999999998,4.0,10,0.0,"Crystal Velvet Cream-Colored Carpet, Modern Light-Luxury Style For Living Room Sofa Coffee Table Floor And Bedroom, Anti-Skid, Wear-Resistant And Washable"
1306,Unranked(New),General-Home-Textile,320.15000000000003,12.0,100,44.0,"LongNap™ 2pcs Premium Silky Satin Envelope Pillowcases Set, Soft Breatheable Wrink-Free Better For Hair Skin Sleep, Pillow Covers Without Filling, White"
1307,Unranked(New),General-Home-Textile,723.9,4.0,0,40.0,Solid Color Blackout Single Panel Curtain
1308,Unranked(New),General-Home-Textile,3134.05,5.0,50,21.0,MOOWOO Chic Ruffle Lace Polyester Duvet Cover Set -Girl Pink Bedding-2 Piece Twin Duvet Cover with Zipper Closure -Ultra Soft and Light Weight
1309,Unranked(New),General-Home-Textile,256.5,4.0,200,0.0,"Velvet Fabric Dual Tone Soluble Lace Trim Table Runner, For Kitchen, Cabinet, Shoe Cabinet Dust-Protection, Anti-Hot, Antifouling Table Mat, Indoor Decoration, Festival Decoration, Party, Wedding, 1pc, Various Sizes"
1310,Unranked(New),General-Home-Textile,275.5,4.0,0,50.0,"4pcs Pumpkin Plaid Slogan Placemats, Simple Rural Style Fabric Decoration Linen-Like Insulated Waterproof Western-Style Dining Mats, Suitable For Farm Kitchen Table Waterproof, Stain-Resistant, Insulated, Decoration"
1311,Unranked(New),General-Home-Textile,807.5,4.0,200,0.0,"Plain Plush Cushion Cover Without Filler, Soft Throw Pillow Cover, Pillow Insert Not Include, For Sofa, Living Room"
1312,Unranked(New),General-Home-Textile,465.50000000000006,5.0,800,0.0,"1pc Black Rug, Minimalist Polyester Fluffy Floor Carpet For Home"
1313,Unranked(New),General-Home-Textile,312.55,4.0,30,30.0,"1pc Sky Blue Decorative Faux Rabbit Fur Cushion Cover Without Filler, Modern Flannelette  Fuzzy Plush Throw Pillow Cover Zipper Closure For Home, For Sofa, Living Room"
1314,Unranked(New),General-Home-Textile,845.5,4.0,100,0.0,"1pc Winter Warm Plush Rabbit Hair Sofa Cushion Cover, Thicker Sofa Slipcover"
1315,#2 Best Sellers,in Tabletop Mat,693.5,4.0,0,0.0,"1pc PVC Tablecloth, Modern Floral Embroidered Clear Waterproof, Oil-proof Decorative Table Cover For Dining Table"
1316,Unranked(New),General-Home-Textile,1218.85,4.0,600,25.0,3pcs/set Multicolor Polyester Floral Printed Duvet Cover Set
1317,Unranked(New),General-Home-Textile,936.6999999999999,4.0,10,15.0,Plain Waterproof Fitted Sheet
1318,Unranked(New),General-Home-Textile,769.5,4.0,40,0.0,"1pc Ultra-Fine Fiber Letter Jacquard Plush Floor Mat, Black & White Modern Minimalist Bathroom Quick-Drying Door Mat, Entrance Doorway Anti-Slip Rug Pad"
1319,Unranked(New),General-Home-Textile,475.0,4.0,200,0.0,"1Pc Chair Covers, Pu Leather Waterproof And Oilproof Stretch Dining Chair Protector Cover Slipcover, Removable Washable Chair Protector Seat Cushion Slipcovers For Home Kitchen"
1320,Unranked(New),General-Home-Textile,1320.5,4.0,100,0.0,"2 Pcs Bedding Throw Pillows Inserts, Square Pillows For Sofa, Bed And Couch Decorative Stuffer Pillows"
1321,Unranked(New),General-Home-Textile,589.0,8.0,50,0.0,"1pc Black Jacquard Outdoor Sofa Seat Cushion Cover, Stretchable & Detachable Half-Pack Sofa Cushion Cover Resistant To Splashing For Patio, Garden Or Terrace Furniture"
1322,Unranked(New),General-Home-Textile,1877.2,7.0,20,18.0,"1pc Solid Color Dark Green Sofa Cover Without Filler, Polyester Stretchy Sofa Slipcover For Living Room"
1323,Unranked(New),General-Home-Textile,304.0,4.0,200,0.0,1pc Solid Color Sheer Curtain For Window
1324,Unranked(New),General-Home-Textile,2089.0499999999997,6.0,10,45.0,Living Room Area Rug Modern Abstract Rug For Bedroom Machine Washable Carpet Mat Soft Non Slip Throw Rug Non Shedding Contemporary Rugs Low Pile Large Rug For Dining Room Home Decor Rug For Hallway Laundry Office Dorm Solid Entryway Mat
1325,Unranked(New),General-Home-Textile,342.0,4.0,100,0.0,1pc Pink Small Round Decorative Rug For Coffee Table
1326,#9 Best Sellers,in Pillowcases & Shams,294.5,15.0,0,0.0,1pc Silver Soft Breathable Ice Silk Satin Pillowcase
1327,Unranked(New),General-Home-Textile,1928.5,4.0,200,0.0,"HARRY POTTER X SHEIN Badge Pattern Duvet Covers Set Without Filler, Modern Quilt Cover Set, For Bedroom"
1328,#8 Best Sellers,in Good Quality Aprons,541.5,4.0,0,0.0,Thicken Apron Waterproof Cross Back With Pockets Men Women`S Kitchen Anti-Oil Stain Apron For Nail Salons Barber Restaurant Waiter
1329,#8 Best Sellers,in Armrest Covers,1094.3999999999999,4.0,0,10.0,Office Computer Chair Covers Elastic Armchair Protector  Anti-Dust Armrest Plush  Gamer Chair Covers Removable
1330,Unranked(New),General-Home-Textile,513.0,4.0,200,2.0,"1pc Color Block Cushion Cover Without Filler, Modern Throw Pillow Case For Sofa, Home Decor"
1331,Unranked(New),General-Home-Textile,2074.8,4.0,60,58.0,"OTOSTAR Pack Of 2 Down And Feather Throw Pillow Inserts, Soft Fluffy Pillow Inserts With 100% Cotton Cover Decorative Pillows For Sofa Couch Bed-White"
1332,Unranked(New),General-Home-Textile,1610.25,4.0,80,25.0,Gamepad Print Duvet Cover Set Without Filler
1333,Unranked(New),General-Home-Textile,741.0,4.0,300,0.0,SCOOBY-DOO X SHEIN Green Dog Printed Flannel Blanket
1334,Unranked(New),General-Home-Textile,2090.0,4.0,100,0.0,Pom Pom Decor Flower Print Duvet Cover Set Without Filler
1335,#9 Best Sellers,in Door Mats,341.05,4.0,0,31.0,1pc Simple Striped Entrance Door Mat For Home
1336,Unranked(New),General-Home-Textile,503.5,24.0,30,0.0,"1pc Bohemian Style Cheese Cloth Tablecloth For Wedding, Baby/Bridal Shower, Festival Party Decoration, Country Gauze Table Cover Cloth Fabric"
1337,Unranked(New),General-Home-Textile,342.0,4.0,100,0.0,1pc Waterproof Pillow Cover Bedbug Proof Anti Mite Zipper Home & Hotel Smooth Pillow Protector
1338,Unranked(New),General-Home-Textile,418.00000000000006,17.0,100,0.0,"1pc Universal Four Seasons Elastic Sofa Cover, Slip Resistant Full Cover With Thickened Fabric Sofa Cushion Cover, Washable And Dustproof"
1339,Unranked(New),General-Home-Textile,330.6,4.0,90,40.0,"1pc Chef Pattern Kitchen Rug Modern Rural Farmhouse Style Kitchen Mat Water Absorbent Anti-Slip & Easy-To-Clean Kitchen Floor Mat, Thick And Resilient Anti-Fatigue Kitchen Mat, Suitable For Farmhouse Sink & Kitchen Decoration Available In Various Sizes"
1340,Unranked(New),General-Home-Textile,456.0,11.0,90,0.0,"1pc Simple Solid Color Memory Foam Quick Rebound Water Absorbent Anti-Slip Floor Mat For Bathroom, Toilet"
1341,Unranked(New),General-Home-Textile,897.7499999999999,4.0,100,29.0,"1pc Cute Flower Print Oval Fluffy Rug, Polyester Soft Absorbent Floor Mat For Household"
1342,Unranked(New),General-Home-Textile,741.0,4.0,100,0.0,"1pc Plaid Pattern Cushion Cover Without Filler, Modern Flannelette Decorative Throw Pillow Case For Living Room, Home Decor"
1343,Unranked(New),General-Home-Textile,570.0,4.0,10,0.0,2pcs/Set Double-Sided Printed Polka Dot Pillowcase 45 X 45cm Bohemian Design Brush Pen Decoration Outdoor Square Cushion Cover Linen Pillowcase Suitable For Home Sofa Beds No Pillow Core
1344,Unranked(New),General-Home-Textile,551.0,8.0,700,0.0,"1pc Waterproof Four Seasons Universal Stretch Sofa Slipcover For L-Shaped And 1/2/3/4-Seat Sofas, Simple Modern Style Anti-Slip Sofa Cover, Living Room Sofa Protector"
1345,Unranked(New),General-Home-Textile,769.5,7.0,100,0.0,"1pc Magic Tape Blackout Curtains For Bedroom-96% Blockout Living Room Kitchen, Room, And Party Decor - Easy To Install"
1346,#8 Best Sellers,in Outdoor Sofas Covers,513.0,8.0,0,0.0,"1pc Printed Outdoor Sofa Cover,Flower Pattern Printed Semi Pack Sofa Cushion Cover,Rustic Style Detachable & Washable Cover For Courtyard, Patio, Garden Sofa"
1347,#7 Best Sellers,in Window Screens,389.49999999999994,4.0,0,0.0,1pc Insect Mosquito Nets For Window Screen Mesh Custom Size Tulle Invisible Black Fiberglass Against Mosquitos And Flies
1348,Unranked(New),General-Home-Textile,504.45,4.0,0,10.0,1pc Mini Plush Knotted Ball Decoration For Living Room Sofa Or Window
1349,#7 Best Sellers,in Towels & Towel Sets,256.5,4.0,0,0.0,1pc Coral Fleece Absorbent Cute Cat Design Hanging Hand Towel Suitable For Bathroom And Kitchen Non-Shedding Small Towel For Hand Wiping
1350,Unranked(New),General-Home-Textile,180.5,4.0,0,0.0,"Elegant Embroidered Organza Fabric Floral Lace Table Cloth With Water Soluble Hollow Out Design, Square Or Rectangle, For Kitchen Dining Table, Desk, Coffee Table, Vanity Dresser, Decoration For Home, Living Room, Bedroom, Patio, Outdoor Furniture, Picnic, Villa, Party, Wedding Decorations, Cabinet, Family Gathering, Festival, Different Sizes Available, 1pc"
1351,Unranked(New),General-Home-Textile,266.0,4.0,100,0.0,"Flower Pattern Cushion Cover Without Filler, Modern Throw Pillowcase For Sofa, Home Decor"
1352,Unranked(New),General-Home-Textile,617.5,6.0,80,0.0,"1pc Plum-Colored Shaggy Microfiber Chenille Bath Mat, Modern Simple Style Non-Slip Rug With High Water Absorption & Quick Drying Feature, Dirt-Resistant & Easy To Clean, Suitable For Bathroom, Shower, Bathtub, Kitchen Sink Area."
1353,#3 Best Sellers,in fun beach towel,775.2,4.0,0,29.0,"1pc  Stitch Beach Towel, Absorbent & Quick-Drying Bath Towel, Lightweight & Super Soft Beach Blanket, For Beach Bathroom Outdoor Camping Fitness Travel, Ideal Beach Essentials"
1354,Unranked(New),General-Home-Textile,807.5,7.0,300,0.0,"New 2024 3D Creative And Funny US Dollar Currency Printed Floor Mat! A Great Gift For Decoration, Perfect For Living Rooms, Bedrooms, Entrance Halls, Doorways, Non-Slip And Easy To Clean. Multiple Patterns Available As New Arrivals."
1355,#2 Best Sellers,in Beach Towels & Bath sheets,228.0,4.0,0,0.0,"1PCS Sand Remover For Beach, Sand Removal Bag,Powder Pouch Sand Remover Brush Beach Vacation Camping Essentials (Talc-Free)"
1356,Unranked(New),General-Home-Textile,285.0,6.0,200,0.0,Plain Plush Cushion Cover Without Filler
1357,#6 Best Sellers,in Couch Cover,836.0000000000001,4.0,0,0.0,"1pc Embroidered Dutch Velvet Sofa Cover, Country Style Sofa Cushion, All Season Dustproof & Anti-cat Scratching Sofa Protector"
1358,Unranked(New),General-Home-Textile,522.5,11.0,600,0.0,"Luxury Bohemian Style Decorative Linen Texture Pillowcase Without Filling, Made Of Coarse Linen Craft Suitable For Decoration Of Sofas, Living Rooms, Bedrooms, Floors, Benches, Cars, Offices, Coffee Shops, Etc., Pillowcase Will Not Shed Or Ball, Can Be Used Throughout The Year."
1359,Unranked(New),General-Home-Textile,552.9,4.0,300,18.0,"Tassel Decor Cushion Cover Without Filler, Beige Throw Pillow Case, For Sofa, Living Room"
1360,Unranked(New),General-Home-Textile,294.5,4.0,100,0.0,"Set Of 3 Bamboo Fiber Small Hand Towels, Absorbent Handkerchiefs, Face Towels, And Saliva Towels"
1361,Unranked(New),General-Home-Textile,513.0,4.0,300,0.0,"1pc Tufted Outdoor Waterproof Cushion Cover Without Filler, Modern Throw Pillow Cover, Pillow Insert Not Include, For Yard Garden"
1362,Unranked(New),General-Home-Textile,655.5,4.0,400,0.0,"1pc Geometric Jacquard Stretchy Chair Slipcover, Dark Grey Dining Chair Dust Cover, For Home"
1363,Unranked(New),General-Home-Textile,703.0,4.0,100,0.0,"1pc Beautiful Pink Floral Bowknot Printed Shower Curtain With 12 Hooks, Anti-Mold & Waterproof Bathroom Decoration, Modern Style Bath Partition Window Curtain, No Drilling Required, 72*72 Inches."
1364,#5 Best Sellers,in Bathroom & Laundry Mats,608.0,4.0,0,0.0,"1pc Modern Style Polyester Fiber Rectangle Shaped Leaf Pattern Carpet, Suitable For Living Room Home Use"
1365,Unranked(New),General-Home-Textile,978.5000000000001,4.0,1100,0.0,ADVENTURE TIME X SHEIN Cartoon Graphic Decorative Pillow In Lake Blue
1366,Unranked(New),General-Home-Textile,399.0,5.0,30,0.0,"1pc Plain Satin Fitted Sheet, Silk Fitted Fitted Sheet Queen King Twin Full Size Without Filler, 9 Inches Deep Pocket Cooling Breathable Soft And Silky Bedding Sheet Only, Mattress Sheet, Mattress Protector Cover, Sábanas De Satin, Room Deco"
1367,Unranked(New),General-Home-Textile,1639.7,4.0,100,15.0,"Harry Potter | ROMWE 1pc Snake Pattern Blanket,Funky Washable Decorative Throw Blanket"
1368,Unranked(New),General-Home-Textile,1501.0,9.0,100,0.0,"3pcs Cartoon  Pattern Bedding Set, Soft And Comfortable, Perfect For Bedroom, Guest Room And Dorm Decoration, Fitted Sheet Set Including 1 Fitted Sheet And 2 Pillowcases"
1369,Unranked(New),General-Home-Textile,970.9000000000001,4.0,50,55.0,1pc Nautical Style Starfish Embroidery Decorative Pillow For Home Decoration
1370,Unranked(New),General-Home-Textile,931.0000000000001,4.0,500,0.0,"1pc Cd Record Shaped Round Carpet For Bedroom, Dressing Table, Wardrobe, Footrest, Swivel Chair, Couch, Tea Table"
1371,Unranked(New),General-Home-Textile,266.0,4.0,200,0.0,"1pc Marble Pattern Cushion Cover Without Filler, Modern Woven Fabric Pillow Cover For Home Decor"
1372,Unranked(New),General-Home-Textile,1404.1,5.0,70,25.0,"3pcs/set Graphic Print Duvet Cover Set(1 Duvet Cover & 2 Pillowcase), Boho Fabric Bedding Set For All Season"
1373,Unranked(New),General-Home-Textile,281.2,4.0,100,45.0,1pc Pom Pom Decor Cushion Cover Without Filler
1374,Unranked(New),General-Home-Textile,1614.05,4.0,10,54.0,Chenille Washable Retro Accent Area Rug Non Slip Soft Indoor Front Door Doormat Home Decor Distressed Rug Stain Resistant Runner Rug Suitable For Entryway Kitchen Living Room Bedroom Bedside Hallways
1375,Unranked(New),General-Home-Textile,351.5,4.0,600,0.0,1pc Wave Pattern Tapestry
1376,Unranked(New),General-Home-Textile,1624.5000000000002,4.0,20,0.0,Crystal Velvet Cream Style Carpet Living Room Luxury Removable And Simple Wind Sofa Carpet Floor Mat
1377,Unranked(New),General-Home-Textile,617.5,4.0,0,7.0,"1pc Chenille Bathroom Anti-Slip Absorbent Rug Floor Mat For Toilet, Home Entrance, Bedside"
1378,Unranked(New),General-Home-Textile,1148.55,4.0,300,10.0,2024 New Magnetic Screen Door Curtain Anti-Mosquito Net Fly Insect Screen Mesh Automatic Closing Custom Size Easy Installation
1379,Unranked(New),General-Home-Textile,285.0,4.0,0,0.0,Christmas Slogan Graphic Cushion Cover Without Filler
1380,Unranked(New),General-Home-Textile,3415.2500000000005,4.0,0,0.0,Unbeatablesale Carolines Treasures Beagle Spoiled Dog Lives Here Indoor & Outdoor Mat&#44; 24 X 36 In.
1381,Unranked(New),General-Home-Textile,2379.75,4.0,0,0.0,"Luxe Home Decor Belton Faux Fur Pillow | 2-Piece | Georgetown Lynx | 12""X20"""
1382,Unranked(New),General-Home-Textile,2323.7000000000003,4.0,0,0.0,Unbeatablesale Fish-Red Fish Alphonzo Indoor & Outdoor Doormat
1383,Unranked(New),General-Home-Textile,3704.05,4.0,0,0.0,Unbeatablesale Carolines Treasures Abstract Crabs & Oysters Indoor Or Outdoor Mat&#44; 24 X 36 In.
1384,Unranked(New),General-Home-Textile,2620.1,4.0,0,0.0,Unbeatablesale Halloween French Bulldog Machine Washable Memory Foam Mat
1385,Unranked(New),General-Home-Textile,1804.05,4.0,0,51.0,Modern Geometry Thick Plush Fur Area Rug Non Shedding Non Slip Floorcover Home Decor Super Soft Carpet Bordered Easy To Clean Doormat For Living Room Bedside Home Office Dining Room Bedroom
1386,Unranked(New),General-Home-Textile,3704.05,4.0,0,0.0,"Unbeatablesale 39 X 64 In. Cordless GII Deluxe Sundown 1 In. Room Darkening Mini Blind, Grey"
1387,Unranked(New),General-Home-Textile,2899.4,4.0,0,0.0,Unbeatablesale Butterflies 18 X 30 In. Doormat Rug - Brown&#44; Brown & Tan&#44; Gold & Yellow
1388,Unranked(New),General-Home-Textile,3828.4999999999995,4.0,0,0.0,Unbeatablesale Bird & Daffodil Doormat 18 X 26
1389,Unranked(New),General-Home-Textile,5308.6,4.0,0,56.0,Safavieh Vogue 146 Indoor Power Loomed Easy Care Area Rug
1390,Unranked(New),General-Home-Textile,5062.55,4.0,0,57.0,Safavieh Belize Shag 484 Indoor Power Loomed Easy Care Area Rug
1391,Unranked(New),General-Home-Textile,1193.2,4.0,0,50.0,Lavish Home Warm Body Pillow Cover Soft Comfy Pillow Case Zippered Washable 52 X 18 Inches Blue
1392,Unranked(New),General-Home-Textile,9131.4,4.0,0,3.0,Kohler Prosecco Multifunction Handheld Shower Brushed Nickel
1393,Unranked(New),General-Home-Textile,3507.4,4.0,0,0.0,Unbeatablesale Horses Chatting With The Neighbors Machine Washable Memory Foam Mat
1394,Unranked(New),General-Home-Textile,3119.8,4.0,0,61.0,Lavish Home Mattress Cover-Made From Hypo-Allergenic Bamboo Fiber Rayon- Skirted Bed Protector Breathable Pad With Fitted No Slip
1395,Unranked(New),General-Home-Textile,6810.55,4.0,0,0.0,Unbeatablesale Chocolate-Natural Jute Braided Rug
1396,Unranked(New),General-Home-Textile,3589.1,4.0,0,3.0,Member's Mark Members Mark Commercial Hospitality Washcloths White (24 Count)
1397,Unranked(New),General-Home-Textile,4590.4,4.0,0,58.0,Bluestone Reversible Down Alternative Topper With Sherpa - King
1398,Unranked(New),General-Home-Textile,2379.75,4.0,0,0.0,"Luxe Home Decor Belton Faux Fur Pillow | 2-Piece | Faux Mink Sign | White | 18""X18"""
1399,Unranked(New),General-Home-Textile,4314.900000000001,4.0,0,46.0,Lavish Home Full Queen Size Luxury Mink Fuzzy Blanket Wolf Moon Super Soft 74 X 91 Inch 7.5 Lbs
1400,Unranked(New),General-Home-Textile,3434.25,4.0,0,0.0,Unbeatablesale Dolphin Under The Sea Indoor Or Outdoor Mat - 18 X 27 In.
1401,Unranked(New),General-Home-Textile,4682.55,4.0,0,53.0,Lavish Home Down Alternative Bedding Topper 233 Thread Count - Full
1402,Unranked(New),General-Home-Textile,19071.25,4.0,0,64.0,Safavieh Winston 350 Indoor Power Loomed Easy Care Area Rug
1403,Unranked(New),General-Home-Textile,2340.8,4.0,0,0.0,Unbeatablesale Bichon Frise Poinsettas Indoor Or Outdoor Mat&#44; 18 X 27 In.
1404,Unranked(New),General-Home-Textile,3142.6,4.0,0,0.0,"Unbeatablesale 35 X 64 In. Cordless GII Deluxe Sundown 1 In. Room Darkening Mini Blind, Grey"
1405,Unranked(New),General-Home-Textile,4590.4,4.0,0,36.0,Lavish Home Super Fuzzy Soft Heavy Thick Plush Mink Blanket 8 Pound - Grey
1406,Unranked(New),General-Home-Textile,2725.55,4.0,0,0.0,Unbeatablesale Beach Resort View From The Condo Machine Washable Memory Foam Mat
1407,Unranked(New),General-Home-Textile,4694.900000000001,4.0,0,0.0,"Unbeatablesale 2 In. Cordless Vinyl Blind, White - 22 X 64 In."
1408,Unranked(New),General-Home-Textile,2318.0,4.0,0,3.0,Member's Mark Hotel Premier Collection 100% Cotton Luxury Bath Towel Blue Denim
1409,Unranked(New),General-Home-Textile,2379.75,4.0,0,0.0,"Luxe Home Decor Belton Faux Fur Pillow | 2-Piece | White | 12""X20"""
1410,Unranked(New),General-Home-Textile,5882.400000000001,4.0,0,59.0,Safavieh Windsor 327 Indoor Power Loomed Easy Care Area Rug
1411,Unranked(New),General-Home-Textile,1284.3999999999999,4.0,0,50.0,Lavish Home Memory Foam Chair Pad - Green
1412,Unranked(New),General-Home-Textile,4745.25,4.0,0,0.0,"Natural Home Decor New Zealand Sheepskin Pillow | 2-Piece | Taupe | 18""X18"""
1413,Unranked(New),General-Home-Textile,8586.1,4.0,0,62.0,Safavieh Windsor 303 Indoor Power Loomed Easy Care Area Rug
1414,Unranked(New),General-Home-Textile,4223.7,4.0,0,53.0,Lavish Home 3 Piece Sherpa/Fleece Comforter Set - F/Q - Taupe
1415,Unranked(New),General-Home-Textile,2673.3,4.0,0,0.0,Unbeatablesale Sand Dollar Indoor Or Outdoor Mat - 18 X 27 In.
1416,Unranked(New),General-Home-Textile,3576.75,4.0,0,0.0,Unbeatablesale Betsy Drake Great Blue Heron Door Mat 18&Quot;X26&Quot;
1417,Unranked(New),General-Home-Textile,6775.4,4.0,0,0.0,"Unbeatablesale Cordless Light Filtering Cellular Shade, Gray - 50 X 64 In."
1418,Unranked(New),General-Home-Textile,1652.05,4.0,0,50.0,Lavish Home Thin Summer 4 Piece Full Sheet Set - Blue
1419,Unranked(New),General-Home-Textile,2937.4,4.0,0,53.0,3 Pc Quilt Set Patriotoc Americana By Lavish Home - Full/Queen
1420,Unranked(New),General-Home-Textile,2513.7000000000003,4.0,0,0.0,Unbeatablesale 18 X 27 In. Roseate Spoonbill Indoor Or Outdoor Mat
1421,Unranked(New),General-Home-Textile,5153.75,4.0,0,0.0,Unbeatablesale Burgundy-Olive-Charcoal Oval Rug
1422,Unranked(New),General-Home-Textile,1842.05,4.0,0,0.0,Unbeatablesale Round Miniature Swatch- Boots- Printed 10 X 10 In.
1423,Unranked(New),General-Home-Textile,2875.65,4.0,0,0.0,"Unbeatablesale 24 X 72 In. Cordless GII Morningstar 1 In. Light Filtering Mini Blind, Woodtone"
1424,Unranked(New),General-Home-Textile,3535.9,4.0,0,0.0,"Unbeatablesale Christmas Presents Between Friends Irish Wolfhound Indoor Or Outdoor Mat, 24 X 0.25 X 36 In."
1425,Unranked(New),General-Home-Textile,6253.849999999999,4.0,0,0.0,"Unbeatablesale Cordless Light Filtering Pleated Shade, Ecru - 45 X 64 In."
1426,Unranked(New),General-Home-Textile,4164.8,4.0,0,0.0,Unbeatablesale Black Stars Oval Runner
1427,#8 Best Sellers,in Good Quality Aprons,541.5,4.0,0,0.0,Thicken Apron Waterproof Cross Back With Pockets Men Women`S Kitchen Anti-Oil Stain Apron For Nail Salons Barber Restaurant Waiter
1428,#8 Best Sellers,in Armrest Covers,1094.3999999999999,4.0,0,10.0,Office Computer Chair Covers Elastic Armchair Protector  Anti-Dust Armrest Plush  Gamer Chair Covers Removable
1429,Unranked(New),General-Home-Textile,513.0,4.0,200,2.0,"1pc Color Block Cushion Cover Without Filler, Modern Throw Pillow Case For Sofa, Home Decor"
1430,Unranked(New),General-Home-Textile,2074.8,4.0,60,58.0,"OTOSTAR Pack Of 2 Down And Feather Throw Pillow Inserts, Soft Fluffy Pillow Inserts With 100% Cotton Cover Decorative Pillows For Sofa Couch Bed-White"
1431,Unranked(New),General-Home-Textile,1610.25,4.0,80,25.0,Gamepad Print Duvet Cover Set Without Filler
1432,Unranked(New),General-Home-Textile,741.0,4.0,300,0.0,SCOOBY-DOO X SHEIN Green Dog Printed Flannel Blanket
1433,Unranked(New),General-Home-Textile,2090.0,4.0,100,0.0,Pom Pom Decor Flower Print Duvet Cover Set Without Filler
1434,#9 Best Sellers,in Door Mats,341.05,4.0,0,31.0,1pc Simple Striped Entrance Door Mat For Home
1435,Unranked(New),General-Home-Textile,503.5,24.0,30,0.0,"1pc Bohemian Style Cheese Cloth Tablecloth For Wedding, Baby/Bridal Shower, Festival Party Decoration, Country Gauze Table Cover Cloth Fabric"
1436,Unranked(New),General-Home-Textile,342.0,4.0,100,0.0,1pc Waterproof Pillow Cover Bedbug Proof Anti Mite Zipper Home & Hotel Smooth Pillow Protector
1437,Unranked(New),General-Home-Textile,6240.55,4.0,0,0.0,"Unbeatablesale 35 X 64 In. Cordless Roman Shade, White"
1438,Unranked(New),General-Home-Textile,6179.75,4.0,0,0.0,"Unbeatablesale Cordless Light Filtering Cellular Shade, Cream - 45 X 64 In."
1439,Unranked(New),General-Home-Textile,5574.6,4.0,0,0.0,Unbeatablesale Barn Stars Oval Patch
1440,Unranked(New),General-Home-Textile,7432.799999999999,4.0,0,62.0,Safavieh Serenity 214 Indoor Power Loomed Easy Care Area Rug
1441,Unranked(New),General-Home-Textile,1210.3,4.0,0,3.0,Member's Mark Hotel Premier Collection 100% Cotton Luxury Washcloth 2-Pack Blue
1442,Unranked(New),General-Home-Textile,2325.6,4.0,0,0.0,Unbeatablesale Dog House Collection Miniature Schanuzer Salt & Pepper Indoor Or Outdoor Mat
1443,Unranked(New),General-Home-Textile,3212.9,4.0,0,46.0,Remedy 7 Inch High Memory Foam Wedge Pillow With Cover Helps Acid Reflux
1444,Unranked(New),General-Home-Textile,2393.05,4.0,0,0.0,Unbeatablesale Christmas Presents Between Friends Basset Hound Indoor Or Outdoor Mat - 18 X 0.25 X 27 In.
1445,Unranked(New),General-Home-Textile,8966.1,4.0,0,61.0,Safavieh Winston 348 Indoor Power Loomed Easy Care Area Rug
1446,Unranked(New),General-Home-Textile,5741.8,4.0,0,0.0,"Unbeatablesale 23 X 72 In. Cordless Celestial Room Darkening Double Layered Shade, Oyster"
1447,Unranked(New),General-Home-Textile,15238.0,4.0,0,65.0,Safavieh Serenity 216 Indoor Power Loomed Easy Care Area Rug
1448,Unranked(New),General-Home-Textile,1767.0000000000002,4.0,0,26.0,Infinite Basics American Flag Ultra Lush Oversized Throw Blanket
1449,Unranked(New),General-Home-Textile,2350.2999999999997,4.0,0,0.0,Unbeatablesale Butterfly Orange On Green Indoor Or Outdoor Doormat - 18 X 27 In.
1450,Unranked(New),General-Home-Textile,2845.25,4.0,0,0.0,"Natural Home Decor Classic Rabbit Pillow | 1-Piece | Grey | 12""X20"""
1451,Unranked(New),General-Home-Textile,3108.4,4.0,0,0.0,Unbeatablesale Halloween Scary Smooth Fox Terrier Indoor Or Outdoor Mat - 24 X 0.25 X 36 In.
1452,Unranked(New),General-Home-Textile,2790.15,4.0,0,0.0,Unbeatablesale Halloween Scary Manchester Terrier Machine Washable Memory Foam Mat
1453,Unranked(New),General-Home-Textile,4745.25,4.0,0,0.0,"Natural Home Decor New Zealand Sheepskin Pillow | 2-Piece | Black | 18""X18"""
1454,Unranked(New),General-Home-Textile,2379.75,4.0,0,0.0,"Luxe Home Decor Belton Faux Fur Pillow | 2-Piece | Sugarland Black & White | 12""X20"""
1455,Unranked(New),General-Home-Textile,1149.5,4.0,200,0.0,"1pc Fun Skull & Gothic Halloween Retro Bathtub Cat & Fish Bubble Pattern Simple Shower Curtain With 12 Plastic Hooks, Waterproof Bathroom Home Decoration, 72*72in"
1456,Unranked(New),General-Home-Textile,7314.049999999999,4.0,600,55.0,VEVOR 50Pcs to 150Pcs Spandex Chair Covers White or Ivory Folding Kitchen Chairs Cover Universal Washable Slipcovers Protector Removable Chair Seat Covers for Wedding Party Dining Room Banquet Event
1457,Unranked(New),General-Home-Textile,256.5,4.0,200,0.0,"1pc Geometric Pattern Stretchy Chair Seat Cushion Cover, Modern Polyester Color Block Dining Chair Seat Cover For Home"
1458,Unranked(New),General-Home-Textile,731.5,4.0,100,0.0,1pc Floral Embroidered Sofa Towel
1459,#7 Best Sellers,in Customized Throws,760.0,13.0,0,0.0,"1pc Custom Photo Blanket, Personalized Blanket With Photo And Text, Blanket Photo Collage, Custom Dog Blanket, Personalized Dog Blankets, Personalized Throws Blanket, Dog Picture Blanket, Collage Blanket, Best Friend Photo Blanket, Cozy Blanket, Family Photo Gift, Wedding Gift, Birthday Gifts, Mother's Day Gift, Father's Day Gift, Gift For Mom/Dad, Gift For Friend, Gift For Her"
1460,Unranked(New),General-Home-Textile,332.5,4.0,60,0.0,"1pc Bow Decor Hair Drying Towel, Nordic Hair Drying Cap For Bathroom"
1461,#8 Best Sellers,in Curtain explosion recommended,722.0,12.0,0,0.0,Solid Single Panel Blackout Curtain
1462,Unranked(New),General-Home-Textile,1502.9,8.0,0,30.0,Pom Pom Decor Duvet Cover Set Without Filler
1463,Unranked(New),General-Home-Textile,873.9999999999999,4.0,100,0.0,"1pc Plush Sofa Cushion, Universal  Anti-Slip Sofa Cover, Full Package Universal Cover For All Seasons"
1464,#5 Best Sellers,in Shower Curtains,2754.0499999999997,5.0,0,15.0,"HIG Ruffled Farmhouse Shower Curtain, Camel Frilly Feminine Bathroom Curtain With 3 Rows Of Handmade Butterfly Flowers, Elegant Cloth Bath Curtain For Bathroom Decor, 72"" X 72"", Microfiber"
1465,Unranked(New),General-Home-Textile,676.4,4.0,100,35.0,"1pc Gray Golden Marble Shower Curtain With Plastic Hooks, Abstract Modern Shower Curtain, Luxury Standard Shower Curtain For Bathtub, Waterproof Washable Fabric Shower Curtain, Asethetic Room Decor, Home Decor, Bathroom Decor, 71x71inch"
1466,Unranked(New),General-Home-Textile,408.5,4.0,500,0.0,Japanese Housework Apron Autumn Linen Women's Anti-Fouling Fashionable Vest Summer Breathable Apron Adjustable 1pc
1467,Unranked(New),General-Home-Textile,285.0,4.0,60,0.0,"Disposable Rectangle Tablecloth, Multi-Color Checkered Plastic Table Cloths For Parties Disposable, 54 X 108 Inch Waterproof  Gingham Camping Tablecover For Birthday, Party, Picnic, Halloween, Christmas"
1468,Unranked(New),General-Home-Textile,294.5,20.0,600,0.0,"1pc/4pcs/6pcs Solid Color Milk Silk Chair Cover, Stretchable Polyester Dining Chair Cover"
1469,Unranked(New),General-Home-Textile,1871.5,4.0,80,0.0,"3pcs Flannel Bathroom Non-Slip Mat Set, Including U-Shaped Toilet Rug + Floor Mat, With Pvc Bottom, Suitable For Bathroom And Bedroom Use"
1470,Unranked(New),General-Home-Textile,1416.45,4.0,20,30.0,3 Pieces+Soft 100% Polyester + Velvet Double-Sided Quilt Cover Set+Dark Grey+(2 Pillowcases + 1 Quilt Cover)+Unfilled+The Perfect Choice For Bedroom And Guest Room Decor
1471,Unranked(New),General-Home-Textile,356.25,4.0,10,25.0,"1pc White Decorative Faux Rabbit Fur Cushion Cover Without Filler, Modern Flannelette  Fuzzy Plush Throw Pillow Cover Zipper Closure For Home, For Sofa, Living Room"
1472,Unranked(New),General-Home-Textile,864.5,14.0,40,0.0,"1pc Modern Simple Non-slip Plush Sofa Cushion Cover, Thickening Anti-dust, Anti-stain, Four Seasons Universal, Machine Washable, No Fading, No Hairy"
1473,#4 Best Sellers,in Towel Sets,266.0,8.0,0,0.0,"Soft, Absorbent, Non-Shedding Coral Fleece Thickened Couples' Towel For Home Use, Quick-Drying & Suitable For Washing Hair, Face And Body. Available In 1pc 34cm*75cm Hand Towel, Or 1pc 70cm*140cm Bath Towel, Or 1pc Extra-Large 40cm*80cm Hand Towel, Or 1pc Extra-Large 90cm*170cm Bath Towel."
1474,Unranked(New),General-Home-Textile,275.5,8.0,600,0.0,"1pc Plain Satin 28*275cm Table Runner, Table Cloth Or Party Table Banner"
1475,Unranked(New),General-Home-Textile,265.05,4.0,500,10.0,1pc Hollow Out Tassel Decor Table Runner
1476,Unranked(New),General-Home-Textile,1755.6000000000001,4.0,10,45.0,"White Flannel Relaxing Backrest Reading Pillow, Firm Support And Good Resilience, Perfect For Bed Rest"
1477,Unranked(New),General-Home-Textile,266.0,4.0,100,0.0,"Geometric Pattern Cushion Cover, Modern Throw Pillow Case, Pillow Insert Not Include, For Sofa, Home Decor"
1478,#4 Best Sellers,in Sheer Panels,510.15000000000003,4.0,0,30.0,"Flower Embroidered Single Panel Sheer Curtain, White European Style Mesh Curtain For Home Decor"
1479,Unranked(New),General-Home-Textile,3182.5,4.0,0,0.0,"4pcs New Bubble Gauze Double Spliced Bedding Set, Simple Solid Color Ins Style Soft And Comfortable Skin-Friendly Bed Sheet And Pillowcase, Breathable, Suitable For All Seasons"
1480,Unranked(New),General-Home-Textile,3002.0,4.0,80,0.0,3pcs Bohemian Striped Embroidered Bedding Set With Ruffled Edges (1 Duvet Cover + 2 Pillowcases) Polyester Fiber Bed Linen For Four Seasons In Bedroom
1481,Unranked(New),General-Home-Textile,665.0,4.0,100,0.0,"Nordic Style Waterproof, Oil-proof And Easy-to-clean Pvc Tablecloth/coffee Table Cover, 1 Piece"
1482,Unranked(New),General-Home-Textile,2156.5,4.0,30,0.0,"3/4pcs Satin Solid Color Fitted Sheet Set, Soft Comfortable Breathable Thread Embroidery Bedding Set, For Bedroom, Guest Room (1*Flat Sheet + 1* Fitted Sheet + 1/2*Pillowcases, Without Pillow Core)"
1483,Unranked(New),General-Home-Textile,577.6,4.0,100,25.0,"1pc Exquisite Floral & Black-White Grid Pattern Oversized Beach Towel, Soft & Quick-Drying, Multipurpose Compact Highly Absorbent & Suitable For Beach, Fitness, Yoga, Outdoor Sports & Camping"
1484,Unranked(New),General-Home-Textile,551.0,4.0,200,0.0,Plain Single Panel Sheer Curtain
1485,Unranked(New),General-Home-Textile,370.5,4.0,100,0.0,"Cow Print Throw Pillow Covers 1pc  Western Cow Decor Faux Fur Decorative Pillow Covers For Sofa, Couch, Living Room-Black"
1486,Unranked(New),General-Home-Textile,731.5,4.0,50,0.0,"1pc Anti-Slip Entryway Hallway Kitchen Bathroom Carpet Runner Mat, Floor Rug Pad"
1487,Unranked(New),General-Home-Textile,883.5000000000001,4.0,100,0.0,1pc Solid Anti-slip Rug
1488,Unranked(New),General-Home-Textile,3704.05,5.0,70,3.0,"YnM Chunky Throw Blanket, Hand Knitted With Chenille Yarn, Skin Friendly, Ventilated And Breathable, Machine Washable, Home Décor Piece For Couch, Sofa And Bed (Butter Cream, 30x40 Inch)"
1489,Unranked(New),General-Home-Textile,114.0,4.0,60,0.0,"4pcs Silicone Table Foot Cover, Modern Plain Color Anti Slip Table Leg Cover For Home"
1490,Unranked(New),General-Home-Textile,1291.05,10.0,100,10.0,"2 Panels Solid Thermal-Insulated Blackout Curtains For Bedroom And Living Room For Protection Against Ultraviolet Rays,"
1491,Unranked(New),General-Home-Textile,1111.5,4.0,60,0.0,"1pcs Rabbit Hair Massage Thickened Soft Fluffy Rug Anti-slip Living Room Bedroom Carpet, Ins Style"
1492,Unranked(New),General-Home-Textile,214.7,4.0,70,66.0,"1pc Paste Type Temporary Portable Blackout Curtain/Adjustable- Easy Install Shade No Tools Required - Temporary Blinds, For Bedroom/Living Room Perfect For Baby Nursery Or Dorm Room"
1493,Unranked(New),General-Home-Textile,2166.0,4.0,100,0.0,"1pcs Solid Color Woven Window Curtain, Modern Minimalist Style With Polyester Fiber Material And Tassel Lace Border, Suitable For Living Room, Bedroom, Window And Door Decoration"
1494,Unranked(New),General-Home-Textile,2888.0,4.0,0,0.0,Lace Decor Duvet Cover Without Filler
1495,Unranked(New),General-Home-Textile,2754.0499999999997,4.0,10,0.0,"JOLLYVOGUE Queen Comforter Set, 3 Pieces White Seersucker Comforters Queen Size, Lightweight & Fluffy Bedding Sets Queen For All Season With 1 Ruffle Comforter And 2 Ruffle Pillowshams"
1496,Unranked(New),General-Home-Textile,1529.5000000000002,4.0,10,0.0,"1pc Transparent Lace Edge Tablecloth, Modern Style PVC Rectangle Waterproof And Oil-Proof Tablecloth, Suitable For Daily Use And Parties"
1497,Unranked(New),General-Home-Textile,137.75,4.0,80,48.0,1pc/4PCS Scandinavian Style Placemats New PVC Hollowed Out Hot Stamping Coasters Simple Flower Design Non-Slip Mat Kitchen Table Anti-Scald Mat Home Decoration For Wedding Party Outdoor 38cm
1498,Unranked(New),General-Home-Textile,1292.0,7.0,80,0.0,Solid Fitted Sheet Set
1499,Unranked(New),General-Home-Textile,220.39999999999998,4.0,200,14.0,"1pc Gray Face Towel, Microfiber Facial Cleaning Cloth For Home"
1500,Unranked(New),General-Home-Textile,950.0,8.0,90,0.0,"1pc Crystal Ultra Soft Computer Embroidery Four Seasons Universal Sofa Cushion Cover, Modern Style Anti-scratch & Non-slip Sofa Towel, Dust-proof Pet Anti-dirty Sofa Protector For L-shaped Sofa And 1/2/3/4 Seater Sofas (sold Separately)"
1501,Unranked(New),General-Home-Textile,2536.5,4.0,0,0.0,"4/6/8Pcs Stretch Sofa Slipcover, Solid Color Recliner Cover, Massage Chair Cover, Lazy Couch Cover,Furniture Protector, For Bedroom Office Living Room Home Decor"
1502,Unranked(New),General-Home-Textile,1102.0,4.0,1700,0.0,"Rectangular Polyester, Spandex Tablecloth 1 Pack Tight, Fitted, Washable And Wrinkle Resistant Patio Table Cover For Wedding & Parties"
1503,Unranked(New),General-Home-Textile,521.5500000000001,4.0,600,10.0,"1pc Plain Cushion Cover Without Filler, Brown Throw Pillowcase For Sofa, Home Decor"
1504,Unranked(New),General-Home-Textile,1539.0,4.0,50,0.0,1PC Warner Plush Kitchen Floor Mat All Seasons Kitchen Geometric Pattern Texture Style Non-Slip Waterproof Slow Rebound Comfortable Easy To Clean Suitable For All Seasons Kitchen Functional Floor Mat Bar Scene
1505,Unranked(New),General-Home-Textile,313.5,4.0,700,0.0,1pc Floral Pattern Stretchy Chair Seat Cover
1506,Unranked(New),General-Home-Textile,161.5,5.0,400,0.0,1pc Solid Color Bath Towel Or 1pc Face Towel
1507,Unranked(New),General-Home-Textile,968.9999999999999,12.0,200,0.0,"1pc Plaid Pattern Fitted Sheet, Modern Fabric Fitted Bottom Sheet For Bedroom"
1508,Unranked(New),General-Home-Textile,541.5,13.0,200,0.0,1pc Stylish Minimalist Style Printed Fitted Sheet Dust Proof Home Textile Bedding Accessory
1509,Unranked(New),General-Home-Textile,1225.5,4.0,100,25.0,Leaf Pattern Duvet Cover Set Without Filler
1510,Unranked(New),General-Home-Textile,2279.0499999999997,5.0,0,45.0,Machine Washable Kitchen Boho Floral Print Area Rug Soft Low Pile Stain Resistant Carpet Easy To Clean Bordered Thin Area Rug For Living Room Bedroom Bedside Dining Room Front Entrance Bathroom
1511,Unranked(New),General-Home-Textile,769.5,4.0,100,0.0,"1pc Plush Cushion, Modern Geometric Quilted Square Shaped Decorative Cushion For Home"
1512,Unranked(New),General-Home-Textile,475.0,4.0,100,0.0,"1pc, Coffee Machine Diatom mud drainage Pad, Soft Rubber Drain Pad, Non-slip Super Absorbent And Wear-resistant Dish-washing Dry Pad, Placemat For Countertop Dining Kitchen Table Mat, Courtyard Table Decoration, Household Kitchen Supplies"
1513,Unranked(New),General-Home-Textile,1415.5,4.0,100,0.0,"3pcs/set Flower Pattern Duvet Cover Set(1 Duvet Cover & 2 Pillowcase) , Modern Fabric Bedding Set For All Season"
1514,#8 Best Sellers,in Door Curtains,489.25000000000006,4.0,0,66.0,"Magnetic Screen Door,Pet Friendly Walk Through Door Screen Magnetic Closure- Magnetic Screen Door Mesh Keeps Bugs Out-Black"
1515,Unranked(New),General-Home-Textile,361.0,4.0,70,0.0,"1pc Plain Cushion Cover Without Filler,corduroy pillowcase for sofa, home decoration"
1516,Unranked(New),General-Home-Textile,666.9,4.0,200,10.0,1pc Canvas Flower Embroidery Cushion Cover
1517,Unranked(New),General-Home-Textile,684.95,4.0,100,11.0,"1pc Diamond-Shape Pattern Throw Pillow Case, Canvas Material, European And American Style, With Tassel Detail And Corner Embroidery Craft, For Living Room & Bedroom Sofa Backrest, Four Seasons"
1518,Unranked(New),General-Home-Textile,446.5,4.0,100,0.0,"1pc Non-Slip & Washable Crystal Velvet Carpet, Large Decorative Rug For Living Room, Bedroom, Study Room, Classical Chinese Style Design"
1519,Unranked(New),General-Home-Textile,608.0,6.0,400,0.0,"Solid Color Single Panel Curtain, Simple Royal Blue Polyester Curtain For Living Room And Bedroom"
1520,Unranked(New),General-Home-Textile,266.0,4.0,20,0.0,"1pc Soft Coral Fleece Pressed Solid Color Bath Towel/Hand Towel, Quick-Drying, Absorbent Fiber, Suitable For Home Bathroom, Multiple Sizes Available. Please Choose Your Preferred Size."
1521,Unranked(New),General-Home-Textile,644.1,4.0,0,40.0,"Creative Knot Ball Pillow, Ins Style Nordic Style Living Room Sofa Cushion, Woven Room Decorative Pillow"
1522,Unranked(New),General-Home-Textile,1273.0,4.0,100,0.0,HARRY POTTER X SHEIN Grey Fitted Sheet
1523,Unranked(New),General-Home-Textile,275.5,13.0,100,0.0,"A Solid Color Pillowcase, Soft Fabric, Skin-Friendly And Breathable, Suitable For Bedroom Or Hotel Business Trip"
1524,Unranked(New),General-Home-Textile,327.75,4.0,90,47.0,1pc Velvet Thin Gauze Window Curtain
1525,Unranked(New),General-Home-Textile,1261.6,4.0,100,25.0,Marble Pattern Duvet Cover Set Without Filler
1526,Unranked(New),General-Home-Textile,541.5,4.0,300,0.0,"1pc Rhombus Tassel Table Runner, Ideal For Table Decoration"
1527,Unranked(New),General-Home-Textile,855.0,4.0,90,0.0,Kids Funny Dinosaur Shower Curtain 71Wx71L Inch Cartoon Animal Dino Taking Shower Silhouette Shadow Cute Boys Cool 12 Pack Hooks Polyester Waterproof Fabric Bathroom Bathtub Panels
1528,Unranked(New),General-Home-Textile,864.5,14.0,60,0.0,"1pc Geometric Detail Sofa Towel, Modern Polyester Sofa Cover Blanket For Home"
1529,Unranked(New),General-Home-Textile,788.5000000000001,4.0,100,0.0,"1pc Bohemian Style Geometric Print Curtains With Tassels, Light Blocking For Home Bedroom Living Room Dining Room Kitchen Door Cafe All-Season Window Curtains"
1530,Unranked(New),General-Home-Textile,674.5,8.0,600,0.0,"1pc Hollow Star Shaped Polyester Lace Sheer Double-Layer Blackout Curtain For Bedroom, Festival, Lovely Princess Style"
1531,Unranked(New),General-Home-Textile,1035.5,4.0,300,0.0,"1pc White Mesh Table Skirt With Gold Trim, Reusable Decoration For Wedding, Birthday Party"
1532,#5 Best Sellers,in Sheet Sets with Pillowcases,1966.5,4.0,0,0.0,"4pcs Plain Satin Sheet Set Without Filler,1pc Fitted Sheet &  1pc Flat Sheet& 2pcs Pillowcase, Bedding Full/Twin/Queen/King(Black))"
1533,Unranked(New),General-Home-Textile,351.5,4.0,300,0.0,GARFIELD X SHEIN Coral Fleece Cute Embroidered Hair Drying Cap
1534,Unranked(New),General-Home-Textile,1719.5000000000002,4.0,70,0.0,30pcs Chair Sashes Bows Premium Stretch Chair Cover Band With Buckle Slider Universal Elastic Chair Ties For Wedding Party Ceremony Reception Banque For Restaurants/Cafes(Royal Blue)
1535,Unranked(New),General-Home-Textile,636.5,4.0,300,0.0,"U-Shaped Neck Pillow, Portable, Suitable For Students, Adults, Driving, Office Workers, Protecting Cervical Vertebrae Neck Rest"
1536,Unranked(New),General-Home-Textile,176.70000000000002,4.0,10,2.0,"2pcs Coral Fleece Handkerchiefs, Soft And Absorbent Napkins, 30cm X 30cm Square Towels, Perfect For Gift"
1537,#9 Best Sellers,in Chair Pads,731.5,4.0,0,0.0,"1pc Seat Cushion For Desk Chair,Office Chair Cushion ,Seat Cushion ,Car Seat Cushions For Driving"
1538,Unranked(New),General-Home-Textile,195.70000000000002,4.0,70,43.0,1pc Single-Layered Rose Lace Apron With Neckband For Kitchen Home Use
1539,#3 Best Sellers,in Sofa Cover,912.0,4.0,0,0.0,"High-End Nordic Style Sofa Cushion Four Seasons Universal Chenille Sofa Cover, Modern, Anti-Slip, With Armrest And Backrest Cover"
1540,Unranked(New),General-Home-Textile,157.7,13.0,200,46.0,"A solid color pillowcase, soft fabric, skin-friendly and breathable, suitable for bedroom or hotel business trip"
1541,Unranked(New),General-Home-Textile,247.0,4.0,10,0.0,"Coral Fleece Quick-Dry Towel, Soft And Absorbent, Ideal For Adults, Kids, Couples, Home, Daily Use, Face Washing, Bathing, Swimming, Gym, Hair Drying. (Option 1: 1pc Hair Drying Towel Or Hand Towel. Option 2: 1pc Bath Towel Or Beach Towel. Option 3: 1 Set Of Hand Towel And Bath Towel.)"
1542,#10 Best Sellers,in Bathroom Towels,339.15,4.0,0,41.0,"Kids Cartoon Dinosaur Design Bath Towel, Creative Hooded Kids Absorbent Towel For Shower"
1543,Unranked(New),General-Home-Textile,532.0,4.0,100,0.0,"1pc Creative Vintage Wood Style Soft Memory Foam Waterproof Non-Slip Mat, Suitable For Kitchen, Living Room, Bedroom, Bathroom Floor Decoration"
1544,#10 Best Sellers,in Sofa Slipcovers,1349.0,5.0,0,0.0,1pc Elastic Sofa Cover With Skirt Design
1545,Unranked(New),General-Home-Textile,2133.7000000000003,4.0,90,25.0,"LongNap™ 1pc Fluffy Warm Floral Stitch All-season Comforter, Cloud Comfort Down Alternative Duvet Insert"
1546,Unranked(New),General-Home-Textile,731.5,4.0,200,0.0,"2pcs Leopard Pattern Pillowcase Without Filler, Modern Fabric Bed Pillow Cover, For Bedroom"
1547,Unranked(New),General-Home-Textile,1788.85,12.0,70,30.0,"3pcs Double-layer Lotus Leaf Edge Solid Color Camel Quilt Cover Set (1 Quilt Cover+2 Pillowcases, Does Not Include Core) Modern American Country Style Soft Polyester Skin-friendly Bedding Set For Home, Bedroom, Guest Room, Children's Room, All Seasons"
1548,#7 Best Sellers,in hot sale curtain accessories,332.5,4.0,0,3.0,"1pc/2pcs Gold/Silver-Colored Metal Butterfly Flower Curtain Tieback- Fashionable Metal Curtain Clips, Easy To Install & Decorate, Modern Style For Home Décor, Suitable For Window Decoration Of Homes, Living Rooms, Bedrooms, Rooms And Offices"
1549,Unranked(New),General-Home-Textile,404.7,4.0,300,25.0,1pc Fashionable Grid Patterned Velvet Cushion Cover With Shiny Silver Diamond Stripes For Festive Parties Home Decor
1550,Unranked(New),General-Home-Textile,1045.0,4.0,200,0.0,"2pcs Blue Butterfly Curtain,Without Holes Curtain, Refer To Bedroom Office Kitchen Living Room Study Home Decor"
1551,#8 Best Sellers,in Pillowcases & Shams,158.65,7.0,0,51.0,"1pc Plain Satin Pillowcase Without Filler, Minimalist Polyester Pillow Cover For Bed"
1552,Unranked(New),General-Home-Textile,817.0,4.0,70,0.0,"3pcs/set White Fitted Sheet Set(1 Fitted Sheet & 2 Pillowcase), Minimalist Fabric Bedspread Coverlet Set For Home"
1553,Unranked(New),General-Home-Textile,923.4000000000001,4.0,200,10.0,"1pc Blue Exquisite Embroidered Sheer Curtain, European Luxury Style Polyester Fiber Material Window Treatment For Living Room, Bedroom, Windows, Doors Decoration"
1554,Unranked(New),General-Home-Textile,136.79999999999998,4.0,200,67.0,"1pc Plush Cushion Cover Without Filler, Modern Plush Plain Color Decorative Square Shaped Cushion Cover For Bed, Sofa"
1555,Unranked(New),General-Home-Textile,917.7,7.0,500,30.0,"3pcs Satin Bed Cover King Size Bedding Set, Luxury Silk Duvet Cover Sheet With 2 Pillowcases, Super Soft Microfiber, Wrinkle Fade Stain Resistant, Multicolor"
1556,Unranked(New),General-Home-Textile,418.00000000000006,4.0,300,0.0,1pc Metallic Geometric Jacquard Throw Pillow Case
1557,Unranked(New),General-Home-Textile,807.5,4.0,100,0.0,"Boho Mid Century Shower Curtain, Minimalist Abstract Arch Simple Sun Modern Beige Machine Washable Waterproof Fabric For Bathroom Decor Bathtub With 12 Hooks"
1558,Unranked(New),General-Home-Textile,124.45,4.0,200,48.0,Flower Design Tablecloth
1559,Unranked(New),General-Home-Textile,2498.5,4.0,100,0.0,3pcs/Set Polyester Fiber Fitted Sheet And Pillowcases With Contrasting Black Border
1560,Unranked(New),General-Home-Textile,247.95,4.0,80,10.0,"1pc Butterfly & Tree Branch & Flower Printed Linen Pillowcase Cover For Home Sofa Decor, 18x18 Inch, Pillow Core Not Included"
1561,Unranked(New),General-Home-Textile,1140.0,4.0,70,50.0,1pc Queen/Princess Black & White Square Mosquito Net Home Decor & Insect Repellent
1562,Unranked(New),General-Home-Textile,1634.0,8.0,200,0.0,"1pc Solid Color Knitted Blanket, Nordic Style Acrylic Rectangular Office Nap Sofa Blanket, Knitted Throw Blanket, Shawl,cover, Bedspread, Bed Tail Blanket"
1563,Unranked(New),General-Home-Textile,1364.2,4.0,60,46.0,3pcs Green Crystal Velvet Bedding Set
1564,Unranked(New),General-Home-Textile,351.5,15.0,200,0.0,"1pc Velvet Edging Square Pillow Case, Color Decorative Cushion Cover For Sofa, Bedroom, Car, 18x18 Inches (45x45cm)"
1565,Unranked(New),General-Home-Textile,1017.45,7.0,30,52.0,"4pcs Solid Color Bedding Set (1 Bedsheet, 1 Bedspread, 2 Pillowcases Without Pillow Core) Made Of Shandong Ramie, For Home Bedroom"
1566,Unranked(New),General-Home-Textile,426.55,26.0,30,25.0,"LongNap™ 2pcs Supersoft Plain Pillowcase, Lightweight Cloud-Like Feel Bedding, Envelope Closure ,Apricot"
1567,Unranked(New),General-Home-Textile,313.5,6.0,80,0.0,"1pc Velvet Wave Striped Pillowcase, Square Cushion Cover, Holiday Home Decorative Pillow Cover, Soft & Comfortable Fabric, Modern Sofa Decoration, Suitable For Home Bedroom And Dormitory Use"
1568,Unranked(New),General-Home-Textile,361.0,8.0,100,0.0,"1pc Khaki Velvet With Gold Leatherette & Sequin Diagonal Stripe Pillowcase, Square Cushion Cover, Holiday Home Pillow Decor, Soft & Comfortable Material, Modern Sofa Decoration, For Family Bedroom Or Dorm Use"
1569,Unranked(New),General-Home-Textile,323.0,7.0,200,0.0,"1pc Plain Satin Pillowcase Without Filler, Minimalist Polyester Pillow Cover For Bed"
1570,Unranked(New),General-Home-Textile,1085.85,4.0,30,10.0,"1pc Polyester Sofa Seat Cushion Cover With 1pc Cushion Cover Without Filler, Modern Solid Color Black Stretchy Sofa Cushion Cover For All Season"
1571,Unranked(New),General-Home-Textile,351.5,4.0,300,0.0,SHEIN Basic living Quick Dry Microfiber Coral Fleece Adjustable Spa Bath Body Wrap Towel Holiday Gift
1572,Unranked(New),General-Home-Textile,161.5,4.0,0,0.0,"100/50/20/10/5pcs Pack Portable Compressed Round Travel Towels, Cleaning Towels, Expandable & Dehydratable, Portable"
1573,#3 Best Sellers,in Towel,380.0,6.0,0,5.0,"1pc Sanrio Embroidered Thread Wrapped Bath Towel Outdoor Towel Dry Cap Absorbent Quick Dry Hair Does Not Shed Hair Sanrio,Sanrio Hello,Hello Kitty,Kuromi,Sanrio Hello Kitty,Sanrio Kuromi, Sanrio My Melody"
1574,Unranked(New),General-Home-Textile,503.5,18.0,100,0.0,"2pcs Satin Solid Color Pillowcase, Soft Pillow Cover With Envelope Closure For Bedroom, Bedding Supplies"
1575,Unranked(New),General-Home-Textile,207.10000000000002,4.0,100,25.0,1pc Blue & White Simple Printed Embossed Pillowcase For Spring And Summer
1576,Unranked(New),General-Home-Textile,304.0,4.0,700,0.0,Sun & Cloud Pattern Tapestry
1577,#9 Best Sellers,in Fitted Sheet Trending Items,1148.55,5.0,0,22.0,"1pc Waterproof Fitted Sheet,Mattress Protector,For  All Season,Soft Comfortable Breathable Bedding Set With Deep Pocket,For Bedroom,For Guest Room,For School Dorm,Dustproof Bedspread,Made Of Soft And Breathable Fabric,Washable,Mattress Cover,Dustproof Non-Slip"
1578,Unranked(New),General-Home-Textile,346.75,4.0,100,51.0,"1pc Soft, Absorbent, Thick, Edge-wrapped Bathrobe For Women, Which Can Be Worn As A Bath Towel"
1579,Unranked(New),General-Home-Textile,1396.5,9.0,200,30.0,Satin Sheet Set
1580,Unranked(New),General-Home-Textile,532.0,8.0,200,0.0,1pc Tassel Decorative Pillowcase For Sofa/Bed Home Decor. Comfortable And Soft Washed Fabric With Lace And Tassel Around. Rustic Style
1581,Unranked(New),General-Home-Textile,1202.7,4.0,0,40.0,1pc Geometric Pattern Kitchen Rug
1582,Unranked(New),General-Home-Textile,665.0,4.0,600,0.0,"1 Pc Waterproof Four Seasons Universal Elastic Sofa Cushion Cover, Modern Minimalist Style Anti-Skid Sofa Cover, Living Room Sofa Protector, Suitable For L-Shaped Sofas And 1, 2, 3, 4 Seater Sofas"
1583,Unranked(New),General-Home-Textile,525.35,6.0,200,30.0,2pcs Solid Color Pillowcase Without Filler
1584,Unranked(New),General-Home-Textile,608.0,4.0,400,20.0,Kids Dinosaur Design Bath Towel
1585,Unranked(New),General-Home-Textile,522.5,6.0,200,0.0,1PC 96% Blackout Vertical Drapes Privacy Drapes Grommet Assured With Light Filtering For Bedroom/Living Room
1586,Unranked(New),General-Home-Textile,949.0500000000001,4.0,40,0.0,"18x18 Pillow Inserts Set Of 4, Light Grey 18 X 18 Throw Pillow Insert, 18 Inch Machine Washable Square Pillow Insert"
1587,Unranked(New),General-Home-Textile,741.0,4.0,100,0.0,"Polyester Wedding Red Carpet For Aisle Runner, Hollywood Ceremony Party Entrance Stair Rug"
1588,Unranked(New),General-Home-Textile,319.2,7.0,100,57.0,"1pc Magic Tape Blackout Curtains For Bedroom-96% Blockout Living Room Kitchen, Room, And Party Decor - Easy To Install"
1589,Unranked(New),General-Home-Textile,275.5,4.0,200,0.0,"Floral Print Cushion Cover Without Filler, Vintage Linen Throw Pillow Case, For Sofa, Couch"
1590,Unranked(New),General-Home-Textile,285.0,6.0,70,0.0,Solid Fuzzy Cushion Cover Without Filler
1591,Unranked(New),General-Home-Textile,423.7,4.0,500,41.0,"1pc Striped Pattern Cushion Cover Without Filler, Modern Woven Fabric Decorative Throw Pillow Cover For Home"
1592,Unranked(New),General-Home-Textile,503.5,4.0,30,0.0,"1pc Vintage Bohemian Style Moroccan Floral Printed Kitchen Floor Mat, Non-Slip Oil-Proof Floor Rug, Stain-Resistant Doormat, Home Decor For Kitchen Living Room Bedroom Bathroom"
1593,Unranked(New),General-Home-Textile,579.5,9.0,100,0.0,2/4/6PCS Chair Cover Living Room Dining Table Chair Protective Cover Home Decorative Stool Cover
1594,Unranked(New),General-Home-Textile,522.5,9.0,600,0.0,1PC Waterproof Corn Velvet Elastic Sofa Cushion Cover
1595,Unranked(New),General-Home-Textile,617.5,6.0,200,0.0,"1pc Simple Camel Microfiber Soft, Absorbent And Anti-slip Bathroom Mat, Can Also Be Used As Room Decoration"
1596,Unranked(New),General-Home-Textile,1598.85,4.0,10,45.0,Blue Honeycomb Pattern Lightweight Game Controller Protective Cover 3pcs/Set (Including 1 Bedspread And 2 Pillowcases)
1597,Unranked(New),General-Home-Textile,1140.0,4.0,200,0.0,"Geometric Pattern Fitted Sheet Set, Black Polyester 1pc Fitted Sheet And 2pcs Pillowcase, Pillow Insert Not Include, For Bedroom"
1598,Unranked(New),General-Home-Textile,389.49999999999994,4.0,200,0.0,"Metallic Leaf Print Cushion Cover Without Filler, Throw Pillow Case, Pillow Insert Not Include, For Sofa, Living Room"
1599,Unranked(New),General-Home-Textile,2947.85,26.0,30,77.0,"Blanket, Super Soft Knit Throw Blanket - Warm Cozy Reversible Blanket, Fluffy Fuzzy Plush Lightweight Blanket For Couch Sofa Bed"
1600,Unranked(New),General-Home-Textile,760.9499999999999,4.0,200,56.0,"3pcs/set Red Duvet Cover Set Without Filler, Simple Polyester Duvet Cover Set (1pc Comforter Cover,2pcs Pillowcase) For Bed"
1601,Unranked(New),General-Home-Textile,256.5,4.0,100,0.0,"1pc Leaf Print Outdoor Waterproof Cushion Cover Without Filler,Boho Linen Waterproof Washable Decorative Square Pillowcase"
1602,Unranked(New),General-Home-Textile,551.0,4.0,0,0.0,"1pc Relaxing Massage Pillow, Simple Style Bedroom Sofa Back Cushion, C-Shaped Neck Massage Pillow, Neck Corrector Traction Support Massage Pillow, Available In Multiple Colors"
1603,Unranked(New),General-Home-Textile,589.0,12.0,300,0.0,1pc Elegant Chiffon Wedding Arch Backdrop For Indoor And Outdoor Decoration
1604,Unranked(New),General-Home-Textile,522.5,11.0,30,0.0,"Luxury Bohemian Style Decorative Linen Texture Pillow Case Without Stuffing, Suitable For Decorating Sofas, Living Rooms, Bedrooms, Floors, Benches, Cars, Offices, Cafes And Other Leisure Places. The Pillowcase Has No Hair Loss, No Pilling, And Can Be Used In Four Seasons."
1605,#7 Best Sellers,in Quilts,2472.85,9.0,0,79.0,"Comforter Duvet Insert - White Bedding, Black Bedding, Down Alternative Comforter, Quilted All Season Duvet With Corner Tabs"
1606,#5 Best Sellers,in Beach Towels,1149.5,4.0,0,0.0,"1pc Diamond-Shaped Mandala Printed Foldable Moisture-Proof, Waterproof, Sand-Proof Outdoor Camping Mat For Beach And Picnic, Portable Picnic Blanket"
1607,Unranked(New),General-Home-Textile,168.15,9.0,200,37.0,"1pc Plain Cushion Cover Without Filler, Striped Velvet Square Pillowcase For Sofa, Home Decor"
1608,#5 Best Sellers,in Sofa Towel,918.65,4.0,0,54.0,"1pc Boho Style Sofa Cover With Tassel Sofa Cover, Machine Washable And Washable All Season Sofa Cover, Anti Cat Scratch Furniture Protector, Bedroom Office Living Room Home Decoration"
1609,Unranked(New),General-Home-Textile,503.5,4.0,0,0.0,"1pc Flower Design Decorative Pillow, Cute Polyester Multi-purpose Throw Pillow For Home Decoration"
1610,Unranked(New),General-Home-Textile,1748.95,12.0,30,30.0,"3pcs/set Solid Color Double Layer Ruffle Edge Bedding Set (1 Quilt Cover + 2 Pillowcases Without Filler) Modern American Style Cute And Lovely Polyester Soft And Skin-friendly Bedding Set For Home, Bedroom, Guest Room, Children's Room, Four Seasons"
1611,Unranked(New),General-Home-Textile,475.0,4.0,10,0.0,"1pc Thickened 0.47inch/1.2cm Interesting Indoor Outdoor Doormat, Large Size Doormat, Living Room Bedroom Home Decoration Rug, Perfect For Bedroom, Living Room, Entrance Door"
1612,Unranked(New),General-Home-Textile,1469.65,4.0,100,30.0,3pcs Pink Crystal Velvet Bedding Set Including Fitted Sheet
1613,Unranked(New),General-Home-Textile,302.1,4.0,80,40.0,"1pc Black Base White Letter Kitchen Mat, Modern Simple Style, Soft And Thick Kitchen Rug With Water Absorption And Non-Slip Function, Resistant To Dirt And Fatigue For Kitchen Doorway, Living Room, And Sink Area, Foam Mat In Multiple Sizes"
1614,Unranked(New),General-Home-Textile,812.2500000000001,4.0,90,10.0,"1pc Ins Style Minimalist Stripe & Linen Blended Waterproof Tablecloth For Indoor Use, Beige"
1615,Unranked(New),General-Home-Textile,266.0,4.0,100,0.0,"Metallic Heart Print Cushion Cover, Modern Throw Pillowcase For Home Decor, Pillow Insert Not Include"
1616,Unranked(New),General-Home-Textile,1261.6,4.0,100,25.0,Floral Overlay Print Sheet Set
1617,Unranked(New),General-Home-Textile,655.5,8.0,400,0.0,"1pc Hollow Star Design Polyester With Lace Double Layer Blackout Curtain For Bedroom, Cute Princess Style Window Treatment, Suitable For Festivals"
1618,Unranked(New),General-Home-Textile,427.5,4.0,100,0.0,1pc Polyester Tassel Braided Pillowcase Or Lumbar Pillow Cover
1619,Unranked(New),General-Home-Textile,1068.75,4.0,80,54.0,"Table Skirts For Rectangle Tables 6ft,Fitted Table Covers For 6 Foot Tables, Black Table Cloth For 6 Ft Table With Skirt, Wrinkle Resistant Spandex Table Cover And Table Skirt"
1620,Unranked(New),General-Home-Textile,233.7,15.0,300,41.0,"Quick Dry Beach Towel Made Of Super Absorbent Microfiber Cloth, Soft Double-Sided Velvet Swim Towel For Swimming And Beach, Solid Color Portable Yoga & Sport Workout Towel"
1621,#4 Best Sellers,in Sofa Covers,551.0,8.0,0,0.0,"1pc Waterproof Elastic Elastic Sofa Cushion Cover For All Seasons, Simple Modern Style Anti-Slip Sofa Cover, Living Room Sofa Protective Cover Suitable For L-Shaped Sofa And 1234-Seater Sofa"
1622,Unranked(New),General-Home-Textile,243.20000000000002,7.0,100,20.0,"1pcs Cute Pink Pillowcase, Green Pillowcase, Blue Pillowcase And Other Solid Color Linen Pillowcases, Office Sofa Cushion, Car Pillow, Living Room Waist Pillow Pillow, Enjoy Simple And Exquisite Life"
1623,Unranked(New),General-Home-Textile,3039.0499999999997,4.0,1000,56.0,VEVOR 12Pcs & 30Pcs Spandex Chair Covers White Folding Kitchen Chairs Cover Universal Washable Slipcovers Protector Removable Chair Seat Covers for Wedding Party Dining Room Banquet Event
1624,Unranked(New),General-Home-Textile,191.9,4.0,10,16.0,"1pc Mental Health Throw Pillow Cover, Single Sided Printing, Essential Pillow For Counseling Office, Suitable For Family Psychotherapist Office Counselor Office, Without Pillow Insert"
1625,#5 Best Sellers,in Couch & Sofa Decor,579.5,8.0,0,0.0,"1pc Jacquard Sofa Seat Cushion Cover, Chair Cover Sofa Slipcovers, Stretch Washable Removable Slipcover, Polar Fleece Sofa Protector"
1626,Unranked(New),General-Home-Textile,186.2,26.0,100,67.0,"LongNap™ 2pcs Supersoft Plain Pillowcase, Lightweight Cloud-like Feel Bedding, Envelope Closure"
1627,#9 Best Sellers,in Shower Curtains,1130.5,4.0,0,0.0,"1pc/4pcs Waterproof Durable Baroque Style Background Multipurpose Decorative Shower Curtain With 12 Hooks, Non-Slip Bath Mat, U-Shaped Mat And Round Toilet Lid Cover Bathroom Set For All Scenarios"
1628,#5 Best Sellers,in Lumbar Pillows & Seat Cushions,244.14999999999998,4.0,0,71.0,"1pc Cooling Gel Cushion With Honeycomb Grid Design, Ventilation And Breathability For Office, Summer Silicone Honeycomb Seat Cushion"
1629,Unranked(New),General-Home-Textile,520.6,4.0,60,57.0,"2pcs Faux Leather Pillow Covers, Modern Brown Outdoor Cushion Covers, Sofa Pillow Cases (Inner Core Not Included)"
1630,#10 Best Sellers,in Pillow Case,389.49999999999994,4.0,0,0.0,1pc Soft Faux Fur Pillows Case Plush Cushion Cover Pink Blue Purple Warm Living Room Bedroom Sofa Decorative Pillows Cover
1631,Unranked(New),General-Home-Textile,1519.05,4.0,10,38.0,"Armless Chair Slipcover, Waterproof Criss Cross Chair Cover, Office Desk Chair Covers Stretchable, Mid Back Wide Seat Accent Chair Covers Without Arms For Computer Task Vanity Chairs"
1632,Unranked(New),General-Home-Textile,551.0,4.0,100,0.0,"Waterproof Chair Covers For Living Room And Dining Room, 1 Piece"
1633,Unranked(New),General-Home-Textile,532.0,4.0,100,0.0,1pc Purple Marble Pattern Bedspread
1634,Unranked(New),General-Home-Textile,2166.0,4.0,300,0.0,"1pc Luxury Dual Layer Embroidered Curtains With Sheer Fabric, Ready Made, For Living Room And Bedroom, Blackout"
1635,Unranked(New),General-Home-Textile,304.0,4.0,800,0.0,"1pc Cheese Cloth Table Runner, Bohemia Gauze Cheesecloth Rustic Transparent Tablecloth, Suitable For Wedding Bride Baby Shower Birthday Or Holiday Party Cake Table Decoration, Romantic Banquet Table Decor Chiffon Table Runner"
1636,Unranked(New),General-Home-Textile,1121.0,4.0,300,0.0,Rick and Morty X SHEIN 1pc Cartoon Character Shaped Pillow
1637,#5 Best Sellers,in Window Screens,237.5,4.0,0,0.0,"Insect-Proof Window Screen Mesh, Self-Adhesive Self-Install Netting For Window And Door"
1638,#6 Best Sellers,in Wearable Blankets,1862.0000000000002,4.0,0,0.0,"Thickened Flannel Hooded Blanket With Sleeves, Outdoor Warm Sleeping Robe, Hooded Fleece Winter Gift"
1639,Unranked(New),General-Home-Textile,627.0,4.0,500,0.0,Lace Embroidery Table Cloth Dining Room Decor Table Cover for Home Wedding Banquet Party Table Cloths Furniture Cover Decorative Tablecloth
1640,Unranked(New),General-Home-Textile,921.4999999999999,4.0,300,0.0,"1pc  Tablecloth,Gold,Pink,Sparkly Tablecloth For Party, Laser Rectangle Table Cover For Wedding, Baby Shower, Birthday Cake Table, Holiday Banquet Decoration"
1641,Unranked(New),General-Home-Textile,285.0,4.0,100,0.0,Flower Print Oven Glove 1pc
1642,#1 Best Sellers,in Sofa Slipcovers,1691.0,4.0,0,0.0,1pc Elastic Printed Milk Silk Sofa Cover For Any Season
1643,Unranked(New),General-Home-Textile,627.0,4.0,100,25.0,"1pc Waterproof & Moisture-Proof Outdoor Picnic Mat, Foldable Pocket Lawn & Beach Pad Camping Mat Beach Towel"
1644,#10 Best Sellers,in Beach Towels,604.2,4.0,0,21.0,"1pc Dolphin Beach Towel, Ultrafine Fiber Extra Large Beach Blanket, Super Absorbent Bath Towel, Suitable For Traveling Swimming Diving Surfing Yoga Camping, Multiple Sizes For Adults And Children, Beach Accessories"
1645,Unranked(New),General-Home-Textile,1235.0,5.0,300,0.0,"1pc Sage Green Bohemian Medieval Shower Curtain With Abstract Gold Leaf, Gray Modern Sun Arch, Minimalistic Geometry, Aesthetic Plant Print, Waterproof, Home Bathroom Decoration Set With 12 Plastic Hooks, 72in*72in"
1646,Unranked(New),General-Home-Textile,1149.5,4.0,200,0.0,"1pc/4pcs Modern Bathtub Designed With Word """" Multi-Functional Decorative Bathroom Waterproof Shower Curtain With 12 Hooks, Bathroom Non-Slip Mat, U-Shaped Floor Mat And Round Toilet Lid Mat, Suitable For All Scenarios"
1647,Unranked(New),General-Home-Textile,3400.9999999999995,4.0,400,0.0,"1pc Double-Layer Three-Dimensional Protection Velvet Pillow, Soft Fluffy, Pressure Relief And Neck Protection, Suitable For Home And Hotel, Luxury Home Decor For Living Room And Bedroom"
1648,Unranked(New),General-Home-Textile,570.0,4.0,10,0.0,"1Panel French Country Style High Precision Digital Printed Blackout Curtain For Living Room, Bedroom, Balcony, Study, With 85%+ Sunlight Blocking"
1649,Unranked(New),General-Home-Textile,1396.5,4.0,100,25.0,Chessboard Print Duvet Cover Set Without Filler
1650,Unranked(New),General-Home-Textile,266.0,7.0,500,0.0,1pc  Polyester Modern Simple Solid Color Mesh Curtain
1651,Unranked(New),General-Home-Textile,848.35,4.0,300,25.0,1PC Camping Three Color Picnic Mat Mini Waterproof Plaid Cloth Moisture-Proof Beach Blanket Beach Towel
1652,Unranked(New),General-Home-Textile,1919.0,4.0,100,0.0,HARRY POTTER X SHEIN Green Serpentine Down Comforter Set
1653,Unranked(New),General-Home-Textile,541.5,4.0,200,0.0,"1pc Leaf Pattern Window Valance, Modern Pom Pom Decor Curtain Valance For Home Decoration"
1654,Unranked(New),General-Home-Textile,263.15,15.0,100,34.0,"Quick Dry Beach Towel Made Of Highly Absorbent Microfiber, Soft Double-Sided Plush Beach Towel, Solid Colored Portable Yoga Fitness Exercise Towel"
1655,Unranked(New),General-Home-Textile,280.25,4.0,70,34.0,"1pc Jacquard Flock Pillow Cover, Living Room Sofa Decoration Pillowcase (does Not Include Pillow Core)"
1656,Unranked(New),General-Home-Textile,769.5,4.0,70,0.0,"A Piece Of Silica Gel Kitchen Mat With High-End Color Block Splicing And Minimalist Pattern Design, With The Style Of Light Luxury And Fashion. It Has Cushioning And Anti-Fatigue Function, And Can Quickly Absorb Water And Prevent Slipping. It Is Made Of Simple Silica Gel And Soft Rubber, Which Is Suitable For Use In Kitchen, Bathroom, Entrance, Laundry Room And Other Places."
1657,Unranked(New),General-Home-Textile,247.0,4.0,100,0.0,"1pc Flower Embroidered Table Runner, Polyester Lace Decor Kitchen Table Runner For Party"
1658,Unranked(New),General-Home-Textile,1083.0,4.0,0,0.0,"Metallic Graphic Single Panel Blackout Curtain, White Polyester Curtain For Living Room, Bedroom"
1659,Unranked(New),General-Home-Textile,446.5,4.0,100,0.0,1PC Outdoor Summer Beach Towel Swimming Absorbent Quick-Dry Towel Bath Towel
1660,Unranked(New),General-Home-Textile,836.0000000000001,16.0,600,0.0,1pc Plain Fitted Sheet
1661,Unranked(New),General-Home-Textile,456.0,4.0,100,0.0,"1pc Solid Fuzzy Cushion Cover, Simple Plush Pillow Cover For Bedroom Living Room Sofa Chair, Soft Comfortable Home Decor Cushion Cover, Pillow Insert Not Included"
1662,Unranked(New),General-Home-Textile,1007.0,4.0,50,0.0,"1pc Gradient Printed Plush Imitation Rabbit Fur Thickened Sofa Cushion Cover For Autumn And Winter, Nordic Style Warm & Comfortable Sofa Blanket Suitable For Living Room"
1663,Unranked(New),General-Home-Textile,675.45,5.0,100,10.0,"1pc Plain Blanket, Simple Flannelette Warm Blanket For Home"
1664,Unranked(New),General-Home-Textile,655.5,4.0,50,0.0,1pc Waterproof Tablecloth Solid Color Luxurious Dining Table Coffee Table And Desk Mat Non-Washable Rectangle Dustproof Orange Table Cover For Home
1665,#6 Best Sellers,in Towel Sets,456.0,4.0,0,0.0,"Bamboo Fiber Ultra Soft Water Absorbent Towel Thickened And Softened For Face Washing And Bathing, Adults Men And Women, Home Use, No Hair Loss, Quick Drying, 1pc Face/Bath Towel Or Bathrobe, Or 1 Set Of Towel/Bathrobe"
1666,Unranked(New),General-Home-Textile,579.5,4.0,300,0.0,1pc Solid Color Blackout Hook Hanging Rod Pocket Window Curtain
1667,Unranked(New),General-Home-Textile,627.0,4.0,200,0.0,1pc Geometric Pattern Non-slip Bath Rug
1668,Unranked(New),General-Home-Textile,294.5,6.0,80,0.0,"1pc White Flannel Memory Foam Pebble Shaped Absorbent Non-Slip Mat, Soft, Comfortable, Machine Washable, Durable And Anti-Slip, Suitable For Bathroom And Toilet"
1669,Unranked(New),General-Home-Textile,2660.0,4.0,0,0.0,"1PC-Moss Bathroom Mat, Ultra Thick Soft Green Bath Mat, Water Absorbent Non Slip Microfiber Bath Room Rugs For Bathroom Floor, Shower, Sink, Bedroom, Shower, Sink, Bedroom, Living Room"
1670,Unranked(New),General-Home-Textile,316.35,4.0,200,39.0,1pc  Decorative Burlap Linen Throw Pillow Covers Modern Farmhouse Pillowcase Rustic Woven Textured Cushion Cover For Sofa Couch Bed
1671,Unranked(New),General-Home-Textile,184.29999999999998,4.0,400,75.0,"1pc PEVA Shower Curtain, Modern Leaf Pattern Waterproof Shower Curtain For Bathroom"
1672,Unranked(New),General-Home-Textile,1691.0,8.0,400,0.0,3pcs Polyester Printing Bed Linen Set
1673,Unranked(New),General-Home-Textile,266.0,4.0,100,0.0,"1pc Linen Apron With Heart And Music Note Pattern, Suitable For Kitchen Cooking And Home Use"
1674,Unranked(New),General-Home-Textile,342.0,5.0,200,0.0,"1pc Bohemian Style White Sheer Curtain With Pom Poms - Rod Pocket, Light Filtering, Uv Resistant, 100% Polyester Fiber, Suitable For Window Decoration In Bedroom, Office, Kitchen, Living Room And Study, Four Seasons Applicable"
1675,Unranked(New),General-Home-Textile,266.0,4.0,0,0.0,1pc Summer Lemon Print Linen Apron For Home Use
1676,Unranked(New),General-Home-Textile,285.0,4.0,200,0.0,"Bathroom Black Hand & Face Towel Set, Super Soft, Quick-Drying, Absorbent And Thick"
1677,Unranked(New),General-Home-Textile,655.5,4.0,400,0.0,Solid Single Panel Blackout Curtain
1678,Unranked(New),General-Home-Textile,646.0,4.0,100,0.0,"Nordic Style Gold Vertical Stripe Decor Modern Simple Striped Jacquard Designer Pillow Cover, Decorative Square Cushion Cover For Living Room, Hotel, Sofa, Bedroom, Custom Sizes, Without Filling"
1679,Unranked(New),General-Home-Textile,3925.4,14.0,0,28.0,Premium 100% Cotton Jersey Duvet Cover Set (No Comforter Included) Soft As T-Shirt Breathable Stretchy Classic Casual
1680,Unranked(New),General-Home-Textile,304.0,6.0,200,0.0,"1pc Bohemian Mandala Polyester Fiber Square Taepstry, Modern Style Wall Hanging Decor For Living Room And Bedroom"
1681,Unranked(New),General-Home-Textile,2793.0,4.0,40,0.0,Ruffle Decor Duvet Cover Set Without Filler
1682,Unranked(New),General-Home-Textile,304.0,11.0,20,0.0,1/4/6pcs Solid Color Waterproof Eames Chair Cover
1683,Unranked(New),General-Home-Textile,252.70000000000002,6.0,400,58.0,1pc Simple Solid Color Soft Chenille Water-Absorbent Non-Slip Bathroom Floor Mat Bathroom Floor Mat Can Also Be Used For Room Decoration
1684,Unranked(New),General-Home-Textile,598.5,4.0,20,0.0,"1pc Black/White Thermal Insulated Blackout Window Curtain, Polyester Fabric  Multi-Purpose Drapery For Bedroom, Living Room, Balcony, Assemble Through Rod Pocket, Home & Outdoor Decor"
1685,Unranked(New),General-Home-Textile,209.00000000000003,4.0,10,0.0,"1pc Summer Indoor Anti Mosquito Insect Door And Window Screen Mesh Net, Environmental Protection DIY Mosquito Net For Bedroom Home Decor"
1686,Unranked(New),General-Home-Textile,1016.4999999999999,4.0,70,0.0,"Dermashy Home 1 Piece Pumpkin Head, Spider Web Foot Mat, Terrifying Skull Doormat, Red Lip Non Slip Pad, Ultra Soft And Absorbent Skull Rug Non Slip Backing - Unique Bathroom Decoration - Washable, Perfect Gothic Gift"
1687,Unranked(New),General-Home-Textile,5334.25,4.0,0,14.0,"7 Pieces Bed In A Bag Floral Comforter Set Queen/King Size Flowers Bedding Set Soft Microfiber Comforter Sets With 1 Comforter 1 Flat Sheet 1 Fitted Sheet 2 Pillowshams And 2 Pillowcases(90""X90,90""X104"")"
1688,Unranked(New),General-Home-Textile,1064.0,12.0,100,0.0,"4pcs/6pcs Coffee Color Chair Covers, Modern Style Removable Elastic Polyester Fiber Chair Slipcovers, Suitable For Home Living Room Dining Room Bedroom, All Seasons"
1689,Unranked(New),General-Home-Textile,744.8,4.0,20,65.0,1pc Two Tone Bedding Pillow
1690,Unranked(New),General-Home-Textile,399.0,6.0,300,0.0,"1pc Transparent Solid Color Window Screen, Great For Living Room And Bedroom Decoration"
1691,Unranked(New),General-Home-Textile,836.0000000000001,4.0,60,0.0,"1pc Palace Lace Mosquito Net, Encrypted Dome Princess Style Mosquito Net, For All Kinds Of Bed, Both For Indoor And Outdoor Use (Please Note That The Mosquito Net Does Not Open The Door And Is A Fully Enclosed Style)"
1692,Unranked(New),General-Home-Textile,195.70000000000002,4.0,300,14.0,"1pc Vintage Style Polyester Floral Table Runner With Lace Border, Embroidery And Mesh Design, Suitable For Home Decoration Of Dining Tables, Tv Cabinets, Coffee Tables, Etc."
1693,Unranked(New),General-Home-Textile,665.0,4.0,60,0.0,"One Piece American Farmhouse Style Tassel Lace Tablecloth, Bohemian Woven Crocheted Nordic Farm Gathering Decoration Long Table Cloth Table Runner"
1694,Unranked(New),General-Home-Textile,703.0,4.0,100,0.0,1set Metallic Circle String Door Curtain
1695,Unranked(New),General-Home-Textile,1140.0,4.0,200,0.0,"Geometric Pattern Fitted Sheet Set, Black Polyester 1pc Fitted Sheet And 2pcs Pillowcase, Pillow Insert Not Include, For Bedroom"
1696,Unranked(New),General-Home-Textile,389.49999999999994,4.0,200,0.0,"Metallic Leaf Print Cushion Cover Without Filler, Throw Pillow Case, Pillow Insert Not Include, For Sofa, Living Room"
1697,Unranked(New),General-Home-Textile,2947.85,26.0,30,77.0,"Blanket, Super Soft Knit Throw Blanket - Warm Cozy Reversible Blanket, Fluffy Fuzzy Plush Lightweight Blanket For Couch Sofa Bed"
1698,Unranked(New),General-Home-Textile,760.9499999999999,4.0,200,56.0,"3pcs/set Red Duvet Cover Set Without Filler, Simple Polyester Duvet Cover Set (1pc Comforter Cover,2pcs Pillowcase) For Bed"
1699,Unranked(New),General-Home-Textile,256.5,4.0,100,0.0,"1pc Leaf Print Outdoor Waterproof Cushion Cover Without Filler,Boho Linen Waterproof Washable Decorative Square Pillowcase"
1700,Unranked(New),General-Home-Textile,551.0,4.0,0,0.0,"1pc Relaxing Massage Pillow, Simple Style Bedroom Sofa Back Cushion, C-Shaped Neck Massage Pillow, Neck Corrector Traction Support Massage Pillow, Available In Multiple Colors"
1701,Unranked(New),General-Home-Textile,589.0,12.0,300,0.0,1pc Elegant Chiffon Wedding Arch Backdrop For Indoor And Outdoor Decoration
1702,Unranked(New),General-Home-Textile,522.5,11.0,30,0.0,"Luxury Bohemian Style Decorative Linen Texture Pillow Case Without Stuffing, Suitable For Decorating Sofas, Living Rooms, Bedrooms, Floors, Benches, Cars, Offices, Cafes And Other Leisure Places. The Pillowcase Has No Hair Loss, No Pilling, And Can Be Used In Four Seasons."
1703,#7 Best Sellers,in Quilts,2472.85,9.0,0,79.0,"Comforter Duvet Insert - White Bedding, Black Bedding, Down Alternative Comforter, Quilted All Season Duvet With Corner Tabs"
1704,#5 Best Sellers,in Beach Towels,1149.5,4.0,0,0.0,"1pc Diamond-Shaped Mandala Printed Foldable Moisture-Proof, Waterproof, Sand-Proof Outdoor Camping Mat For Beach And Picnic, Portable Picnic Blanket"
1705,Unranked(New),General-Home-Textile,168.15,9.0,200,37.0,"1pc Plain Cushion Cover Without Filler, Striped Velvet Square Pillowcase For Sofa, Home Decor"
1706,#5 Best Sellers,in Sofa Towel,918.65,4.0,0,54.0,"1pc Boho Style Sofa Cover With Tassel Sofa Cover, Machine Washable And Washable All Season Sofa Cover, Anti Cat Scratch Furniture Protector, Bedroom Office Living Room Home Decoration"
1707,Unranked(New),General-Home-Textile,503.5,4.0,0,0.0,"1pc Flower Design Decorative Pillow, Cute Polyester Multi-purpose Throw Pillow For Home Decoration"
1708,Unranked(New),General-Home-Textile,1748.95,12.0,30,30.0,"3pcs/set Solid Color Double Layer Ruffle Edge Bedding Set (1 Quilt Cover + 2 Pillowcases Without Filler) Modern American Style Cute And Lovely Polyester Soft And Skin-friendly Bedding Set For Home, Bedroom, Guest Room, Children's Room, Four Seasons"
1709,Unranked(New),General-Home-Textile,475.0,4.0,10,0.0,"1pc Thickened 0.47inch/1.2cm Interesting Indoor Outdoor Doormat, Large Size Doormat, Living Room Bedroom Home Decoration Rug, Perfect For Bedroom, Living Room, Entrance Door"
1710,Unranked(New),General-Home-Textile,1469.65,4.0,100,30.0,3pcs Pink Crystal Velvet Bedding Set Including Fitted Sheet
1711,Unranked(New),General-Home-Textile,302.1,4.0,80,40.0,"1pc Black Base White Letter Kitchen Mat, Modern Simple Style, Soft And Thick Kitchen Rug With Water Absorption And Non-Slip Function, Resistant To Dirt And Fatigue For Kitchen Doorway, Living Room, And Sink Area, Foam Mat In Multiple Sizes"
1712,Unranked(New),General-Home-Textile,812.2500000000001,4.0,90,10.0,"1pc Ins Style Minimalist Stripe & Linen Blended Waterproof Tablecloth For Indoor Use, Beige"
1713,Unranked(New),General-Home-Textile,266.0,4.0,100,0.0,"Metallic Heart Print Cushion Cover, Modern Throw Pillowcase For Home Decor, Pillow Insert Not Include"
1714,Unranked(New),General-Home-Textile,1261.6,4.0,100,25.0,Floral Overlay Print Sheet Set
1715,Unranked(New),General-Home-Textile,655.5,8.0,400,0.0,"1pc Hollow Star Design Polyester With Lace Double Layer Blackout Curtain For Bedroom, Cute Princess Style Window Treatment, Suitable For Festivals"
1716,#9 Best Sellers,in Shower Curtains,1130.5,4.0,0,0.0,"1pc/4pcs Waterproof Durable Baroque Style Background Multipurpose Decorative Shower Curtain With 12 Hooks, Non-Slip Bath Mat, U-Shaped Mat And Round Toilet Lid Cover Bathroom Set For All Scenarios"
1717,#5 Best Sellers,in Lumbar Pillows & Seat Cushions,244.14999999999998,4.0,0,71.0,"1pc Cooling Gel Cushion With Honeycomb Grid Design, Ventilation And Breathability For Office, Summer Silicone Honeycomb Seat Cushion"
1718,Unranked(New),General-Home-Textile,520.6,4.0,60,57.0,"2pcs Faux Leather Pillow Covers, Modern Brown Outdoor Cushion Covers, Sofa Pillow Cases (Inner Core Not Included)"
1719,#10 Best Sellers,in Pillow Case,389.49999999999994,4.0,0,0.0,1pc Soft Faux Fur Pillows Case Plush Cushion Cover Pink Blue Purple Warm Living Room Bedroom Sofa Decorative Pillows Cover
1720,Unranked(New),General-Home-Textile,1519.05,4.0,10,38.0,"Armless Chair Slipcover, Waterproof Criss Cross Chair Cover, Office Desk Chair Covers Stretchable, Mid Back Wide Seat Accent Chair Covers Without Arms For Computer Task Vanity Chairs"
1721,Unranked(New),General-Home-Textile,551.0,4.0,100,0.0,"Waterproof Chair Covers For Living Room And Dining Room, 1 Piece"
1722,Unranked(New),General-Home-Textile,532.0,4.0,100,0.0,1pc Purple Marble Pattern Bedspread
1723,Unranked(New),General-Home-Textile,2166.0,4.0,300,0.0,"1pc Luxury Dual Layer Embroidered Curtains With Sheer Fabric, Ready Made, For Living Room And Bedroom, Blackout"
1724,Unranked(New),General-Home-Textile,304.0,4.0,800,0.0,"1pc Cheese Cloth Table Runner, Bohemia Gauze Cheesecloth Rustic Transparent Tablecloth, Suitable For Wedding Bride Baby Shower Birthday Or Holiday Party Cake Table Decoration, Romantic Banquet Table Decor Chiffon Table Runner"
1725,Unranked(New),General-Home-Textile,627.0,4.0,500,0.0,Lace Embroidery Table Cloth Dining Room Decor Table Cover for Home Wedding Banquet Party Table Cloths Furniture Cover Decorative Tablecloth
1726,Unranked(New),General-Home-Textile,921.4999999999999,4.0,300,0.0,"1pc  Tablecloth,Gold,Pink,Sparkly Tablecloth For Party, Laser Rectangle Table Cover For Wedding, Baby Shower, Birthday Cake Table, Holiday Banquet Decoration"
1727,Unranked(New),General-Home-Textile,285.0,4.0,100,0.0,Flower Print Oven Glove 1pc
1728,#1 Best Sellers,in Sofa Slipcovers,1691.0,4.0,0,0.0,1pc Elastic Printed Milk Silk Sofa Cover For Any Season
1729,Unranked(New),General-Home-Textile,627.0,4.0,100,25.0,"1pc Waterproof & Moisture-Proof Outdoor Picnic Mat, Foldable Pocket Lawn & Beach Pad Camping Mat Beach Towel"
1730,#10 Best Sellers,in Beach Towels,604.2,4.0,0,21.0,"1pc Dolphin Beach Towel, Ultrafine Fiber Extra Large Beach Blanket, Super Absorbent Bath Towel, Suitable For Traveling Swimming Diving Surfing Yoga Camping, Multiple Sizes For Adults And Children, Beach Accessories"
1731,Unranked(New),General-Home-Textile,848.35,4.0,300,25.0,1PC Camping Three Color Picnic Mat Mini Waterproof Plaid Cloth Moisture-Proof Beach Blanket Beach Towel
1732,Unranked(New),General-Home-Textile,1919.0,4.0,100,0.0,HARRY POTTER X SHEIN Green Serpentine Down Comforter Set
1733,Unranked(New),General-Home-Textile,541.5,4.0,200,0.0,"1pc Leaf Pattern Window Valance, Modern Pom Pom Decor Curtain Valance For Home Decoration"
1734,Unranked(New),General-Home-Textile,263.15,15.0,100,34.0,"Quick Dry Beach Towel Made Of Highly Absorbent Microfiber, Soft Double-Sided Plush Beach Towel, Solid Colored Portable Yoga Fitness Exercise Towel"
1735,Unranked(New),General-Home-Textile,280.25,4.0,70,34.0,"1pc Jacquard Flock Pillow Cover, Living Room Sofa Decoration Pillowcase (does Not Include Pillow Core)"
1736,Unranked(New),General-Home-Textile,769.5,4.0,70,0.0,"A Piece Of Silica Gel Kitchen Mat With High-End Color Block Splicing And Minimalist Pattern Design, With The Style Of Light Luxury And Fashion. It Has Cushioning And Anti-Fatigue Function, And Can Quickly Absorb Water And Prevent Slipping. It Is Made Of Simple Silica Gel And Soft Rubber, Which Is Suitable For Use In Kitchen, Bathroom, Entrance, Laundry Room And Other Places."
1737,Unranked(New),General-Home-Textile,247.0,4.0,100,0.0,"1pc Flower Embroidered Table Runner, Polyester Lace Decor Kitchen Table Runner For Party"
1738,Unranked(New),General-Home-Textile,1083.0,4.0,0,0.0,"Metallic Graphic Single Panel Blackout Curtain, White Polyester Curtain For Living Room, Bedroom"
1739,Unranked(New),General-Home-Textile,446.5,4.0,100,0.0,1PC Outdoor Summer Beach Towel Swimming Absorbent Quick-Dry Towel Bath Towel
1740,Unranked(New),General-Home-Textile,836.0000000000001,16.0,600,0.0,1pc Plain Fitted Sheet
1741,Unranked(New),General-Home-Textile,456.0,4.0,100,0.0,"1pc Solid Fuzzy Cushion Cover, Simple Plush Pillow Cover For Bedroom Living Room Sofa Chair, Soft Comfortable Home Decor Cushion Cover, Pillow Insert Not Included"
1742,Unranked(New),General-Home-Textile,1007.0,4.0,50,0.0,"1pc Gradient Printed Plush Imitation Rabbit Fur Thickened Sofa Cushion Cover For Autumn And Winter, Nordic Style Warm & Comfortable Sofa Blanket Suitable For Living Room"
1743,Unranked(New),General-Home-Textile,579.5,4.0,300,0.0,1pc Solid Color Blackout Hook Hanging Rod Pocket Window Curtain
1744,Unranked(New),General-Home-Textile,627.0,4.0,200,0.0,1pc Geometric Pattern Non-slip Bath Rug
1745,Unranked(New),General-Home-Textile,294.5,6.0,80,0.0,"1pc White Flannel Memory Foam Pebble Shaped Absorbent Non-Slip Mat, Soft, Comfortable, Machine Washable, Durable And Anti-Slip, Suitable For Bathroom And Toilet"
1746,Unranked(New),General-Home-Textile,2660.0,4.0,0,0.0,"1PC-Moss Bathroom Mat, Ultra Thick Soft Green Bath Mat, Water Absorbent Non Slip Microfiber Bath Room Rugs For Bathroom Floor, Shower, Sink, Bedroom, Shower, Sink, Bedroom, Living Room"
1747,Unranked(New),General-Home-Textile,316.35,4.0,200,39.0,1pc  Decorative Burlap Linen Throw Pillow Covers Modern Farmhouse Pillowcase Rustic Woven Textured Cushion Cover For Sofa Couch Bed
1748,Unranked(New),General-Home-Textile,184.29999999999998,4.0,400,75.0,"1pc PEVA Shower Curtain, Modern Leaf Pattern Waterproof Shower Curtain For Bathroom"
1749,Unranked(New),General-Home-Textile,266.0,4.0,0,0.0,1pc Summer Lemon Print Linen Apron For Home Use
1750,Unranked(New),General-Home-Textile,285.0,4.0,200,0.0,"Bathroom Black Hand & Face Towel Set, Super Soft, Quick-Drying, Absorbent And Thick"
1751,Unranked(New),General-Home-Textile,655.5,4.0,400,0.0,Solid Single Panel Blackout Curtain
1752,Unranked(New),General-Home-Textile,646.0,4.0,100,0.0,"Nordic Style Gold Vertical Stripe Decor Modern Simple Striped Jacquard Designer Pillow Cover, Decorative Square Cushion Cover For Living Room, Hotel, Sofa, Bedroom, Custom Sizes, Without Filling"
1753,Unranked(New),General-Home-Textile,3925.4,14.0,0,28.0,Premium 100% Cotton Jersey Duvet Cover Set (No Comforter Included) Soft As T-Shirt Breathable Stretchy Classic Casual
1754,Unranked(New),General-Home-Textile,304.0,6.0,200,0.0,"1pc Bohemian Mandala Polyester Fiber Square Taepstry, Modern Style Wall Hanging Decor For Living Room And Bedroom"
1755,Unranked(New),General-Home-Textile,2793.0,4.0,40,0.0,Ruffle Decor Duvet Cover Set Without Filler
1756,Unranked(New),General-Home-Textile,304.0,11.0,20,0.0,1/4/6pcs Solid Color Waterproof Eames Chair Cover
1757,Unranked(New),General-Home-Textile,252.70000000000002,6.0,400,58.0,1pc Simple Solid Color Soft Chenille Water-Absorbent Non-Slip Bathroom Floor Mat Bathroom Floor Mat Can Also Be Used For Room Decoration
1758,Unranked(New),General-Home-Textile,598.5,4.0,20,0.0,"1pc Black/White Thermal Insulated Blackout Window Curtain, Polyester Fabric  Multi-Purpose Drapery For Bedroom, Living Room, Balcony, Assemble Through Rod Pocket, Home & Outdoor Decor"
1759,Unranked(New),General-Home-Textile,209.00000000000003,4.0,10,0.0,"1pc Summer Indoor Anti Mosquito Insect Door And Window Screen Mesh Net, Environmental Protection DIY Mosquito Net For Bedroom Home Decor"
1760,Unranked(New),General-Home-Textile,1016.4999999999999,4.0,70,0.0,"Dermashy Home 1 Piece Pumpkin Head, Spider Web Foot Mat, Terrifying Skull Doormat, Red Lip Non Slip Pad, Ultra Soft And Absorbent Skull Rug Non Slip Backing - Unique Bathroom Decoration - Washable, Perfect Gothic Gift"
1761,Unranked(New),General-Home-Textile,5334.25,4.0,0,14.0,"7 Pieces Bed In A Bag Floral Comforter Set Queen/King Size Flowers Bedding Set Soft Microfiber Comforter Sets With 1 Comforter 1 Flat Sheet 1 Fitted Sheet 2 Pillowshams And 2 Pillowcases(90""X90,90""X104"")"
1762,Unranked(New),General-Home-Textile,1064.0,12.0,100,0.0,"4pcs/6pcs Coffee Color Chair Covers, Modern Style Removable Elastic Polyester Fiber Chair Slipcovers, Suitable For Home Living Room Dining Room Bedroom, All Seasons"
1763,Unranked(New),General-Home-Textile,744.8,4.0,20,65.0,1pc Two Tone Bedding Pillow
1764,Unranked(New),General-Home-Textile,399.0,6.0,300,0.0,"1pc Transparent Solid Color Window Screen, Great For Living Room And Bedroom Decoration"
1765,Unranked(New),General-Home-Textile,836.0000000000001,4.0,60,0.0,"1pc Palace Lace Mosquito Net, Encrypted Dome Princess Style Mosquito Net, For All Kinds Of Bed, Both For Indoor And Outdoor Use (Please Note That The Mosquito Net Does Not Open The Door And Is A Fully Enclosed Style)"
1766,Unranked(New),General-Home-Textile,195.70000000000002,4.0,300,14.0,"1pc Vintage Style Polyester Floral Table Runner With Lace Border, Embroidery And Mesh Design, Suitable For Home Decoration Of Dining Tables, Tv Cabinets, Coffee Tables, Etc."
1767,Unranked(New),General-Home-Textile,703.0,4.0,100,0.0,1set Metallic Circle String Door Curtain
1768,Unranked(New),General-Home-Textile,275.5,4.0,0,0.0,"Rectangular Tablecloth, Wrinkle & Stain Resistant Washable Polyester Fabric Table Cover For Dining Table, Buffet & Camping, Yellow 1pc"
1769,Unranked(New),General-Home-Textile,741.0,4.0,60,0.0,"1pc Polyester Plush Solid Color Pillowcase, Backed With Suede Fabric"
1770,Unranked(New),General-Home-Textile,1291.05,10.0,200,10.0,2 Panels Solid Dark Grey Thermal-Insulated Blackout Curtains For Bedroom And Living Room For Protection Against Ultraviolet Rays
1771,Unranked(New),General-Home-Textile,1140.0,4.0,40,50.0,"LongNap™ ChillTech 3pcs bamboo fiber antibacterial and breathable fitted sheet set, fitted sheet*1, pillowcase*2"
1772,Unranked(New),General-Home-Textile,372.4,18.0,100,30.0,"2pcs Satin Solid Color Pillowcase, Soft Pillow Cover With Envelope Closure For Bedroom, Bedding Supplies"
1773,Unranked(New),General-Home-Textile,332.5,4.0,1100,0.0,"1pc Bohemian Country Style Wrinkled Table Runner Cloth For Wedding Reception, Bridal Shower, Holiday Party Decoration, White"
1774,Unranked(New),General-Home-Textile,455.05,4.0,200,31.0,"1PC Modern Minimalist Quiet Wind Abstract Imitation Cashmere Home Nordic Living Room Bathroom Room Anti Dirt, Water Absorbent, Non Slip Home Carpet"
1775,Unranked(New),General-Home-Textile,531.05,19.0,60,30.0,"LongNap™ 1pc Supersoft Plain Flat Sheet, Lightweight Cloud-like Feel Bedding"
1776,Unranked(New),General-Home-Textile,551.0,4.0,200,0.0,"2pcs Outdoor Waterproof Pillowcases, Geometric Black And White Courtyard Garden Pillow Cover (Inner Core Not Included)"
1777,Unranked(New),General-Home-Textile,351.5,4.0,100,8.0,"1pc Elegant Blue And White Table Runner Retro Monochrome Sketch Bird Flower Table Cover Retro Floral Kitchen Dining Table Decoration For Indoor Outdoor Home Party Restaurant Supplies, 13 X 72 Inch"
1778,#9 Best Sellers,in Kitchen & Table Linens,484.49999999999994,4.0,0,0.0,"1pc Linen Tablecloth, Patriotic Independence Day Tablecloth With American Flag Stripe And Star Design, Suitable For Memorial Day, Family Kitchen, Dining Decoration, Party Decoration, Gift, Festival Decoration, Room Decoration, Scene Decoration"
1779,Unranked(New),General-Home-Textile,852.1500000000001,5.0,200,22.0,"1pc  Stitch Beach Towel, Soft, & Quick-Drying Beach Blanket, Sand Free & Lightweight Beach Towel, For Beach Bathing Swimming Pool Camping Yoga, Ideal Beach Essentials"
1780,Unranked(New),General-Home-Textile,290.7,8.0,100,10.0,"1pc Silk Pillowcase For Hair And Skin, Breathable & Comfortable During Sleep, Super Soft & Smooth Pillow Cover With Envelope Closure, Pillow Core Not Included"
1781,Unranked(New),General-Home-Textile,589.0,11.0,300,0.0,"1pc Satin Solid Color Fitted Sheet And 1pc Bedroom Ice Silk Bed Cover In Light Blue, Bedding"
1782,#2 Best Sellers,in Runner Rugs,503.5,4.0,0,0.0,"[800g/Square Meter Crystal Velvet, Point Plastic Bottom, 6mm Thickness] 1pc, Modern Simple Cool Pattern Art Font Blue & Orange Carpet For Laundry Room, Kitchen, Farmhouse With Anti-Skid, Waterproof, Anti-Dirt And Easy To Clean, Applicable To Any Area Such As Kitchen, Floor, Living Room, Office, Bathroom And Hallway Entrance Etc."
1783,Unranked(New),General-Home-Textile,4598.0,4.0,50,0.0,1pc Comforter Duvet Insert- Down Alternative  filling Sherpa fleece Comforter with Corner Tabs Soft Breathable Bed Comforter – Pink
1784,Unranked(New),General-Home-Textile,209.00000000000003,4.0,100,0.0,"1pc Bed Sheet Organizer Bands, Closet Organization Sheet Straps, Elastic Bed Sheet Storage Sheet Keepers, Linen Labels Bedding Bands"
1785,Unranked(New),General-Home-Textile,598.5,4.0,400,0.0,"1pc Splash-Proof Elastic Stretch Sofa Cover With Diamond Geometric Pattern For 1-4 Seater Sofa Cushion, Armrest, And Backrest Cover, All Seasons Universal"
1786,Unranked(New),General-Home-Textile,2289.5,12.0,60,0.0,Solid Color Duvet Cover Set Without Filler
1787,Unranked(New),General-Home-Textile,266.0,4.0,0,0.0,Tropical Print Cushion Cover Without Filler
1788,Unranked(New),General-Home-Textile,503.5,4.0,100,0.0,"1pc/2pcs/4pcs Black Leopard Pattern Car Floor Mats, Car Front & Rear Floor Mats, Universal Fit Non-Slip Automotive Carpets, Car Interior Decoration Accessories"
1789,Unranked(New),General-Home-Textile,5414.05,4.0,10,81.0,"7 Piece Bed In A Bag Comforter Set, Boho Shabby Chic Jacquard Comforter And Sheet Set,Farmhouse Bedding Set,Soft Microfiber Bedding Set For All Season"
1790,Unranked(New),General-Home-Textile,228.0,4.0,200,0.0,"1pc-Magnetic Curtain Tiebacks Rope Modern Handmade Curtain Tie Backs Decorative Drapes Weave Holdbacks For Window Décor, Cream-Coloured"
1791,Unranked(New),General-Home-Textile,192.85,4.0,80,30.0,"1pc Solid Cushion Cover, Yellow Simple Throw Pillow Case, Pillow Insert Not Include, For Sofa, Living Room"
1792,Unranked(New),General-Home-Textile,425.6,4.0,100,17.0,1pc Pom Pom Trim Cushion Cover Without Filler
1793,Unranked(New),General-Home-Textile,1463.0,4.0,100,0.0,1pc Universal Elastic Solid Color Sofa Cover Soft Fabric Sofa Slipcover For Living Room Bedroom Study
1794,Unranked(New),General-Home-Textile,264.09999999999997,4.0,100,1.0,1pc Tropical Leaf Print Sofa Decorative Plush Cushion Cover
1795,Unranked(New),General-Home-Textile,551.0,4.0,100,0.0,"1pc Single-Layer Coral Fleece Printed Blanket, One Side 3d Stripe Design, Double Color Checked Print Four Seasons Blanket - Can Be Used As Bed Cover Sheet (Pillowcase Not Included)"
1796,Unranked(New),General-Home-Textile,598.5,5.0,900,0.0,"1pc Flower Embroidered Decorative Throw Pillow Case, Fiber Cushion Cover For Living Room, Home Decor"
1797,Unranked(New),General-Home-Textile,1388.8999999999999,8.0,300,15.0,"1pc Solid Color Knitted Blanket, Nordic Style Acrylic Rectangle Office Nap Sofa Blanket, Air-conditioned Blanket, Bed End Carpet, Shawl, Covering Blanket, Throw Blanket"
1798,Unranked(New),General-Home-Textile,1311.0,7.0,70,0.0,"1pc Milk Silk Solid Color Sofa Cover, High Elasticity Pet Proof Easy To Install Sofa Slipcover For Single, Double, Triple Or Four Seats With 1pc Free Pillow Cover For Each Size"
1799,Unranked(New),General-Home-Textile,350.55,4.0,200,10.0,1pc Home Room Decorative Long Plush Heart Shaped Anti-Slip Carpet For Living Room And Bedroom
1800,#8 Best Sellers,in Kitchen Tablecloth,133.0,4.0,0,68.0,"White/Gold,  Tablecloth, 108in*54in, Gold Polka Dot Disposable Tablecloth, Rectangle Plastic Tablecloth, Waterproof Disposable Tablecloth, White Tablecloth, For Barbecue, Birthday Party, Christmas, New Year's Eve, Graduation Ceremony, Fine Dining, Wedding, Baptismal Decoration, Outdoor Picnic Mat For Spring Outing"
1801,Unranked(New),General-Home-Textile,266.0,4.0,70,0.0,Floral Pattern Cushion Cover Without Filler
1802,Unranked(New),General-Home-Textile,256.5,4.0,100,25.0,1pc Pink Cute Bedding Pillow Sham With Ruffle Edge
1803,Unranked(New),General-Home-Textile,541.5,4.0,40,2.0,"2pcs/Two-Tone Green Tropical Leaves Decorative Pillow Covers For Palm Leaves Design Throw Pillows, All Season Home Decorative Pillowcase For Sofa, Bed, Living Room, Outdoor Use (Pillow Not Included)"
1804,Unranked(New),General-Home-Textile,1382.25,4.0,40,25.0,Plant Pattern Duvet Cover Set Without Filler
1805,Unranked(New),General-Home-Textile,266.0,4.0,10,0.0,"1pc Geometric & Marble Pattern Cushion Cover Without Filler,Modern Polyester Washable Decorative Square Pillowcase  For Bedroom And Living Room"
1806,Unranked(New),General-Home-Textile,338.2,5.0,80,11.0,"1pc Navy Blue Velvet Cushion Cover With Gold Leather & Glitter Embroidered Stripes For Holiday Home Decoration, Soft & Comfortable Fabric, Modern Decorative Sofa Pillow Case, Suitable For Home, Bedroom & Dormitory"
1807,Unranked(New),General-Home-Textile,282.15000000000003,6.0,200,39.0,"1pc Geometric Pattern Cushion Cover Without Filler, Throw Pillow Case, Pillow Insert Not Include, For Sofa, Living Room"
1808,Unranked(New),General-Home-Textile,817.0,4.0,200,0.0,Solid Color Single Panel Blackout Curtain
1809,Unranked(New),General-Home-Textile,836.0000000000001,4.0,60,0.0,"1pc Light Luxury Jacquard Pillow Case In Silver Grey, Available In Multiple Sizes For Decorative Cushion Cover, Luxury Living Room Bedroom Sofa Pillowcase"
1810,Unranked(New),General-Home-Textile,275.5,4.0,0,50.0,"2 Piece Dish Towel Set, Orange Pumpkin Watercolor Striped Pattern Kitchen Dish Towel, Farmhouse Style Dish Towel, Kitchen Bathroom Items, Room Decor"
1811,Unranked(New),General-Home-Textile,1230.25,9.0,50,30.0,Solid Duvet Cover Set Without Filler
1812,Unranked(New),General-Home-Textile,3685.9999999999995,12.0,60,75.0,"Bedsure Down Alternative Comforter Sets, 2/3Pcs, Basket Weave Pattern Comforter Sets Box Stitching Duvet Insert, Lightweight All Season Bed Comforter Set"
1813,Unranked(New),General-Home-Textile,1966.5,5.0,90,0.0,1pc Stretch Sofa Covers For 1/2/3/4 Cushion Couch Covers Sofa Slipcovers For Living Room Feature Thick Checked Jacquard Fabric With Elastic Bottom And One Free Cushion Cover
1814,Unranked(New),General-Home-Textile,817.0,5.0,200,0.0,"1pc Oversized Beach Towel, Super Absorbent, Ultra-Fine Fiber Beach Towel, 59'x29', Essential For Summer, Suitable For Kids, Men, Women,Girls, Boys, Windproof, Sunscreen, Beach, Party, Dry Travel, Camping, Beach Accessories, Must-Have Gift For Vacation"
1815,Unranked(New),General-Home-Textile,3482.7,13.0,0,21.0,"3 Pieces WONGS BEDDING Boho Queen King Quilt Set, Yellow Orange Bohemian Quilt Bedding Set, Lightweight Microfiber Bed Decor Bedspread For All Season (96""X90"",103""X90"")"
1816,Unranked(New),General-Home-Textile,361.0,4.0,900,0.0,"1pc Coral Velvet Bath Towel Or Hand Towel With Strawberry Embroidery, Soft And Non-Irritating For Bathroom Use, Couple And Home Use Towel, Bathroom Accessory."
1817,Unranked(New),General-Home-Textile,475.0,14.0,60,0.0,"1pc Scandinavian Style Tie-dye Long Plush Carpet, Anti-slip Water Absorbent Bathroom Rug, Suitable For Bedroom, Living Room, Balcony And Study, Thick Sponge With No Formaldehyde Or Smell, No Shedding Or Fading"
1818,Unranked(New),General-Home-Textile,1178.0,4.0,200,0.0,"1pc Oceanic Landscape Shower Curtain - Colorful Sea Turtle Bathroom Curtain Set, Polyester Curtain With 12 Plastic Hooks, 70.8""Wx70.8""H"
1819,Unranked(New),General-Home-Textile,239.4,7.0,200,10.0,"Coral Fleece Soft And Comfortable Absorbent Checkerboard Printed Towel, No Shedding, Suitable For Adult Couples, Used As Hair Towels, Hand Towels, Face Towels, Bath Towels, Or As Small Sofa Covers, Swimming Shawls, Beach Mats, Buffers And Wraps, 1 Piece Of 34 * 75cm Towel Or 1 Piece Of 40 * 80cm Large Towel Or 1 Piece Of 70 * 140cm Bath Towel Or 1 Piece Of Large 90 * 170cm Bath Towel."
1820,Unranked(New),General-Home-Textile,1045.0,4.0,90,0.0,"Solid Color Stretchy Chair Slipcover, Black Simple Polyester Office Chair Cover, For Office"
1821,Unranked(New),General-Home-Textile,323.0,12.0,300,0.0,"1pc Solid Color Satin Pillowcase With Envelope Closure, Bedding"
1822,#7 Best Sellers,in Sleeping Bags & Camp Bedding,1261.6,4.0,0,25.0,"Sleeping Bags For Adults & Kids, 0.7kg,3-4 Season Ultralight Backpacking Sleeping Bag Cold Weather & Warm, Single Adult Envelope Sleeping Bag For Women, Men's Outdoors Camping, Hiking, Backpacking"
1823,Unranked(New),General-Home-Textile,361.0,7.0,600,0.0,"1pc Plain Cushion Cover Without Filler,corduroy pillowcase for sofa, home decoration"
1824,Unranked(New),General-Home-Textile,665.0,6.0,100,0.0,1pc Jacquard Geometric Plush Pillow Cover Without Filling
1825,Unranked(New),General-Home-Textile,294.5,15.0,300,0.0,"1pc Geometric Pattern Plush Cushion Cover, Bohemian Style, Suitable For Living Room, Bedroom, Home Decoration, Universal Pillowcase Without Core, All Seasons"
1826,Unranked(New),General-Home-Textile,3410.5,11.0,0,10.0,"Super Soft Lightweight Comforter Bedding Sets ( 1 Comforter & 2 Pillowshams ) , Quilt Bed Blanket Boho Style Gifts, Luxury Fluffy Comfy Cozy Washed PolyCotton Skin-Friendly Bedding Conforter Set For All Season Use,Twin / TWIN XL FULL QUEEN KING CAL KING Size"
1827,Unranked(New),General-Home-Textile,418.00000000000006,17.0,300,0.0,"1pc Universal Elastic Sofa Cover All Covered Thick Sofa Cushion Cover Anti-Slip, Anti-Splash, Machine Washable Dustproof And Stain Resistant Sofa Cloth"
1828,Unranked(New),General-Home-Textile,256.5,4.0,900,0.0,"1pc Plush Fabric Dual-Color Water Soluble Lace Edge Dining Table Runner, Cabinet & Shoe Cabinet Dust-Proof Cover, Heatproof, Antifouling Table Mat, Indoor Decor, Party/Wedding Themed, Various Sizes Available"
1829,Unranked(New),General-Home-Textile,741.0,4.0,300,0.0,"1pc Floral Embroidered Cushion Cover Without Filler, Canvas Decorative Throw Pillow Case For Living Room, Home Decor"
1830,#6 Best Sellers,in Customized Tapestry,209.00000000000003,4.0,0,0.0,"1pc Customized Music Singer Song Photo Printed Tapestry, Starry Tapestry For Living Room Bedroom Office Home Decor / Room Decor / Party Decor Wall Hanging"
1831,#4 Best Sellers,in Couch & Sofa Decor,313.5,5.0,0,0.0,"1pc Solid Color Waterproof Chair Seat Cover, Modern Polyester Dining Chair Seat Cover For Home"
1832,Unranked(New),General-Home-Textile,323.0,10.0,100,0.0,1pc Solid Cushion Cover Without Filler
1833,Unranked(New),General-Home-Textile,226.1,6.0,100,60.0,"2pcs/set Ultra Soft And Fine Fiber Cooling Pillowcase/ Pillow Cover With Standard Size, Low Allergy Envelope Closure, Wrinkle, Fade, And Stain Resistant"
1834,Unranked(New),General-Home-Textile,722.0,4.0,20,0.0,1pc Kitchen Oil Proof Floor Mat Household Anti-Slip Entrance Door Mat Full Coverage Anti-Dirt Crystal Velvet Carpet
1835,Unranked(New),General-Home-Textile,265.05,4.0,100,10.0,"1pc Light Grey Chair Cover, Modern Style Waterproof Elastic Polyester Fiber Cover For Living Room, Dining Room, Bedroom, Study, All Seasons"
1836,Unranked(New),General-Home-Textile,1045.0,4.0,0,0.0,"1pc, Sealife Blue Beach Tablecloth, Polyester Rectangular Washable Table Cloth, Summer Beach Theme Table Cover, Party Decor, Picnic Accessory, Dinner Decoration(140*200cm)"
1837,Unranked(New),General-Home-Textile,503.5,4.0,100,0.0,"1pc Evil Eye Pattern Door Mat; Modern Simple Style Ultra-Thin Fiber Rectangular -Friendly Skin-Friendly Thick Indoor Entrance Carpet; Dirt-Resistant And Easy To Clean Decorative Carpet; Water-Absorbent And Anti-Slip Welcome Mat; Fatigue-Relief Kitchen Mat; Foam Mat; Suitable For Living Room, Bedroom, Kitchen, And Indoor Entrance Decoration; Multiple Styles Available"
1838,Unranked(New),General-Home-Textile,750.5,4.0,300,0.0,"1pc New Multicolor Thickened Curtain With Rod Pocket, Completely Blocking Light And Heat, Suitable For Household Use"
1839,Unranked(New),General-Home-Textile,646.0,4.0,400,0.0,"Black Lace Decor Single Panel Sheer Curtain, Polyester Light Filtering Privacy Sheer Curtain For Living Room And Bedroom"
1840,Unranked(New),General-Home-Textile,579.5,5.0,500,0.0,"1pc Velvet Jacquard Dustproof Sofa Seat Cover, Minimalist Modern Style Pet-Proof Stretchable Sofa Cover, Anti-Scratch Solid Color Sofa Protector Suitable For L-Shaped Sofas And 1/2/3/4 Seater Sofas (Sold Individually)"
1841,Unranked(New),General-Home-Textile,332.5,5.0,500,0.0,"1pc Table Runner - 90*180cm / 90*300cm Table Decoration For Wedding, Birthday Party, Tabletop Decoration"
1842,Unranked(New),General-Home-Textile,1054.5,4.0,30,0.0,1pc Solid Stretchy Wing Chair Slipcover
1843,Unranked(New),General-Home-Textile,247.0,4.0,10,0.0,"Rectangular Tablecloth Stain And Wrinkle Resistant Washable Polyester Decorative Fabric Table Cover, Suitable For Dining Table, Buffet Party And Camping, Black 1pc Tablecloth"
1844,Unranked(New),General-Home-Textile,826.4999999999999,4.0,100,0.0,"1pc Children's Twist Silky Kimono Robe/Bathrobe, Solid Color Glossy Thin Cardigan Sleepwear For Summer (Suitable For Height 100-115cm)"
1845,Unranked(New),General-Home-Textile,693.5,4.0,10,0.0,"1pc Waterproof Dustproof Fitted Sheet, Non-Slip Mattress Protector Cover, Soft And Comfortable, With Deep Pocket, Floral Pattern, Fits Twin, Full, King, Queen, All Size Bed, Fitted Fitted Sheet Only"
1846,Unranked(New),General-Home-Textile,722.0,4.0,100,0.0,"1pc Girl Pattern Shower Curtain, Modern Style Polyester Print Waterproof Bathroom Dividing Curtain, Anti-mildew"
1847,Unranked(New),General-Home-Textile,361.0,10.0,200,0.0,"1pc Cheese Cloth Table Runner With Transparent Gauze Country Style Tablecloth Is Suitable For Wedding, Bride, Baby Shower, Birthday Party, Picnic Table Decoration"
1848,Unranked(New),General-Home-Textile,560.5,4.0,200,0.0,"1pc Tropical Leaf Pattern Mat, Modern Polyester  Anti-slip Bath Rug For Bathroom"
1849,Unranked(New),General-Home-Textile,1263.5,4.0,90,0.0,1pc White 3D Rose & Lace Bedroom Window Sheer Decoration
1850,Unranked(New),General-Home-Textile,1203.65,10.0,200,21.0,"1pc Knitted Blanket Sofa Cover Throw Bed Blanket For Office Nap, Summer Shawl, Lunch Nap Blanket"
1851,#6 Best Sellers,in Table Napkins,171.0,4.0,0,0.0,"1pc Plain Cloth Napkin, Simple Green Skin-friendly Absorbent Table Napkin, For Dining Table"
1852,Unranked(New),General-Home-Textile,1453.5,4.0,300,0.0,"1pc Geometric Pattern Elastic Sofa Cover, Modern Style Polyester Fabric, Machine Washable, Four Seasons Applicable"
1853,Unranked(New),General-Home-Textile,608.0,5.0,400,0.0,"1pc Solid Color Brown Bath Mat, Modern Polyester Anti-slip Absorbent Floor Mat For Household"
1854,Unranked(New),General-Home-Textile,304.0,13.0,600,0.0,"1pc Plain Table Runner, Simple Polyester Kitchen Table Runner For Table Decoration"
1855,Unranked(New),General-Home-Textile,236.55,4.0,100,36.0,"1pc Eucalyptus Leaf, Lemon, Daisy Table Runner, Seasonal Decoration Cloth Suitable For Home Vacation, Indoor/Outdoor Parties And Dining Table, Spring/Summer"
1856,Unranked(New),General-Home-Textile,218.49999999999997,12.0,400,0.0,"1pc/4pcs Solid Color High Elasticity Chair Cover, Washable & Dirt-Resistant Protective Cover, Suitable For Home, Restaurant, Hotel Dust-Proof Stool Cover"
1857,Unranked(New),General-Home-Textile,209.00000000000003,4.0,100,0.0,"1pc Waterproof And Oilproof Tablecloth, Square Tablecloth, Tpu Coated, Stain-resistant Fabric For Dining Table, Rectangular, Wash-free"
1858,Unranked(New),General-Home-Textile,1529.5000000000002,4.0,20,0.0,"White/Black Super Soft Solid Color Duvet Cover, Simple Design Light And Airy Bedding Set For Home Bedroom (Pillow Sham, Comforter, And Bed Sheet Not Included)"
1859,Unranked(New),General-Home-Textile,2380.7,21.0,30,77.0,"Blanket, Sherpa Fleece Blanket, Throw Blanket For Couch - Thick And Warm Blankets For Winter, Soft And Fuzzy Throw Blanket For Sofa"
1860,Unranked(New),General-Home-Textile,807.5,4.0,0,0.0,1pc Tufted Pillow Cover Without Filler
1861,Unranked(New),General-Home-Textile,168.15,7.0,100,37.0,"1pc Plain Cushion Cover Without Filler, Plush Square Pillowcase For Sofa, Home Decor"
1862,Unranked(New),General-Home-Textile,540.5500000000001,4.0,200,43.0,2pcs/4pcs Rose Printed Universal Car Floor Mats Set With Anti-Slip & Dustproof Features
1863,Unranked(New),General-Home-Textile,589.0,10.0,80,0.0,"1pc Satin Solid Color Fitted Sheet, Bedroom Use Deep Coffee Silk Bed Cover, Bedding"
1864,Unranked(New),General-Home-Textile,1370.85,4.0,100,22.0,3pcs white plus pink brushed quilt cover three-piece set
1865,Unranked(New),General-Home-Textile,778.9999999999999,4.0,60,0.0,1Pc Embroidered Floral Print Round Tablecloth
1866,#5 Best Sellers,in Bath Mats,665.0,5.0,0,0.0,"1pc Modern Style Leaf Pattern Carpet, Polyester Rectangle Water Absorption Floor Mat For Living Room Home Decoration"
1867,Unranked(New),General-Home-Textile,2926.0,5.0,100,0.0,Tassel Trim Duvet Cover Set Without Filler
1868,Unranked(New),General-Home-Textile,682.1,4.0,200,40.0,"1pc Golden Hollow Out Gauze Curtain, For Luxury Living Room & Bedroom Window Decoration"
1869,Unranked(New),General-Home-Textile,798.0,4.0,200,0.0,"1pc Plain U-shaped Pillow, Simple Flannelette Travel Pillow For Travel"
1870,Unranked(New),General-Home-Textile,1376.55,4.0,30,10.0,"6pcs/Set Smoky Gray Milk Silk Chair Cover, Detachable And Machine Washable High Elasticity Dining Chair Cover, Hotel Banquet Restaurant Living Room Home Chair Protection Cover"
1871,Unranked(New),General-Home-Textile,921.4999999999999,4.0,30,0.0,"1pc Geometric Design Table Runner, Modern Polyester Tassel Decor Kitchen Table Runner For Wedding, Party"
1872,Unranked(New),General-Home-Textile,294.5,4.0,700,0.0,1pc Modern Metal Wave Patterned Single-sided White & Silver Embossed Curtains For Windows
1873,Unranked(New),General-Home-Textile,275.5,11.0,100,0.0,"1pc Velvet Diamond Shaped Pleated Decor Pillow Cover, Square Soft Cushion Cover For Sofa / Coffee Shop, Outdoor Garden Use, 18 X 18 Inch, 45 X 45 Cm, Golden Color"
1874,Unranked(New),General-Home-Textile,136.79999999999998,4.0,300,52.0,"1pc Solid Color White Cushion Cover Without Filler, Modern Stretchy Throw Pillow Cover For Household"
1875,Unranked(New),General-Home-Textile,968.9999999999999,5.0,30,0.0,1pc Beige Double Layer Blackout Curtain For Living Room / Bedroom
1876,Unranked(New),General-Home-Textile,722.0,4.0,200,0.0,"2pcs Watercolor Plant Leaves Curtains,Without Holes Curtain, Refer To Bedroom Office Kitchen Living Room Study Home Decor"
1877,Unranked(New),General-Home-Textile,693.5,4.0,80,0.0,Striped Pattern Single Panel Sheer Curtain
1878,Unranked(New),General-Home-Textile,382.85,4.0,200,41.0,"1pc Leaf Pattern Cushion Cover Without Filler, Modern Soft Throw Pillow Cover For Household"
1879,Unranked(New),General-Home-Textile,712.5,4.0,90,0.0,"1pc 75cm*150cm Striped Printed Microfiber Beach Towel With Single-Sided Plush,Water Absorbent And Sunscreen,Perfect For Summer Seaside Travel"
1880,Unranked(New),General-Home-Textile,1480.1,4.0,60,11.0,"3-Piece Solid Color Lightweight Ultra-Fine Fiber Bedding Set, Soft Durable Silky And Reversible With Zipper Closure And Corner Ties, Machine And Hand Washable, Ideal For Hotel Or Daily Use (1 Comforter Cover, 2 Pillowcases)"
1881,Unranked(New),General-Home-Textile,778.9999999999999,4.0,10,0.0,"A Vintage Distressed  Style Rug, Bohemian Traditional Polyester Fiber Rectangular Area Rug, Easy To Clean And Wash, Suitable For Decorating Living Room, Hallway, Bedroom, Office, Kitchen, Farmhouse, Etc."
1882,Unranked(New),General-Home-Textile,446.5,4.0,40,0.0,"1pc Premium Prints Kitchen Soft Comfort Standing Mat,Absorbent Anti-Slip Durable Anti- Stain Mat,Suitable For Bathroom Doorway Kitchen Dining Room Carpet,Living Room Bedroom Home Decor Rug"
1883,Unranked(New),General-Home-Textile,342.0,4.0,300,10.0,1 Pc Starry Sky Uv Light Blue Tapestry
1884,Unranked(New),General-Home-Textile,1903.8,4.0,0,40.0,"1pc Thickened Imitation Long Plush Splicing Bedding Set For Autumn/winter Season, Can Be Used As Blanket, Suitable For Bedroom"
1885,Unranked(New),General-Home-Textile,2441.5,4.0,100,0.0,"1pc Flower Embroidery Curtain, Modernist Polyester Faux Pearl Decor Blackout Curtain For Bedroom"
1886,Unranked(New),General-Home-Textile,1121.0,4.0,90,0.0,"1 Set 2 Pieces Lovely Animal Tiger Digital Printed Rod Pocket Curtains, Perfect Living Room Furniture Decoration."
1887,Unranked(New),General-Home-Textile,332.5,5.0,100,0.0,"1pc Thicken Jacquard Floral Curtain,European Style, Ideal For Living Room, Bedroom, Balcony, Dining Room, Decorated By Rod"
1888,Unranked(New),General-Home-Textile,666.9,4.0,500,10.0,"1pc Bohemian Floral Plant Leaves Lover Medieval Abstract Tropical Wildflowers Mandala Print Black-Background Colorful Flower Retro Neutral Modern Art Unique Waterproof Shower Curtain Set For Guestroom, Bathroom, Farmhouse, Apartment, Hotel, RV Gift With 12 Plastic Hooks, Thick Oxford Cloth Material, 2 Sizes Available"
1889,Unranked(New),General-Home-Textile,1235.0,4.0,100,0.0,"1pc Leopard Print Blanket, Modernist Fabric Blanket For Bed"
1890,Unranked(New),General-Home-Textile,214.7,4.0,400,65.0,"1pc Paste Type Temporary Portable Blackout Curtain/Adjustable- Easy Install Shade No Tools Required - Temporary Blinds, For Bedroom/Living Room Perfect For Baby Nursery Or Dorm Room"
1891,#3 Best Sellers,in Fitted Sheets,1557.9999999999998,5.0,0,0.0,"1pc Solid Color Quilted Mattress Protector,Fitted Sheet,Mattress Cover,Breathable, Machine Washable,Suitable For Home Bedroom,For All Seasons,Dustproof Bedspread,Made Of Soft And Breathable Fabric"
1892,Unranked(New),General-Home-Textile,252.70000000000002,13.0,400,50.0,"1pc Blue Grid Weave Style Cushion Cover (No Filling) Modern Light Luxury Bohemian Thick Chenille Soft Cushion Cover For Sofa Bed Living Room Farmhouse Decor, All Seasons"
1893,Unranked(New),General-Home-Textile,498.75,4.0,100,27.0,1pc Hooded Kids Beach Towels - Toddler Bath Towel Girls Swim Cover-Ups For Ages 3 To 6 Kids Pool Towels Quick Dry Lightweight Soft Microfiber Poncho
1894,Unranked(New),General-Home-Textile,191.9,12.0,90,25.0,"LongNap™ 1pc Premium Silky Satin Envelope Pillowcases Set, Soft Breatheable Wrink-Free Better For Hair Skin Sleep, Pillow Covers Without Filling, Champagne"
1895,#7 Best Sellers,in Duvet Covers,1090.6000000000001,4.0,0,30.0,Ruffle Trim Duvet Cover Without Filler Room Stuff
1896,Unranked(New),General-Home-Textile,2413.0,4.0,300,0.0,SHEIN X Care Bears Heart Teddy Bear Pink Reversible Duvet Cover Set
1897,Unranked(New),General-Home-Textile,470.25,6.0,100,10.0,1PC 96% Blackout Vertical Drapes Privacy Drapes Grommet Assured With Light Filtering For Bedroom/Living Room
1898,Unranked(New),General-Home-Textile,294.5,5.0,60,0.0,1pc Outdoor Waterproof Throw Pillow Covers Decorative Square Cushion Case Patio Pillows For Couch
1899,Unranked(New),General-Home-Textile,684.95,4.0,100,19.0,"1set 1pc/2pcs/4pcs Rope Embroidery Floral Decorative Pillowcases, For Bedroom/Headrest/Living Room/Couch Indoor/Outdoor Pillow Covers"
1900,Unranked(New),General-Home-Textile,532.0,4.0,20,0.0,"1pc Ruffled Lace Pillowcase, Pillow Core Not Included, Comfortable Suede Pillow Cover Suitable For Bedroom, Living Room, And Sofa"
1901,Unranked(New),General-Home-Textile,324.9,8.0,80,10.0,"1pc Black Velvet And Gold Leather Sequin Diagonal Stripe Pillow Case, Square Cushion Cover, Holiday Home Decor, Soft Comfortable Fabric, Modern Decorative Sofa, Suitable For Home Bedroom, Dorm Use"
1902,Unranked(New),General-Home-Textile,494.0,4.0,100,0.0,"1pc Green Bathroom Mat, Anti-Slip & Absorbent, Leaf Shape Bathtub Mat And Cute Soft Shower Rug For Bathtub Decor"
1903,Unranked(New),General-Home-Textile,304.0,4.0,200,0.0,"Flower Print Kitchen Cleaning Cloth Set, Super Soft, Quick-Drying And Absorbent"
1904,Unranked(New),General-Home-Textile,1254.0,8.0,300,0.0,"3pcs Simple Solid Color Soft Memory Foam Absorbent & Non-Slip Bathmat, High Resilience & Machine Washable Toilet Rug"
1905,#2 Best Sellers,in Duvet Covers,1586.5,4.0,0,0.0,"1pc Floral Pattern Duvet Cover Set, Color Block Modern Bedding, Suitable For Bedroom, All Seasons"
1906,Unranked(New),General-Home-Textile,2192.6,4.0,40,51.0,Comforter Duvet Insert - Quilted White All Season Down Alternative Filling - Microfiber Bedding Comforter with Corner Tabs Machine Washable  White
1907,Unranked(New),General-Home-Textile,531.05,19.0,10,30.0,"LongNap™ 1pc Supersoft Plain Flat Sheet, Lightweight Cloud-like Feel Bedding"
1908,Unranked(New),General-Home-Textile,389.49999999999994,4.0,0,0.0,1pc Plush Pillow Cover Without Filler
1909,Unranked(New),General-Home-Textile,693.5,4.0,100,0.0,Frida Kahlo X SHEIN Character And Floral Printed Bed Blanket
1910,Unranked(New),General-Home-Textile,256.5,4.0,200,0.0,"1pc Gold Tropical Leaves Print Pillow Cover Without Pillow Core, Modern Style Printed Velvet Square Pillowcase For Living Room, Bedroom, Home, Sofa, Car Decor, All Seasons Compatible"
1911,Unranked(New),General-Home-Textile,1054.5,4.0,200,0.0,"Faux Pearl Decor Sheer Panel Curtain, Polyester Light Filtering Privacy Sheer Curtain For Bedroom, Living Room, All Season"
1912,Unranked(New),General-Home-Textile,2717.0,4.0,30,0.0,Plants Embroidery Duvet Cover Sets Without Filler
1913,Unranked(New),General-Home-Textile,199.5,4.0,800,0.0,"1 Piece Of Customized Diy Photo Core-Free Pillowcase, I Love My Boyfriend Love Frame Single-Sided Printed Pillowcase, Suitable For Valentine's Day, Proposal, Date, Couple Gift"
1914,Unranked(New),General-Home-Textile,1339.5,4.0,70,50.0,"4pcs Solid Color Bedding Set, Includes 1 Flat Sheet, 1 Fitted Sheet, And 2 Pillowcases, Pillow Inserts Are Not Included, Basic Style For All Seasons"
1915,Unranked(New),General-Home-Textile,389.49999999999994,8.0,0,0.0,"Coral Fleece Soft, Comfortable, Quick-Drying And Simple Solid Color Hair Towel For Home Use, One Piece"
1916,Unranked(New),General-Home-Textile,778.9999999999999,8.0,200,0.0,1pc Minimalist Soft Chenille Water Absorbing Non-slip Bathroom Mat Or Toilet Rug
1917,Unranked(New),General-Home-Textile,1230.25,9.0,30,30.0,3pcs Pink Double-Layer Quilt Cover Set
1918,Unranked(New),General-Home-Textile,1349.0,9.0,100,0.0,"1pc Fluffy Sofa Towel,Imitation Rabbit Plush Sofa Cushion Slipcover Furniture Protector Living Room Decoration"
1919,Unranked(New),General-Home-Textile,636.5,4.0,50,0.0,"1pc Vintage Floral And Bird Pattern Exquisite Embroidery Cushion Cover, Pillow Case Only, Suitable For Multiple Sizes And Types Of Rooms"
1920,Unranked(New),General-Home-Textile,1643.5,4.0,400,0.0,1pc Strawberry Pink Cute Bathroom Anti-slip Mat
1921,#10 Best Sellers,in Aprons,661.2,4.0,0,35.0,"1pc Of Linen Apron, Cross Strap Apron With Pockets, Chef Uses Apron For Gardening, Cooking, Baking, Flower Shop Painting, Barista, Work Clothes"
1922,Unranked(New),General-Home-Textile,266.0,4.0,200,0.0,"1pc Jacquard Lace Table Runner, Boho Polyester Flower Embroidered Design Table Runner For Dinner Table"
1923,Unranked(New),General-Home-Textile,1111.5,4.0,0,0.0,"1pc Durable Zipper Office Chair Cover, Washable & Stretchable Seat Cover, High Back Computer Chair Cover, For Bedroom/Living Room/Office Decor"
1924,Unranked(New),General-Home-Textile,273.59999999999997,4.0,100,10.0,Metallic Pattern Plush Cushion Cover Without Filler
1925,Unranked(New),General-Home-Textile,2603.0,5.0,100,0.0,"4pcs Floral Pattern Duvet Cover Set Including 1 Duvet Cover, 1 Bed Sheet And 2 Pillowcases Without Filling, Beige Modern Bedding Sets For Bedroom"
1926,Unranked(New),General-Home-Textile,275.5,4.0,40,0.0,Personality Round Orange Fruit Circle Carpet Non-Slip Kitchen Living Room Bedroom Decoration Area Rug
1927,Unranked(New),General-Home-Textile,294.5,4.0,200,0.0,White Lace Filtering Sheer Curtain
1928,Unranked(New),General-Home-Textile,304.0,8.0,500,0.0,"1pc Cheesecloth Table Runner Beige, Boho Style Long Gauze Romantic Table Runner For Wedding Reception Bridal Shower Baby Shower Holiday Thanksgiving Birthday Party Table Dining Room Dresser Decor, Mothers Day Decor, Home Decor, Scene Decor"
1929,Unranked(New),General-Home-Textile,1605.4999999999998,4.0,100,0.0,"Stitch Doll Pillow Decoration Pillow Sleep Relief Stress Music Doll Sleep Doll Gifts Girlfriend,Breathing Koala"
1930,Unranked(New),General-Home-Textile,532.0,4.0,90,0.0,"1pc Vintage Pattern Living Room Kitchen Floor Mat, Decorative, Non-Slip, Wear-Resistant, Suitable For Multiple Scenes Including Kitchen, Living Room, And Bedroom"
1931,Unranked(New),General-Home-Textile,2767.35,4.0,20,78.0,"Checkered Duvet Cover - Reversible Buffalo Plaid Duvet Cover Set, Grid Bedding Comfort Cover, 2/3 Pieces, 1 Duvet Cover And 1/2 Pillow Shams"
1932,Unranked(New),General-Home-Textile,778.05,7.0,0,10.0,"1pc Plush Shell Shaped Decorative Pillow For Living Room, Bedroom, Car"
1933,Unranked(New),General-Home-Textile,541.5,4.0,100,0.0,Jacquard Scroll Pattern Scallop Trim Tablecloth
1934,Unranked(New),General-Home-Textile,541.5,8.0,600,0.0,"1pc Jacquard Sofa Seat Cushion Cover, Chair Cover Sofa Slipcovers, Stretch Washable Removable Slipcover, Polar Fleece Sofa Protector"
1935,Unranked(New),General-Home-Textile,435.1,4.0,60,25.0,1pair Striped Pattern Satin Pillowcase Without Filler
1936,Unranked(New),General-Home-Textile,778.9999999999999,5.0,100,0.0,"1pc Fluid Background Watermelon Shaped Beach Towel, Extra Large Microfiber Beach Blanket, Highly Absorbent Bath Towel, Suitable For Travel, Swimming, Diving, Surfing, Yoga, Camping, Multiple Sizes For Adults And Children, Beach Accessories"
1937,Unranked(New),General-Home-Textile,239.4,4.0,30,10.0,"1pc Ocean Theme Coral Shell Conch Short Plush Pillowcase, Zipper Printed Cushion Cover, Home Decorative Sofa Bedroom Decoration, Pillow Core Not Included, 18x18 Inches"
1938,Unranked(New),General-Home-Textile,889.1999999999999,4.0,400,20.0,1pc Skull & Floral Pattern Waterproof Shower Curtain
1939,Unranked(New),General-Home-Textile,2650.5,4.0,0,0.0,"4pcs Fresh Fruit, Tree Trunk And Plant Themed Down Comforter Set With Thickened Brushed Fabric For Breathability And Sweat Absorption, Bedding Set (1 Comforter Cover + 2 Pillowcases + 1 Bedsheet), With Zipper & Elastic Ties, Ideal For Bedroom And Guestroom, With Wide Edge Pillowcase And Rectangular Bed Sheet."
1940,Unranked(New),General-Home-Textile,741.0,4.0,100,48.0,"3pcs/set Solid Fitted Sheet Set Without Filler, Modern Plain Color Bedding Fitted Sheet Set For Bedroom"
1941,Unranked(New),General-Home-Textile,674.5,4.0,200,0.0,"1PC Thickened Baseball Pattern, Thickened Ultra-Fine Fiber Towel, Summer Beach Towel, Grass Mat, Yoga Mat, Suitable For Swimming Pool, Camping, Travel, Beach Towel Shawl"
1942,Unranked(New),General-Home-Textile,3590.0499999999997,5.0,20,71.0,"Intelligent Design Lucy Lightweight Comforter Set, Clip Jacquard Comforter Bedding Set For All Season,Chic Pompoms Accent,Fluffy Comforter Bed Set With Matching Shams, Full/Queen, King/Cal King,3 Piece,Available In Orange /Pink /Beige /Grey /Navy Blue"
1943,Unranked(New),General-Home-Textile,598.5,4.0,70,0.0,"Square Bandage Seat Cushion, Linen-Like Chair Cushion, For Office Chair, Student Chair Or Dining Chair, Tatami Cushion, Compressed Packaging"
1944,Unranked(New),General-Home-Textile,684.0,4.0,100,0.0,Geometric Pattern Clear Shower Curtain
1945,Unranked(New),General-Home-Textile,712.5,4.0,200,0.0,Solid Color Decorative Sheer Curtains
1946,Unranked(New),General-Home-Textile,829.35,4.0,90,10.0,"1pc Flower Pattern Sheer Panel Curtain, Modernist Polyester Ruffle Trim Decor Light Filtering Privacy Sheer Curtain For Home"
1947,#4 Best Sellers,in Bath Mats,579.5,5.0,0,0.0,"1 Pc Modern Style Polyester Leaf Pattern Rectangular Carpet, Absorbent Floor Mat Suitable For Living Room Home Use"
1948,Unranked(New),General-Home-Textile,1510.5,4.0,100,0.0,"2pcs Digital Printed Curtains, Modern Retro Style High-Grade Polyester Fiber Home Decoration Rod-Pocket Drapes, All Seasons Use"
1949,Unranked(New),General-Home-Textile,712.5,4.0,10,0.0,"A New Thick, Solid-Color, Wide Striped Plush Blanket. Multi-Functional Blanket That Can Be Used As A Bed Sheet, Cover, Nap Blanket, Or Pet Blanket (Thick Stripe Version)."
1950,Unranked(New),General-Home-Textile,652.65,4.0,100,27.0,"1pc Waterproof Pebble Shower Curtain, Thick Bathroom Curtain For Bathtub And Bath Room"
1951,Unranked(New),General-Home-Textile,228.0,4.0,100,0.0,"1pc Grey Palm Leaf Printed Cushion Cover, Modern Country Style Peach Skin Velvet Pillow Case For Sofa And Bed Decor"
1952,Unranked(New),General-Home-Textile,410.40000000000003,4.0,90,10.0,"1pc Stretchable All-cover Grayish Pink Geometric Pattern Milk Silk Chair Cover, Universal High Back Chair Cover For Home Dinner Chair, Simple And Modern Style, Suitable For Europe And America"
1953,Unranked(New),General-Home-Textile,436.99999999999994,6.0,100,0.0,"1pc Waterproof & Anti-Urine All Seasons Anti-Slip Sofa Cushion Cover,  Style Elastic Sofa Cover, Pet-Proof Solid Color Sofa Cover Suitable For L-Shaped Combination Sofas And 1/2/3/4 Seat Sofas (Sold Separately)"
1954,Unranked(New),General-Home-Textile,12451.65,4.0,0,28.0,"GO 2-Person Rattan Hanging Swing | Porch Hammock With Stand, Cushions, And Pillows | Durable Wicker Swing Chair Set | Ideal For Garden, Backyard, Pond - Available In 3 Colors"
1955,Unranked(New),General-Home-Textile,2356.0,4.0,70,2.0,"10pcs Linen Interlocking Floor Mat Bay Window Mat Seat Mat, Square Interlocking Carpet Fluffy Area Rug, Protective Anti-Slip Comfort Seat Pads Tatami Floor Mats"
1956,Unranked(New),General-Home-Textile,1270.1499999999999,8.0,40,30.0,"3pcs Satin Duvet Cover Set, Imitation Silk Bedding Set, Solid Color Quilt Cover Set (1pc Duvet Cover And 2pcs Pillowcases)"
1957,#7 Best Sellers,in Table Runners,304.0,4.0,0,0.0,"1pc Bohemian Cheese Cloth Table Runner, Transparent Tablecloth Suitable For Wedding, Bride, Baby Shower, Birthday Or Holiday Party Cake Table Decoration,Romantic Party Table Decoration Muslin Table Runner"
1958,Unranked(New),General-Home-Textile,190.0,5.0,80,0.0,1pc Solid Color Bath Towel Or 1pc Face Towel
1959,#6 Best Sellers,in Sofa Covers,342.0,4.0,0,0.0,"1pc Tropical Rainforest Leaf Pattern Milk Silk Sofa Seat Cushion Cover, Removable, Dustproof, Anti-Dirt, Four Seasons, Suitable For Outdoor Wicker Sofa"
1960,Unranked(New),General-Home-Textile,436.99999999999994,4.0,80,0.0,1pc Patriotic Welcome Doormat American Flag Stars Stripes Mat 4th Of July Door Mat For Independence Day Memorial Day Home Indoor Kitchen Decoration
1961,Unranked(New),General-Home-Textile,353.40000000000003,4.0,0,40.0,1pc Solid Diamond Pattern Cushion Cover
1962,#9 Best Sellers,in Sashes,566.2,4.0,0,22.0,"10pcs Plain Rhinestone Decor Party Chair Sash, Modern Polyester Chair Back Decoration For Party"
1963,Unranked(New),General-Home-Textile,237.5,4.0,200,22.0,"1pc White Table Runner,Romantic Polyester Solid Table Runner For Valentine's Day,Wedding Party,Anniversary Day,All Season"
1964,Unranked(New),General-Home-Textile,273.59999999999997,4.0,50,10.0,"Non Punching Installation Of Mosquito And Insect Resistant Screens, Self Assembling Screens, Household Self-Adhesive Windows, Simple Invisible Screen Curtains"
1965,Unranked(New),General-Home-Textile,237.5,4.0,100,0.0,"1pc-Magnetic Curtain Tiebacks Rope Modern Handmade Curtain Tie Backs Decorative Drapes Weave Holdbacks For Window Décor,Silver"
1966,Unranked(New),General-Home-Textile,921.4999999999999,4.0,0,0.0,4pcs Solid Color Pillowcase Without Filler
1967,Unranked(New),General-Home-Textile,712.5,4.0,20,0.0,"1pc HELLO And Welcome Rectangular Coconut Shell Entrance Welcome Doormat, Natural Fiber, Suitable For Indoor Or Outdoor Use - Decorative Script Hello Suitable For Spring, Summer, Autumn, And Winter, Living Room, Bedroom, Kitchen, Bathroom, And Porch"
1968,Unranked(New),General-Home-Textile,856.9,4.0,30,45.0,1pc Pink Elliptical Modern Popular Soft Living Room Bedroom Carpet Floor Mat
1969,Unranked(New),General-Home-Textile,5282.0,4.0,20,17.0,"Qucover Comforter Set 7 Pieces, Bed Set With Comforter And Sheets,Boho Tassel Bed In A Bag Soft Farmhouse Bedding Sets With Comforter,Pillow Sham,Pillowcase And Sheets"
1970,Unranked(New),General-Home-Textile,722.0,4.0,300,0.0,"1pc Waterproof All Seasons Elastic Sofa Cushion Cover With Simple Modern Style And Anti-Slip Sofa Cover For Living Room, Suitable For L-Shaped Sofa And 1/2/3/4 Seat Sofa"
1971,Unranked(New),General-Home-Textile,300.2,10.0,300,45.0,"1pc Solid Sofa Slipcover, Modern Polyester Stretch Sofa Slipcover For Home"
1972,Unranked(New),General-Home-Textile,513.0,4.0,200,0.0,"1pc Floral Print Ruffle Trim Fabric Apron, Modern Oil-proof Chef Apron For Kitchen"
1973,Unranked(New),General-Home-Textile,522.5,4.0,10,0.0,1pc Solid Color Pillow Cover Without Filler
1974,Unranked(New),General-Home-Textile,285.0,20.0,200,0.0,"1pc/4pcs/6pcs Solid Color Milk Silk Chair Cover, Polyester Elastic Dining Chair Cover"
1975,Unranked(New),General-Home-Textile,579.5,4.0,100,0.0,"Plush Cushion Cover Without Filler, Warm Throw Pillow Case, Pillow Insert Not Include, For Sofa, Living Room"
1976,Unranked(New),General-Home-Textile,113.05,8.0,100,30.0,"1pc Black Premium Silky Satin Envelope Pillowcase Pillow Covers Without Filling,Soft Breatheable Wrink-Free Better For Hair Skin Sleep"
1977,Unranked(New),General-Home-Textile,389.49999999999994,4.0,0,0.0,"1pc Solid Bedding Pillow, Simple White Non-woven Fabric Bedding Pillow For Home"
1978,Unranked(New),General-Home-Textile,361.0,4.0,100,0.0,Striped Cushion Cover Without Filler
1979,Unranked(New),General-Home-Textile,785.65,4.0,300,12.0,"1pc Decorative Throw Pillow Case, Embroidery Detail Tassel Decor Cushion Cover For Living Room, Home Decor"
1980,#8 Best Sellers,in Decorative Textile,363.85,4.0,0,15.0,"1 Pc Fluorescent Mushroom Plant Tapestry, Uv Blacklight Magical Forest Plant Scenery Wall Hanging Decor For Home Living Room Bedroom"
1981,Unranked(New),General-Home-Textile,508.24999999999994,4.0,200,22.0,"5pcs Rose Gold Satin Chair Sashes With Bow Knot Bow, Ideal For Wedding, Banquet, Party, Baby Shower Event Decor"
1982,Unranked(New),General-Home-Textile,950.0,4.0,30,0.0,Cute Apron Retro Polka Dot Aprons Ruffle Side Vintage Cooking Aprons With Pockets Adjustable Kitchen Aprons For Women Girls Waitress Chef Mother's Day Gift
1983,Unranked(New),General-Home-Textile,627.0,4.0,100,0.0,"1pc Splash-Proof Elastic All-Seasons Sofa Cushion Cover, Modern Minimalist Style Anti-Slip Sofa Cover, Living Room Sofa Protector Cover Suitable For L-Shaped Sofa And 1/2/3/4 Seater Sofa"
1984,Unranked(New),General-Home-Textile,494.0,4.0,200,0.0,"1pc, Elegant White Window Sheer With Beaded Edge Design, Made Of Polyester, Suitable For Living Room, Bedroom Window And Door Decoration"
1985,Unranked(New),General-Home-Textile,1123.85,4.0,60,35.0,"Heart Shaped Rug/Mat For Bedroom, Doorway And Living Room"
1986,Unranked(New),General-Home-Textile,950.0,4.0,1000,0.0,"4pcs/Set Farmhouse Pillowcase Decoration 45 X 45cm Eucalyptus Leaf Decoration Truck Sweet Home Spring Striped Pillowcase, Linen Cushion Cover Home Decoration Gift No Pillow Core"
1987,Unranked(New),General-Home-Textile,1605.4999999999998,4.0,500,0.0,"1pc Thickened, Anti-skid And Anti-dirty Bedroom Bedside Mat, Ideal For Rental And Home Use. Fresh Style Long Stripe Washable And Stain-proof Floor Mat"
1988,Unranked(New),General-Home-Textile,532.0,8.0,300,0.0,"1pc Tassel Pillow Cover For Sofa, Bed, Home Decor With Comfortable & Soft Washed Fabric And Lace & Tassel Decoration"
1989,Unranked(New),General-Home-Textile,484.49999999999994,4.0,400,0.0,"1pc Solid Fitted Sheet, Simple Fabric Plain Color Soft Fitted Bottom Sheet For Bedroom"
1990,Unranked(New),General-Home-Textile,456.0,4.0,100,0.0,1pc Marble Print Bath Rug Or 1pc Shower Curtain
1991,Unranked(New),General-Home-Textile,532.0,4.0,100,16.0,"1pc Coffee Cup Pattern Kitchen Carpet, Letter Pattern Polyester Floor Mat"
1992,Unranked(New),General-Home-Textile,845.5,4.0,700,0.0,1pc Star Stripe Double-Layer Curtain For Bedroom
1993,#3 Best Sellers,in Sofa Slipcovers,579.5,8.0,0,0.0,"1pc Waterproof Jacquard Elastic Sofa Seat Cover, Simple Modern Style Anti-Slip Sofa Cover, Protective Cover For Living Room L-Shape Sofa Or 1/2/3/4 Seats Sofa, Universal All Seasons"
1994,Unranked(New),General-Home-Textile,499.7,6.0,1100,24.0,"200gsm Flannel Double-side Printed Blanket, Soft, Comfortable, And Lightweight, Suitable For All Seasons, Ideal For Living Room, Bedroom, Airplane, Office"
1995,Unranked(New),General-Home-Textile,361.0,10.0,200,0.0,"1pc Cheese Cloth Table Runner Transparent Gauze Table Runner Suitable For Wedding, Bride, Baby Shower, Birthday Party, Picnic Table Decoration"
1996,Unranked(New),General-Home-Textile,2684.7000000000003,17.0,20,28.0,"Comforter Set - 5/7 Pieces, Bedding Set, Pintuck Bedding Sets For All Season, Bed In A Bag With Flat Sheet And Fitted Sheet, Pillowcases & Shams, Elegant Home Decor"
1997,#6 Best Sellers,in Blankets,845.5,7.0,0,0.0,"1pc Printed Throw Blanket, Multi-Color Patchwork Wram Blanket, For Room Decor, Sofa, Bedroom, Suitable For All Seasons, Lightweight, Machine Washable"
1998,#10 Best Sellers,in Couch Cover,694.4499999999999,6.0,0,15.0,"1pc Universal Four Seasons Sofa Cover, Modern Simple Design, Anti-Slip, Dustproof, Dirt-Resistant And Machine Washable Sofa Cover"
1999,Unranked(New),General-Home-Textile,266.0,4.0,80,0.0,"Marble Print Cushion Cover Without Filler, Modern Throw Pillow Case For Sofa"
2000,Unranked(New),General-Home-Textile,855.0,4.0,30,0.0,"New Arrival 2024! DeramHy Home 1 Piece Card Green Rug, Funky Aesthetic Retro Throw Area Rugs Non Slip Washable, Modern Abstract Cute Unique Bathroom Bedroom Rugs Fluffy Soft Small Rugs For Entryway Indoor, Funny Housewarming Gift"
2001,Unranked(New),General-Home-Textile,313.5,4.0,100,0.0,"1pc Bohemian Style Home Decor Tassel Tablecloth, Cream And Brown Fringe Table Runner With Tassel, Ideal For Restaurant, Living Room, Bedroom Decor Or Bridal Shower Gift"
2002,Unranked(New),General-Home-Textile,285.0,4.0,1000,21.0,"1pc Cobblestone Pattern Bath Rug, Soft Non-Slip Quick Dry Bath Mat, Water Absorbent Shower Carpet For Home Bathroom, Bathroom Accessories ,Bathroom Decor , Bathroom Decorations , Kitchen Area Rugs, Laundry, Bedrooom, Shower, Indoor Mat"
2003,Unranked(New),General-Home-Textile,585.2,15.0,20,20.0,"1pc Non-slip Long Plush Chenille Bathroom Floor Mat, Ultra Soft And Absorbent, Machine Washable"
2004,Unranked(New),General-Home-Textile,1898.1000000000001,4.0,40,43.0,"Luxury Fancy Jacquard Design Room Darkening Curtain Panel With Attached Waterfall Valance, 54 By 84-Inch Solid Plain Colors Rod Pocket Modern Semi Blackout For Living Room Bedroom And Dining Room"
2005,Unranked(New),General-Home-Textile,370.5,6.0,600,0.0,1PC Polyester Sofa Cushion Cover Geometric Stretch Living Room Sofa Cover Non-Slip Home Sofa Protective Cover
2006,Unranked(New),General-Home-Textile,583.3,4.0,300,1.0,"1pc - Flannel Envelope Style Plush Blanket As Gift For Father, Modern Style Polyester Long Rectangle Blanket Suitable For Multiple Scenario Use"
2007,Unranked(New),General-Home-Textile,204.25,4.0,0,50.0,"1pc Solid Cushion Cover Without Filler, Simple Fuzzy Square Throw Pillow Cover For Bedroom Sofa Home Decoration"
2008,Unranked(New),General-Home-Textile,646.0,4.0,200,0.0,"1pc Stretchy Dark Grey Floral Design Velvet Dining Chair Cover For Restaurant, Palace Style Seat Cover, Machine Washable"
2009,Unranked(New),General-Home-Textile,589.0,4.0,200,10.0,"1pc Two Tone Cushion Cover Without Filler, Modern Throw Pillow Cover, Pillow Insert Not Include, For Sofa, Living Room"
2010,Unranked(New),General-Home-Textile,1897.1499999999999,6.0,60,33.0,"Boho Farmhouse Shower Curtain Striped Textured Tassel Shower Curtains For Bathroom Minimalist Cloth Shower Curtain Set With Hook, Wrinkle Free, Navy Blue, 72x72"
2011,Unranked(New),General-Home-Textile,147.25,4.0,300,30.0,"1 PC   Satin Table Runner  Long Wedding Satin SilkTable Runner For Wedding Banquet Graduations Birthday Party Decoration,Satin  Table Runner,Table Decorations Holiday"
2012,Unranked(New),General-Home-Textile,560.5,5.0,200,0.0,"1pc Simple Style Ice Silk Solid Color Bed Cover With Smooth Satin Surface, Skin-friendly & Dust-proof Bedding For Bedroom"
2013,Unranked(New),General-Home-Textile,256.5,4.0,100,0.0,"Polyester Fabric Exquisite Cross Stitch Embroidery, Water-Soluble Hollow Lace Border Kitchen Table Runner, Heat Resistant And Stain Resistant Placemat Pad, Home Decoration For Family Gatherings, Room Decor Pink, Indoor/Outdoor Party Wedding Decoration Series, Size: 1PC Table Runner"
2014,Unranked(New),General-Home-Textile,608.0,4.0,200,0.0,"U-shaped Neck Pillow Portable Students Adults Pillow Cushion That Supports Neck And Protects Cervical Spine While Studying Or Travelling By Car, Office Or Other"
2015,Unranked(New),General-Home-Textile,541.5,4.0,100,0.0,1pc Two Tone U-shaped Pillow
2016,Unranked(New),General-Home-Textile,778.05,7.0,0,10.0,"1pc Plush Shell-Shaped Versatile Decorative Pillow For Living Room, Bedroom Or Car"
2017,Unranked(New),General-Home-Textile,186.2,4.0,70,18.0,"1pc Alphabet Series Pillowcase, Modern Simple Style 26 English Letters Printed One-sided Peach Skin Cushion Cover With Hidden Zipper, Suitable For Living Room Sofa Bedroom Bed Decoration"
2018,Unranked(New),General-Home-Textile,228.0,8.0,300,0.0,"1pc Solid Color Table Runner/Tablecloth/Party Table Banner, 28*275cm"
2019,Unranked(New),General-Home-Textile,1377.5,4.0,100,0.0,"Leaf Print Single Panel Blackout Curtain, Nordic Style Polyester Curtain For Living Room, Bedroom"
2020,Unranked(New),General-Home-Textile,579.5,4.0,1000,0.0,"1pc Floral Pattern Fitted Sheet, Modern Fabric Fitted Bottom Sheet For Bedroom"
2021,Unranked(New),General-Home-Textile,232.75000000000003,4.0,50,21.0,Metallic Gold Leaf Print Cushion Cover Without Filler
2022,Unranked(New),General-Home-Textile,712.5,18.0,100,0.0,10Pcs/Set Chair Back Flower Stretch Chair Back Knot Bow Back Wedding Chair Accessories Party Chair Cover Band With Buckle Slider Sashes Bow Hotel Banquet Celebration Wedding Decor
2023,#1 Best Sellers,in Table Napkins,503.5,4.0,0,0.0,"6pcs Cheesecloth Table Napkins, 50x50 Cm, Crumpled Rustic Bohemian Style, Ideal For Wedding, Party, Home Decoration"
2024,Unranked(New),General-Home-Textile,228.0,8.0,500,0.0,1pc Solid Colored Plain Table Runner/Tablecloth/Party Decoration Flag (28x275cm)
2025,Unranked(New),General-Home-Textile,1757.5,4.0,50,0.0,Round Ceiling Canopy Mosquito Net For Bed Heightening Multiple Colors Floor-Standing Circular Insect Netting All Seasons Usable For All Bed Sizes
2026,Unranked(New),General-Home-Textile,2374.0499999999997,4.0,0,46.0,Duvet Cover Set Patterned Microfiber Ultra Soft Bedding In Blossoms
2027,Unranked(New),General-Home-Textile,247.0,4.0,200,0.0,"Table Runner - Shiny Metallic Gold Tone Runner With Silvery Net And Running Figure, Perfect For Christmas, Thanksgiving, Weddings, Parties And Table Centerpiece Decoration, 1pc"
2028,#6 Best Sellers,in Sheer Panels,266.0,7.0,0,0.0,1pc Black Polyester Modern Simple Solid Color Window Sheer Curtain
2029,Unranked(New),General-Home-Textile,711.5500000000001,6.0,30,25.0,"LongNap™ 1pc Premium Silky Satin Flat Sheet, Soft Breatheable Wrink-Free Better For Sleep, Luxury Hotel Style, Gift For Mom Dad Friend, Dark Grey"
2030,Unranked(New),General-Home-Textile,2603.0,4.0,0,0.0,"4pcs Washed Microfiber Bedding Set, Plant Floral Pattern Duvet Cover, Bedsheet And Pillowcases, Soft And Machine Washable, Suitable For All Seasons, Mattress And Pillows Are Not Included"
2031,Unranked(New),General-Home-Textile,1218.85,4.0,70,25.0,Geometric Pattern Duvet Cover Set Without Filler
2032,Unranked(New),General-Home-Textile,304.0,4.0,100,0.0,"1pc Solid Color Chair Seat Cushion, Modern Polyester Chair Seat Cushion For Home, All Season"
2033,Unranked(New),General-Home-Textile,127.30000000000001,4.0,0,21.0,"5pcs, Dishcloth, Daily Cleaning Cloth, Grid Non-Stick Oil, Dishcloth, Kitchen Stovetop, Dish Washing, Pot Washing, Dish Cloth, Decontamination, Wire Dishcloth Easy To Wash, Household Dish Washing Strong Wear-Resistant, Kitchen Cleaning,Kitchen,Kitchen Items,Cleaning,Kitchen Towel"
2034,Unranked(New),General-Home-Textile,1852.5,6.0,20,0.0,"3pcs Floral Summer Quilt Set, Cooling And Breathable Fabric Bed Comforter And Pillowcases For Hot Sleepers, Lightweight And Thin Comforter For All Seasons, All Size For Twin, Queen, King Size Bed"
2035,#4 Best Sellers,in Bathroom & Laundry Mats,484.49999999999994,4.0,0,0.0,1pc Modern Style Polyester Fiber Rectangle Leaf Patterned Water Absorbent Floor Mat Carpet Suitable For Living Room And Home Use
2036,Unranked(New),General-Home-Textile,299.25,5.0,500,10.0,"1pc Jacquard Plain Stretchy Sofa Seat Cushion Cover, Modern Polyester Sofa Cushion Cover For Home"
2037,Unranked(New),General-Home-Textile,1896.2,4.0,40,55.0,"3PCS  Duvet Comforter Set -Fall Winter Down Alternative Filling  Warm Duvet insert with 2 Shams, Soft Breathable Microfiber Bedding Comforter with Corner Tabs-Machine Washable  White"
2038,Unranked(New),General-Home-Textile,1520.0,4.0,100,0.0,"3pcs Soft 100% Polyester Gold Butterfly Printed Pillowcase & Duvet Cover Set (2 Pillowcases + 1 Duvet Cover), Without Filling, Perfect Choice For Bedroom/Guest Room Decoration"
2039,Unranked(New),General-Home-Textile,2374.0499999999997,4.0,0,46.0,Duvet Cover Set Patterned Microfiber Ultra Soft Bedding In Desert Stripe
2040,#4 Best Sellers,in Trending Wall Decorations,380.0,4.0,0,0.0,"1pc Slogan Graphic Tapestry, Modern Flannelette Tapestry Poster Wall Hanging For Bedroom Aesthetic"
2041,Unranked(New),General-Home-Textile,1577.0000000000002,8.0,400,0.0,"1pc Pu Leather Material Kitchen Floor Mat In Khaki Color With Geometric Pattern, Simple Nordic Style, Non-slip, Shockproof, Easy To Clean, Relieve Stress On Feet, Water-resistant, Applicable For Kitchen"
2042,Unranked(New),General-Home-Textile,707.75,4.0,100,21.0,"1pc Round Shape Premium Soft Fluffy Easy To Clean Furry Warm And Cute Interior Decor Carpet, Suitable For Bedroom, Living Room, Dressing Room And Other Areas"
2043,Unranked(New),General-Home-Textile,598.5,4.0,60,0.0,"1pc Plush Patchwork Glitter Craft Pillowcase, European And American Style Contrast Color Sofa Cushion Cover For Home Decor, Versatile For All Seasons"
2044,Unranked(New),General-Home-Textile,975.65,6.0,80,22.0,"1pc Solid Color Four Seasons Universal Sofa Slipcover, Modern Style Polyester Fiber Rectangle Pet Hair Resistant Stretchy Couch Cover, Washable, Suitable For Living Room Home Decor"
2045,Unranked(New),General-Home-Textile,1586.5,4.0,50,0.0,"3pcs Polyester Leopard Print Duvet Cover Set (1 Duvet Cover, 2 Pillowcases), Without Filling"
2046,Unranked(New),General-Home-Textile,299.25,15.0,1000,25.0,"Quick-Drying Beach Towel Made Of Highly Absorbent Microfiber, Soft & Double-Sided Velour Beach Towel, Portable Lavender Yoga & Fitness Sports Towel"
2047,Unranked(New),General-Home-Textile,159.6,4.0,400,30.0,"Plain Cushion Cover, Simple White Polyester Throw Pillow Case, Pillow Insert Not Included, For Living Room Home Decor"
2048,Unranked(New),General-Home-Textile,436.99999999999994,9.0,300,0.0,"1pc Solid Color Sofa Seat Cushion Cover, Grey Polyester Removable Seat Cushion Cover, Scratch Resistant Sofa Cushion Cover For Living Room Office"
2049,#2 Best Sellers,in Decorative Tapestry,361.0,4.0,0,0.0,"1pc Sun & Moon Bohemian Floral Tapestry, Hippie Psychedelic Mystery Hanging Cloth, Vintage Aesthetic Wall Decor For Bedroom Living Room"
2050,Unranked(New),General-Home-Textile,484.49999999999994,5.0,400,0.0,"2/3pcs Satin Fitted Sheet Set - 1pc Satin Sheet And 1/2pcs Satin Pillowcase, Solid White, Deep Pocket Silk Fitted Fitted Sheet, Ultra Soft, For King Twin Queen Full Size Bedsheet"
2051,Unranked(New),General-Home-Textile,161.5,4.0,0,0.0,"10pcs/5pcs/3pcs Non-Stick & Non-Shedding Kitchen Cleaning Cloth, Highly Absorbent Hand & Dish Towel, Thick Cleaning Cloth For Home Cleaning, Double-Sided Absorbent Tablecloth, Hanging Soft & Quick-Drying Towel, Cute Square Face Towel For Washing & Wiping In Kitchen & Bathroom"
2052,Unranked(New),General-Home-Textile,513.0,4.0,50,0.0,"1pc Simple And Stylish Velvet And Linen Window Curtain, Suitable For Bedroom, And Multi-Size For Summer Time Filtering Uv-Proof Fine Mesh Sheer Curtains Suitable For Farmhouse, Vacation Home Decoration"
2053,Unranked(New),General-Home-Textile,836.0000000000001,4.0,300,0.0,"1pc Bohemian Geometric Print Decor Window Curtain, Blackout With Tassels, For Home Bedroom Living Room Dining Room Kitchen Door Cafe All-Season Decorative Curtains"
2054,Unranked(New),General-Home-Textile,974.6999999999999,4.0,60,10.0,"2pcs Lace Bath Towel Set For Adult, Oversized, Absorbent, Great For Beach, Face & Body, 1 Bath Towel + 1 Hand Towel"
2055,Unranked(New),General-Home-Textile,131.1,4.0,0,40.0,"Leaf Print Stretchy Chair Seat Cover, Polyester Dining Chair Seat Cushion Slipcover For Household"
2056,Unranked(New),General-Home-Textile,370.5,4.0,90,0.0,"1pc Solid Color Elastic Sofa Cushion Cover, Dust-Proof, Removable And Washable, Modern Minimalist Style, Suitable For Four Seasons, Living Room, Bedroom Home Décor"
2057,Unranked(New),General-Home-Textile,2094.75,4.0,90,25.0,3pcs/Set Multicolor Printed Chiffon Ruffle Trimmed Bedding Set
2058,Unranked(New),General-Home-Textile,456.0,4.0,70,0.0,1pc Marble Pattern Bath Rug Or 1pc Shower Curtain
2059,Unranked(New),General-Home-Textile,429.4,4.0,200,27.0,1pc Bohemian Style Fringe Decorative Pillowcase (For Vacation Vibe)
2060,Unranked(New),General-Home-Textile,485.45000000000005,4.0,100,30.0,"LongNap™ ChillTech 1pc New Upgrade! TPU 100% Waterproof Mattress Protector, Keep Your Mattress Dry & Clean,  More Softness & Breathable, Deep Pocket"
2061,Unranked(New),General-Home-Textile,570.0,4.0,90,0.0,"1pc Sunflower Tablecloth Rectangle Shape, Home Decorative, Spring&Summer Waterproof And Anti-Fouling Tablecloth, Suitable For Table And Party"
2062,Unranked(New),General-Home-Textile,957.6,6.0,20,40.0,"1pc Travel Blanket Pillow With Pockets With Soft Bag Pillowcase, Hand Luggage Sleeve, Premium Soft 2 In 1 Airplane Blanket, Travel Essentials On Airplane, Camping, Car, With Portable Soft Bag Pillowcase, Backpack Clip And Hand Luggage Belt, Compact Pack Large Rich Throw Blanket, Christmas Gifts And Backpack Clip Easter Gift Flight Essentials Car Pillow"
2063,Unranked(New),General-Home-Textile,503.5,4.0,100,0.0,"6pcs Cheesecloth Dinner Napkins, 50x50cm, Bohemian Rustic Style Wrinkled Tablecloth, Great For Wedding Party, Home Dining Table Decoration"
2064,Unranked(New),General-Home-Textile,323.0,9.0,1800,0.0,"1pc Solid Color Cheese Cloth Table Runner, Bohemian Style Polyester Tablecloth For Party Wedding Decoration"
2065,Unranked(New),General-Home-Textile,352.45,4.0,100,30.0,Plain Satin Body Pillowcase Without Filler
2066,Unranked(New),General-Home-Textile,332.5,18.0,2500,0.0,"1pc Pink Cheese Cloth Table Runner, Bohemian Gauze Cheese Cloth Table Runner, Transparent Table Runner, Rustic Style Perfect For Wedding, Bridal Shower, Baby Shower, Birthday Party, Cake Table Decoration"
2067,Unranked(New),General-Home-Textile,996.5500000000001,19.0,80,30.0,"LongNap™ 2/3pcs Supersoft Plain Duvet Cover Sets, Lightweight Cloud-like Feel Bedding, Duvet Cover*1 Pillowcase*1/2"
2068,Unranked(New),General-Home-Textile,361.0,4.0,600,0.0,"Dear Darling Design Studio Vacation 1pc Floral Print Tapestry,Boho Washable Tapestry Poster Wall Hanging For Bedroom Aesthetic"
2069,#1 Best Sellers,in Couch Cover,769.5,5.0,0,0.0,"1pc Embroidery Dutch Velvet Thick Sofa Cushion, Scratch & Dust Resistance Sofa Cover, Modern Luxury Style All-Purpose Sofa Cover For Sofa Protection"
2070,Unranked(New),General-Home-Textile,864.5,4.0,10,0.0,"1pc 1.5mm Thick Pvc Waterproof, Oil-Proof, Heat-Resistant, And Transparent Tablecloth See-Through Desk Mat For Dining Table, Coffee Table, Computer Desk"
2071,Unranked(New),General-Home-Textile,436.99999999999994,4.0,70,0.0,1pc Solid Fluffy Cushion Cover Without Filler
2072,Unranked(New),General-Home-Textile,280.25,4.0,40,50.0,"4pcs, Blend Placemats, Lemon Printed Small Fresh Style Yellow And White Buffalo Plaid Table Mats, Placemats For Dining Table, Room Decor"
2073,Unranked(New),General-Home-Textile,418.00000000000006,4.0,70,0.0,"1pc Beige Daisy Lace Tablecloth, Dustproof Cover For Coffee Table Or Piano, Suitable For Country House And Special Occasions Such As Dinner Parties, Gatherings, Wedding Decorations, Rectangle Dining Table Cloth"
2074,Unranked(New),General-Home-Textile,522.5,9.0,200,0.0,1PC Waterproof Corn Velvet Elastic Sofa Cushion Cover
2075,Unranked(New),General-Home-Textile,988.0,4.0,10,0.0,LOONEY TUNES X SHEIN Cartoon And Heart Printed Bath Towel
2076,Unranked(New),General-Home-Textile,1368.0,4.0,100,10.0,"One-Piece Dual-Layer Mesh Solid Beige Window Curtain, Double-Layered Curtain - 132cm Long, White Sheer Mixing Shiny Beige Curtain, Suitable For Children's Bedroom Or Living Room Insulated Light-Blocking Solid Color Steel Ring Home Decoration, Perfect For Girls' Princess Room Bedroom/Living Room/Dining Room Home Use"
2077,Unranked(New),General-Home-Textile,2279.0499999999997,8.0,10,0.0,"JOLLYVOGUE Full Size Comforter Sets, Beige Comforter Set For Full Size Bed, Soft Warm Bedding 3 Pieces For All Seasons, 1 Comforter (82""X86"") And 2 Pillow Shams (20""X26"")"
2078,Unranked(New),General-Home-Textile,275.5,4.0,100,0.0,"1pc Solid Sheer Panel Curtain, Minimalist Polyester Light Filtering Privacy Sheer Curtain For Home"
2079,Unranked(New),General-Home-Textile,769.5,4.0,200,0.0,"Polyester Single Panel Curtain, European Style Contrast Lace Single Panel Blackout Curtain For Bedroom And Living Room"
2080,Unranked(New),General-Home-Textile,175.75,4.0,100,29.0,"1pc Golden Gauze Table Runner & Metallic Flashing Tablecloth Roll For Wedding, Birthday, Home Table Decoration"
2081,Unranked(New),General-Home-Textile,1168.5,4.0,400,0.0,Flower Embroidered Single Panel Sheer Curtain
2082,Unranked(New),General-Home-Textile,380.0,5.0,200,0.0,1pc Geometric Jacquard Decor Faux Silk Pillowcase
2083,#5 Best Sellers,in Sofa Covers,1520.0,4.0,0,0.0,"1pc Solid Color Sofa Slipcover, Minimalist Polyester Tassel Decor Sofa Cover Blanket For Home"
2084,Unranked(New),General-Home-Textile,532.0,5.0,70,0.0,"1pc Velvet Jacquard Dust-Proof Sofa Cushion Cover, Modern Style Pet-Friendly Elastic Sofa Cover, Anti-Scratch Solid Color Sofa Slipcover Suitable For L-Shaped Sofas And 1/2/3/4 Seater Sofas (Single Sale)"
2085,Unranked(New),General-Home-Textile,579.5,8.0,300,0.0,1pc Waterproof Embossed Universal Elastic Sofa Cushion Cover With Modern Minimalist Anti-Slip Couch Cover For Living Room. Suitable For L-Shaped Sofas And 1/2/3/4-Seat Sofas
2086,Unranked(New),General-Home-Textile,836.0000000000001,4.0,200,0.0,"1pc Cushion Cover, Boho Fabric Woven Detail Tassel Decor Decorative Throw Pillow Case Without Filler For Home"
2087,Unranked(New),General-Home-Textile,1225.5,11.0,100,0.0,1pc Elastic Sofa Cover Polyester Fiber Knitted Milk Silk Couch Cover Universal Four Seasons
2088,#2 Best Sellers,in Beach Towels,598.5,4.0,0,25.0,"1pc Oversized Waterproof Beach Blanket For 4-7 Adults - Lightweight & Sandproof Picnic Mat For Travel, Camping, Hiking - Enjoy Comfortable Outdoor Activities(140*200) Beach Towel"
2089,Unranked(New),General-Home-Textile,1121.0,4.0,10,0.0,"1/2pcs Spandex Tablecloth, Stretchable Table Cover, Fitted Rectangular Tablecloth, Universal Stretchable Patio Table Cloth For Wedding, Banquet, Party And Event"
2090,Unranked(New),General-Home-Textile,124.45,4.0,60,23.0,"10pcs Window Screen Repair Patch - Strong Adhesive Mesh Repair Sticker, Cat & Bird Shaped Design"
2091,Unranked(New),General-Home-Textile,1304.3500000000001,4.0,80,25.0,"Marble Pattern Duvet Cover Set Without Filler,Marble Duvet Cover Set (1 Duvet Cover + Pillowcase), Soft Microfiber Bedding For All Season"
2092,Unranked(New),General-Home-Textile,453.15,4.0,200,10.0,"1pc Donut Pillow, Tailbone Inflatable Donut Cushion, Pillow Seat Cushion For Home Office Chair Wheelchair Car,With Inflation Cylinder"
2093,Unranked(New),General-Home-Textile,418.00000000000006,8.0,300,0.0,"1pc Solid Color Fitted Sheet, Mattress Protector, Mattress Cover, Bed Pad Cover, Soft Breathable And Comfortable Bedding, Minimalist Fabric Fitted Bottom Sheet For Home, For All Seasons, Dustproof Non-Slip, Dustproof Bedspread, Made Of Soft And Breathable Fabric"
2094,Unranked(New),General-Home-Textile,579.5,8.0,800,0.0,"1pc Waterproof Elastic Sofa Cushion Cover, Simple Modern Style Anti-Slip Sofa Cover, Living Room Sofa Protector Suitable For L-Shaped Sofas And 1/2/3/4 Seater Sofas"
2095,Unranked(New),General-Home-Textile,1652.9999999999998,4.0,40,40.0,"4pcs,Green Marble Pattern Shower Curtain Set, Modern Decorative Bathroom Set, Bathroom Rug, U-Shape Mat, Toilet Lid Pad, Water-Resistant Curtain Including 12 Hooks, Bathroom Accessories"
2096,Unranked(New),General-Home-Textile,655.5,6.0,100,0.0,"1pc High Elasticity Dining Chair Cover, Modern Polyester Washable Seat Dust Protector, Suitable For Restaurant, Hotel, All Seasons"
2097,Unranked(New),General-Home-Textile,209.95,4.0,80,18.0,"Gamepad Print Cushion Cover Without Filler, Modern Throw Pillow Cover, Pillow Insert Not Include, For Sofa, Living Room"
2098,Unranked(New),General-Home-Textile,541.5,4.0,10,0.0,"1pc Simple Floral Tablecloth - Great For Parties, Picnics, Dinners And Restaurant Decor - Linen-Like Tablecloth And Picnic Mat - Washable, High-End - Ideal Gift For Home Decor"
2099,Unranked(New),General-Home-Textile,2574.5,4.0,100,0.0,Sun And Moon Stars Hippie Throw Blanket Celestial Tapestry Double-Sided Reversible Woven Home Decor Bedding Chair Couch Recliner Cover Loveseat Rug Oversized Tassels Blue Yellow
2100,Unranked(New),General-Home-Textile,499.7,4.0,10,46.0,"1pc Men's Wearable Bath Towel With Pocket, Soft Coral Fleece Water Absorbent Shower Wrap, Solid Color Bathrobe For Bathroom Use, Ideal For Sauna, Spa, Showering"
2101,Unranked(New),General-Home-Textile,389.49999999999994,4.0,100,0.0,"1pc Sequin Decor Cushion Cover Without Filler, Throw Pillow Cover, For Sofa, Couch, For Living Room"
2102,Unranked(New),General-Home-Textile,275.5,4.0,50,0.0,"Tiger Print Cushion Cover Without Filler, Modern Throw Pillow Cover, Pillow Insert Not Include, For Sofa, Living Room"
2103,Unranked(New),General-Home-Textile,646.0,8.0,300,0.0,"1pc Solid Color Blackout Curtain, Minimalist Polyester Single Panel Blackout Curtain For Home"
2104,Unranked(New),General-Home-Textile,718.1999999999999,5.0,100,10.0,"1pair Polyester Pillowcase Without Filler, Geometric Quilted Pillow Cover For Bed"
2105,Unranked(New),General-Home-Textile,978.5000000000001,4.0,100,0.0,"1pc Disposable Wedding Carpet, Red Or White, Suitable For Wedding Ceremony, Event Stage, Shop Opening, Entrance Decoration"
2106,Unranked(New),General-Home-Textile,768.55,4.0,30,13.0,"4pcs Bathroom Anti-Slip Mat Splice Floor Mat Set, Suitable For Toilet, Shower Room, Waterproof Foot Pad"
2107,Unranked(New),General-Home-Textile,190.0,4.0,10,0.0,"1pc/4pcs/6pcs Splash-Proof Solid Color High Stretch Stool Cover, Chair Seat Cover, Dust-Proof Washable Removable Stool Surface Protective Cover, Suitable For Living Room, Dining Room, Hotel, Office"
2108,Unranked(New),General-Home-Textile,873.9999999999999,4.0,90,0.0,"1pc Silicone Mud Kitchen Mat With High End Texture & Gradual Line Pattern, Anti-Fatigue & Cushion, Water Absorbent & Quick Dry, Non-Slip Mat For Kitchen, Bathroom, Entrance, Laundry, Etc."
2109,Unranked(New),General-Home-Textile,351.5,4.0,100,0.0,"1pc Geometric Pattern Cushion Cover Without Filler, Modern Fabric Pillow Cover For Home"
2110,Unranked(New),General-Home-Textile,703.95,4.0,200,22.0,"Solid Color Fitted Sheet, Dark Green Elastic Fitted Sheet, For Bedroom"
2111,Unranked(New),General-Home-Textile,893.0,4.0,0,0.0,"1pc Universal Computer Office Chair Cover With Durable Zipper, Simple Style Printed Rotating Chair Desk Cover, For Desktop Computer Chair"
2112,Unranked(New),General-Home-Textile,964.25,5.0,100,30.0,Solid Color Ruffle Bed Skirt
2113,#2 Best Sellers,in Curtains,1016.4999999999999,4.0,0,0.0,"1pc Solid Outdoor Waterproof Curtain, White Polyester Curtain For Party, Wedding , Holiday"
2114,Unranked(New),General-Home-Textile,3039.0499999999997,4.0,100,36.0,"10 PCS White Chair Covers For Chair Decor - 16.9x18.8x38in Washable Removable Universal Stretch Spandex Dining Room Chair Slipcovers Protectors For Party, Concerts, Wedding Banquet Celebration Holiday Indoor / Outdoor Uses"
2115,Unranked(New),General-Home-Textile,1634.0,4.0,100,0.0,"1PC Ergonomic Anti-Slip Water Absorbent Kitchen Mat Woven Brown Anti-Slip Rubber Bottom Easy To Clean And Large Comfortable Carpet Suitable For Home Office, Seasonal Decorative Floor Mat Carpet"
2116,#2 Best Sellers,in Mattresses,8548.1,4.0,0,55.0,"5 Inch Green Tea Memory Foam Mattress Cooling Gel Infused Mattress,Medium Firm Mattresses Fiberglass Free/CertiPUR-US Certified/Bed-In-A-Box/Pressure Relieving"
2117,Unranked(New),General-Home-Textile,434.15000000000003,5.0,100,32.0,"1pc HELLO And Welcome Rectangular Coconut Shell Entrance Welcome Doormat, Natural Fiber, Suitable For Indoor Or Outdoor Use - Decorative Script Hello Suitable For Spring, Summer, Autumn, And Winter, Living Room, Bedroom, Kitchen, Bathroom, And Porch"
2118,Unranked(New),General-Home-Textile,418.00000000000006,4.0,70,0.0,"1pc Brushed Solid Color Fitted Sheet, Deep Pocket Mattress Protector Cover For Bed, Soft And Breathable Bedsheet, Bedding Supplies, Simple Style, Perfect Fit For Twin Full King Queen All Size Bed"
2119,Unranked(New),General-Home-Textile,168.15,6.0,100,41.0,1pc Minimalist Cushion Cover Without Filler
2120,Unranked(New),General-Home-Textile,703.0,4.0,90,0.0,1PC Entry Door Mat Cute Cat Letter Print Welcome Mat Modern Living Room Bedroom Hallway Non Slip Floor Mat
2121,Unranked(New),General-Home-Textile,275.5,8.0,100,0.0,"1pc 28*275cm Plain Color Table Runner, Tablecloth, Party Table Banner"
2122,Unranked(New),General-Home-Textile,836.0000000000001,4.0,0,0.0,1pc Plain Stretchy Office Chair Slipcover
2123,Unranked(New),General-Home-Textile,547.1999999999999,4.0,100,17.0,1pc Plain Stretchy Bench Cover
2124,Unranked(New),General-Home-Textile,294.5,9.0,30,0.0,"1pc Cheese Cloth Tablecloth, Bohemian Gauze Table Runner, Thin Transparent Tablecloth, Suitable For Baby Shower, Wedding, Bride, Birthday, Party, Table Decoration"
2125,Unranked(New),General-Home-Textile,456.0,5.0,100,0.0,"1pc Geometric Pattern Pink Stretchy Sofa Seat Cover, Polyester Soft Stretchy Sofa Slipcover For Household"
2126,Unranked(New),General-Home-Textile,566.2,4.0,100,14.0,Solid Plush Rug
2127,Unranked(New),General-Home-Textile,452.2,8.0,800,16.0,"1pc Jacquard Sofa Seat Cushion Cover, Chair Cover Sofa Slipcovers, Stretch Washable Removable Slipcover, Polar Fleece Sofa Protector"
2128,Unranked(New),General-Home-Textile,304.0,4.0,100,0.0,"Soft Coral Fleece Towel Set - Absorbent Bath And Face Towels, Ideal For Home, Gym, And Pool Use"
2129,Unranked(New),General-Home-Textile,380.0,4.0,500,0.0,1pc Peach Skin Background Cloth Ins Hanging Cloth Layout Room Graffiti Tapestry Bedroom Bedside Wall Cloth Background Wall Decoration Hanging Canvas Art
2130,Unranked(New),General-Home-Textile,692.55,5.0,70,10.0,"1pair Grey Pillow Case Without Filler, Minimalist Polyester Jacquard Bed Pillow Case For Home"
2131,Unranked(New),General-Home-Textile,1848.7,10.0,20,44.0,"LongNap™ 2/3pcs Supersoft Zigzag Plain Quilted Bedspread Set, Lightweight Cloud-like Feel Bedding, Bedspread*1 Sham*1/2"
2132,Unranked(New),General-Home-Textile,1444.95,4.0,10,10.0,"Universal Elastic Sofa Cover For Sofa Seat And Backrest, Slip Resistant Sofa Armchair Cover Furniture Protector"
2133,Unranked(New),General-Home-Textile,461.70000000000005,4.0,10,40.0,"1pc Floral Shower Curtain Colorful Shower Curtain Flower Boho Bright Unique Flowered Fabric Bohemian Shower Curtain For Bathroom With 12 Hooks, 36/59/72/78x72 Inch"
2134,Unranked(New),General-Home-Textile,701.1,4.0,100,10.0,"1pc Line Art Pillow Cover With Canvas Fabric, Nordic Style Tufted Four-Corner Tassel Decoration, For Sofa, Bed, Car, All Seasons Use"
2135,Unranked(New),General-Home-Textile,1862.0000000000002,4.0,0,0.0,1 Pack Pink Melting Skull Tufting Rug Fluffy Cartoon Animal Mat Carpet Area Floor Pad Bedroom Aesthetic Home Room Decor For Teen
2136,Unranked(New),General-Home-Textile,836.0000000000001,4.0,200,0.0,1pc Creative Sunrise Or Sunset Scenery Wall Decoration Hand-Woven Tapestry
2137,Unranked(New),General-Home-Textile,988.0,4.0,300,0.0,Leaf Embroidered Single Panel Sheer Curtain
2138,Unranked(New),General-Home-Textile,4084.05,4.0,0,31.0,Comforter - All Season Comforters Queen Size - Plush Siliconized Fiberfill - White Bed Comforter - Box Stitched
2139,#7 Best Sellers,in Sheer Panels,949.0500000000001,4.0,0,10.0,1PC Dark Green Sheer Vintage Tulle Curtains Elegant Ruffle Embroidered Flowers Light Filtering Window Drapes for Bedroom Balcony
2140,Unranked(New),General-Home-Textile,1218.85,4.0,200,25.0,Heart Pattern Duvet Cover Set Without Filler
2141,Unranked(New),General-Home-Textile,1586.5,4.0,30,0.0,"3pc Soft 100% Polyester Personality English Letter Print Pillowcase And Duvet Cover Set (2 Pillowcases + 1 Duvet Cover), Perfect Choice For Bedroom/Guest Room Decoration, Filling Not Included"
2142,Unranked(New),General-Home-Textile,873.9999999999999,4.0,0,0.0,1pc Plain Towel Or Bath Towel
2143,Unranked(New),General-Home-Textile,750.5,4.0,100,0.0,"1pc Cartoon Pink Floral Pattern Fiber Printed Ultra Soft Absorbent Microfiber Beach Towel With Sunscreen Protection For Outdoor Use, Unisex"
2144,Unranked(New),General-Home-Textile,1943.7,4.0,500,30.0,"1pc Knitted Blanket/throw/towel For Office Nap/sofa/air Conditioning, Rest Blanket With Knit Cover"
2145,Unranked(New),General-Home-Textile,1003.2,9.0,70,35.0,One Waterproof Stretch Solid Color Home Sofa Cover
2146,Unranked(New),General-Home-Textile,655.5,10.0,20,0.0,"1pc Cheese Cloth Banner Transparent Gauze Table Runner, Perfect For Wedding, Bridal Shower, Baby Shower, Birthday Party, Picnic And Table Decorations"
2147,Unranked(New),General-Home-Textile,883.5000000000001,4.0,400,0.0,"Tufted & Tassel Detail Cushion Cover Without Filler, Modern Throw Pillow Case, For Sofa, Living Room"
2148,Unranked(New),General-Home-Textile,2037.75,9.0,20,25.0,Heart Embroidery Duvet Cover Set Without Filler
2149,Unranked(New),General-Home-Textile,940.5,4.0,20,55.0,"1pc Floral Embroidered Cushion Cover, Suitable For All Seasons And Home Decoration"
2150,Unranked(New),General-Home-Textile,5129.05,4.0,50,66.0,"12PCS Foam Floor Tiles 24x24"" Interlocking Floor Mats 48sq.Ft. Waterproof Gym Flooring Wood Grain Puzzle Mats For Home Floor Exercise, Floor Foam Mat Mat For Home Workout Equipment"
2151,Unranked(New),General-Home-Textile,927.1999999999999,4.0,30,36.0,"1pc 90*180cm Personalized Beach Towels For Men Women Custom Beach Towels For Adults Name Beach Towel Bath Towel, Pool Towel For Bathroom Personalize With Your Name"
2152,Unranked(New),General-Home-Textile,1187.5,4.0,80,0.0,1pc Seasonal Milk Silk Sofa Cover With High Elasticity And Stretchability (Including Anti-Skid Fixing Strip)
2153,Unranked(New),General-Home-Textile,693.5,4.0,0,0.0,"1pc Faux Wool Pink Plush Heart Shaped Pillow Cover, Suitable For Living Room And Bedroom, Soft, Comfortable, Non-Shedding, Washable, Foldable, Detachable, Can Be Used For Sofa, Bay Window And Room Decoration"
2154,Unranked(New),General-Home-Textile,304.0,4.0,60,0.0,"Leaf Print Stretchy Chair Cover, Modern Dining Chair Slipcover For Dining Room"
2155,Unranked(New),General-Home-Textile,266.0,4.0,200,0.0,"1Pc Slogan Print Cushion Cover, Simple Throw Pillow Case, Pillow Insert Not Include, For Sofa Decor Bedroom Room Stuff"
2156,#10 Best Sellers,in Sashes,1007.0,6.0,0,0.0,10pcs Royal Blue Satin Chair Sashes Hotel Party Banquet Chair Tie Knots Birthday Event Wedding Decoration Chair Ribbon Bows
2157,Unranked(New),General-Home-Textile,817.0,4.0,100,0.0,"A Blanket Made Of Snow Velvet Plush, Light Luxury Style, Suitable For Four Seasons, Can Be Used As A Bed Blanket, Sofa Blanket, Office Nap Blanket, And Airplane Blanket."
2158,#9 Best Sellers,in Beach holiday shopping list,722.0,4.0,0,0.0,"1pc Sunset Island Palm Tree Pattern Beach Towel, Microfiber Printed Quick Dry Absorbent Towel For Swimming, Vacation, Travel, Camping"
2159,Unranked(New),General-Home-Textile,1041.2,4.0,100,55.0,"Thick Slouchy Style Hooded Printed Flannel Blanket With Sleeves, Suitable For Outdoor Use As A Coat, Keep You And Your Partner Warm, Perfect For Snuggling And Watching Tv"
2160,Unranked(New),General-Home-Textile,912.0,4.0,10,0.0,Plain Tassel Decor Single Panel Curtain
2161,Unranked(New),General-Home-Textile,2137.5,4.0,10,0.0,Butterfly Print Glow in The Dark Duvet Cover Set Without Filler
2162,Unranked(New),General-Home-Textile,617.5,4.0,500,0.0,"1pc For My Dad Blanket,Gifts For Dad, Dad Gifts, Dad Birthday Gift, Funny Dad Gifts For Birthday, Birthday Gifts For Dad, New Dad Gifts, Gifts For Dad From Daughter, Best Dad Ever Gift Ideas Blanket"
2163,Unranked(New),General-Home-Textile,397.09999999999997,4.0,200,13.0,"Flower Print Shower Curtain With 12pcs Hook, White Modern Shower Curtain For Bathroom"
2164,Unranked(New),General-Home-Textile,531.05,7.0,40,30.0,"LongNap™ 1pc Supersoft 280GSM Flannel Fleece Blanket, Lightweight Fuzzy Throw Blanket For Bed Couch Sofa Travel, Light Grey"
2165,Unranked(New),General-Home-Textile,1016.4999999999999,10.0,100,0.0,"1pc Extra Deep Pocket Fitted Sheet In Dark Green Color For Bedroom, Soft And Breathable Bedding Set (Suitable For 45cm To 60cm Thick Mattress)"
2166,Unranked(New),General-Home-Textile,950.0,4.0,800,0.0,"1pc Black Safety Shower Mat With Drain Holes, Soft PVC Material Bathroom Mat With Suction Cups, -Friendly And Machine Washable. Suitable For Shower Cubicles And Bathtubs In Various Colors And Sizes (Please Choose The Right Size), Shower Mat, Bathroom Anti-Slip Mat, Bathtub Mat, Indoor Entrance Mat, Bathroom Carpet, Bathroom Decoration, Bathroom Accessories."
2167,Unranked(New),General-Home-Textile,1446.8500000000001,4.0,30,25.0,"3pcs Fashionable Cartoon Game Controller, Letter & Digital Printed Bedding Set"
2168,Unranked(New),General-Home-Textile,1520.0,4.0,100,0.0,"1pc Plush 3d Round Ball Shaped Pool Pu Leather Black 8 Design Decorative Cushion, Creative Sofa Pillow, All Seasons Home Decorative Backrest Pillow"
2169,Unranked(New),General-Home-Textile,1206.5,4.0,700,0.0,"3pc Plain Bed Sheet Set (Fitted Sheet And Pillowcases) For Double/Queen/King/California King Size Bed, With Deep Pocket, Made Of Soft Microfiber, Shrink Resistant And Fade Resistant, Easy To Care, Fits For Extra Deep Mattress"
2170,Unranked(New),General-Home-Textile,1804.05,8.0,10,0.0,"JOLLYVOGUE Full Size Comforter Sets, Beige Comforter Set For Full Size Bed, Soft Warm Bedding 3 Pieces For All Seasons, 1 Comforter (82""X86"") And 2 Pillow Shams (20""X26"")"
2171,Unranked(New),General-Home-Textile,518.7,4.0,50,32.0,"1pc Leopard Embroidery Decorative Pillow Cover, Suitable For All Seasons, Home/Office/Car Decor"
2172,Unranked(New),General-Home-Textile,579.5,4.0,80,0.0,"Non-Slip Kitchen Carpet Floor Mat, Washable Carpet For Laundry Room, Farmhouse, Bathroom, Hallway, Entryway"
2173,Unranked(New),General-Home-Textile,361.0,4.0,100,0.0,"1 Panel Of French Country Style White Gauze Curtain With Pompon Balls For Living Room/Bedroom/Balcony/Kid\ Room, 4-Season Decoration With Light Filtering And Rod Pocket Design."
2174,Unranked(New),General-Home-Textile,332.5,18.0,1000,0.0,1pc Wine Red Cheese Cloth Table Runner Bohemian Gauze Cheese Cloth Table Runner Rustic Sheer Table Runner Fit For Wedding Bridal Shower Baby Shower Birthday Party Cake Table Decoration
2175,Unranked(New),General-Home-Textile,254.60000000000002,4.0,30,51.0,"1pc Independence Day Striped Star Table Runner, Modern Simple Linen-Like Rectangular Indoor Outdoor Festival Decoration For Home Living Room Table Cabinet"
2176,Unranked(New),General-Home-Textile,2849.0499999999997,4.0,30,55.0,"Chambray Comforter Sets,Lightweight Farmhouse Comforter Bedding Set For All Seasons,Boho Solid Bed Comforter Sets, Available In Sage Green, Grey, Neutral, Navy,Twin/Twin XL, Full/Queen, King/Cal King, Rena"
2177,Unranked(New),General-Home-Textile,1190.35,11.0,200,30.0,3pcs/set Color-block Ab Side Polyester Blend Bedding Set (duvet Cover + Bedsheet + Pillowcase)
2178,Unranked(New),General-Home-Textile,475.0,4.0,10,0.0,"1pc Wooden Board Pattern Area Mats,For Bedroom Living Room Decor Rug,Kitchen Bathroom Anti-Slip Absorbent Floor Mat, Bedside Carpe,Laundry Carpet,Soft Comfort Standing Mat"
2179,Unranked(New),General-Home-Textile,8952.8,4.0,20,28.0,"MRH 12"" Medium Pocket Spring Hybrid Mattress CertiPUR-US Certified Foam   White"
2180,Unranked(New),General-Home-Textile,620.35,4.0,50,25.0,"1pc Soft, Comfortable, And Lightweight Baseball Print Beach/Picnic Towel - Sweat-Absorbent And Quick Drying - Perfect For Outdoor Beach Travel, Swimming, Fitness Center, And Yoga Beach Towel"
2181,Unranked(New),General-Home-Textile,304.0,4.0,400,0.0,"1pc Moonlit Mushroom Forest Printed Tapestry, Modern Style Polyester Fiber Square Decoration Wall Hanging Tapestry Suitable For Living Room Bedroom Decor"
2182,Unranked(New),General-Home-Textile,456.0,4.0,20,0.0,"1pc Bohemian Watercolor Floral Pattern Kitchen Mat, Non-Slip And Anti-Fouling Design Floor Mat For Kitchen Decoration, Home Decor"
2183,Unranked(New),General-Home-Textile,693.5,4.0,300,0.0,"1pc Single Panel Bohemian Style High-Quality Linen Curtains In Beige, Adorned With Tassels. This Semi-Blackout And Heavyweight Curtain Filters Harsh Sunlight, Ideal For Bedroom, Living Room, Dining Room, Children's Room, Nursery, Farmhouse, Coffee Shop, Kitchen, Etc."
2184,Unranked(New),General-Home-Textile,598.5,7.0,600,0.0,"1pc Soft Plush Carpet, Fluffy Decorative Rug For Living Room And Bedroom, Non-slip And Non-shedding, Suitable For Dormitory, Kindergarten, Children's Room, Home Decor, Black And White Cow Print"
2185,Unranked(New),General-Home-Textile,1510.5,4.0,80,0.0,"A Set Of Double Layer Pink Window Curtains, With White Gauze Mixed With Light-Blocking Curtains, Suitable For Use In Children\ Girl Princess Room Bedroom/Living Room/Dining Room Home Decoration, With Double Layer Shading And Heat Insulation Pure Color Ring Hanging Design."
2186,Unranked(New),General-Home-Textile,148.20000000000002,4.0,900,38.0,"1pc Large Rectangle Plastic Party Tablecloth, Solid Color Table Decoration For Birthday, Festival, Wedding And New Year Parties, Suitable For Camping & Picnic"
2187,Unranked(New),General-Home-Textile,1149.5,4.0,0,0.0,"1pc Solid Color Blanket, Grey Simple Flannelette Warm Blanket For Sleeping"
2188,Unranked(New),General-Home-Textile,239.4,5.0,20,40.0,1pc Plain Stretchy Sofa Seat Cover
2189,Unranked(New),General-Home-Textile,722.0,4.0,300,0.0,"Rick and Morty X SHEIN Cartoon Printed Floor Mat, Decorative Door Mat For Home Use"
2190,Unranked(New),General-Home-Textile,332.5,5.0,400,0.0,"1pc Table Runner - 90*180cm / 90*300cm Table Decoration For Wedding, Birthday Party And Tabletop Decor"
2191,Unranked(New),General-Home-Textile,530.1,5.0,100,52.0,1PC Waterproof Jacquard Living Room Sofa Cushion Cover Polyester Home Non-slip Sofa Protective Cover
2192,Unranked(New),General-Home-Textile,1709.05,5.0,10,49.0,"Bathroom Rug Mat, Soft Absorbent Bath Rugs, Non-Slip Washable Bath Mat, Zen Style Carpet For Tub, Shower, Bath Room"
2193,Unranked(New),General-Home-Textile,1339.5,4.0,0,0.0,"Summer Black Striped Breathable Mosquito-Proof Magnetic Automatic Closing Screen Door Curtain For Home Use, With Various Sizes Available For Bedroom Protection Against Mosquitoes And Insects"
2194,Unranked(New),General-Home-Textile,2001.65,4.0,40,30.0,Ruffle Decor Duvet Cover Set Without Filler
2195,Unranked(New),General-Home-Textile,256.5,4.0,70,0.0,"Geometric Print Cushion Cover Without Filler, Modern Throw Pillow Case, For Sofa, Living Room"
2196,Unranked(New),General-Home-Textile,722.0,4.0,200,0.0,"Tassel Decor Single Panel Curtain, Modern Polyester Curtain For Bedroom And Living Room, All Season"
2197,Unranked(New),General-Home-Textile,572.85,4.0,300,10.0,"1pc Jacquard Style Thicken Warm Chair Cover, Warm & Soft Solid Color Chair Pad Cover Suitable For Living Room, Kitchen, Dining Room, Bedroom, And Office"
2198,Unranked(New),General-Home-Textile,332.5,4.0,60,50.0,"1pc Beach Towel, Anchor Print Bath Towel, Quick-Drying Towel For Outdoor Beach, Travel And Beach Accessories"
2199,Unranked(New),General-Home-Textile,215.65,14.0,200,37.0,"One Misty Blue Starry Sky Pattern Decorative Pillowcase (Excluding Pillow Core), Fashionable & Modern Square Chenille Cushion Cover For Daily Home Use On Sofas, Beds, Cars Etc., All-Year-Round Use"
2200,Unranked(New),General-Home-Textile,522.5,4.0,90,0.0,"1pc Jacquard Sheer Curtains For Home Decor With Floral Pattern, Suitable For Living Room, Bedroom, Balcony, Kitchen, Bay Window"
2201,Unranked(New),General-Home-Textile,505.40000000000003,4.0,100,30.0,"1pair Waterproof Pillowcase Without Filler, White Simple Bed Pillow Cover For Bedroom"
2202,Unranked(New),General-Home-Textile,309.7,6.0,100,42.0,"1pc Solid Color No Tools Pleated Fabric Shades With Two Clips Light Filtering Paper Pleated Blinds With Adhesive No Drilling Self Adhesive Blinds Easy To Cut And Install,  Easy Pleated Curtain For Bedroom Living Room Office Bathroom"
2203,#8 Best Sellers,in Sheer Panels,266.0,7.0,0,0.0,1pc Polyester Modern Simple Solid Color Sheer Curtain
2204,Unranked(New),General-Home-Textile,1005.1,4.0,30,25.0,1pc Portable Waterproof Beach Mat Or Picnic Mat Beach Towel
2205,Unranked(New),General-Home-Textile,836.0000000000001,4.0,100,0.0,"1pc Butterfly Beach Towel, Ultra Fine Fiber Oversized Beach Blanket, Super Absorbent Bath Towel, Suitable For Travel, Swimming Pool, Diving, Surfing, Yoga, Camping, Various Sizes For Adults And Children, Beach Accessory"
2206,Unranked(New),General-Home-Textile,503.5,4.0,400,0.0,"1pc Solid Sheer Panel Curtain, Minimalist Polyester Breathable Light Filtering Privacy Sheer Curtain For Home"
2207,Unranked(New),General-Home-Textile,1247.3500000000001,9.0,100,25.0,Heart Pattern Duvet Cover Set Without Filler
2208,Unranked(New),General-Home-Textile,1261.6,4.0,60,25.0,Flower Print Duvet Cover Set Without Filler
2209,Unranked(New),General-Home-Textile,532.0,4.0,100,0.0,1pc Linen Silver-Stamped Tree Leaves Curtain For Living Room And Bedroom
2210,Unranked(New),General-Home-Textile,513.0,4.0,80,10.0,"1pc Plaid Pattern Decorative Throw Pillow Case, Fabric Cushion Cover For Living Room, Home Decor"
2211,Unranked(New),General-Home-Textile,1054.5,13.0,70,0.0,"2 Panels Blackout Curtains, Outdoor/Indoor Curtains, Room Darkening Window Drapes, Thermal Insulated Drapes, Solid Modern Style Polyester Blend Curtains For Bedroom, Living Room, And Balcony, Easy To Hang"
2212,Unranked(New),General-Home-Textile,266.0,4.0,800,0.0,1pc Tassel Decor Tablecloth
2213,Unranked(New),General-Home-Textile,275.5,4.0,40,0.0,"1/2/4/6 Piece Towel Made Of Polyester Fiber 13.07 * 28.84 Inches. Easy To Use In Any Color, Suitable For Both Men And Women, Adult Household Use, Good Water Absorption, Quick Drying, Soft And Non Shedding Colors Suitable For Bathrooms, Hotels, Gyms, And Travel"
2214,Unranked(New),General-Home-Textile,532.0,4.0,50,0.0,"1pc Solid Cushion Cover, Brown PU Simple Pillow Cover For Bedroom Living Room Sofa, Pillow Insert Not Included"
2215,Unranked(New),General-Home-Textile,351.5,8.0,100,0.0,"1pc Chiffon Tablecloth, Transparent Table Cover For Wedding, Bridal Shower, Baby Shower, Bachelorette, Birthday, And Holiday Decorations"
2216,Unranked(New),General-Home-Textile,655.5,4.0,300,0.0,"Solid Minimalist Tablecloth, White Simple Polyester Table Cover For Dining Room"
2217,Unranked(New),General-Home-Textile,332.5,5.0,50,0.0,Galaxy Space UV Reactive Tapestry Hippie Astronaut Neon Art Tapestries Wall Hanging For Bedroom Aesthetics Dorm Party Decor
2218,Unranked(New),General-Home-Textile,270.75,4.0,50,45.0,"1pc Gingko Leaf Table Runner, Modern Style, 33cm*183cm/13inch*72inch, Rectangular, Single-Side Printed, Home Decoration Table Runner, Kitchen Decoration, Simple And Elegant, Suitable For Home Kitchen Decoration And Event Party Decoration"
2219,Unranked(New),General-Home-Textile,551.0,6.0,0,0.0,1pc New 100% Fully Blackout Coated Solid Color Simple Fashion Rod Pocket Decor Heat Insulation Window Curtain
2220,Unranked(New),General-Home-Textile,1121.0,4.0,100,0.0,"1pc Plush Lovely Warm Brown Dog Shaped Cushion Pillow, Indoor Bedroom Decorative Pillow, Four Seasons Home Decor Pillow"
2221,Unranked(New),General-Home-Textile,465.50000000000006,4.0,100,0.0,"1pc Black & White Diamond Grid Printed Curtain, Minimalist Style Polyester Fiber Printed Curtain For Living Room, Balcony, Bedroom"
2222,#8 Best Sellers,in Kitchen Table Runners,313.5,4.0,0,0.0,"1pc Cheese Cloth Tablecloth, Gauze Tablecloth Suitable For Wedding/bridal Shower/birthday Party/bohemian Table Decoration And Rustic Romantic Wedding Runner"
2223,Unranked(New),General-Home-Textile,319.2,7.0,100,48.0,"1pc Magic Tape Blackout Curtains For Bedroom-96% Blockout Living Room Kitchen, Room, And Party Decor - Easy To Install"
2224,Unranked(New),General-Home-Textile,352.45,18.0,80,30.0,"2pcs Satin Solid Color Pillowcase, Soft Pillow Cover With Envelope Closure For Bedroom, Bedding Supplies"
2225,Unranked(New),General-Home-Textile,1814.5000000000002,4.0,60,0.0,Frida Kahlo X SHEIN Hummingbird And Floral Print Bedsheet Set
2226,Unranked(New),General-Home-Textile,163.4,4.0,1000,66.0,"1pc, Mexican Style Skull Linen Table Runner, Waterproof Stain Resistant Seasonal Holiday Halloween Day Of The Dead Burlap Dresser Scarf, Tabletop Protection, Family Gather Holidays Decoration, Gift, Home Decor,  Scene Decor, Party Supplies"
2227,Unranked(New),General-Home-Textile,1149.5,15.0,10,0.0,"3pcs Light Green Vine Bedding Set - Polyester Duvet Cover, With 2 Pillowcases, For Twin/Full/Queen/King/Cal-King Size Bed, Shrinkage And Fading Resistant, Skin-Friendly And Easy To Care, Easy To Fit Mattress"
2228,Unranked(New),General-Home-Textile,1463.0,4.0,90,30.0,Two Tone Duvet Cover Set Without Filler
2229,Unranked(New),General-Home-Textile,845.5,4.0,60,0.0,"1pc Solid Color Rectangle Shaped Bath Mat With Anti-slip Bottom, Superfine Fiber Material For Bedroom, Bathroom, Living Room, Etc."
2230,Unranked(New),General-Home-Textile,598.5,4.0,90,0.0,"1PC Metallic Detail Cushion Cover Without Filler, Simple Throw Pillow Case, For Sofa, Living Room"
2231,Unranked(New),General-Home-Textile,436.05,4.0,200,10.0,"1/3pc Bathroom Rugs Sets 3 Piece, Velvet  Foam Bath Mat - Non-Slip, Machine Washable Bath Rugs-Dries Q"
2232,Unranked(New),General-Home-Textile,2109.0,4.0,100,0.0,Three-Piece Heart Pattern Quilt Cover Pillowcase Set
2233,Unranked(New),General-Home-Textile,2679.9500000000003,4.0,0,28.0,"Modern Area Rug, 3x5 4x6 5x7 Ft Abstract Slim Area Rug,Non-Slip Living Room Bedroom Rug,Indoor Entryway Kitchen Rug,Office Rug,Non-Shedding Soft Low Pile Floor Decor,Blue-Gray"
2234,Unranked(New),General-Home-Textile,304.0,6.0,90,0.0,"1pc Bertram Eats Pattern Printed Tapestry, Modern Polyester Square Decorative Tapestry Suitable For Living Room And Bedroom Decoration"
2235,Unranked(New),General-Home-Textile,3419.05,9.0,10,22.0,1/2/3 Seat Sofa Cover Velvet Stretch Couch Slipcover Protector + Cushion Cover Couch Chair Slipcover Sofa Protector
2236,Unranked(New),General-Home-Textile,168.15,5.0,10,41.0,Excluding Fillers Velvet Plain Cushion Cover Without Filler
2237,Unranked(New),General-Home-Textile,617.5,4.0,100,0.0,"1pc Orange Oval Plush Bathroom Mat, Modern Simple Design Non-Slip Floor Mat"
2238,Unranked(New),General-Home-Textile,752.4,4.0,40,10.0,"1pc Waterproof Fitted Sheet, Waterproof Mattress Protector Cover, Machine Washable, Soft And Comfortable Bedding For Bedroom, Rhombus Pattern, Perfect Fit For Twin Full King Queen All Size Bed"
2239,Unranked(New),General-Home-Textile,655.5,4.0,400,0.0,"1pc PEVA Shower Curtain, Minimalist Clear Waterproof Shower Curtain Liner For Bathroom"
2240,Unranked(New),General-Home-Textile,775.2,5.0,300,29.0,"1pc  Stitch Beach Towel, Soft, & Quick-Drying Beach Blanket, Sand Free & Lightweight Beach Towel, For Beach Bathing Swimming Pool Camping Yoga, Ideal Beach Essentials"
2241,Unranked(New),General-Home-Textile,1274.9,9.0,300,22.0,"3pcs Plain Color Duvet Cover Set(1 Duvet Cover + 2 Pillowcases), Without Filling"
2242,Unranked(New),General-Home-Textile,239.4,7.0,100,10.0,"Coral Velvet Soft Absorbent Checkerboard Printed Towel, No Fuzz For Adults And Couples Use As Bath Towel, Face Towel, Quick-Dry Towel, Sport Towel, Swimming Towel, Beach Towel, Sofa Cover Or Blanket, Cushion Cover, Etc. Sizes Available: 34x75cm Towel X 1pc, Or 40x80cm Medium Towel X 1pc, Or 70x140cm Oversize Bath Towel X 1pc, Or 90x170cm Large Bath Towel X 1pc"
2243,Unranked(New),General-Home-Textile,304.0,6.0,300,0.0,1pc Bohemian Style Bali Cheese Cloth & Gauze Fabric Blue Table Runner For Wedding Or Country Theme Decoration
2244,Unranked(New),General-Home-Textile,1406.0,4.0,0,0.0,"1/4pcs Shower Curtain Or Toilet Mat Bathroom Mat 4pcs Set With 12 Shower Curtain Hooks As Gift, Waterproof Shower Curtain Set"
2245,Unranked(New),General-Home-Textile,1288.2,4.0,80,35.0,"1pc Pet Waterproof Sofa Cushion Cover, Minimalist Modern Style Polyester Fiber Sofa Throw Anti-scratch And Non-slip Decorative Cover"
2246,Unranked(New),General-Home-Textile,380.0,5.0,0,0.0,"Faux Pearl Decor Table Runner, Wedding White Pearl Gauze Table Runner, Extra Long Table Runner For Wedding Arch Decoration Reception Bride Gift"
2247,Unranked(New),General-Home-Textile,396.15,4.0,500,15.0,1pc Welcome To The Shitshow Fluorescent Tapestry
2248,Unranked(New),General-Home-Textile,138.7,8.0,500,54.0,"1pc Cheesecloth Table Runner, Boho Style Long Gauze Romantic Table Runner For Wedding Reception Bridal Shower Baby Shower Holiday Thanksgiving Birthday Party Table Dining Room Dresser Decor, Mothers Day Decor, Home Decor, Scene Decor"
2249,Unranked(New),General-Home-Textile,503.5,4.0,40,0.0,"1pc Linen Watercolor Blue Ocean Life Pattern Table Runner, Cartoon Printed Tablecloth With Coral Starfish Sea Horse Shell, For Decoration Of Coffee Table Shoe Cabinet Kitchen Dining Table, Suitable For Indoor/Outdoor Family Friend Gathering Room Decoration Gift"
2250,Unranked(New),General-Home-Textile,981.35,4.0,300,21.0,"1pc, 50x80 Inch Rectangular Shiny Sparkly Tablecloth, Table Cover For Weddings, Birthdays, Parties, Baby Showers, Bridal Showers, Banquets And Table Decorations"
2251,Unranked(New),General-Home-Textile,7314.049999999999,4.0,100,25.0,VEVOR 50Pcs 100Pcs Arched Chair Covers Spandex Black or White Folding Kitchen Chairs Cover Universal Washable Slipcovers Protector Removable Chair Seat Covers for Wedding Party Dining Room Banquet Event
2252,Unranked(New),General-Home-Textile,769.5,4.0,200,0.0,"1pc Splash-Proof And Elastic Four Seasons Universal Sofa Cushion Cover, Minimalist Modern Style Anti-Slip Sofa Cover, Living Room Sofa Protective Cover For L-Shaped Sofa And 1/2/3/4-Seat Sofa"
2253,Unranked(New),General-Home-Textile,778.9999999999999,4.0,0,0.0,"One Vintage  Style Carpet, Red Weathered Bohemian Traditional Rectangle Area Rug Made Of Polyester Fiber With Easy Maintenance And Can Be Washed. Suitable For Living Room Corridor Bedside Room Bedroom Office Kitchen Farm Home Decoration."
2254,Unranked(New),General-Home-Textile,535.8,4.0,100,10.0,"1pc Solid Color Cushion Cover Without Filler, Modern PVC Pillow Cover For Home Decor"
2255,Unranked(New),General-Home-Textile,304.0,13.0,1700,0.0,"1pc Polyester Table Runner, Boho Champagne Kitchen Table Runner For Dining Room"
2256,Unranked(New),General-Home-Textile,627.0,4.0,30,0.0,"Charming Seasonal Commute Waterdrop Embroidery Pillowcase 1pc For Home Decor, Car Interior, Living Room"
2257,Unranked(New),General-Home-Textile,323.0,9.0,200,0.0,"1pc 3d Sofa Cover Multifunctional Elastic All-inclusive Sofa Cover For Sofa Protection, Festival Decoration, Comes With A Pillowcase"
2258,Unranked(New),General-Home-Textile,1709.05,10.0,10,53.0,Soft Plush Fluffy Area Rugs Non Slip Home Decorative Floor Carpet Thick Faux Fur Rug High Pile Mat Throw Rug For Bedroom Living Room Dining Room Bedside
2259,Unranked(New),General-Home-Textile,332.5,4.0,200,0.0,Solid Color Chair Seat Cushion Cover
2260,Unranked(New),General-Home-Textile,551.0,4.0,100,0.0,"2 Pieces Grey Green Wildflowers Plant Pillow Covers, Seasonal Floral Outdoor Decorative Square Linen Farmhouse Cushion Cases For Home Sofa Couch (Inserts Not Included)"
2261,Unranked(New),General-Home-Textile,1520.0,6.0,40,0.0,"2pcs Digital Printed Curtain Panels, Modern Vintage Style Polyester Fiber Home Decoration Curtains, Suitable For All Seasons"
2262,Unranked(New),General-Home-Textile,760.0,4.0,50,0.0,1PC black and white simple easy clean sitting room bedroom carpet
2263,Unranked(New),General-Home-Textile,1862.0000000000002,4.0,100,0.0,"1PC Round Rug for 8 Ball Decor, Washable Cool Eight Ball Carpet for Bedroom Living Room, Thick Area Rug Special-shaped Floor Mat Halloween Christmas Spherical Carpet Ball Rugs, Round Billiard Ball, Floor Mat Decor"
2264,Unranked(New),General-Home-Textile,281.2,4.0,100,47.0,"5/10pcs Simple White Face Towel, Hotel Lint-Free Towel For Bathroom, Soft Absorbent Face Towel, Bathroom Supplies(11.8in*23.6in)"
2265,Unranked(New),General-Home-Textile,436.99999999999994,4.0,300,0.0,"1pc Leaf Print Stretchy Sofa Seat Cushion Cover, Removable Seat Cushion Cover, Scratch Resistant Sofa Cover For Home"
2266,Unranked(New),General-Home-Textile,470.25,4.0,60,25.0,"1pc Exquisite Pattern Children Wearable Beach Towel With Hat, Shower Towel And Cape, Beach Style Microfiber Wearable Children Beach Towel Suitable For Using In Bathroom, Beach, Seaside, And Outdoor Play"
2267,Unranked(New),General-Home-Textile,332.5,4.0,20,0.0,1pc Hole Towel Thickened Beauty Spa Massage Table Planking Face Towel With Hole Bed Bandana Salon Bedside Bed Towel Absorbent Velvet
2268,Unranked(New),General-Home-Textile,2202.1,4.0,0,5.0,"3pcs Bohemian Style Wave Floral Patterned Polyester Fiber Quilt Cover Three-Piece Set, Simple Japanese-Style Khaki Crafted Polyester Quilt Cover Set Suitable For All Seasons"
2269,Unranked(New),General-Home-Textile,674.5,4.0,90,0.0,"1pc Table Runner With Chocolate Wavy Pattern Embellished With Tassels For Home, Parties, Hotels And Restaurants Table Decoration, Waterproof Cloth"
2270,Unranked(New),General-Home-Textile,638.4,4.0,100,20.0,"1pc Solid Black Memory Foam U-Shaped Travel Pillow, Short Plush Neck Pillow For Neck Protection, Slow Rebound, Suitable For Airplane And Car"
2271,#4 Best Sellers,in Couch Cover,1007.0,4.0,0,0.0,"1pc Gradient Printed Plush Imitation Rabbit Fur Thickened Sofa Cushion Cover For Autumn And Winter, Nordic Style Warm & Comfortable Sofa Blanket Suitable For Living Room"
2272,Unranked(New),General-Home-Textile,339.15,4.0,300,58.0,"1pc White Fabric Shower Curtain Liner, Waterproof, Mildew Resistant, Plain Color, Polyester Material, Rustproof Metal Grommets With Hook, Machine Washable, Suitable For Modern Neutral Hotel Bathroom Decoration"
2273,Unranked(New),General-Home-Textile,351.5,4.0,300,0.0,1pc Table Runner In Teal Cheese Cloth Fabric With Bohemian Balinese Rustic Wedding Party Table Decoration
2274,Unranked(New),General-Home-Textile,304.0,4.0,30,0.0,1pc Bow Decor Random Hair Drying Towel
2275,Unranked(New),General-Home-Textile,912.0,4.0,80,0.0,"1pc Floral Embroidered Ruffle Trim Cushion Cover Without Filler, Modern Embroidered Design Decorative Cushion Cover For Bed, Sofa"
2276,Unranked(New),General-Home-Textile,807.5,4.0,400,0.0,"1pc Elegant And Simple Semi-Transparent Linen Textured Soft Draping Privacy Protecting Natural Linen Curtain For Bedroom, Living Room, Kitchen, And Balcony"
2277,Unranked(New),General-Home-Textile,513.0,4.0,100,0.0,1pc Plain Pom Pom Decor Cushion Cover Without Filler
2278,Unranked(New),General-Home-Textile,306.85,4.0,400,15.0,"Pretty Bratty Girlcore 1pc Heart Print Tapestry,Cute Washable Tapestry Poster Wall Hanging For Bedroom Aesthetic"
2279,Unranked(New),General-Home-Textile,399.0,4.0,200,0.0,"1pc Geometric Pattern Cushion Cover Without Filler, Modern Polyester Decorative Throw Pillow Cover For Home"
2280,Unranked(New),General-Home-Textile,157.7,4.0,70,34.0,"3Pcs/Set (U-Shaped Pillow + Eye Mask + Earplugs)Flocking Plush U Shaped Neck Pillow, Soft Portable Travel Pillow Neck Cervical Airplane Train Car Pillow, Cervical Outdoor Nap Bedding Pillow"
2281,Unranked(New),General-Home-Textile,351.5,4.0,2800,0.0,"1pc Cheesecloth Tablecloth Bohemian Country Style Table Cover, Ideal For Weddings, Baby Showers, Bridal Showers, Parties, Autumn & Winter & Christmas Home Decoration"
2282,#10 Best Sellers,in Body Pillows,2564.0499999999997,4.0,0,66.0,"1pc Maternity Pillow,U Shaped Body Pillow,Support For Pregnant Women,Side Sleepers"
2283,Unranked(New),General-Home-Textile,266.0,4.0,50,0.0,"1pc Green Towel Or Bath Towel With Wheat Stripe Pattern In Coral Fleece Material For Bathroom, Home, Hotel, Travel, Soft And Absorbent"
2284,#3 Best Sellers,in Pillow Case,285.0,4.0,0,0.0,"1pc Linen American Flag Stars And Stripes Pillowcase, For Memorial Day Or Independence Day Outdoor Pillows, Home Decoration, Room Decoration, Bedroom Decor, Living Room Decor, Sofa Decoration, Pillow Cover Only, All Seasons"
2285,Unranked(New),General-Home-Textile,1102.0,4.0,70,0.0,"1pc Faux Cashmere  Classical Flowers Indoor Area Rugs, Vintage Floral Pink & Beige Carpet With Anti-Slip Back, Foldable And Machine Washable Soft Carpet, For Living Room, Office, And Bedroom Floor Decoration"
2286,Unranked(New),General-Home-Textile,494.0,4.0,30,0.0,"2pcs Polyester Dishwashing Cloth Hand Towel Set, Sunrise Celestial Pattern Kitchen Towel, Soft Absorbent Quick-Dry Cloth, Kitchen, Cleaning, Bathroom Supplies"
2287,Unranked(New),General-Home-Textile,617.5,4.0,200,0.0,1PC Plush Shaggy living room bedroom Carpet
2288,Unranked(New),General-Home-Textile,786.5999999999999,13.0,100,10.0,1 Single Panel Black Blackout Curtain 63 84 Inch Long Window Grommet Thermal Insulated Drape For Bedroom And Living Room.
2289,Unranked(New),General-Home-Textile,817.0,4.0,10,0.0,"1pc European-Style Vintage Bohemian Crystal Velvet Rug, 850g/M², 0.8cm Thickness, Rectangular Non-Slip & Washable Living Room Carpet For Home Decor, Bedroom, Room Decor"
2290,Unranked(New),General-Home-Textile,323.0,4.0,400,0.0,1 Piece 10ft Grass Green Burlap Tablecloth/Table Runner 35 In X 118 In Semi-Transparent Gauze Tablecloth Rustic Burlap Table Runner For Romantic Wedding Party Bridal Shower Birthday Graduation Season Dinner Bohemian Table Decor
2291,Unranked(New),General-Home-Textile,741.0,4.0,200,0.0,"1pc Geometric Pattern Tassel Decor Cushion Cover Without Filler, Modern Polyester Decorative Throw Pillow Case For Home"
2292,#8 Best Sellers,in Aprons,332.5,4.0,0,0.0,1PC The Man The Myth The Grill Master Aprons For Women Men Father Day Gift Adult Kitchen Chef Bib Tablier Cuisine Cooking Baking Unisex Apron For Father's Day
2293,Unranked(New),General-Home-Textile,456.0,4.0,200,0.0,1pc Silver-Stamped Blackout Water Ripple Curtain For Dining Room And Bedroom
2294,Unranked(New),General-Home-Textile,380.0,4.0,0,0.0,1pc Geometric Pattern Fuzzy Cushion Cover Without Filler
2295,Unranked(New),General-Home-Textile,1273.0,4.0,10,0.0,"Foyer Round And Minimalist Line Design Mat, Perfect For 2024 New Year And Housewarming Gift! Soft And Cute Cartoon Sheepskin Style Round Carpet For Kids Room, Living Room, Bedside, Suitable As Floor Mat For Swing, Computer Chair, Crawling, And Gaming"
2296,#6 Best Sellers,in Kitchen Table Runners,204.25,4.0,0,23.0,"1-2pcs Shiny Satin Table Runner, Perfect Decoration For Celebrations Such As Parties, Engagements, Birthdays, Hotels And Homes"
2297,Unranked(New),General-Home-Textile,712.5,4.0,200,0.0,"1pc Flower Pattern Beach Towel, Modern Microfiber Travel Beach Towel For Camping, Vacation"
2298,Unranked(New),General-Home-Textile,2736.0,6.0,30,0.0,"4-Piece Small Fresh Style Floral Print Bedding Set (1 Comforter Cover, 1 Bed Sheet And 2 Pillowcases), Bed Linen Set, All Seasons Available"
2299,Unranked(New),General-Home-Textile,161.5,4.0,400,0.0,1pc White Lace & Pearl Polyester Fabric For Party And Banquet Events
2300,Unranked(New),General-Home-Textile,5388.4,4.0,0,29.0,"7 Pieces Brown Comforter Bed Set Queen King Size With Sheets Set All Season,Botanical Bed In A Bag Gradient Leaves Pattern, Soft Floral Comforter Bedding Set With Flat/Fitted Sheet, Pillowcase, Pillow Shams"
2301,#5 Best Sellers,in Mattress Pads & Toppers,13022.6,4.0,0,28.0,10/12/14 Inch Twin Full Queen King Mattress Gel Memory Foam Spring Hybrid Mattress In A Box
2302,Unranked(New),General-Home-Textile,200.45,15.0,200,22.0,"1pc Black Diamond Check Pillow Cover & Square Cushion Cover, Holiday Home Decor"
2303,Unranked(New),General-Home-Textile,623.1999999999999,4.0,70,28.0,"Camping Outdoor Mosquito Netting Shelter, Green Plant Vegetable Insect Protector Four Corner Mosquito Net With Two Hooks"
2304,Unranked(New),General-Home-Textile,798.0,4.0,100,0.0,1pc Personality Red Spider Design Blanket Soft Comfortable Warm Lightweight All Seasons Bed Sofa Throw Blanket
2305,Unranked(New),General-Home-Textile,1786.0,4.0,100,13.0,2pcs Modern Simple Faux Linen Blackout Insulated Window Curtains
2306,Unranked(New),General-Home-Textile,275.5,4.0,10,0.0,"4pcs/1pc Yellow Daisy Geometric Diamond Print Polyester Pillow Cover, Pillowcase, Room Decoration, Bedroom Decoration, Sofa Decoration 18*18 Inches Pillow Core Not Included"
2307,Unranked(New),General-Home-Textile,513.95,4.0,200,23.0,"1pc Flower Embroidery Cushion Cover Without Filler, Modern Throw Pillowcase For Sofa, Home Decor"
2308,Unranked(New),General-Home-Textile,2184.0499999999997,19.0,0,59.0,Duvet Cover Set Microfiber Ultra Soft Bedding
2309,Unranked(New),General-Home-Textile,1895.25,4.0,20,25.0,"3pcs Striped Polyester Blend Floral Cut Design Quilt Coverlet Set With Brushed Fabric, Version B"
2310,Unranked(New),General-Home-Textile,307.8,4.0,50,10.0,1pc Natural Yellow Burlap Wedding Reception Desk Flag Decoration
2311,Unranked(New),General-Home-Textile,324.9,4.0,70,10.0,"Floral Jacquard Tassel Decor Table Runner, Lace Embroidered Table Decoration Cloth For Dining Table"
2312,Unranked(New),General-Home-Textile,370.5,4.0,100,0.0,"1pc Floral Table Runner, Simple Rural Style Linen-Like Rectangle Decorative Banner For Indoor/Outdoor Dining Table/Cabinet Decoration, Suitable For Home, Restaurant, Living Room, Four Season"
2313,Unranked(New),General-Home-Textile,873.9999999999999,4.0,90,0.0,"1pc Silica Gel Diatom Kitchen Mat With Advanced Texture Gradient Lines, Luxury Fashion Style Anti-Fatigue And Cushioned Kitchen Carpet, Water Absorbent Quick Dry And Non-Slip Rug, Minimalist Diatomaceous Earth Rubber Mat For Kitchen, Bathroom, Entryway, Laundry Room, Etc."
2314,Unranked(New),General-Home-Textile,2783.5,9.0,50,0.0,1pc 3D Multifunctional Full Coverage Stretch Sofa Cover With Pillowcase For Festival Decoration And Furniture Protection
2315,Unranked(New),General-Home-Textile,1045.0,17.0,10,39.0,Soft Throw Blanket 17 Solid Colors King Queen Full Twin And Throw Size
2316,Unranked(New),General-Home-Textile,940.5,4.0,50,0.0,"12pcs Rose Gold Satin Cloth Napkins 45x45cm Bulk, Decorative Elegant Dinner Napkins Square Table Napkins, Silky Satin Table Linens For Restaurant, Banquet, Graduation, Celebration Decor"
2317,Unranked(New),General-Home-Textile,3333.55,4.0,0,37.0,"4 Corners Post Princess Curtain Bed Canopy, 4 Openings Mosquito Net For Bedroom Decoration, Hanging Canopy For Anti-Insect"
2318,Unranked(New),General-Home-Textile,503.5,7.0,100,0.0,"1pc Solid Color Sofa Seat Slipcover, Simple Polyester Stretchy Sofa Seat Cushion Cover, For Living Room"
2319,Unranked(New),General-Home-Textile,370.5,4.0,90,0.0,"1pc Solid Color Sofa Cushion Cover, Elastic Slipcover With Dustproof & Removable Cap Design For All Seasons Home Decoration Living Room And Bedroom Sofa Cover"
2320,Unranked(New),General-Home-Textile,342.0,4.0,700,0.0,"1pc Leaf Print Sofa Seat Cushion Cover, Modern Tropical Leaf Print Sofa Cushion Cover For Household"
2321,Unranked(New),General-Home-Textile,722.0,4.0,200,0.0,"1pc White Tablecloth, Polyester Ruffle Trim Decorative Fabric Table Cover For Dining Table"
2322,Unranked(New),General-Home-Textile,332.5,4.0,100,30.0,Satin Body Pillowcase Without Filler
2323,Unranked(New),General-Home-Textile,494.0,4.0,80,0.0,"2/3pcs Satin Fitted Sheet Set - 1pc Silk Fitted Sheet With 1/2pcs Silk Pillowcase, Luxurious, Deep Pocket, Skin-Friendly, Fit Twin Full Queen King Size Bed"
2324,Unranked(New),General-Home-Textile,1424.05,4.0,50,25.0,40*60cm Rose Pattern Bathroom Rug Non Slip Absorbent Plush Bathroom Decor Mat Rectangle Carpet Entry Way Door Mat For Indoor Outdoor Use
2325,Unranked(New),General-Home-Textile,617.5,4.0,600,0.0,1 Pvc Transparent Waterproof Tablecloth
2326,Unranked(New),General-Home-Textile,436.99999999999994,9.0,100,0.0,"Decorative Retro Farmhouse Style Three-button Linen-like Pillowcase Made Of Bamboo Yarn With Special Twisted Craft, Widely Applicable For Living Room, Bedroom, Office, Sofa, Bed, Car, Chair, And Bay Window, Also Can Be Used As A Gift. This Is A Pillowcase Without Any Filling."
2327,Unranked(New),General-Home-Textile,406.6,4.0,80,26.0,"1pc Modern Style Polyester Stripe Decor Green Velvet Square Pillowcase, Home Decorative Pillow Cover For Bed, Sofa In Living Room, Pillow Core Not Included"
2328,Unranked(New),General-Home-Textile,551.0,8.0,600,0.0,"1pc Waterproof Elastic Sofa Cushion Cover, Modern Minimalist Style Non-Slip Sofa Cover For Living Room, Universal Fit For L-Shaped And 1/2/3/4 Seater Sofa"
2329,Unranked(New),General-Home-Textile,1263.5,4.0,200,0.0,"1pc 3d Cute Moss Green Bathroom Rug, Bohemian Aesthetics Leaf Bath/mat/door Carpet, Thick Plush Anti-slip Water Absorbent Shower Floor Mat, Decorative - 2 Sizes Available: 24*16inch/32*20inch"
2330,Unranked(New),General-Home-Textile,418.00000000000006,4.0,100,0.0,"1pc Brushed Solid Color Fitted Sheet, Deep Pocket Mattress Protector Cover For Bed, Soft And Breathable Bedsheet, Bedding Supplies, Simple Style, Perfect Fit For Twin Full King Queen All Size Bed"
2331,Unranked(New),General-Home-Textile,2374.0499999999997,7.0,30,62.0,"Area Rugs For Bedroom Living Room, Fluffy Fuzzy Shag Shaggy Carpet Soft Plush Furry Bedside Rug, Indoor Floor Rug For Kids Girls Boys Home Decor Aestheti"
2332,Unranked(New),General-Home-Textile,1064.0,9.0,100,0.0,"4pcs/6pcs Solid Color Chair Cover, Modern Style Removable Elastic Polyester Fiber Chair Slipcovers, Suitable For Living Room, Dining Room, Bedroom, Home, All Seasons"
2333,Unranked(New),General-Home-Textile,555.75,4.0,40,21.0,"6pcs/Set Flocked Carpet Nordic Style Ins Rug For Living Room, Bedroom, Girls' Room Decoration And Floor Tiles, Cartoon Square Mats, Patchwork Combination Mats, Coffee Table Mats"
2334,Unranked(New),General-Home-Textile,285.0,4.0,500,0.0,"Leaf Print Stretchy Chair Slipcover, Polyester Dining Chair Dust Proof Cover For Home Decor"
2335,Unranked(New),General-Home-Textile,2660.0,4.0,30,0.0,"35.4X118.1inch, 10pcs, Long Bohemian Cheesecloth Gauze Table Runner Semi-Transparent Tablecloth, Suitable For Wedding Decoration, Bridal Shower, Birthday Party (Gray Rose."
2336,Unranked(New),General-Home-Textile,1216.0,4.0,30,0.0,"Thick Kids Bathrobe Cute Cartoon Long Ear Rabbit Children Hooded Coral Fleece Cape Bath Towel With Pocket, Boys Girls Robe, 1 Piece"
2337,Unranked(New),General-Home-Textile,418.00000000000006,17.0,200,0.0,"1pc Universal Elastic Sofa Slipcover, Autumn And Winter Beige Stripe Slip Resistant Full Coverage Thick Sofa Cushion Cover, Sofa Cover Cloth Can Be Machine Washed, Dustproof, Stain Resistant And Fade Resistant"
2338,Unranked(New),General-Home-Textile,294.5,4.0,300,0.0,"Butterfly Print Tapestry, Modern Animal Pattern Linen Hanging Cloth For Home Decor"
2339,Unranked(New),General-Home-Textile,209.00000000000003,4.0,600,0.0,"1pc Fleece Throw Blanket For Bed - Ultra Soft And Cozy Fluffy Blanket For Couch, Cute Boho Blanket For Women Girls, Summer Sleeping Essential, Warm, Lightweight, Room Decor, Bedroom, Living Room, All Size"
2340,Unranked(New),General-Home-Textile,418.95,4.0,90,30.0,1pc Light Pink Premium Plain Silky Satin Fitted Sheet Simulation Silk Fitted Sheet Modern Soft Bedding Sheet For Household
2341,Unranked(New),General-Home-Textile,1900.0,9.0,30,0.0,"3pcs Cartoon HelloKitty Pattern Quilt Cover Set - Soft And Comfortable Bedding Set For Bedroom, Guestroom And Dorm (1 Quilt Cover + 2 Pillowcases)"
2342,Unranked(New),General-Home-Textile,817.0,4.0,100,0.0,"A Plush Blanket With Snowflake Design, Suitable For All Seasons As Bedspread, Sofa Throw, Office Nap Cover, Or Airplane Blanket, Featuring Light Luxury Style."
2343,Unranked(New),General-Home-Textile,1596.0,4.0,60,0.0,"3pcs Bedding Set, Satin Solid Color Soft Comfortable Quilt Cover And Pillowcase Set, Suitable For Bedroom And Guestroom(1* Quilt Cover+2* Pillow Covers, No Core)"
2344,Unranked(New),General-Home-Textile,1178.0,4.0,50,0.0,Shell Shaped Throw Pillow
2345,Unranked(New),General-Home-Textile,408.5,4.0,30,0.0,Geometric Print Pom Pom Decor Cushion Cover Without Filler
2346,Unranked(New),General-Home-Textile,370.5,4.0,0,0.0,Geometric Pattern Stretchy Chair Slipcover
2347,Unranked(New),General-Home-Textile,746.7,7.0,600,43.0,"3pcs Solid Color Burgundy Satin Duvet Cover Set With 1pc Cover, 2pcs Pillow Case Without Filler, Modern Soft Bedding Duvet Cover For Household"
2348,Unranked(New),General-Home-Textile,1293.8999999999999,4.0,200,28.0,"Sage Green Sofa Blanket For Bohemian Home Decor, Light Blue Couch Throw Blanket For Living Room"
2349,Unranked(New),General-Home-Textile,655.5,4.0,50,0.0,"1pc Non-Slip Waterproof Seat Cushion Cover, Furniture Protector, Combination Waterproof Sofa Cover, Suitable For All Types Of Sofas And Machine Washable"
2350,Unranked(New),General-Home-Textile,304.0,13.0,800,0.0,1pc Bohemian Gauze Countryside Wedding Party Gathering Wrinkle Fabric Tablecloth 90*180cm
2351,Unranked(New),General-Home-Textile,408.5,4.0,500,0.0,Flower Print Tapestry
2352,Unranked(New),General-Home-Textile,807.5,4.0,40,0.0,"1pc Tufted Tassel Decor Cushion Cover, Modern Throw Pillow Case, Pillow Insert Not Include, For Sofa, Living Room"
2353,Unranked(New),General-Home-Textile,307.8,4.0,300,10.0,1 PC Durable Jacquard Chair Seat Covers Removable Washable Anti-Dust Stretch Spandex Dining Room Upholstered Chair Cushion Slipcocers
2354,Unranked(New),General-Home-Textile,361.0,5.0,40,0.0,"1pc Satin Fitted Sheet, Deep Pocket Silk Fitted Sheet Without Pillowcase, All Size Silky Bedsheet For Twin Full Queen King Size Bed"
2355,Unranked(New),General-Home-Textile,1704.3000000000002,4.0,30,22.0,"Mosquito Net Bed Canopy For Kids' Princess Bed, Round Dome Netting Curtains Mosquito Netting With 1 Entry, Decor Kid Bedding Or Baby Crib, White"
2356,Unranked(New),General-Home-Textile,1396.5,4.0,0,0.0,Flower Print Stretchy Sofa Cover
2357,Unranked(New),General-Home-Textile,323.0,9.0,300,0.0,"1pc Solid Color Cheese Cloth Table Runner, Bohemian Style Polyester Tablecloth And Table Runner For Party, Wedding, Dining Table Decoration"
2358,Unranked(New),General-Home-Textile,529.15,4.0,50,13.0,American Style Tassel Jacquard Decorative Pillow Cover (One Piece)
2359,Unranked(New),General-Home-Textile,465.50000000000006,4.0,30,0.0,1pc Outdoor Waterproof Pillow Cover For Garden Patio Cushion
2360,Unranked(New),General-Home-Textile,436.99999999999994,8.0,30,0.0,1pc Plain Colored Universal Elastic Corn Velvet Removable & Washable Chair Cover For Four Seasons
2361,Unranked(New),General-Home-Textile,586.15,4.0,200,57.0,"1pc Solid Color Waterproof Fitted Sheet, Microfiber Blanket For Bedroom, Twin/Full/Queen/King"
2362,Unranked(New),General-Home-Textile,1634.0,10.0,60,0.0,"Ginkgo Biloba Print Duvet Cover Set Without Filler, Modern Bedding For Bedroom"
2363,Unranked(New),General-Home-Textile,1482.0,4.0,30,0.0,1pc Vintage Living Room/bedroom Decoration Carpet
2364,#3 Best Sellers,in Hot selling new Aprons,304.0,4.0,0,0.0,"1PC Cooking Kitchen Striped Apron, Adjustable Bib Apron With 2 Pockets For Men Women Chef Apron"
2365,Unranked(New),General-Home-Textile,1073.5,4.0,90,0.0,Striped Pattern Single Panel Sheer Curtain
2366,Unranked(New),General-Home-Textile,760.0,4.0,600,0.0,"1pc European-Style Retro Linen Semi-Transparent Curtain, Soft To The Touch, Drapes Naturally And Protects Your Privacy For Bedroom, Living Room, Kitchen, And Balcony"
2367,Unranked(New),General-Home-Textile,1501.0,6.0,60,0.0,"Breathable And Simple Style Grid/Plain Soft And Moisture-Wicking Washed Bedding Set Inspired By  & Ins Style, Skin-Friendly, Not Easy To Pill And Machine-Washable, 1pc Duvet Cover"
2368,Unranked(New),General-Home-Textile,294.5,4.0,100,0.0,"1pc White Bohemian Cheese Cloth Table Cloth / Gauze Cheese Cloth Tablecloth , Suitable For Wedding, Bridal Shower, Birthday, Or Holiday Party Cake Table Decoration, Romantic Banquet Table Decor Table Runner"
2369,Unranked(New),General-Home-Textile,883.5000000000001,4.0,100,0.0,"3pcs Four Seasons Burgundy Sofa Cushion Cover, Simple And Modern Milk Silk Elastic Polyester Sofa Cover, Removable And Machine Washable Sofa Protective Cover"
2370,Unranked(New),General-Home-Textile,1149.5,4.0,300,0.0,DeramHy Home 1 Piece Nightmare Before Christmas Bath Mat: Ultra-Soft & Absorbent Skull Rug With Non-Slip Backing - Unique Red & Black Halloween Decor For Bathroom  - Washable & Perfect Gothic Gift  (Halloween & Christmas Special)
2371,Unranked(New),General-Home-Textile,171.0,4.0,0,0.0,1pc Random Color Washcloth
2372,Unranked(New),General-Home-Textile,817.0,5.0,900,0.0,"1pc Waterproof Quilted Mattress Cover, 11.8 Inch Deep Pocket Cooling Breathable Quilted Fitted Sheet Queen King Twin All Size, Soft Cover For Mattress Protector And Mattress Topper, Dustproof, Comfortable And Machine Washable"
2373,#10 Best Sellers,in Towel,1577.0000000000002,4.0,0,3.0,1pc Sanrio Hello Kitty Absorbent Quick Dry Non-Hair Thickening Cartoon Bath Skirt Sanrio Kuromi Sanrio My Melody
2374,Unranked(New),General-Home-Textile,436.99999999999994,12.0,200,0.0,"1pc All Seasons Universal Elastic Sofa Cover Anti-Splash Fabric Slip-Resistant Full Coverage Sofa Cushion Cover, Removable And Washable Dust-Proof Anti-Dirty"
2375,Unranked(New),General-Home-Textile,361.0,4.0,900,0.0,"1pc Figure Graphic Tapestry, Purple Fabric Hanging Wall Cloth Decoration, For Home Decor"
2376,Unranked(New),General-Home-Textile,1149.5,4.0,80,0.0,"3pcs Floral Bedding Set, Modern Style Rectangular Soft And Breathable Fitted Sheet, Bedroom Four Seasons Universal Polyester Fiber Fitted Sheet"
2377,Unranked(New),General-Home-Textile,214.7,4.0,100,22.0,High-Strength Self-Adhesive Nano Mosquito Window Screen Mesh Anti-Mosquito Insect Fly Netting For Diy Windows And Doors
2378,Unranked(New),General-Home-Textile,1669.15,4.0,30,62.0,Boho Shower Curtain 72 X 72 Inches Textured Tufted Chevron Striped Minimalist Bathroom Decor Modern Shower Curtain Set Waterproof Durable
2379,Unranked(New),General-Home-Textile,171.0,4.0,100,0.0,"1pc Plain Cloth Napkin, Simple White Polyester Table Napkin For Home"
2380,Unranked(New),General-Home-Textile,2032.9999999999998,7.0,100,0.0,"1pc Wave Pattern Sofa Slipcover, Non-Slip Sofa Cover With Skirt, Dustproof Anti-Cat Scratch Couch Cover Machine Washable Furniture Protector For Bedroom Office Living Room Home Decor"
2381,Unranked(New),General-Home-Textile,579.5,8.0,700,0.0,"1pc Waterproof Jacquard Elastic Sofa Cushion Cover For All Seasons, Modern Minimalist Style Non-Slip Sofa Protector Cover For L Shape, 1/2/3/4 Seater Sofas In Living Room"
2382,Unranked(New),General-Home-Textile,396.15,6.0,300,15.0,1pc Half Blackout Modern Simple Solid Color Finished Curtain With Shiny Satin Bottom
2383,Unranked(New),General-Home-Textile,1234.05,4.0,100,34.0,3pcs/Set Classic Memory Foam Solid Color Bathroom Mat Set
2384,Unranked(New),General-Home-Textile,945.2499999999999,4.0,0,50.0,"Hooded Wearable Blanket Sweatshirt - Unisex Warm Cozy Giant Hoodie Blanket With Sleeves And Big Pocket, Thick Flannel Blanket Robe, Dark Gray"
2385,Unranked(New),General-Home-Textile,3124.55,4.0,0,0.0,Thick Mattress Pad Quilted 72D Mattress Topper Pad Cover Protector ALL SIZE
2386,Unranked(New),General-Home-Textile,285.0,4.0,100,0.0,"Metallic Silver Geometric Cushion Cover Without Filler, Modern Throw Pillow Case, For Sofa, Living Room"
2387,Unranked(New),General-Home-Textile,608.0,4.0,100,0.0,"Floral Print Anti-slip Bath Rug, Soft Comfortable Floor Mat For Bathroom"
2388,Unranked(New),General-Home-Textile,465.50000000000006,5.0,200,0.0,"1pc Silver Faux Silk Rectangular Tablecloth/Table Runner For Wedding, Restaurant, Party"
2389,Unranked(New),General-Home-Textile,655.5,4.0,100,0.0,One Piece Of Bohemian Simple Style Luxurious Floral Lace Sheer Curtain With Ruffle Hem
2390,Unranked(New),General-Home-Textile,332.5,4.0,400,0.0,"1pc Solid Color Bohemian Style Table Runner/Table Cloth Suitable For Wedding, Party, Mother's Day, Home Decor And Scene Decoration"
2391,Unranked(New),General-Home-Textile,259.35,16.0,100,12.0,"1pc Green Cushion Cover, Fabric Decorative Throw Pillow Case For Home"
2392,Unranked(New),General-Home-Textile,798.0,4.0,100,0.0,"Thickened Bathroom Shower Curtain With Black Shower Head Pattern, Waterproof, Mildew & Mold Resistant, Suitable For Shower, Blocking And Separation, No Need For Drilling"
2393,Unranked(New),General-Home-Textile,950.0,4.0,100,0.0,Star Hollow Gradient Color Single Panel Curtain
2394,Unranked(New),General-Home-Textile,503.5,4.0,10,0.0,"Solid Color Stretchy Chair Slipcover, White Simple Polyester Chair Cover For Dining Room"
2395,Unranked(New),General-Home-Textile,731.5,4.0,80,0.0,"1pc Flower Pattern Rug, Boho Polyester Mat For Living Room, Bedroom"
2396,Unranked(New),General-Home-Textile,988.0,4.0,100,0.0,Frida Kahlo X SHEIN Tropical And Character Printed Bath Towel
2397,Unranked(New),General-Home-Textile,416.09999999999997,4.0,80,40.0,2pcs/Set Outdoor Waterproof Decorative Square Pillowcase Cushion Cover For Patio Sofa Tent And Sun Umbrella Deep Blue (Pillow Core Not Included)
2398,Unranked(New),General-Home-Textile,275.5,4.0,0,50.0,"2pcs Bohemian Summer Pillowcase 45.72 X 45.72 Cm, Burnt Orange Green And Leaf Outdoor Decorative Pillowcase, Medieval Abstract Farmhouse Decorative Pillowcase Linen Cushion Cover No Pillow Core"
2399,Unranked(New),General-Home-Textile,393.29999999999995,4.0,70,40.0,"1pc Bridal Party Robe For Women, Long Sleeve Sleepwear For Wedding Makeup And Photography"
2400,Unranked(New),General-Home-Textile,1116.25,4.0,100,28.0,"1pc Banana Patterned Decorative Carpet Rug, Modern Style Faux Knitted Polyester Fiber With Unique Dotted Plastic Bottom, Detail Soft, Absorb Water And Anti-Slip Suitable For Bedroom, Closet, Children's Room, E-Sports Room, Four Seasons General Use"
2401,Unranked(New),General-Home-Textile,845.5,4.0,600,0.0,Green Plant Pattern Thick Waterproof Mildew Resistant Bathroom Shower Curtain
2402,Unranked(New),General-Home-Textile,655.5,4.0,0,0.0,"1pc Nonslip Shower Mat With Suction Cups, Machine Washable, Cartoon Bathroom Floor Mat For Bathtub And Shower, Absorbent Diatomaceous Earth Bathroom Mat For Home"
2403,Unranked(New),General-Home-Textile,893.0,4.0,0,0.0,Embroidery Leaf Cushion Cover Without Filler
2404,Unranked(New),General-Home-Textile,503.5,4.0,70,0.0,Seasonal Commute Pine Tree Embroidery Pillowcase 1pc Home Decor
2405,Unranked(New),General-Home-Textile,446.5,4.0,400,0.0,1pc Animal Leopard Print Plush Pillowcase Or Waist Pillowcase Cover
2406,Unranked(New),General-Home-Textile,350.55,4.0,50,10.0,Solid Color Outdoor Waterproof Polyester Pillowcase One Piece
2407,Unranked(New),General-Home-Textile,323.0,6.0,200,0.0,"1pc Stretchy Sofa Seat Cushion Cover, Plain Sofa Cover, For Bed Couch Sofa"
2408,Unranked(New),General-Home-Textile,1040.25,4.0,200,11.0,"1pc Printed Shower Curtain With 12 Plastic Hooks,Waterproof,Bath Screen, Bathtub Curtain, Bathroom Decor Window Curtain,Machine Washable"
2409,Unranked(New),General-Home-Textile,1871.5,4.0,30,0.0,"2/3pcs Printed Duvet Cover Set - 1pc Comforter Cover With 1/2pcs Pillowcase, Floral Pattern Cover For Quilt, Fits Twin Full King Queen Size Bed"
2410,Unranked(New),General-Home-Textile,2147.0,8.0,10,0.0,Pom Pom Decor Duvet Cover Set Without Filler
2411,Unranked(New),General-Home-Textile,551.0,4.0,80,0.0,"1pc Sequin Decor Fuzzy Cushion Cover Without Filler, Modern Throw Pillow Case, For Sofa, Living Room"
2412,Unranked(New),General-Home-Textile,1805.0,4.0,0,30.0,"3pcs Plain Fitted Sheet Set Without Filler,Simple Foldable Fitted Sheet & Pillow Case Without Filler"
2413,Unranked(New),General-Home-Textile,598.5,4.0,30,0.0,"1pc Irregular Soft And Fluffy Rug - Perfect For Bedroom, Dorm, Living Room Cute And Cozy Plush Carpet Area Rug, Home Decor Bedroom Accessories Room Decoration"
2414,Unranked(New),General-Home-Textile,323.0,12.0,500,0.0,"1pc Solid Color High Elasticity Removable & Washable Anti-Splash Sofa Cushion Cover, Suitable For Living Room Polyester Sofa Cushion & Backrest Cover"
2415,Unranked(New),General-Home-Textile,228.0,5.0,200,0.0,"Satin Table Runners Royal Blue 12x108 Inch Table Runner Long Wedding Satin Silk Table Runner For Xmas New Year Party Wedding Banquet Birthday Graduations, Bright Silk And Smooth Fabric"
2416,Unranked(New),General-Home-Textile,456.0,4.0,200,0.0,Floral Lace Tablecloth
2417,Unranked(New),General-Home-Textile,1581.7499999999998,9.0,200,10.0,"3pcs Two Tone Duvet Cover, 1pc Duvet And 2pcs Pillow Case, Pillow Insert Not Include, Simple Bedding For Bedroom"
2418,Unranked(New),General-Home-Textile,1991.2,4.0,20,24.0,"1pc Gold Diamond & Branches Pattern Jacquard Curtain, European Style Luxury Design With Delicate Lace Trimming And Tassels, Suitable For Living Room, Bedroom And Door Decoration"
2419,Unranked(New),General-Home-Textile,239.4,4.0,500,10.0,"1pc Black & White Geometric Pattern Printed Pillow Case (Without Insert), Soft And Comfortable Polyester Fabric, Single-Sided Printed Decorative Pillow Case, Suitable For Bedroom, Living Room Decor"
2420,Unranked(New),General-Home-Textile,3799.05,18.0,300,49.0,12 Pack Cheesecloth Table Runner 35x120 Inch / 35x157 Inch Boho Gauze Table Runner  10Ft / 13Ft Cheese Cloth Long Table Runner Romantic Table Runner For Wedding Bridal Shower Birthday Party Table Decor
2421,Unranked(New),General-Home-Textile,1230.25,11.0,100,30.0,"3pcs/set Two Tone Duvet Cover Set(1 Duvet Cover & 2 Pillowcase) Modern Fabric Bedding Set For Home, All Season"
2422,Unranked(New),General-Home-Textile,6174.049999999999,4.0,40,44.0,"6 Pack 120 Inch Round Tablecloth, Polyester Fabric Table Cloth For Round Table, Stain And Wrinkle Washable Table Cover For Wedding Party Dining Table Buffet Banquet Restaurant And Camping"
2423,#5 Best Sellers,in Door Curtains,308.75,4.0,0,52.0,"1pc Floral Lace Door Curtain, Modern Polyester Door Curtain For Home"
2424,Unranked(New),General-Home-Textile,940.5,4.0,70,0.0,"1pc Cartoon Yellow Character Fun Rug, Furry Mat Of Skateboarding Cartoon Figures With Thickened Plushy Velvet Dotted Bottom, Skid-Resistant Wear-Resistant Bedside Rug, Suitable For Living Room, Bedroom, Kitchen, Bathroom, Laundry Room, Corridor, Entrance, Game Room, Boy Playroom Decoration Mat, Home Decor"
2425,Unranked(New),General-Home-Textile,855.0,4.0,100,0.0,1pc Digital Printed Waterproof Antibacterial Shower Curtain
2426,Unranked(New),General-Home-Textile,323.0,4.0,300,0.0,Slogan Graphic Tapestry
2427,Unranked(New),General-Home-Textile,351.5,4.0,100,0.0,"1PC White Cheesecloth Table Runner ,Boho Gauze Cheese Cloth Table Runner ,Romantic Sheer Table Runner for Wedding Bridal Baby Shower Birthday Party Table Decoration"
2428,Unranked(New),General-Home-Textile,446.5,4.0,10,0.0,1pc Pitbull Mr 305 Mr. Worldwide Wall Tapestry Y2k Live Laugh Love Meme Tapestry Aesthetic Room Decoration Tapestries Macrame
2429,Unranked(New),General-Home-Textile,393.29999999999995,4.0,300,35.0,"1pc Solid Color Soft And Simple Window Sheer Curtain For Living Room, Bedroom"
2430,Unranked(New),General-Home-Textile,769.5,4.0,100,0.0,"1pc Cushion Core For Hotel/Dorm Decorative Pillows, Nonwoven Cloth White Pillow Filling, Non-Detachable, Outer Cover Not Included"
2431,Unranked(New),General-Home-Textile,598.5,4.0,50,0.0,"1pc/4pcs/6pcs Jacquard Chair Cover, High Elasticity Dustproof Kitchen Decoration Dining Chair Cover, Suitable For Hotel, Restaurant, Party"
2432,Unranked(New),General-Home-Textile,2374.0499999999997,4.0,0,46.0,Duvet Cover Set Patterned Microfiber Ultra Soft Bedding In Wildflower
2433,Unranked(New),General-Home-Textile,275.5,7.0,100,0.0,"Checker Coral Fleece Quick-Dry Soft Comfortable Absorbent Grid Printed Bath Towel, No Lint, For Adults, Couples, Wrapping, Hand, Face, Or Bath, Or As Sofa Cover Or Blanket, 1pc 34*75cm Towel Or 1pc 70*140cm Bath Towel Or 1 Set Of Bath Towel And Towel."
2434,Unranked(New),General-Home-Textile,342.0,4.0,100,0.0,"Forest Tree Tapestry, Nature View Bedroom Wall Hanging"
2435,Unranked(New),General-Home-Textile,1689.1000000000001,5.0,10,25.0,Plain Tufted Duvet Cover Set Without Filler
2436,Unranked(New),General-Home-Textile,342.0,4.0,300,0.0,Rose Pattern Tapestry
2437,Unranked(New),General-Home-Textile,798.0,4.0,40,0.0,Tassel Decor Table Runner
2438,Unranked(New),General-Home-Textile,584.25,4.0,100,50.0,"10/20pcs Self-Adhesive Carpet Mats, Carpet Squares, Carpet Peel And Stick Floor Tile, Easy Installation, Non-Slip, Washable, Seamless Appearance - Perfect For Home Furnishings And Indoor Dining Room!"
2439,Unranked(New),General-Home-Textile,351.5,4.0,500,0.0,1Pack/6packs Cheesecloth Table Runner Gauze Boho Rustic Dusty Blue CheeseCloth Table Runner For Baby Shower Decoration Wedding Easter Summer Table Runner
2440,Unranked(New),General-Home-Textile,722.0,4.0,50,0.0,"1pc Ocean Animal Dolphin Pattern Beach Towel, Ultrafine Fiber Printed Quick Dry Absorbent Towel For Swimming Vacation, Traveling, Camping And Outdoor Activities"
2441,Unranked(New),General-Home-Textile,339.15,4.0,100,62.0,"Laser Gold Wire Shower Curtain Waterproof, High-Grade Shower Curtain, Waterproof And Mildewproof"
2442,Unranked(New),General-Home-Textile,399.0,5.0,700,0.0,"1pc Plain Satin Fitted Sheet, Gray Silk Fitted Bed Sheet Queen King Twin Full Size Without Filler, 9 Inches Deep Pocket Cooling Breathable Soft And Silky Bedding Sheet Only, Mattress Sheet, Mattress Protector Cover, Sábanas De Satin, Room Deco"
2443,Unranked(New),General-Home-Textile,2669.5,4.0,10,0.0,"2024 New Simple IN Style Cream Colored Versatile Design! Cream-Colored Cloud Carpet, Living Room Imitation Sheep Knitted Carpet, Nordic Simple Bedside Blanket, Popular IN Style Footstool, Entrance Matting, Anti-Slip, Versatile, Fashionable And Simple."
2444,Unranked(New),General-Home-Textile,1273.0,4.0,300,0.0,"1pc Feather Print Stretchy Sofa Cover & 1pc Cushion Cover Set, Modern Sofa Dust Cover For Living Room, Pillow Insert Not Include"
2445,Unranked(New),General-Home-Textile,1738.5,4.0,80,0.0,1pc Waffle Winter Plush Sofa Towel
2446,Unranked(New),General-Home-Textile,4113.5,4.0,50,0.0,4pcs Princess-style Washed Creased Lace Bedding Set
2447,Unranked(New),General-Home-Textile,1614.05,4.0,0,54.0,Washable Contemporary Distressed Floral Print Area Rug Soft Low Pile Indoor Floor Cover Easy To Clean Door Mat Non Slip Stain Resistant Carpet For Bathroom Kitchen Living Room Bedroom Entryway
2448,Unranked(New),General-Home-Textile,484.49999999999994,4.0,500,0.0,Rose Design Single Panel Sheer Curtain
2449,Unranked(New),General-Home-Textile,769.5,4.0,50,0.0,"1pc Splash-Proof Elastic Sofa Cushion Cover, Four-Season Universal Elastic Sofa Cover, Contemporary & Modern Style Anti-Slip Sofa Cover, Suitable For L Shaped Sofas And 1, 2, 3, Or 4 Seater Sofas"
2450,Unranked(New),General-Home-Textile,418.00000000000006,4.0,100,0.0,"1pc Zippered Waterproof Pillow Cover, Oil-Resistant Breathable Knitted Pillow Protector For Bed Sleeping Pillowcase"
2451,#8 Best Sellers,in Couch Cover,708.7,5.0,0,16.0,"1pc Solid Color Chenille Sofa Cushion, Simple Style All-Seasons Universal Sofa Cover, Non-Slip, Pet-Proof, Anti-Dirty, Separated Sofa Cushion"
2452,Unranked(New),General-Home-Textile,1985.4999999999998,4.0,10,0.0,Plain Fitted Sheet
2453,Unranked(New),General-Home-Textile,1672.0000000000002,7.0,30,0.0,"1pc Multicolor Reactive Print Summer Quilt With Fashionable Sand Washing And Embroidery, Thin Summer Quilt Suitable For Home Bedroom/Living Room/Car/Outdoor Use"
2454,Unranked(New),General-Home-Textile,266.0,4.0,100,0.0,"1pc Tiger Pattern Printed Throw Pillow Cover, Modern Cushion Cover, Single-Sided Printing, Pillowcase Not Included, For Sofa, Home Decorative Pillow Case"
2455,Unranked(New),General-Home-Textile,931.95,4.0,60,10.0,"1pc, Beige Diamond-Shaped Pattern Embroidered Sheer Curtain, European Luxurious Style Polyester Embroidered Sheer Curtain, Suitable For Living Room, Bedroom Window And Door Decoration"
2456,Unranked(New),General-Home-Textile,304.0,10.0,70,0.0,"One Pure Color Imitation Silk Satin Pillow Cover, Modern Style Square Polyester Fiber Pillowcase, Suitable For Living Room Home Decoration, Large Backrest Sofa Solid Color Cushion Cover"
2457,Unranked(New),General-Home-Textile,247.0,4.0,50,0.0,"1pc White Polyester Embroidery Hollow Tablecloth, Exquisite Embroidery Table Cover And Table Mat, Waterproof And Oil-Proof Table Cover, For Holiday And Festival, Dining Room, Kitchen Decoration, Coffee Table, Dressing Table, Shoe Cabinet Cover, Bohemian Style Outdoor Picnic Cloth."
2458,Unranked(New),General-Home-Textile,846.45,4.0,100,10.0,1pc White Soft Pillow
2459,Unranked(New),General-Home-Textile,2659.0499999999997,10.0,0,65.0,25/50/100pcs Chair Sashes Spandex Bands Stretch Chair Ties Bows With Buckle For Wedding  Party Event Hotel Chair Decoration
2460,Unranked(New),General-Home-Textile,693.5,4.0,100,0.0,"1 Soft Most Beautiful Girl Pattern, Most Beautiful Girl, Soft Warm Blanket, Sofa Throw Blanket, Air Conditioning Blanket, Small Throw Blanket, Lunch Blanket, Best Blanket For Holiday Gifts For Friends And Family, Christmas Gifts, Thanksgiving Holiday Gifts, New Year Gifts"
2461,Unranked(New),General-Home-Textile,336.3,4.0,60,70.0,Universal Wear-resistant Velvet Sofa Cushion Cover With Elastic Replacement And Non-slip L-shaped And Recliner Sofa Covers
2462,Unranked(New),General-Home-Textile,256.5,4.0,90,0.0,"1pc Geometric Pattern Cushion Cover,Daily Polyester Decorative Throw Pillow Case"
2463,Unranked(New),General-Home-Textile,1520.0,6.0,0,0.0,"2pcs New Fashion High-Grade Digital Printed Window Curtains, Home Decoration Half-Shading Heat Insulation Rod-Pocket Drapes, All-Season Use"
2464,Unranked(New),General-Home-Textile,205.20000000000002,4.0,40,40.0,"1PC Beige Bee Sunflower Table Runner, Seasonal Spring Summer Flowers Kitchen Dining Table Decoration For Home Party Decor"
2465,#1 Best Sellers,in Duvet Covers Sets,1472.5,4.0,0,0.0,3pcs Polyester Quilt Cover Set [One Quilt Cover + Two Pillowcases]
2466,Unranked(New),General-Home-Textile,487.34999999999997,5.0,20,10.0,1pc Pom Pom Velvet Cushion Cover Without Filler
2467,Unranked(New),General-Home-Textile,693.5,4.0,100,0.0,1pc Modern Simple Style Solid Color Blackout Curtains With Silk Coating And Waterproof Function In American Style
2468,Unranked(New),General-Home-Textile,1311.0,4.0,10,0.0,"Plant Pattern Single Panel Curtain, Modern Polyester Blackout Curtain For Living Room"
2469,Unranked(New),General-Home-Textile,2695.15,4.0,30,51.0,Moclever Bamboo Memory Foam Pillow Hypoallergenic Bed Pillow For Head Neck Rest Sleeping Shredded Pillow With Washable Cover For Wedding Guest Room Mother's Day Gift
2470,Unranked(New),General-Home-Textile,1222.6499999999999,4.0,80,22.0,"1pc Heart Pattern Bedspread, Cute Fabric Quilt For Bedroom"
2471,Unranked(New),General-Home-Textile,266.0,4.0,50,0.0,1pc Cute Cartoon 3D Dog Shaped Plush Pillow
2472,Unranked(New),General-Home-Textile,266.0,4.0,100,0.0,"Marble Pattern Cushion Cover Without Filler, Modern Throw Pillow Case, Pillow Insert Not Include, For Sofa, Living Room"
2473,Unranked(New),General-Home-Textile,769.5,4.0,100,0.0,"1pc Japanese Style Linen Window Curtain, Simple Design, Living Room Bedroom Decor, Wooden Style, Semi-Transparent And Linen Material, Fresh Airy Window Screen Curtain"
2474,Unranked(New),General-Home-Textile,436.99999999999994,4.0,700,0.0,"Blacklight Horror Face Tapestry, UV Reactive Tapestries Wall Hanging, Glow in The Dark Party Backdrop Tapestry for Bedroom, Living Room"
2475,Unranked(New),General-Home-Textile,4104.0,4.0,40,0.0,"1pc Comforter Duvet Insert, All Season Quilt Comforter For Summer Sleeping, Twin Queen King Full Size, Fluffy, Soft, Breathable, Down Alternative Filling"
2476,Unranked(New),General-Home-Textile,304.0,4.0,300,0.0,"1pc  Patterned Polyester Square Tapestry, Modern Wall Decor For Living Room And Bedroom"
2477,Unranked(New),General-Home-Textile,1235.0,4.0,40,0.0,Cartoon Unicorn Print Fitted Sheet
2478,Unranked(New),General-Home-Textile,389.49999999999994,4.0,40,0.0,1pc Premium Outdoor Waterproof Tablecloth/ Home Waterproof Tablecloth
2479,Unranked(New),General-Home-Textile,1482.0,4.0,60,0.0,2/3pcs Traditional Printed Bedding Set Plant Floral Style Quilt Cover + 1/2 Pillowcase
2480,Unranked(New),General-Home-Textile,192.85,4.0,90,22.0,"1pc Striped Pattern Bath Towel, Modern Microfiber Towel For Bathroom, Gym, Hotel"
2481,Unranked(New),General-Home-Textile,494.0,4.0,200,0.0,"1pc Bathroom Non-Slip Mat, Toilet Floor Mat, Quick Dry Absorbent Mat, Kitchen Area Rugs, Indoor Mat"
2482,Unranked(New),General-Home-Textile,215.65,4.0,200,16.0,"1pc Metallic Hollow Out Table Runner, Creative Polyester Multi-purpose Table Runner For Party, Holiday, Table Decor"
2483,Unranked(New),General-Home-Textile,503.5,4.0,100,0.0,"1pc Vintage Flower Print Stretchy Chair Slipcover, European Style Dining Chair Cover For Household"
2484,Unranked(New),General-Home-Textile,393.29999999999995,4.0,60,10.0,"1pc Solid Color Corn Velvet Stool Cover, Modern Style, All Seasons Use, Removable & Washable, Thick Plush, Elastic, Dustproof & Anti-Stain Footstool Cover"
2485,Unranked(New),General-Home-Textile,1040.25,4.0,300,11.0,"1pc Waterproof Polyester Fabric Flower Patterned Shower Curtain For Bathroom, With 12 Hooks"
2486,Unranked(New),General-Home-Textile,579.5,5.0,30,0.0,"2/3pcs Satin Fitted Sheet Set - 1pc Satin Sheet And 1/2pcs Satin Pillowcase, Solid Green, Deep Pocket Silk Fitted Fitted Sheet, Ultra Soft, For King Twin Queen Full Size Bedsheet"
2487,Unranked(New),General-Home-Textile,3572.95,16.0,20,78.0,"Bedsure Quilt Set - 3 Pcs, Reversible Quilt Bedding Set, Polyester Microfiber Material, Lightweight Bedspread, Coverlet Set With 2 Pillow Shams For All Seasons(Twin Size Only Have 1 Pillow Sham)"
2488,Unranked(New),General-Home-Textile,551.0,8.0,200,0.0,"1pc Waterproof Jacquard Universal Stretch Sofa Cushion Cover, Modern Simple Style Anti-Slip Sofa Cover, Living Room Sofa Protector Fits L-Shaped Sofa And 1/2/3/4 Seater Sofa, All Seasons"
2489,Unranked(New),General-Home-Textile,665.0,4.0,20,0.0,"1pc Japanese-Style Linen Red Bean Curtain, Thin Sheer Decorative Curtain For Living Room, Bedroom, Balcony And Kids' Room, Rod Pocket Hanging"
2490,Unranked(New),General-Home-Textile,646.0,4.0,100,0.0,"Ruffle Decor Single Panel Sheer Curtain, White Simple Mesh Curtain For Home Decor"
2491,Unranked(New),General-Home-Textile,551.0,9.0,100,0.0,1PC waterproof corn velvet elastic sofa cushion cover
2492,Unranked(New),General-Home-Textile,3419.05,4.0,10,40.0,Machine Washable Vintage Rug Floral Print Throw Carpet For Bedroom Living Room Retro Accent Throw Kitchen Mat Non Slip Soft Floorcover Mat Non Shedding Home Decor Rug For Dining Room Laundry Bathroom
2493,Unranked(New),General-Home-Textile,304.0,4.0,50,0.0,Metallic Gold Feather Pattern Cushion Cover Without Filler
2494,Unranked(New),General-Home-Textile,1349.0,11.0,60,64.0,Ultra-Soft 1800 Series Deep Pocket Bed Sheet Set (6-Piece)
2495,#5 Best Sellers,in Pillowcases & Shams,342.0,4.0,0,0.0,1pc Cute Ruffle Edge Pillowcase For Bedding
2496,Unranked(New),General-Home-Textile,921.4999999999999,4.0,70,0.0,"1pc Red Bohemian Style Semi-circular Door Mat, Rainbow Non-slip Mat, Colorful Anti-slip Mat, Machine Washable, Suitable For Indoor/outdoor Doorways, Hallways, Bathrooms, Bedrooms, Kitchens, Area Rugs, Christmas Home Decorations"
2497,Unranked(New),General-Home-Textile,1092.5,4.0,80,0.0,Gold Leaf Printed Blackout Fashionable Window Curtain Available In Multiple Sizes
2498,Unranked(New),General-Home-Textile,342.0,4.0,200,0.0,"1pc Solid Color Sheer Curtain, Minimalist Polyester Single Panel Sheer Curtain For Home"
2499,Unranked(New),General-Home-Textile,3799.05,18.0,80,49.0,12 Pack Cheesecloth Table Runner 35x120 Inch / 35x157 Inch Boho Gauze Table Runner  10Ft / 13Ft Cheese Cloth Long Table Runner Romantic Table Runner For Wedding Bridal Shower Birthday Party Table Decor
2500,Unranked(New),General-Home-Textile,503.5,4.0,70,0.0,"1pc Plain Cushion Cover Without Filler,Corduroy Pillowcase For Sofa, Home Decoration"
2501,Unranked(New),General-Home-Textile,1744.2,4.0,0,10.0,Rick and Morty X SHEIN Cartoon Characters And Plants Printed Duvet Cover Set
2502,Unranked(New),General-Home-Textile,342.0,4.0,40,0.0,"1 Piece Of Cinnamon Melody Pattern Hair Drying Cape, Cute Cartoon Hair Drying Towel, Absorbent Head Bag Button Color Random"
2503,Unranked(New),General-Home-Textile,219.45000000000002,4.0,70,11.0,"1pc Shiny Metal Gold Table Cloth, Sparkling Thin Mesh Tablecloth Roll For Wedding, Bridal Shower, Baby Shower, Birthday Party Decoration"
2504,Unranked(New),General-Home-Textile,1130.5,4.0,70,0.0,"1pc European Style Bean Bag Sofa (Cover Only, No Filling) Modern Minimalist Living Room Lightweight Luxury Washable Adult Seat Sofa For Small Apartment"
2505,Unranked(New),General-Home-Textile,484.49999999999994,4.0,100,0.0,1pc Floral Pattern Sheer Curtain
2506,Unranked(New),General-Home-Textile,522.5,4.0,300,0.0,"1pc Pompom Decor Cushion Cover Without Filler, Beige Throw Pillow Case, For Sofa, Living Room"
2507,Unranked(New),General-Home-Textile,873.9999999999999,5.0,0,0.0,"One-Piece Double-Layered Gauze And Blackout Curtain, With French Lace Floral Pattern Double-Layered Gauze And Blackout Design, Kid Girls' Bedroom And Living Room Thermal Insulated Solid Color Loop Curtains Home Decor, Ideal For Bedrooms, Children's Rooms, Living Rooms And Home Use"
2508,Unranked(New),General-Home-Textile,272.65000000000003,9.0,500,13.0,"Solid Color Stretchy Sofa Seat Cushion Cover, Simple Polyester Sofa Seat Cushion Slipcover, For Home Decor"
2509,Unranked(New),General-Home-Textile,1326.2,14.0,0,0.0,"Luxury Shag Area Rug 2x3 Feet Geometric Plush Fluffy Rugs, Extra Soft Carpet Moroccan Rugs For Bedroom Living Room Dorm Kids, High Pile Shaggy Floor Rug Decor(Dark Grey/White,Black/White,Blue/White,Brown/Beige,Champagne/Brown,Cream / Beige,Dark Grey/Black,Dark Grey/White,Grey Green/White,Grey/Black,Grey/White,Hot Pink/White,Light Beige/White,Light Grey/White,Light Navy/White,Light Yellow/Grey,Navy Blue/White,Pink/Hot Pink,Purple/White)"
2510,Unranked(New),General-Home-Textile,399.0,4.0,80,0.0,Plain Single Panel Sheer Curtain
2511,Unranked(New),General-Home-Textile,1501.0,9.0,80,0.0,"3pcs Cartoon  Pattern Bedding Set, Soft And Comfortable Bed Linen Decoration For Bedroom, Guestroom Or Dormitory Use (1 Fitted Sheet + 2 Pillowcases)"
2512,Unranked(New),General-Home-Textile,949.0500000000001,4.0,40,0.0,"18x18 Pillow Inserts Set Of 4, Light Grey 18 X 18 Throw Pillow Insert, 18 Inch Machine Washable Square Pillow Insert"
2513,Unranked(New),General-Home-Textile,966.15,4.0,100,10.0,1pc Stretch Solid Color Sofa Cover Set With 1pc Pillowcase (No Pillow Core) Modern & Simple & Fashionable Design For 1/2/3 Seater Sofa
2514,Unranked(New),General-Home-Textile,323.0,4.0,500,0.0,"1pc Solid Color Half Cushion Cover, Removable Elastic Sofa Cover, Living Room Bedroom Office Sofa Protector"
2515,Unranked(New),General-Home-Textile,1557.9999999999998,4.0,60,0.0,1pc Pure Color Italian Material Thick & Warm Retro Luxurious Curtain For Living Room Bedroom Window & Door Decoration
2516,Unranked(New),General-Home-Textile,342.0,4.0,800,0.0,"1pc Floral Embroidered Scallop Trim Door Curtain, Black Lace Curtain For Home Door"
2517,Unranked(New),General-Home-Textile,408.5,4.0,500,0.0,"1pc Mushroom & Moon Pattern Uv Tapestry, Wall Hanging Decor For Living Room, Bedroom, Office, Home Party, Free Installation Kit, Easy To Hang"
2518,#1 Best Sellers,in Mattresses,13013.099999999999,4.0,0,43.0,"8 Inch Memory Foam Mattress Cooling Gel Green Tea Infused Mattress,Fiberglass Free,CertiPUR-US Certified,Breathable Bed Mattress For Cooler Sleep Supportive,White"
2519,Unranked(New),General-Home-Textile,541.5,4.0,100,0.0,"1pc Universal Stretch Sofa Cushion Cover, Simple Modern Style Anti-slip Sofa Cover, Suitable For L-shaped Sofas And Sofas With 1-4 Seats, Living Room Sofa Protective Cover For All Seasons"
2520,Unranked(New),General-Home-Textile,1510.5,4.0,90,0.0,Crystal Velvet Black Vinyl Record Computer Chair Desk Mat Bedroom Hanging Basket Round Carpet Children Non-Slip Floor Mat Living Room Coffee Table Mat
2521,Unranked(New),General-Home-Textile,978.5000000000001,5.0,0,0.0,"1pc Brushed Solid Color Fitted Sheet, Soft Bedding Supplies, Blanket For Bedroom"
2522,Unranked(New),General-Home-Textile,320.15000000000003,4.0,300,51.0,"1pc Shower Curtain With Plastic Hook, Waterproof And Mildew-Proof Polyester Bath Curtain, Machine Washable Bathroom Partition Curtain, Bathroom Decor, Easy Installation And Durable"
2523,Unranked(New),General-Home-Textile,222.29999999999998,4.0,90,40.0,"1pc, Linen Table Runner, Watercolor Wild Flowers Printed Table Runner, Seasonal Spring Theme Colorful Flowers Holiday Kitchen Dining Table Decoration For Home, Party Decor"
2524,Unranked(New),General-Home-Textile,655.5,5.0,20,0.0,"1pc Warm and Cozy Imitation Flannel Blanket for Couch, Bed, and Sofa - Soft and Soothing Throw Blanket"
2525,Unranked(New),General-Home-Textile,513.0,12.0,100,0.0,"1pc Universal Stretch Sofa Slipcover, Water Repellent & Non-Slip Fabric Full Covered Couch Cushion Cover For L-Shaped & 1, 2, 3, 4 Seater Sofa, Easy To Clean & Dustproof & Stain Resistant For All Seasons"
2526,Unranked(New),General-Home-Textile,218.49999999999997,4.0,90,0.0,"1pc Jacquard Satin Fabric Tablecloth With Exquisite Embroidery, Square, Rectangle, Anti-Dirty & Heat Insulation Dining Mat, Home Decoration For Family Gathering, Festival Party & Weddings"
2527,Unranked(New),General-Home-Textile,380.0,9.0,30,0.0,Dining Chair Covers Stretch Chair Summer Thin Fabric Covers Parsons Chair Slipcover Chair Covers For Dining Room Set Of 1pcs
2528,Unranked(New),General-Home-Textile,1149.5,4.0,100,0.0,"2/3pcs Fitted Sheet Sets, 90g Polyester Brushed Fabric, Plant & Flower Pattern, Includes 1 Fitted Sheet And 2 Pillowcases"
2529,Unranked(New),General-Home-Textile,698.25,4.0,100,25.0,"1PC Oversize Stripped Design With Tassel Beach Towels For Travel, Microfiber Quick Dry Towel For Swimmers Sand Proof Beach Towels For Women Men Girls Kids"
2530,Unranked(New),General-Home-Textile,209.00000000000003,4.0,50,0.0,"Customized Photo Print Pillowcase For Elderly, With Single-Sided Customized Printing Of Loved Ones, Children, Pets Or Friends. Suitable For Weddings, Festivals, Mother's Day, Father's Day, Thanksgiving, Living Room Sofa Or Bed Head Decoration, All-Year-Round Pillowcase."
2531,Unranked(New),General-Home-Textile,1557.9999999999998,5.0,400,0.0,"1pc Solid Color Quilted Mattress Protector,Fitted Sheet,Mattress Cover,Breathable, Machine Washable,Suitable For Home Bedroom,For All Seasons,Dustproof Bedspread,Made Of Soft And Breathable Fabric"
2532,Unranked(New),General-Home-Textile,180.5,4.0,0,0.0,"1pc Random Lovely Hanging Kitchen Hand Towel, Soft Coral Velvet Thick Hand Cloth, Absorbent Dishcloth, Home Bathroom Handkerchief"
2533,Unranked(New),General-Home-Textile,1501.0,5.0,200,0.0,"1pc Solid Color Waterproof Fitted Sheet Protective Cover, Dustproof And Moisture-Proof Mattress Protective Cover, Made Of Soft And Breathable Fabric, Ultrasonic Embossed Fitted Sheet For All Size Bed Twin Full King Queen Size"
2534,Unranked(New),General-Home-Textile,494.0,4.0,300,0.0,"1pc Stain Resistant, Anti-Wrinkle, Washable Solid Polyester Table Cloth, Suitable For Dining, Wedding, Banquet, Party Decoration (White)"
2535,Unranked(New),General-Home-Textile,2433.9,4.0,20,16.0,"1pc Handmade Bohemian Style Oval/Lovely Cat Shaped Slip-Resistant Linen Mat For Indoor Decoration, Suitable For Living Room/Bedroom/Leisure Area, Spring/Summer, 80*120cm/60*100cm"
2536,Unranked(New),General-Home-Textile,503.5,4.0,100,0.0,One Piece Of White Lace Wedding Tablecloth
2537,Unranked(New),General-Home-Textile,1083.0,4.0,20,0.0,"2pcs Bohemian, Beige Sheer Curtains Suitable For Living Room Pole Pockets, Semi Transparent Curtains, Geometric Farmhouses, Rural Bedrooms, Daycare Decorations Bohemian Semi Transparent Curtain Sets,"
2538,Unranked(New),General-Home-Textile,294.5,4.0,100,3.0,"Sanrio Kuromi My Melody Cinnamoroll Small Square Towel Cute Soft Friendly Skin Face Wash Towel Sanrio,Sanrio Hello,Hello Kitty,Kuromi,Sanrio Hello Kitty,Sanrio Kuromi"
2539,Unranked(New),General-Home-Textile,902.5,4.0,60,0.0,"1pc Bowknot Adjustable Women's Shower Wrap Robe - Soft, Lightweight, And Absorbent - Perfect For Home, Travel, And Hotel - Bathroom And Home Supplies"
2540,Unranked(New),General-Home-Textile,1385.1,4.0,0,10.0,3pcs Multi-Color Polyester Printed Duvet Cover Set
2541,#4 Best Sellers,in Bathroom Towels,731.5,4.0,0,0.0,"1pc Bath & Beach Towel Made Of Ultra-Fine Fiber Material, Super Absorbent"
2542,Unranked(New),General-Home-Textile,503.5,4.0,90,0.0,1pc Single Sided Silver Embossed Star Blackout Curtain For Window
2543,Unranked(New),General-Home-Textile,370.5,4.0,70,0.0,1pc Faux Silk Tree Leaf Embroidered Pillowcase
2544,Unranked(New),General-Home-Textile,324.9,4.0,100,10.0,"1pc Modern White Sheer Curtains For Living Room Solid Transparent Tulle Curtain For Window Kitchen Cortinas Voilage Gauze Yarn Decor(Package 1 Piece, Excluding Rod)"
2545,Unranked(New),General-Home-Textile,161.5,4.0,10,0.0,"1pc Retro Blue Rose Printed Polyester Bohemian Style Table Runner, Rectangular Blue Flower Bohemian Style Table Runner, Fabric Placemat, Vintage Seasonal Kitchen Table Decoration Suitable For Home Party Decoration Kitchen Tablecloth"
2546,Unranked(New),General-Home-Textile,778.9999999999999,4.0,200,0.0,"Table Runner Farmhouse Style, Natural Burlap Boho Table Runner Modern Farmhouse Decor Rustic Woven Crochet Lace For Bohemian, Rustic,Bridal, Shower Wedding, Dinner"
2547,Unranked(New),General-Home-Textile,1007.0,7.0,20,0.0,8/12/16 Pack Rose Gold Satin Chair Belt Chair Ribbon Bow Suitable For Wedding Banquet Party Baby Shower Birthday Party Decoration
2548,Unranked(New),General-Home-Textile,161.5,5.0,100,0.0,1pc Solid Color Bath Towel Or 1pc Face Towel
2549,Unranked(New),General-Home-Textile,323.0,4.0,0,0.0,"Solid Color Stretchy Chair Slipcover, Black Chair Dust Cover For Dining Room"
2550,Unranked(New),General-Home-Textile,769.5,4.0,1200,0.0,"1pc Multicolor Strawberry Pattern Blanket, Suitable For Bedroom Sofa All Seasons Blanket"
2551,Unranked(New),General-Home-Textile,750.5,4.0,50,0.0,"Sports Baseball Pattern Beach Towel, Fashionable, Portable, Soft, Personalized, Yoga, Travel, Outdoor Camping, Swimming, Sun Protection, Comfortable, Beach Blanket, Soft, Lightweight, Personality, 1pc"
2552,Unranked(New),General-Home-Textile,1311.0,4.0,100,0.0,GARFIELD X SHEIN Cartoon Patterned 2-In-1 Pillow And Blanket With Built-In Storage
2553,Unranked(New),General-Home-Textile,1076.35,4.0,40,25.0,Heart Print Duvet Cover Set Without Filler
2554,Unranked(New),General-Home-Textile,1088.7,4.0,200,16.0,"1pc Slogan Graphic Round Rug, Retro Disc Design Carpet, For Living Room, Bedroom"
2555,Unranked(New),General-Home-Textile,446.5,5.0,600,0.0,"1pc Simple Style Polyester Fiber Leaves Patterned Water Absorbent Rectangle & U-Shaped Floor Mat For Bathroom, Living Room, Home Use"
2556,Unranked(New),General-Home-Textile,636.5,12.0,100,0.0,Plain Simple Single Panel Blackout Curtain
2557,Unranked(New),General-Home-Textile,2831.0,4.0,10,0.0,"4pcs Thick And Soft Blue Ditsy Floral Printed Princess Style Bedding Set (1 Duvet Cover + 1 Bed Sheet + 2 Pillowcases), Fresh Countryside Style, Bedding Linens, Excluding Comforter"
2558,Unranked(New),General-Home-Textile,893.0,4.0,0,0.0,"4 Pack Cooling Towels (40""X12""), Cooling Towels For Neck And Face, Gym Towel For Working Out, Soft Breathable Microfiber Ice Towel For Yoga Sport Running Golf"
2559,Unranked(New),General-Home-Textile,627.0,4.0,80,0.0,"1pc Solid Color Blanket,Solid Color Flannel Blanket For Bed & Sofa, Soft Throw Blanket, Warm Bedding, Home Decor"
2560,Unranked(New),General-Home-Textile,436.99999999999994,6.0,100,0.0,"1pc Waterproof And Urine Separating All Seasons Universal Slip-Resistant Sofa Cushion Cover, Modern Minimalist Style Elastic Sofa Cover, Pet Stain-Resistant Solid Color Sofa Cope For L-Shaped Combination Sofa And 1/2/3/4 Seater Sofa (Sold Individually)"
2561,Unranked(New),General-Home-Textile,285.0,4.0,600,0.0,"1pc Solid Color Chair Seat Cushion Cover, Minimalist Polyester Chair Seat Cushion Cover For Home"
2562,Unranked(New),General-Home-Textile,210.9,4.0,100,18.0,1pc Bohemian Style Printed Polyester Pillowcase
2563,Unranked(New),General-Home-Textile,446.5,4.0,400,0.0,Floral Lace Tablecloth
2564,Unranked(New),General-Home-Textile,275.5,4.0,100,0.0,"1pc Coral Velvet Mushrooms Pattern Towel, Soft, Absorbent, Non-Shedding, Suitable For Domestic Hair Drying, Hand Drying, Face, And Bath Towel, Or 1pc Bath Towel, Suitable For Bath Wrap"
2565,Unranked(New),General-Home-Textile,1139.05,4.0,0,25.0,"LongNap™ ChillTech 1pc[Bamboo Fiber]Hypoallergenic And Breathable Flat Sheet, Trending -Friendly Fabric Made From Bamboo, Moisture-Wicking & Soft Perfect For Hot Sleepers, White"
2566,Unranked(New),General-Home-Textile,484.49999999999994,4.0,0,0.0,"1pc/4pcs/6pcs Elastic Solid Color Dining Chair Cover With Full Coverage And Splash Protection, Dustproof Universal Chair Cover, Suitable For Restaurant, Living Room, Hotel, Black"
2567,Unranked(New),General-Home-Textile,513.0,4.0,100,0.0,"1pc Simple & Fashionable Velvet & Linen Window Curtain, Light Filtering, Uv Blocking, Densely Woven, , Various Sizes"
2568,Unranked(New),General-Home-Textile,142.5,4.0,0,0.0,"1set Plain Bed Sheet Fixer, Plastic Anti-slip Bedding Fixer For Home Bedroom"
2569,Unranked(New),General-Home-Textile,1139.05,4.0,70,39.0,3pcs Solid Classic Memory Foam Bathroom Mat Set
2570,Unranked(New),General-Home-Textile,855.0,4.0,0,25.0,1pair Animal Print Pillowcase Without Filler
2571,Unranked(New),General-Home-Textile,332.5,4.0,200,0.0,"1pc Watercolor Floral Peach Skin Tapestry, Wall Decoration For Bedroom, Office And Living Room, Wildflower Wall Hanging Art Home Decor"
2572,#5 Best Sellers,in Table Decorations & Kitchen Fabrics,291.65,9.0,0,1.0,"1pc Cheesecloth Bohemian Tablecloth, Thin Gauze Transparent Table Banner For Baby Shower, Wedding, Bridal Shower, Birthday Party Table Decoration"
2573,Unranked(New),General-Home-Textile,1814.5000000000002,4.0,200,0.0,"1pc Double Layer Design Elegant Wheat Pattern Fabric+sheer Curtains For Living Room/bedroom, Light Blocking + Sunshading, One Coating + One Embroidery Curtain, Beige"
2574,Unranked(New),General-Home-Textile,323.0,24.0,90,0.0,"1pc Cheese Cloth Tablecloth, Bohemian Style Tablecloth, For Wedding, Baby/Bridal Shower, Festival Party Decoration, Rustic Gauze Table Cover, Cheese Clothing Fabric"
2575,Unranked(New),General-Home-Textile,1102.0,5.0,30,0.0,"1 Set Of 2 Panels Botanical Watercolor Flower Pattern Privacy Protecting And Artistic Retro Style Decorative Window Curtains For Living Room, Bedroom And Kitchen Decor."
2576,Unranked(New),General-Home-Textile,266.0,4.0,0,0.0,"1pc Alphabet Graphic Cushion Cover Without Filler,Modern Fabric Washable Decorative Square Pillowcase  For Bedroom And Living Room"
2577,Unranked(New),General-Home-Textile,1443.05,4.0,200,30.0,Ruffle Decor Satin Duvet Cover Set Without Filler
2578,Unranked(New),General-Home-Textile,294.5,4.0,100,0.0,Jacquard Chair Seat Cover Dining Room Chair Slipcover Turqouise 1pc
2579,Unranked(New),General-Home-Textile,2849.0499999999997,4.0,10,46.0,Machine Washable Living Room Area Rug Floral Print Bedroom Carpet Rug Indoor Vintag Throw Rugs Foldable Thin Chenille Mat Distressed Non Slip Rugs Retro Accent Throw Kitchen Mat Large Home Decor Rug For Dining Room Laundry Bathroom
2580,Unranked(New),General-Home-Textile,579.5,8.0,400,0.0,"1pc Waterproof Elastic Four Seasons Sofa Cushion Cover, Modern Simple-Style Anti-Slip Sofa Cover For Living Room, Suitable For L-Shaped Sofas And 1/2/3/4-Seater Sofas"
2581,Unranked(New),General-Home-Textile,570.0,4.0,70,0.0,"1pc Plush & Sequined Crafts Color Block Pillow Cover, European And American Style, Living Room/Bedroom/Sofa Decoration Cushion Cover, All Seasons"
2582,Unranked(New),General-Home-Textile,328.7,15.0,100,29.0,"1pc Modern Bohemian Green Striped Cushion Cover (Pillow Core Not Included), Soft Corduroy Embossed 3D Striped Decorative Square Pillow Case, Suitable For Sofa, Bedroom, Bed, All Seasons"
2583,Unranked(New),General-Home-Textile,737.1999999999999,5.0,100,33.0,"1pc  Stitch Beach Towel, Soft, & Quick-Drying Beach Blanket, Sand Free & Lightweight Beach Towel, For Beach Bathing Swimming Pool Camping Yoga, Ideal Beach Essentials"
2584,Unranked(New),General-Home-Textile,577.6,4.0,50,25.0,"1pc Cartoon Bulldog Patterned Beach Towel, Fiber Beach Towel, Portable And Practical Towel, Soft And Creative, Suitable For Yoga, Sports, Bath, Pool, Sun Protection, Comfortable Beach Blanket, Camping, Outdoor Activities, Travel Towel, Personalized Beach Towel"
2585,Unranked(New),General-Home-Textile,921.4999999999999,4.0,200,0.0,"1pc Summer Pink Flower Patterned Beach Towel, Microfiber Beach Towel, Sports Towel, Suitable For Summer, Beach And Swimming Pool, Holiday, For Men, Women, Girls, Boys"
2586,Unranked(New),General-Home-Textile,636.5,4.0,500,0.0,1pc Clear Waterproof Shower Curtain
2587,Unranked(New),General-Home-Textile,393.29999999999995,5.0,0,40.0,"1pc Heart Shaped Area Rug, Plush Carpet For Living Room & Bedroom, Home Decor Valentine's Day Decor"
2588,#1 Best Sellers,in Shower Curtains & Accessories,223.25,4.0,0,53.0,"1pc Waterproof & Mildew Resistance Peva Black & White Leaves Shower Curtain, With Metal Grommets & Hooks Ring, Multiple Sizes Available"
2589,Unranked(New),General-Home-Textile,1149.5,4.0,50,0.0,"1set With Pillow Insert Faux Soft Rabbit Fur Heart & Heart-Shaped Cushion, For Sofa Living Room Bedroom Decoration, Removable And Washable"
2590,Unranked(New),General-Home-Textile,1230.25,11.0,100,30.0,"3pcs/set Two Tone Duvet Cover Set(1 Duvet Cover & 2 Pillowcase) Modern Fabric Bedding Set For Home, All Season"
2591,Unranked(New),General-Home-Textile,2706.5499999999997,4.0,50,5.0,"Pauwer Bathroom Rug Sets 3 Piece, Microfiber Non Slip Bathroom Rugs, Absorbent Bath Mats For Bathroom Floor, Plush Shaggy Bath Rugs Runner, Machine Washable Bathroom Mats Toilet Rug Carpet"
2592,Unranked(New),General-Home-Textile,617.5,4.0,50,0.0,"1pc Ultra Soft Flannel Fleece Blanket With Personalized Design, Gift For Grandson, For Sofa Bedroom Gift Blanket, HD Printed Flannel Cover Blanket, Suitable For Son, Daughter And Anyone, Multiple Sizes Available"
2593,Unranked(New),General-Home-Textile,781.85,4.0,80,12.0,"1pc Green Beaded Window Curtain For Living Room, Bedroom"
2594,#10 Best Sellers,in Aprons Newest Trend,532.0,4.0,0,0.0,"1 Pack, Pockets Egg Collecting Harvest Apron Chicken Farm Work Aprons Carry Duck Goose Egg Collecting Farm Apron Kitchen Garden Aprons"
2595,Unranked(New),General-Home-Textile,2954.5,4.0,50,0.0,"1Pc Mosquito Net Tent For Beds, Portable Foldable Mosquito Netting Folding Design,Suitable For 1.6*1.9m/1.8*2m Bed"
2596,Unranked(New),General-Home-Textile,456.0,4.0,400,0.0,1pc Leaf Print Sofa Seat Cushion Cover
2597,Unranked(New),General-Home-Textile,2175.5,4.0,90,0.0,"1pc Jacquard Process Round Carpet, European And American Style Absorbent Non-Slip Home Carpet, Suitable For Living Room, Bedroom, Bedside, Sofa, Coffee Table, Vestibule, Swivel Chair Decoration, And Very Easy To Take Care Of"
2598,Unranked(New),General-Home-Textile,503.5,4.0,40,0.0,"1 Pc Farmhouse Linen Throw Pillow Cover, Striped Decorative Buffalo Retro Pillowcase With Hidden Zipper For Sofa Bedroom"
2599,Unranked(New),General-Home-Textile,541.5,4.0,100,0.0,1pc Simple & Fashionable Velvet & Linen Blend Curtain Suitable For Bedroom Summer Light Filtering & Uv Blocking Sheer Curtain Suitable For Farmhouse & Vacation House Bedroom Curtain Available In Various Sizes
2600,Unranked(New),General-Home-Textile,436.99999999999994,4.0,200,0.0,"1pc Oval Shape Plush Carpet, Soft And Comfortable Non-slip Rug For Living Room/bedroom Home Decor, Ideal Gift For Children/youth, Dark Blue Tie Dye"
2601,Unranked(New),General-Home-Textile,503.5,4.0,50,0.0,Metallic Gold Cushion Cover Without Filler
2602,Unranked(New),General-Home-Textile,351.5,4.0,100,0.0,"1pc Embossed Lace Half-Translucent Curtain With Velvet, Can Block 50% Of Light, Suitable For Bedroom, Living Room Or Uv-Protected Curtain In Summer"
2603,Unranked(New),General-Home-Textile,2279.0499999999997,4.0,0,45.0,Boho Distressed Area Rug Soft Non Slip Low Pile Retro Accent Carpet Floral Print Indoor Entrance Runner Rug Hallway Runners Floor Cover For Living Room Bedroom Dining Laundry Bathroom Kitchen
2604,Unranked(New),General-Home-Textile,836.0000000000001,4.0,400,0.0,"2pcs Stunning Floral Pattern Curtains,Without Holes Curtain, Refer To Bedroom Office Kitchen Living Room Study Home Decor"
2605,Unranked(New),General-Home-Textile,446.5,4.0,0,0.0,"1pc Stylish And Cute Mouse Printed One-Side 160gsm Thick Flannel Tapestry With Installation Kit, Washable Decorative Wall Hanging For Living Room And Bedroom"
2606,Unranked(New),General-Home-Textile,446.5,8.0,300,0.0,"1pc Waterproof Skin-Friendly Solid Color Fitted Sheet, Fully Covered Mattress Protector, Dustproof Non-Slip, Soft And Breathable Fabric Made, Fits Twin Full King Queen Size Bed, Machine Washable"
2607,Unranked(New),General-Home-Textile,136.79999999999998,4.0,100,40.0,1pc Pink Party Decoration Table Runner
2608,Unranked(New),General-Home-Textile,332.5,4.0,900,0.0,"1pc Leaf Pattern Sheer Panel Curtain, Modern Polyester Light Filtering Privacy Sheer Curtain For Living Room And Bedroom"
2609,Unranked(New),General-Home-Textile,493.05,4.0,100,19.0,"Thickened Chair Cover Skirt Elastic Hotel Universal Cover For Table And Dining Chairs, Simple Style"
2610,Unranked(New),General-Home-Textile,921.4999999999999,4.0,0,0.0,1PC Water Repellant Office Computer Chair Cover Stretch Gaming Chair Slipcovers Elastic Rotating Lift Desk Seat Covers Living Room Home
2611,Unranked(New),General-Home-Textile,175.75,4.0,400,34.0,"1pc Romantic Pearl Lace Table Runner, Wedding Arch Decoration, Bride Gift, Embroidery Ready, Transparent Wrinkle-Free White Table Cloth"
2612,Unranked(New),General-Home-Textile,750.5,4.0,20,0.0,"1pc Washable Faux Cashmere Carpet With Water Absorption Bottom, American Style For Living Room, Bedroom, Bedside, Foldable And Soft Anti-slip Floor Rug, Doormat"
2613,Unranked(New),General-Home-Textile,693.5,4.0,0,0.0,Snowflake Cushion Cover Without Filler
2614,Unranked(New),General-Home-Textile,370.5,4.0,10,40.0,"Solid Color Single Panel Curtain, Beige Simple Polyester Curtain For Living Room, Bedroom"
2615,Unranked(New),General-Home-Textile,551.0,4.0,80,0.0,1PC Round Area Rug Non-Slip Large Circle Rugs For Living Room Bedroom Beautiful Modern Microfiber Soft Carpet Machine Washable Floor Mat Home Decor (Black Sunflower)
2616,Unranked(New),General-Home-Textile,1965.5500000000002,4.0,50,43.0,"4 Corners Post Canopy Bed Curtain For Girls & Adults, 4 Opening Mosquito Net, Cozy Drape Square Netting, Princess Bedroom Decoration"
2617,Unranked(New),General-Home-Textile,1453.5,4.0,40,0.0,"1pc Olive Green Polyester Soft Ultra-Fine Fiber Bedding Set With Zipper Closure, Corner Straps And Pillowcases (Quilt Core Not Included), Machine Washable, Quick Drying"
2618,Unranked(New),General-Home-Textile,218.49999999999997,4.0,10,0.0,"1pc Bohemian Print Cushion Cover, Made Of Peach Skin Cashmere, 45*45cm/18*18inch, Suitable For Modern Simple Sofa Living Room Decoration, Gift"
2619,Unranked(New),General-Home-Textile,275.5,4.0,100,0.0,1pc Dutch Velvet Solid Color Square Home Decorative Pillowcase
2620,Unranked(New),General-Home-Textile,2204.0,4.0,30,0.0,"2/3pcs Floral Duvet Cover Set - 1pc Quilt Cover With 1/2pcs Pillowcase, Printed Comforter Cover Set, Fits Twin Full King Queen Size Bed"
2621,Unranked(New),General-Home-Textile,328.7,11.0,100,36.0,"1pc Solid Silver Fox Velvet Stretch Sofa Cushion Cover, Dustproof Decorative Protective Cover, Suitable For Hotel, Bedroom"
2622,Unranked(New),General-Home-Textile,1767.0000000000002,4.0,100,0.0,3pcs Floral & Leaf Pattern Fresh Four-Season Duvet Cover Pillowcase Brushed Three-Piece Set
2623,Unranked(New),General-Home-Textile,444.59999999999997,4.0,400,10.0,"1pc White Lace Floral Beaded Voile Curtain, Romantic And Sweet Style Polyester Curtain, Suitable For Living Room Bedroom Windows And Door Decoration"
2624,Unranked(New),General-Home-Textile,229.9,4.0,100,53.0,"1pc Simple Linen Rectangle Table Runner, Pink Grid Pattern Table Decoration For Kitchen & Home, Indoor & Outdoor"
2625,Unranked(New),General-Home-Textile,665.0,4.0,80,0.0,Plain Tassel Decor Single Panel Curtain
2626,#6 Best Sellers,in Bath Mats,465.50000000000006,11.0,0,0.0,"1pc Black Sponge Stone Pattern Embossed Bathroom Anti-slip And Water Absorbing Mat, Suitable For Bathroom And Toilet"
2627,Unranked(New),General-Home-Textile,655.5,4.0,0,0.0,"1pc Personalized Flannel Blanket, Soft Lightweight Plush Microfiber Blanket In Multiple Colors - Ultra Soft & Comfortable, Suitable For Sofa"
2628,Unranked(New),General-Home-Textile,2023.5,4.0,400,0.0,Rick and Morty X SHEIN Cartoon Printed Bedding Set
2629,Unranked(New),General-Home-Textile,522.5,5.0,200,0.0,"1pc Convenient Rod Pocket Decorative Sheer Curtain With Twin Leaves Jacquard Design, For Living Room"
2630,Unranked(New),General-Home-Textile,661.2,4.0,100,18.0,"Mexican Burrito Tortilla Wrap Blanket, Suitable For Adults And Kids, Summer Air Conditioning Cover Blanket, Dual Sided Novelty Food Round Blanket, Fun Gift Idea, Boys And Girls Teenagers, 260 GSM Soft Flannel Fleece Taco Blanket, 60 Inches White"
2631,Unranked(New),General-Home-Textile,532.0,4.0,100,0.0,1pc Geo Graphic Sofa Seat Cushion Cover
2632,Unranked(New),General-Home-Textile,128.25,4.0,10,25.0,"1pc Polyester Solid Color Envelope Pillowcase, Pillow Core Not Included"
2633,Unranked(New),General-Home-Textile,1567.5,4.0,50,0.0,"1pc Geometric Knit Tassel Decor Blanket, Modern Fabric White Knitting Design Blanket For Bed"
2634,Unranked(New),General-Home-Textile,361.0,5.0,200,0.0,"1pc Elastic Sofa Cover Milk Silk Bohemian Style Sofa Protector, All Seasons Available For Household Decoration, Clearing & Anti-Scratches"
2635,Unranked(New),General-Home-Textile,309.7,4.0,100,24.0,"1 Piece Of Window Privacy Film, Frosted Glass Window Film, Window Adsorption Film, Adhesive Free Electrostatic Adsorption Window Sticker That Can Remove Solar Ultraviolet Rays, Suitable For Home Office Kitchens"
2636,Unranked(New),General-Home-Textile,247.95,9.0,100,21.0,Solid Color Sofa Seat Cushion Cover
2637,Unranked(New),General-Home-Textile,655.5,6.0,0,0.0,"1pc Printed Spandex Office Chair Cover Universal Computer Chair Sofa Cover With Zipper, Suitable For Boss Chair, Seat Cover, Armrest Cover, M Size"
2638,Unranked(New),General-Home-Textile,380.0,4.0,200,0.0,"1pc Pearl Net & Chiffon Table Runner For Wedding Arch Decoration, Romantic Bride Dinner Party, Festival & Birthday Decoration"
2639,Unranked(New),General-Home-Textile,778.9999999999999,11.0,80,0.0,"1pc Waterproof & Oil-proof Sofa Seat Cushion, Four Seasons Universal Modern Minimalist Sofa Pad, Anti-scratch, Anti-slip, Dustproof, Dirt-resistant, Machine Washable Sofa Cover"
2640,Unranked(New),General-Home-Textile,1786.0,4.0,400,0.0,"Waterproof Mattress Cover With Zipper, 6 Sides, White, Bed Pad Protection Cover, Multiple Sizes Available"
2641,Unranked(New),General-Home-Textile,807.5,4.0,200,0.0,"Metallic Wave Pattern Single Panel Curtain, Modern Blackout Curtain For Home Decor"
2642,#8 Best Sellers,in Table Runners,332.5,4.0,0,0.0,"1pc Wrinkle Table Runner, Coarse Cloth Backing, Gauze Tablecloth, Bohemian Country Decoration For Wedding, Reception, Bridal Shower, Holiday, Party (green)"
2643,Unranked(New),General-Home-Textile,646.0,4.0,400,0.0,"Floral Embroidered Cushion Cover, Polyester Throw Pillow Case For Home Sofa, Pillow Insert Not Include"
2644,Unranked(New),General-Home-Textile,465.50000000000006,5.0,300,0.0,"1pc, Polyester Table Runner, Cheesecloth Table Runner, Gauze Tablecloth Bohemian Country Burgundy Cheesecloth Table Runner, Wedding Bride Shower  Decoration, Room Decor, Wedding Decor,HolidayReception Atmosphere Table Runner, Home Decoration"
2645,Unranked(New),General-Home-Textile,266.0,4.0,80,0.0,"1pc Flower Painting Print Cushion Cover Without Filler, Modern Polyester Square Throw Pillow Cover For Bedroom Sofa Home Decoration"
2646,Unranked(New),General-Home-Textile,1282.5,4.0,60,0.0,1pc Plain Ruffle Trim Tablecloth
2647,Unranked(New),General-Home-Textile,304.0,4.0,200,0.0,"1pc Butterfly Printed Tapestry, Modern Style Polyester Fiber Square Decorative Wall Hanging For Living Room And Bedroom Decoration"
2648,Unranked(New),General-Home-Textile,313.5,4.0,40,0.0,"1pc Forest Landscape Printed Tapestry, Modern Style Polyester Square Decorative Tapestry, Suitable For Living Room And Bedroom Decoration"
2649,Unranked(New),General-Home-Textile,252.70000000000002,4.0,10,5.0,"1pc The Stem Or Leaf Of Cattail Round Braided Placemat, Oil-Resistant, Heat-Resistant, Anti-Scald Dinner Plate And Bowl Mat, Washable, Tabletop Protection, For Home Decor, Dining Table, Banquets And Special Events, Dining Table Decor Table Runner"
2650,Unranked(New),General-Home-Textile,560.5,4.0,200,0.0,Floral Lace Scallop Trim Single Panel Sheer Curtain
2651,Unranked(New),General-Home-Textile,879.6999999999999,4.0,100,11.0,"1pc Beige Geometric Rhombus Pattern Voile Curtain, Polyester Material, Hook Knitted Country Style Sheer Curtain For Living Room, Bedroom, Window Or Door Decoration"
2652,Unranked(New),General-Home-Textile,750.5,4.0,100,0.0,"Extra Large Beach Towel, Super Absorbent, Oversized Sandy-Proof Towel Made Of Microfiber, 59""X29"", Must-Have For Summer, Suitable For Kids, Men, Women, Great For Windproof & Sunproof, Beach, Parties, Dry Travel, Camping, Beach Accessories, Perfect Gift For Vacation, 1pc"
2653,Unranked(New),General-Home-Textile,323.0,4.0,60,0.0,"1pc White Pillow Case Without Filler, Minimalist Polyester Breathable Bed Pillow Case For Home"
2654,Unranked(New),General-Home-Textile,778.9999999999999,4.0,0,0.0,"1pc Waterproof And Oil-Proof Sofa Cushion, Modern Minimalist Design All Season Sofa Pad, Anti-Stain, Anti-Scratch, Non-Slip Sofa Cover, Dustproof, Dirty-Resistant, Washable Cover Without Fading For L-Shaped Sofas And Seats Of 1, 2, 3 Or 4"
2655,Unranked(New),General-Home-Textile,196.64999999999998,5.0,300,64.0,"2pcs Solid Color Pillowcase Without Filler, Navy Blue Fabric Bed Pillow Cover, For Bedroom"
2656,Unranked(New),General-Home-Textile,551.0,4.0,0,0.0,"Solid Color Stretchy Chair Slipcover, Black Polyester Dining Chair Dust Slipcover For Household"
2657,Unranked(New),General-Home-Textile,285.0,4.0,40,0.0,"1pc New Printed Single Fitted Sheet Is Soft And Comfortable, Suitable For Family Bedrooms, Dormitory Single Beds, Etc"
2658,Unranked(New),General-Home-Textile,1368.0,4.0,0,40.0,Universal Car Trunk Scratch Protection Pad
2659,Unranked(New),General-Home-Textile,551.0,4.0,60,0.0,Waterproof Chair Cover For Dining Room Living Room 1 Piece
2660,Unranked(New),General-Home-Textile,323.0,4.0,600,0.0,"1pc White Flower Embroidery Single Panel Sheer Curtain,Romantic Polyester Single Panel Blackout Curtain For Bedroom And Living Room"
2661,#7 Best Sellers,in Shower Curtains & Accessories,121.60000000000001,4.0,0,75.0,1pc Tropical Leaf Pattern Waterproof Shower Curtain
2662,Unranked(New),General-Home-Textile,294.5,4.0,100,0.0,"1pc  Solid Milk Silk Elastic Sofa Cover, Four Seasons Universal Sofa Slipcover"
2663,Unranked(New),General-Home-Textile,617.5,4.0,100,0.0,"Marvel Buffalo  Close-Up Spider Web Shooting Game Bed Blanket, Air Conditioning Blanket, Double-Sided Blanket"
2664,Unranked(New),General-Home-Textile,788.5000000000001,4.0,0,0.0,"1pc Elegant  Marble Water-Resistant Shower Curtain With Easy Installation Hooks, Year-Round Durability & Stylish Home Decor Appeal"
2665,Unranked(New),General-Home-Textile,1510.5,5.0,20,47.0,"1pc Home Decoration Door String Curtain Flat Silver Ribbon Thread With Shaggy Tassel Room Divider, 39inx79in"
2666,Unranked(New),General-Home-Textile,703.0,4.0,100,0.0,"1pc Star & Moon Blackout Curtain, Heat-Insulated And UV-Resistant, Top Locked Loop Home Decoration Window Curtain For Living Room Bedroom Outdoor Sun Shade, Suitable For Multiple Use, Gift Included"
2667,Unranked(New),General-Home-Textile,1501.0,9.0,80,0.0,Flower Pattern Duvet Cover Set Without Filler
2668,Unranked(New),General-Home-Textile,3125.5,11.0,0,51.0,"DEITAS Cooling Breathable Bamboo_ Bed Sheets Set - Queen Size,1800 Thread Count Super Silky Soft with 16 Inch Deep Pocket, Machine Washable, 4 Piece"
2669,Unranked(New),General-Home-Textile,478.8,4.0,100,10.0,"1pc Geometric Pattern Cushion Cover Without Filler, Modern Soft Stretchy Throw Pillow Cover For Household"
2670,Unranked(New),General-Home-Textile,655.5,4.0,600,0.0,"1pc Waterproof Fitted Sheet,Antibacterial Mattress Cover,Mattress Protector Sheet,Bed Pad Cover,Solid Color Fitted Sheet,For Bedroom,Breathable,Soft,Made Of Soft And Breathable Fabric,Mattress Protector Cover For Bed,Deep Pocket Design For Comfortable Sleep,"
2671,Unranked(New),General-Home-Textile,959.5,4.0,100,0.0,"Cow Print Fitted Sheet, Black And White Cartoon Fitted Sheet, For Bedroom"
2672,Unranked(New),General-Home-Textile,484.49999999999994,4.0,40,0.0,"1pc Campsite Non-Slip RV Entrance Mat, Outdoor Camping RV Travel Carpet, Home, Kitchen, Living Room Rug, Easy To Clean"
2673,Unranked(New),General-Home-Textile,475.0,4.0,50,0.0,"1pc Solid Color Table Runner, Minimalist Polyester Table Runner For Dining Table"
2674,Unranked(New),General-Home-Textile,1026.0,4.0,0,0.0,"1pc Brushed Solid Color Fitted Sheet, Soft Bedding Supplies, Blanket For Bedroom"
2675,#1 Best Sellers,in Home Textile New Products,304.0,6.0,0,0.0,"1pc Bertram Eats Pattern Printed Tapestry, Modern Style Polyester Fiber Square Decorative Tapestry For Living Room And Bedroom Decoration"
2676,Unranked(New),General-Home-Textile,873.9999999999999,4.0,90,0.0,1pc Silver Fox Fur Armchair Cover
2677,Unranked(New),General-Home-Textile,912.0,4.0,100,0.0,1pc Summer Beach Towel Shawl Quick-Dry Beach Blanket
2678,Unranked(New),General-Home-Textile,7306.45,5.0,20,56.0,"Area Rugs For Bedroom Abstract Machine Washable Rugs Distressed Modern Doormat Print Boho Throw Rug For Living Room Aesthetic, Non Slip Carpet With Gripper"
2679,Unranked(New),General-Home-Textile,247.0,4.0,100,0.0,Jacquard Chair Seat Cover Dining Room Chair Slipcover Turqouise 1pc
2680,Unranked(New),General-Home-Textile,904.4,4.0,20,45.0,"1pc Geometric Tufted, Double-layered Thickened Knitted Pattern Bed Blanket for Home, All Season"
2681,Unranked(New),General-Home-Textile,190.0,4.0,70,0.0,"1pc Solid Cloth Napkin, Woven Fabric Soft Household Table Napkin For Dining Table Decor"
2682,Unranked(New),General-Home-Textile,803.7,4.0,100,15.0,"2pcs Elegant Golden Butterfly Printed Sheer Curtains Are Suitable For Bedrooms, Living Rooms, Offices, Study Rooms, Etc"
2683,Unranked(New),General-Home-Textile,198.54999999999998,19.0,500,30.0,"LongNap™ 1pc Supersoft Plain Fitted Sheet, Lightweight Cloud-like Feel Bedding"
2684,Unranked(New),General-Home-Textile,2374.0499999999997,4.0,0,32.0,"Happy Axolotl Duvet Cover With 2 Pillowcases,Kawaii Bedding Set For Kids Bedroom Decor,Wild Animal Salamander Cartoon Axolotl Cute Duvet Cover Set."
2685,Unranked(New),General-Home-Textile,370.5,4.0,30,0.0,1pc Simulated Silk Tree Leaf Jacquard Pillow Case
2686,Unranked(New),General-Home-Textile,760.0,4.0,200,0.0,Striped Pattern Single Panel Sheer Curtain
2687,Unranked(New),General-Home-Textile,436.99999999999994,4.0,100,0.0,"Removable Jacquard Bar Chair Cover Counter Stool Cover Dining Room Short Back Chair Slipcover, 1pc"
2688,Unranked(New),General-Home-Textile,579.5,8.0,600,0.0,"1pc Waterproof Jacquard Elastic Sofa Seat Cover, Modern Style Anti-Slip Sofa Cover, Suitable For L-Shaped Sofa And 1/2/3/4 Seater Sofa, All Seasons"
2689,Unranked(New),General-Home-Textile,1121.0,4.0,100,0.0,"1pc Beige Decorative Pillow, Modern Polyester Flower Design Throw Pillow For Home"
2690,Unranked(New),General-Home-Textile,902.5,4.0,90,0.0,"1pc Butterfly Voile Curtain For Living Room, Balcony, Bedroom, White Lace, European & South Asian Style"
2691,Unranked(New),General-Home-Textile,1966.5,4.0,10,0.0,"1pc Chenille Sofa Cover With Tassel, Furniture Protector And Fashionable Home Decoration Sofa Cover, Dustproof And Cat Scratching Double-Sided Available"
2692,Unranked(New),General-Home-Textile,653.6,5.0,50,20.0,"1pc Striped Sunflower Beach Towel, Ultrafine Fiber Oversized Beach Blanket, Super Absorbent Bath Towel, Suitable For Travel, Swimming, Diving, Surfing, Yoga, Camping, Various Sizes For Adults And Children, Beach Accessories"
2693,Unranked(New),General-Home-Textile,893.0,4.0,200,0.0,"1pc Number Pattern Rug, Minimalist Polyester Round Floor Carpet For Home"
2694,Unranked(New),General-Home-Textile,1691.0,4.0,50,0.0,"Creamy Crystal Cashmere Edge Wrapped Rug For Living Room, Sofa, Bedroom Floor Area Rug Mat"
2695,Unranked(New),General-Home-Textile,923.4000000000001,4.0,0,40.0,Two Tone Single Panel Curtain
2696,Unranked(New),General-Home-Textile,4445.05,4.0,10,79.0,"510 DESIGN Tinsley Lightweight Comforter Set-8pcs Solid Soft Comforter Bedding Set For All Season With Matching Shams,Decorative Pillows,Geometric Honeycomb Design, Cozy Down Alternative Casual Bedding,Available In Seafoam/Gray,Khaki,Queen /King /California King"
2697,Unranked(New),General-Home-Textile,2989.65,12.0,30,75.0,"Bedsure Down Alternative Comforter Sets, 2/3Pcs, Basket Weave Pattern Comforter Sets Box Stitching Duvet Insert, Lightweight All Season Bed Comforter Set"
2698,Unranked(New),General-Home-Textile,237.5,4.0,300,0.0,Jacquard Chair Seat Cushion Cover Dining Chair Cover 1pc
2699,Unranked(New),General-Home-Textile,452.2,13.0,100,23.0,Metallic Cushion Cover Without Filler
2700,Unranked(New),General-Home-Textile,350.55,4.0,100,10.0,"1pc Soft Skin-Friendly White Waterproof Small Window Curtain, Modern Style Polyester Fiber, Suitable For Small Windows, Kitchen, Bedroom, Bathroom, Basement, Cabinets, Motorhomes, Rvs"
2701,Unranked(New),General-Home-Textile,541.5,5.0,100,0.0,"1pc Elastic Sofa Seat Cover For Single, Double, Three Seater L-shaped Sofas, Living Room"
2702,Unranked(New),General-Home-Textile,674.5,4.0,70,0.0,1pc Kids Shark Bath Towel
2703,Unranked(New),General-Home-Textile,199.5,4.0,300,0.0,1pc Modern Style Metallic Wave Pattern Embroidered Sheer Curtain In Navy Blue With Gold Printing
2704,Unranked(New),General-Home-Textile,1332.85,4.0,0,25.0,Jacquard Flower Bed Runner
2705,Unranked(New),General-Home-Textile,470.25,10.0,500,10.0,"1pc Simple Flower Patterned Breathable Mattress Cover & Dust-proof Bedspread, Skin-friendly"
2706,#9 Best Sellers,in Chair Covers,313.5,5.0,0,0.0,"1pc Solid Color Waterproof Chair Seat Cover, Modern Polyester Dining Chair Seat Cover For Home"
2707,Unranked(New),General-Home-Textile,997.5,4.0,0,0.0,Pearl Decor Mesh Tablecloth
2708,Unranked(New),General-Home-Textile,589.0,4.0,30,0.0,"1pc Soccer Themed Blanket, Soft And Warm Sleep Blanket, Suitable For Sofa, Office Bed, Camping And Travel, Year-Round Multipurpose Gift Blanket"
2709,Unranked(New),General-Home-Textile,655.5,4.0,100,0.0,"1pc Anti-Slip Waterproof Seat Protector, Furniture Cover, Combination Waterproof Sofa Cover, Suitable For All Sofa Types And Machine Washable"
2710,Unranked(New),General-Home-Textile,769.5,4.0,200,0.0,"1pc Waterproof Universal Four Seasons Elastic Sofa Cushion Cover, Modern Simple Style Anti-Slip Sofa Cover Fits L-Shaped And 1/2/3/4 Seater Sofas, Protecting Living Room Sofa"
2711,Unranked(New),General-Home-Textile,817.0,4.0,20,0.0,1pc Nordic Style Grass & Flower Decorative Curtain
2712,Unranked(New),General-Home-Textile,646.0,4.0,400,0.0,1 Panel Solid Color 100% Blackout Thermal Insulated Curtains With Grommet Top
2713,Unranked(New),General-Home-Textile,275.5,4.0,80,0.0,"ROMWE Kawaii 1pc Hand-Drawn Pink Bow Pattern Throw Pillow Cover, Velvet Printed Square Cushion Case Without Pillow Core, Suitable For Daily Household Decor In Living Room And Bedroom, Sofe Cushion Cover Or Car Pillow Cover, All Seasons"
2714,Unranked(New),General-Home-Textile,323.0,6.0,200,0.0,"1pc Solid Color Stretchy Sofa Seat Cushion Cover, Brown Simple Sofa Seat Dust Cover For Home Decor"
2715,Unranked(New),General-Home-Textile,1738.5,4.0,0,25.0,Graffiti Pattern Duvet Cover Set Without Filler
2716,Unranked(New),General-Home-Textile,412.3,4.0,10,30.0,1pc Champagne Premium Plain Silky Satin Fitted Sheet Simulation Silk Fitted Sheet Modern Soft Bedding Sheet For Household
2717,#4 Best Sellers,in Chair Pads,532.0,4.0,0,0.0,"1pc Square Blank Pillow Core Filling Cushion Insert For Decorative Pillowcase, Bed, Sofa, Vacuum Packed"
2718,Unranked(New),General-Home-Textile,3799.05,8.0,60,33.0,4 Pack Solid Color Spandex Table Cover Table Cloth for Folding Tables Fitted Rectangular Tablecover Washable Wrinkle Resistant Polyester Stretch Black Tablecloth Protector for Wedding Banquet Party
2719,Unranked(New),General-Home-Textile,522.5,4.0,0,0.0,1pc Plain Cushion Cover Without Filler
2720,Unranked(New),General-Home-Textile,1102.0,4.0,100,0.0,"1 Set 2 Pieces, Botanical Watercolor Flower Print Vintage Artistic Decoration Window Curtains For Living Room Privacy Protection, Suitable For Living Room, Bedroom, Kitchen Decor"
2721,Unranked(New),General-Home-Textile,855.0,4.0,90,10.0,"2pcs Linen Style Solid Color Sheer Curtains For Balcony With Curtain Rod, Easy To Install And Block Sunlight"
2722,Unranked(New),General-Home-Textile,921.4999999999999,4.0,60,0.0,"Graphic Print Single Panel Blackout Curtain, Modern Polyester Curtain For Living Room, Bedroom"
2723,Unranked(New),General-Home-Textile,826.4999999999999,4.0,200,0.0,1pc Soccer Pattern Blanket
2724,Unranked(New),General-Home-Textile,1218.85,4.0,40,25.0,3pcs/Set Multicolor Polyester Printed Duvet Cover Set
2725,Unranked(New),General-Home-Textile,2669.5,9.0,100,0.0,"1pc 3D Sofa Cover, Universal Stretch Sofa Slipcover, Sofa Protector, Decorative Sofa Cover With Elastic Band, Gift With One Pillow Cover"
2726,Unranked(New),General-Home-Textile,1434.5,4.0,200,0.0,Leaf Embroidered Single Panel Sheer Curtain
2727,Unranked(New),General-Home-Textile,504.45,4.0,100,10.0,"1pc Ruffled Pillowcase, Suitable For Bedroom And Living Room"
2728,Unranked(New),General-Home-Textile,613.7,19.0,10,35.0,"LongNap™ 1pc Supersoft Plain Fitted Sheet, Lightweight Cloud-Like Feel Bedding,Light Grey"
2729,Unranked(New),General-Home-Textile,408.5,4.0,0,0.0,Color Block Cushion Cover Without Filler
2730,Unranked(New),General-Home-Textile,570.0,4.0,0,0.0,1pc Textured Cushion Cover Without Filler
2731,Unranked(New),General-Home-Textile,769.5,4.0,10,0.0,"24pcs, Furniture Leg Socks - Upgrade Floor Protectors For Chairs And Tables - Mute, Wear Resistant, Anti-Slip Foot Covers - Home Accessories"
2732,Unranked(New),General-Home-Textile,1396.5,4.0,0,40.0,"1pc Plush Heart Shaped Rug,Heart Shaped Area Rug, Plush Carpet For Living Room & Bedroom"
2733,Unranked(New),General-Home-Textile,304.0,4.0,90,0.0,Letter Graphic Apron
2734,Unranked(New),General-Home-Textile,418.00000000000006,4.0,10,45.0,"1pc Universal Seasonal Plush Thickened Sofa Cushion Cover, Modern Simple Style Slip-resistant & Dustproof Living Room Chair Pad Removable And Washable, Golden"
2735,Unranked(New),General-Home-Textile,285.0,4.0,10,12.0,"1pc Bohemian Thin Gauze Fabric Rustic Pure Cheese Cloth Runner, Wedding, Thanksgiving, Christmas Decorations"
2736,Unranked(New),General-Home-Textile,750.5,4.0,30,0.0,1pc Checkered Pattern Blanket
2737,Unranked(New),General-Home-Textile,323.0,4.0,100,0.0,"Bald Cat Peach Skin Tapestry Wall Hanging, Funny Meme Tapestry Room Poster Decoration For Bedroom, Wall Art For College Dorm Decor"
2738,Unranked(New),General-Home-Textile,665.0,4.0,100,0.0,"1pc Waterproof And Mildew-Proof Bathroom Shower Curtain With Blue Leaf/White Birch Tree/Romantic Pink Floral Print, Suitable For Bathroom, Water Separation"
2739,Unranked(New),General-Home-Textile,731.5,4.0,20,0.0,"1pc Waterproof Technology Fabric Sofa Cushion Cover, Dustproof & Cat Scratching Resistant, All Seasons Sofa Cover"
2740,Unranked(New),General-Home-Textile,541.5,4.0,100,0.0,"1pc Waterproof & Urine Separating All Season Universal Slip-Resistant Sofa Cushion Cover, Minimalist Modern Style Stretchable Sofa Cover, Pet-Proof Solid Color Sofa Slipcover Suitable For L-Shaped Sectional Sofa And 1/2/3/4 Seat Sofa (Sold Individually)"
2741,Unranked(New),General-Home-Textile,332.5,4.0,90,0.0,1pc White Half-Length Apron With Pocket
2742,Unranked(New),General-Home-Textile,323.0,4.0,200,0.0,"1pc Elephant Pattern Fabric Tapestry With 3 Wall Nails And 2 Clips For Hanging, Printed Rectangular Wall Decor For Living Room, Bedroom And Kitchen With Drape"
2743,Unranked(New),General-Home-Textile,243.20000000000002,18.0,300,27.0,"1pc Hazy Blue Mesh & Cheese Cloth Table Runner Suitable For Wedding, Bride Shower, Baby Shower, Birthday Party, And Cake Table Decoration, Bohemian Style"
2744,Unranked(New),General-Home-Textile,589.95,4.0,100,10.0,Bee Embroidered Lumbar Pillow Cover Without Filler
2745,Unranked(New),General-Home-Textile,891.1,4.0,300,25.0,"1pc Fabric Blanket, Leopard Pattern Blanket For Bed"
2746,Unranked(New),General-Home-Textile,361.0,9.0,400,0.0,"Pillowcase 1pc/pack Or 2pcs/pack 48*74 Pillowcase Single Or Double Pillowcase With Inner Pillow For Man, Woman, Home Use"
2747,Unranked(New),General-Home-Textile,436.99999999999994,4.0,100,0.0,"1pc Romantic Rural Style Beaded Lace Shade Curtain For Bedroom, Living Room, Sheer Window Curtain"
2748,Unranked(New),General-Home-Textile,1083.0,4.0,60,0.0,"1pc Jacquard Tassel Trim Tablecloth,European Style Polyester Multifunctional Decorative Table Cover For Dining Table"
2749,Unranked(New),General-Home-Textile,1501.95,4.0,100,15.0,"3pcs/set Floral Pattern Duvet Cover Set(1 Duvet Cover & 2 Pillowcase) Modern Fabric Bedding Set For Home, All Season"
2750,Unranked(New),General-Home-Textile,1128.6000000000001,4.0,100,10.0,"1pc Jacquard Tassel Tablecloth With Country Style, Linen And Burlap Tablecloth, For Kitchen, Dinning Room, Party, Festival, Christmas, Buffet, Coffee Table, Etc."
2751,Unranked(New),General-Home-Textile,243.20000000000002,4.0,60,33.0,"Plain Lumbar Pillow Cover Without Filler, Simple Throw Pillow Cover, Pillow Insert Not Include, For Sofa, Living Room"
2752,Unranked(New),General-Home-Textile,380.0,4.0,10,0.0,1pc Outdoor Waterproof Roll-Up Cushion Cover (Cushion Not Included)
2753,Unranked(New),General-Home-Textile,2888.0,4.0,0,0.0,Sport Print Duvet Cover Set Without Filler
2754,Unranked(New),General-Home-Textile,5129.05,18.0,0,26.0,24 Pack Cheesecloth Table Runner Gauze Table Runner 10FT Long Semi-Sheer Table Runner Boho Or Rustic Wedding Table Decor For Wedding Decor Arch Draping Bridal Shower Holiday Party
2755,Unranked(New),General-Home-Textile,323.0,4.0,600,0.0,Car & Palm Tree Print Tapestry
2756,Unranked(New),General-Home-Textile,541.5,8.0,100,0.0,"1pc Elastic Sofa Cover All-Inclusive Sofa Seat Cover, Dust-Proof, Anti-Haze, Easy Wash Without Fading Or Shedding, Suitable For All Seasons"
2757,Unranked(New),General-Home-Textile,661.2,5.0,30,40.0,"2pcs/Set Retro Floral Watercolor Printed Artistic Decorative Privacy Curtains Suitable For Living Room, Bedroom, Kitchen Decoration, Spring Multi-Color"
2758,Unranked(New),General-Home-Textile,598.5,4.0,90,0.0,1pc Modern Minimalist European Style Circle Bubble Pattern Sheer Curtain
2759,Unranked(New),General-Home-Textile,731.5,4.0,200,0.0,1pc Elastic Chair Cover With Bubble Gauze Skirt For Dining Chairs
2760,Unranked(New),General-Home-Textile,655.5,4.0,10,0.0,"1pc Polyester Solid Colored Curtain, Light Blocking, Ideal For Living Room, Bedroom, Darkening"
2761,Unranked(New),General-Home-Textile,1795.4999999999998,4.0,80,0.0,"3pcs Rose Bloom Printed Bedding Set, Including 2 Pillowcases And 1 Duvet Cover (Sheet Not Included)"
2762,Unranked(New),General-Home-Textile,1544.7,5.0,200,20.0,1pc Bubble Gauze Sofa Cover High Stretch Skirt Style Four Seasons Universal Bubble Grid Sofa Cover Pet-Proof Easy Install Sofa Protector
2763,Unranked(New),General-Home-Textile,168.15,6.0,100,37.0,"1pc Solid Cushion Cover Without Filler, Simple Polyester Throw Pillowcase For Home Decor"
2764,Unranked(New),General-Home-Textile,578.55,4.0,300,17.0,"1pc Peva Transparent Shower Curtain With Metal Grommets, White Plastic Hooks Included, Bathroom Accessory"
2765,Unranked(New),General-Home-Textile,921.4999999999999,4.0,100,0.0,"2pcs Blue Black Lattice Geometric Design Curtains ,Blackout Curtains,Refer To Bedroom Office Kitchen Living Room Study Home Decor"
2766,Unranked(New),General-Home-Textile,750.5,4.0,10,7.0,"10pcs Black Cleaning Cloths For Dishwashing, Kitchen And Home Cleaning, Ultra-Fine Fiber, Super Absorbent, Non-Stick Oil, Multipurpose Cleaning Towels For Cars"
2767,Unranked(New),General-Home-Textile,556.7,4.0,100,49.0,Lovely Cow Print Knitted Blanket Soft Flannel Fleece Cozy And Warm Plush Lightweight Throw Blanket Suitable For Living Room Bedroom Sofa All Seasons Adult Boys Teenagers Gift 150cm X 200cm
2768,Unranked(New),General-Home-Textile,4654.05,5.0,20,21.0,"PEACE NEST Super Soft Blanket Oversized Comforter White Goose Feather And Down Fiber Fill, King Or Queen Size Duver Insert Pink Bedding Quilt"
2769,Unranked(New),General-Home-Textile,2826.25,4.0,0,30.0,Embossed Duvet Cover Set Without Filler
2770,Unranked(New),General-Home-Textile,376.2,4.0,200,22.0,1PC printed elastic chair cover home dining table non-slip chair protective cover
2771,Unranked(New),General-Home-Textile,1610.25,5.0,10,25.0,Plain Tufted Duvet Cover Set Without Filler
2772,Unranked(New),General-Home-Textile,2793.0,4.0,0,30.0,Pom Pom Decor Duvet Cover Set Without Filler
2773,Unranked(New),General-Home-Textile,1190.35,4.0,0,30.0,3pcs Simple  Green Duvet Cover And Pillowcase Set
2774,Unranked(New),General-Home-Textile,608.0,6.0,40,0.0,"White Sheer Curtains, Home Decor Rod Pocket Breathable Lightweight Elegant Window Treatment With Light-Filtering Effect. Suitable For Bedroom/Living Room, Perforated Style."
2775,Unranked(New),General-Home-Textile,410.40000000000003,4.0,200,10.0,"1pc Floral Pattern Stretchy Sofa Seat Cover,Boho Polyester Washable Sofa Cushion Cover For Living Room"
2776,Unranked(New),General-Home-Textile,731.5,4.0,600,0.0,"1pc Vintage American Style Flower Pattern Bohemian Semi-Shade Farmhouse Window Curtain With Pocket And Beige Tassel Trim, Suitable For Living Room, Bedroom, Dining Room, Kitchen, All Seasons, Ready-Made Curtain"
2777,Unranked(New),General-Home-Textile,871.15,4.0,100,11.0,"1pc Super Soft Highly Absorbent Waffle Pattern Bathroom Mat, Anti-Skid, Fringed, Washable, With Anti-Skid Hot Melt Transparent Rubber Bottom, Suitable For Both Bathroom And Kitchen Use"
2778,Unranked(New),General-Home-Textile,731.5,4.0,100,0.0,"1pc Feather Embroidered Sofa Towel, Modern Polyester Sofa Cover Blanket For Home"
2779,Unranked(New),General-Home-Textile,2080.5,4.0,30,0.0,"3pcs Zebra Striped Pattern Duvet Cover Set, 1pc Duvet Cover And 2pcs Pillow Insert, Pillow Insert Not Include, Modern Polyester Quilt Cover, For Bedroom"
2780,#1 Best Sellers,in Towel,380.0,6.0,0,2.0,"1pc Sanrio Embroidered Thread Wrapped Bath Towel Outdoor Towel Dry Cap Absorbent Quick Dry Hair Does Not Shed Hair Sanrio,Sanrio Hello,Hello Kitty,Kuromi,Sanrio Hello Kitty,Sanrio Kuromi, Sanrio My Melody"
2781,Unranked(New),General-Home-Textile,741.0,8.0,200,0.0,"1pc Solid Color Fitted Sheet, Mattress Protector, Mattress Cover, Bed Pad Cover, Soft Breathable And Comfortable Bedding, Minimalist Fabric Fitted Bottom Sheet For Home, For All Seasons, Dustproof Non-Slip, Dustproof Bedspread, Made Of Soft And Breathable Fabric"
2782,Unranked(New),General-Home-Textile,760.0,4.0,200,0.0,"1pc Red Flower Pattern Oversized Beach Towel, Big Size, Highly Absorbent, Beach Gear, Microfiber Beach Towel, 59""X29"", Summer Essential, Suitable For Kids, Men, Women, Girls, Boys, Windproof, Sunscreen, Beach Accessories, Summer, Dry Travel, Camping, Holiday Gift"
2783,Unranked(New),General-Home-Textile,684.0,6.0,0,0.0,"1pc Printed Office Chair Cover With Elastic Band, Stretchy Computer Chair Sofa Cover, Universal Rotating Desk Chair Cover With Zipper For Boss Chair, Armchair Cover, M Size"
2784,#4 Best Sellers,in Pillow Case,255.54999999999998,4.0,0,4.0,"1pc/4pcs Super Soft Decoration For Independence Day Celebrations, Festivals, Suitable For Car And Home Decor, Bedroom Pillowcase, Living Room Sofa Cushion Cover (Pillow Core Not Included)"
2785,Unranked(New),General-Home-Textile,655.5,4.0,60,0.0,"1pc Pancake Printed Blanket, Comfortable Throw Blanket For Living Room Bedroom Decoration Gift, All Seasons"
2786,Unranked(New),General-Home-Textile,241.3,5.0,100,15.0,"1 Solid Color Cushion Cover Without Filling, Modern Style Plush Pillowcase Suitable For Living Room And Household Use"
2787,Unranked(New),General-Home-Textile,1231.2,4.0,30,13.0,1PC Polar Fleece Tub Chair Cover For Living Room Spandex Club Armchair Covers Elastic Single Sofa Slipcovers  Home Bar Counter Hotel
2788,Unranked(New),General-Home-Textile,522.5,11.0,20,0.0,"Luxury Bohemian Style Decorative Linen Texture Throw Pillow Cover Only, Coarse Linen Craft Made Into A Deluxe Cushion Cover, Suitable For Sofa, Living Room, Bedroom, Floor, Bench, Car, Office, Cafe And Other Leisure Places Decor. The Pillowcase Is Durable, Not Easy To Shed, Not Pilling, Can Be Used All Year Round."
2789,Unranked(New),General-Home-Textile,522.5,4.0,80,0.0,"One Vintage Patterned Carpet With Modern Style Polyester Fiber Rectangular Mat With Raised Dot Details, Suitable For Living Room Home Use."
2790,Unranked(New),General-Home-Textile,778.9999999999999,11.0,60,0.0,"1pc Grey Sofa Towel, Minimalist Polyester Towel Cover For All Season"
2791,Unranked(New),General-Home-Textile,1235.0,4.0,20,0.0,"1pc Shiny Gold Glitter Tablecloth, 47x59 Inches Sparkly Tablecloth, For Birthday Party Dinner Table Cover, Glittering Tablecloth For Banquet Party Birthday Party Decor"
2792,Unranked(New),General-Home-Textile,854.0500000000001,4.0,0,44.0,Soft Plush Lip Shaped Throw Pillow Cushion For Girlfriend Lover Pink Lips 30 Cm
2793,Unranked(New),General-Home-Textile,1035.5,4.0,40,0.0,"2pcs White Tiger Black Tiger Style Printed Curtain, Window Treatment For Bedroom Living Room Kitchen Study Room Home Decor"
2794,Unranked(New),General-Home-Textile,282.15000000000003,9.0,100,10.0,"1pc Solid Color Stretchy Sofa Seat Cushion Cover, Red Polyester Sofa Seat Pad Cover For Living Room"
2795,Unranked(New),General-Home-Textile,428.45,8.0,300,18.0,"1pc Jacquard Sofa Seat Cushion Cover, Chair Cover Sofa Slipcovers, Stretch Washable Removable Slipcover, Polar Fleece Sofa Protector"
2796,Unranked(New),General-Home-Textile,1244.5,4.0,40,0.0,"1pc Curtain With Simple & Vintage Style Design, Ideal For Decorating Living Room, Bedroom, Window Or Door"
2797,Unranked(New),General-Home-Textile,1045.0,5.0,0,0.0,"1pc Creative Paris Letters, Eiffel Tower Pattern Shower Curtain, Waterproof Bathroom Curtain, Including Hooks, Bathtub Partitions, Bathroom Decoration Accessories, Polyester Cloth, 180cm*180cm, Suitable For Bathroom, Outdoor Wall Hanging, Bathroom, Bathroom Curtain Shower, Shower Curtain"
2798,Unranked(New),General-Home-Textile,304.0,4.0,10,0.0,"1pc Women Coral Fleece Hair Drying Cap, Household Turban Hair Wrap Towel, Soft & Absorbent, Quick Dry"
2799,#8 Best Sellers,in Beach Towels,556.7,4.0,0,46.0,"1pc Mandala Pattern Beach Towel, Cartoon Microfiber Rectangle Travel Beach Towel For Swimming, Diving, Summer"
2800,Unranked(New),General-Home-Textile,361.0,4.0,100,0.0,"1pc 137 * 274cm Check Pattern Disposable Tablecloth Anti-Water & Anti-Stain, Suitable For Everyday Use/Celebrations/Scenes/First Birthday/Themed Party/Wedding/Graduation/New Home Party"
2801,#7 Best Sellers,in Kitchen Table Runners,147.25,4.0,0,30.0,"1 PC Satin Table Runner  Long Wedding Satin Table Runner For Wedding Banquet Graduations Birthday Party Decoration,Satin  Table Runner,Table Decorations Holiday"
2802,Unranked(New),General-Home-Textile,452.2,4.0,100,55.0,"2pcs Magnolia Pattern Blackout Curtains,Without Holes Curtain, Refer To Bedroom Office Kitchen Living Room Study Home Decor"
2803,Unranked(New),General-Home-Textile,1121.0,9.0,200,0.0,"3pcs/Set Hypoallergenic Fabric Bed Sheet Set Includes: Fitted Sheet, And Two Pillowcases"
2804,Unranked(New),General-Home-Textile,1624.5000000000002,4.0,0,0.0,"2/3pcs Forest Mushroom 3D Printed Duvet Cover Set, Limited Gift, For Bedroom, Living Room (1*Duvet Cover + 1/2*Pillowcase, No Comforter)"
2805,Unranked(New),General-Home-Textile,228.0,4.0,90,0.0,"1pc Waterproof Tablecloth, All Seasons Suitable Polyester Table Cloth For Home/Outdoor Activities/Party/Wedding, Solid Color, Multi-Size"
2806,Unranked(New),General-Home-Textile,560.5,4.0,90,0.0,"1pc Round Polyester Satin Tablecloth, Silk Table Cover, Smooth Fabric Tablecloth, Bright Silk Satin Tablecloth, For Wedding, Banquet And Large Events"
2807,Unranked(New),General-Home-Textile,294.5,7.0,100,0.0,1pc Geometric Tufted Cushion Cover Without Filler
2808,Unranked(New),General-Home-Textile,2750.25,6.0,0,0.0,H.VERSAILTEX 2 Piece Style Stretch Ottoman Cover Folding Storage Stool Furniture Protector Ottoman Slipcovers Rectangle with Elastic Bottom
2809,Unranked(New),General-Home-Textile,570.0,4.0,100,0.0,1pc Cartoon Green Plaid Flannel Blanket Soft Sofa Bed Slipcover Home Bedroom Decoration Gift Blanket All Seasons
2810,Unranked(New),General-Home-Textile,1064.0,4.0,600,0.0,1pc-70*600cm Wedding Arch Ceremony Sheer Draping For Outdoor Weddings And Parties
2811,Unranked(New),General-Home-Textile,692.55,4.0,200,10.0,"Floral Pattern Single Panel Curtain, Modern Polyester Curtain For Bedroom And Living Room"
2812,#9 Best Sellers,in Window Valance,579.5,4.0,0,0.0,1pc Fruit Print Lace Window Valance
2813,Unranked(New),General-Home-Textile,418.00000000000006,4.0,50,17.0,"1pc Solid Color Striped Stretch Sofa Seat Cushion Cover, Modern Polyester Fiber Home Sofa Cover"
2814,Unranked(New),General-Home-Textile,392.34999999999997,8.0,100,22.0,"1pc Solid Color Sofa Seat Cushion Cover,Simple Polyester Anti Cat Scratch Sofa Cushion Cover For Living"
2815,Unranked(New),General-Home-Textile,408.5,4.0,400,0.0,"1pc Mushroom & Moon Pattern Uv Reactive Tapestry, Living Room & Bedroom & Office Wall Decor, Home & Party Decoration With Free Installation Kit & Easy To Hang"
2816,Unranked(New),General-Home-Textile,266.0,4.0,100,0.0,"Gingham Print Waterproof Tablecloth, PVC Oil-proof Table Cover For Dining Room"
2817,Unranked(New),General-Home-Textile,1026.0,4.0,60,0.0,"1pc Moroccan Style Non-Slip Kitchen Floor Mat, Modern Polyester Kitchen Mat For Home Decor"
2818,Unranked(New),General-Home-Textile,845.5,4.0,100,2.0,"Luxurious Oversized Beach Towel - Vibrant Palm Tree Print, Ultra-Soft Microfiber, Tropical Style - Perfect For Pool & Beach"
2819,Unranked(New),General-Home-Textile,978.5000000000001,5.0,10,0.0,"1pc Solid Color Fitted Sheet, Soft Bedding Supplies, Fitted Sheet For Bedroom"
2820,Unranked(New),General-Home-Textile,266.0,4.0,40,0.0,"Butterfly Flower Print Cushion Cover Without Filler,Modern Decorative Square Pillowcase"
2821,Unranked(New),General-Home-Textile,370.5,4.0,500,0.0,"1pc Skull Decorative Wall Tapestry, Bohemian Black & White Aesthetic Retro Mystic Psychedelic Posters Hanging, Gift With Tool, Suitable For Boys' And Girls' Bedroom, Living Room, Dormitory Or Any Wall Decoration, Artistic Series Style Tapestry"
2822,Unranked(New),General-Home-Textile,912.0,4.0,100,0.0,"1pc Tufted Pillow Cover Without Filler, Tassel Throw Pillow Case, Pillow Insert Not Include, For Sofa, Living Room"
2823,Unranked(New),General-Home-Textile,427.5,4.0,1800,0.0,"Faux Pearl Decor Table Banner, White Pearl Tulle Table Banner Wedding Decoration, Extra Long Table Banner For Wedding Arch Reception Bride Gift, Christmas Decoration"
2824,Unranked(New),General-Home-Textile,2147.0,4.0,50,0.0,"1pc Jacquard Plush Solid Color Four Seasons Universal Slouchy Elastic Sofa Cover, Simple Style Pet-Proof, Dirt-Proof, Anti-Skid All-Inclusive Sofa Protector, Suitable For L-Shaped Sofa And 1/2/3/4 Seater Sofa (With One Cushion Cover As Gift)"
2825,Unranked(New),General-Home-Textile,2574.5,4.0,40,0.0,Arch Tufted Duvet Cover Set Without Filler
2826,Unranked(New),General-Home-Textile,741.0,4.0,60,0.0,1 Pc Office Chair Cover Water Resistant Black Stretch Jacquard Computer Chair Slipcover
2827,Unranked(New),General-Home-Textile,1373.7,4.0,20,11.0,Feather Print Duvet Cover Set Without Filler
2828,Unranked(New),General-Home-Textile,330.6,4.0,0,40.0,1pc Solid Cushion Cover Without Filler
2829,Unranked(New),General-Home-Textile,589.0,4.0,60,0.0,"1pc Crinkled Aesthetics Customized French Style Light Luxury Bedroom Curtain, White Semi-Translucent Sheer Curtain"
2830,Unranked(New),General-Home-Textile,2954.5,4.0,200,0.0,"4pcs Floral Print Duvet Cover Set 1 Duvet Cover, 1 Flat Sheet, And 2 Pillowcases Bedding Set, Suitable For All Seasons"
2831,Unranked(New),General-Home-Textile,3325.0,4.0,10,0.0,"Cream Princess Style Fresh Puff Bedding Set With Bubble Gauze Fabric, Bed Linen"
2832,Unranked(New),General-Home-Textile,560.5,4.0,0,0.0,Geometric Print Cushion Cover Without Filler
2833,Unranked(New),General-Home-Textile,275.5,4.0,0,0.0,"Vintage Forest Plants & Mushrooms Tablecloth, Summer & Autumn Home Indoor/Outdoor Party Kitchen Dining Table Decoration Tablecloth/Flag"
2834,Unranked(New),General-Home-Textile,1281.55,4.0,0,33.0,Simple&Opulence 2pcs Rose Decorative Throw Pillow Covers Without Filler - 18x18 Inch 45x45 Cm - Plush 3D Rosette Luxury Faux Fuzzy Fur Soft Throw Blanket Square Cushion Covers
2835,#8 Best Sellers,in Sheet Sets with Pillowcases,723.9,4.0,0,43.0,"3pcs Pure Color Bedspread Bed Cover, Without Filler, Fit For Twin/Full/Queen/King Sizes, Super Deep Pocket, Made Of Soft Microfiber Fabric, Shrink & Fade Resistant, Easy To Take Care Of, Perfectly Fit For Thick Mattresses"
2836,Unranked(New),General-Home-Textile,499.7,4.0,30,28.0,"1pc All-Season Corn Waterproof Anti-Urine Sofa Cover, Modern Style Pet-Friendly Anti-Dirty & Anti-Slip Sofa Towel, Spring And Autumn Series Anti-Cat Scratching Sofa Protector Fits Living Room L-Shaped Combination Sofa And 1/2/3/4 Seater Sofa (Sold Singly)"
2837,Unranked(New),General-Home-Textile,836.0000000000001,4.0,70,0.0,"1pc Quality Portable Lightweight Summer High Shading Curtain That Can Darken The Room, With Anti-UV And Heat Insulation Functionality, Suitable For Farms And Bedrooms As 100% Blackout Curtains"
2838,Unranked(New),General-Home-Textile,304.0,8.0,700,0.0,"1pc Cheesecloth Table Runner Terracotta, Boho Style Long Gauze Romantic Table Runner For Wedding Reception Bridal Shower Baby Shower Holiday Thanksgiving Birthday Party Table Dining Room Dresser Decor, Mothers Day Decor, Home Decor, Scene Decor"
2839,Unranked(New),General-Home-Textile,2166.0,4.0,100,0.0,"1pc Modern Minimalist Embroidered Fenestration Nordic Style Curtains For Living Room, Bedroom, Balcony, Bay Window"
2840,Unranked(New),General-Home-Textile,266.0,4.0,200,0.0,"1pc White Wedding Decorative Yarn,Romantic Polyester Mesh For Wedding Decoration"
2841,#5 Best Sellers,in Beach Towels,778.9999999999999,4.0,0,0.0,1pc Fashionable Black Bear Paw Printed Microfiber Beach Towel - Ultra Absorbent & Thick
2842,Unranked(New),General-Home-Textile,380.0,4.0,90,0.0,1pc Flower Print Stretchy Seat Cover
2843,Unranked(New),General-Home-Textile,381.9,7.0,30,34.0,"1pc Modern Geometric Art Style Pillow Cover, With Textured Design Made Of Material, Soft And Skin-friendly Plush Surface, Luxury Home Decor Accessory. Suitable For Sofa, Bedroom, Leisure Living, Car, Living Room, Office, Café And Other Casual Venues"
2844,Unranked(New),General-Home-Textile,380.0,4.0,300,0.0,"1pc Embroidered Microfiber Bath Towel/Beach Towel/Hand Towel, Home Bathroom/Travel/Couples Gift, Multiple Sizes Available, Please Choose Your Favorite Size"
2845,Unranked(New),General-Home-Textile,978.5000000000001,4.0,200,0.0,"1pc Green Floral American Style Polyester Bathroom Mat, Water Absorbent And Anti-slip Rubber Backing Toilet Floor Carpet"
2846,Unranked(New),General-Home-Textile,570.0,4.0,80,0.0,"1pc/4pcs/6pcs Jacquard Chair Cover, High Elasticity Dustproof Kitchen Decoration Dining Chair Cover, Suitable For Hotel, Restaurant, Party"
2847,Unranked(New),General-Home-Textile,627.0,4.0,800,0.0,Olive Green Single Panel Sheer Curtain
2848,Unranked(New),General-Home-Textile,855.0,7.0,40,0.0,"1pc Universal Sofa Seat Cushion Cover, Modern Simple, Non-Slip, Dust-Proof, Dirt-Resistant, Washable Sofa Mat, Pure Color, Suitable For 1-4 Seat Sofas, Excluding Pillows"
2849,Unranked(New),General-Home-Textile,304.0,8.0,30,0.0,Jacquard Lace Window Sheer
2850,Unranked(New),General-Home-Textile,2888.0,4.0,0,0.0,Sport Print Duvet Cover Set Without Filler
2851,Unranked(New),General-Home-Textile,5129.05,18.0,0,26.0,24 Pack Cheesecloth Table Runner Gauze Table Runner 10FT Long Semi-Sheer Table Runner Boho Or Rustic Wedding Table Decor For Wedding Decor Arch Draping Bridal Shower Holiday Party
2852,Unranked(New),General-Home-Textile,323.0,4.0,600,0.0,Car & Palm Tree Print Tapestry
2853,Unranked(New),General-Home-Textile,541.5,8.0,100,0.0,"1pc Elastic Sofa Cover All-Inclusive Sofa Seat Cover, Dust-Proof, Anti-Haze, Easy Wash Without Fading Or Shedding, Suitable For All Seasons"
2854,Unranked(New),General-Home-Textile,661.2,5.0,30,40.0,"2pcs/Set Retro Floral Watercolor Printed Artistic Decorative Privacy Curtains Suitable For Living Room, Bedroom, Kitchen Decoration, Spring Multi-Color"
2855,Unranked(New),General-Home-Textile,598.5,4.0,90,0.0,1pc Modern Minimalist European Style Circle Bubble Pattern Sheer Curtain
2856,Unranked(New),General-Home-Textile,731.5,4.0,200,0.0,1pc Elastic Chair Cover With Bubble Gauze Skirt For Dining Chairs
2857,Unranked(New),General-Home-Textile,655.5,4.0,10,0.0,"1pc Polyester Solid Colored Curtain, Light Blocking, Ideal For Living Room, Bedroom, Darkening"
2858,Unranked(New),General-Home-Textile,1795.4999999999998,4.0,80,0.0,"3pcs Rose Bloom Printed Bedding Set, Including 2 Pillowcases And 1 Duvet Cover (Sheet Not Included)"
2859,Unranked(New),General-Home-Textile,1544.7,5.0,200,20.0,1pc Bubble Gauze Sofa Cover High Stretch Skirt Style Four Seasons Universal Bubble Grid Sofa Cover Pet-Proof Easy Install Sofa Protector
2860,Unranked(New),General-Home-Textile,2954.5,4.0,200,0.0,"4pcs Floral Print Duvet Cover Set 1 Duvet Cover, 1 Flat Sheet, And 2 Pillowcases Bedding Set, Suitable For All Seasons"
2861,Unranked(New),General-Home-Textile,304.0,8.0,700,0.0,"1pc Cheesecloth Table Runner Terracotta, Boho Style Long Gauze Romantic Table Runner For Wedding Reception Bridal Shower Baby Shower Holiday Thanksgiving Birthday Party Table Dining Room Dresser Decor, Mothers Day Decor, Home Decor, Scene Decor"
2862,Unranked(New),General-Home-Textile,266.0,4.0,200,0.0,"1pc White Wedding Decorative Yarn,Romantic Polyester Mesh For Wedding Decoration"
2863,Unranked(New),General-Home-Textile,380.0,4.0,90,0.0,1pc Flower Print Stretchy Seat Cover
2864,Unranked(New),General-Home-Textile,381.9,7.0,30,34.0,"1pc Modern Geometric Art Style Pillow Cover, With Textured Design Made Of Material, Soft And Skin-friendly Plush Surface, Luxury Home Decor Accessory. Suitable For Sofa, Bedroom, Leisure Living, Car, Living Room, Office, Café And Other Casual Venues"
2865,Unranked(New),General-Home-Textile,380.0,4.0,300,0.0,"1pc Embroidered Microfiber Bath Towel/Beach Towel/Hand Towel, Home Bathroom/Travel/Couples Gift, Multiple Sizes Available, Please Choose Your Favorite Size"
2866,Unranked(New),General-Home-Textile,570.0,4.0,80,0.0,"1pc/4pcs/6pcs Jacquard Chair Cover, High Elasticity Dustproof Kitchen Decoration Dining Chair Cover, Suitable For Hotel, Restaurant, Party"
2867,Unranked(New),General-Home-Textile,627.0,4.0,800,0.0,Olive Green Single Panel Sheer Curtain
2868,Unranked(New),General-Home-Textile,855.0,7.0,40,0.0,"1pc Universal Sofa Seat Cushion Cover, Modern Simple, Non-Slip, Dust-Proof, Dirt-Resistant, Washable Sofa Mat, Pure Color, Suitable For 1-4 Seat Sofas, Excluding Pillows"
2869,Unranked(New),General-Home-Textile,556.7,4.0,90,17.0,"1 Panel Country Black Bird Embroidery Lace Short Curtain Valance For Kitchen, Dining Room, Small Window,Half Curtain, Rod Pocket Top"
2870,Unranked(New),General-Home-Textile,199.5,4.0,100,0.0,"1pc Solid Color Tassel Decor Table Runner, Modern Polyester Rectangle Table Runner For Dinner Table"
2871,Unranked(New),General-Home-Textile,1178.0,4.0,100,0.0,"1pc Solid Color Stretch Sofa Cover Set With 1pc Pillowcase (No Pillow Inner), Modern Simple Fashionable Single/Double/Three-Seater Sofa Cover"
2872,#5 Best Sellers,in Sleeping Bags,834.0999999999999,4.0,0,25.0,Sleeping Bag Liner Portable Travel Sheet With Pillow Slot 210 * 75cm Single Person Sleeping Bag Lightweight Camping Sleep Bag For Camping Hostels Picnic Hiking
2873,Unranked(New),General-Home-Textile,1273.0,4.0,400,0.0,SHEIN X Care Bears Lovely Blue Fitted Sheet With Heart-Shaped Bear Design
2874,Unranked(New),General-Home-Textile,646.0,4.0,30,0.0,1pc Rectangle Checkered Vinyl Tablecloth With Elastic Edges And Flannel Backing - Suitable For Outdoor/Indoor Parties And Dining
2875,Unranked(New),General-Home-Textile,1176.1000000000001,4.0,100,25.0,Flower Pattern Duvet Cover Set Without Filler
2876,Unranked(New),General-Home-Textile,313.5,4.0,700,0.0,"1pc Mushroom & Butterfly Print Tapestry, Modern Fabric Tapestry Poster Wall Hanging For Bedroom Aesthetic"
2877,Unranked(New),General-Home-Textile,352.45,4.0,400,30.0,1pc Plain Satin Body Pillowcase Without Filler
2878,Unranked(New),General-Home-Textile,661.2,4.0,10,23.0,"1pc Ocean Animal Beach Towel - Large Size Microfiber Towel, Soft, Absorbent, Sunscreen - Summer Accessory Double Sided Printed Microfiber Beach Swimming Bath Towel"
2879,Unranked(New),General-Home-Textile,608.0,4.0,60,0.0,"1pc   Flannel Blanket, Soft And Warm Blanket For All Seasons, Gift Blanket For Beds, Chairs, Cars And Sofas."
2880,Unranked(New),General-Home-Textile,494.0,5.0,600,0.0,"1pc Jacquard Plain Stretchy Sofa Seat Cushion Cover, Modern Polyester Sofa Cushion Cover For Home"
2881,Unranked(New),General-Home-Textile,1136.2,4.0,80,13.0,"1pc Milk Silk Print Sofa Cover, Marble Pattern High Elasticity Universal Full Coverage Pet Proof Sofa Protector, Gift Pillow Case On Each Size, For Living Room Sofa Decoration All Season"
2882,Unranked(New),General-Home-Textile,276.45,4.0,40,19.0,"1pc Eucalyptus Leaves Table Runner, Seasonal Spring Summer Green Plants Holiday Kitchen Dining Table Decoration For Home Party Decor"
2883,Unranked(New),General-Home-Textile,570.0,4.0,0,0.0,"1pc Waterproof Bathroom Shower Curtain , Shower Curtain Liner,Bathtub Curtain With Hooks For Bathroom"
2884,Unranked(New),General-Home-Textile,323.0,5.0,100,0.0,"1pc Plush And 3d Ball Yarn Sheer Curtain, Can Make Room Warm And Romantic, 50% Light Transmission, Short Curtain For Kitchen, Multiple Colors And Sizes Available"
2885,Unranked(New),General-Home-Textile,921.4999999999999,4.0,100,0.0,"1pc travel pillow ,neck pillow for traveling,airplane pillow for sleeping travel"
2886,Unranked(New),General-Home-Textile,285.0,4.0,100,0.0,"Jacquard Chair Seat Cushion Cover Dining Chair Cover Removable Washable Chair Slipcover for Dining Room Kitchen Office, Dark Grey,1pc"
2887,Unranked(New),General-Home-Textile,798.0,4.0,20,0.0,"2pcs LOTTIE Floral Pattern Pink Lace Sheer Curtains, Rod Pocket, Light Filtering, Elegant, No Ironing Needed, Machine Washable, Suitable For Living Room, Study, Dining Room, Kitchen, Wardrobe Decoration"
2888,Unranked(New),General-Home-Textile,5604.05,5.0,0,6.0,"7 Pieces Blue Comforter Set Queen King Size , Rose Pattern Bed In A Bag, Lightweight Soft Microfiber Bedding Sets With Comforter, Flat Sheet, Fitted Sheet, Pillowcases(90""X90"",103""X90"")"
2889,#5 Best Sellers,in Mattress Pads,4939.05,4.0,0,61.0,"Subrtex Soft Cooling Mattress Topper 2, 3, Or 4 Inch Gel-Infused Memory Foam Mattress Topper With Removable Fitted Cover, CertiPUR-US Certified"
2890,Unranked(New),General-Home-Textile,1092.5,4.0,20,0.0,"3pcs, 2 Pillowcases And 1 Bedsheet, Soft, Comfortable And Breathable"
2891,Unranked(New),General-Home-Textile,1282.5,4.0,70,0.0,1pc European Style Embroidered Lace Flower Living Room Bedroom Sheer Curtain
2892,Unranked(New),General-Home-Textile,332.5,4.0,200,0.0,"1pc Butterfly Print Bath Rug Or 1pc Shower Curtain, Modern Closestool Mat For Bathroom"
2893,Unranked(New),General-Home-Textile,807.5,4.0,30,0.0,"1pc Herringbone Pattern Universal Four Seasons Sofa Cover In Khaki Color, Modern Simple Decorative And Protective Couch Cushion For Living Room Or Bedroom"
2894,Unranked(New),General-Home-Textile,323.0,4.0,400,0.0,"1pc Textile Tapestry With Sun And Sky Design, Including 3 Wall Nails & 2 Clips, Rectangular, Pink Printed, Home Wall Decor With Drapes"
2895,#4 Best Sellers,in Shower Curtains,1178.0,4.0,0,0.0,"1pc/4pcs Wooden Board Red Rose & Butterfly Print Durable Polyester Waterproof Insulated Bathroom Shower Curtain With 12 Hooks, 1.3cm Thick Non-Slip Mat Set For U-Shape Toilet Cover And Round Toilet Cover, For All Scenes In Home Decor"
2896,Unranked(New),General-Home-Textile,427.5,4.0,200,0.0,Solid Color Single Panel Sheer Curtain
2897,Unranked(New),General-Home-Textile,380.0,4.0,20,0.0,"1pc Outdoor Waterproof Roll Rope Pillowcase, Pillow Core Not Included"
2898,Unranked(New),General-Home-Textile,2374.0499999999997,4.0,0,46.0,Duvet Cover Set Patterned Microfiber Ultra Soft Bedding In Country Home
2899,Unranked(New),General-Home-Textile,5233.55,8.0,0,48.0,Puredown Goose Feather Down ComforterPremium Comforter For All Seasons With 8 Tabs Luxury Hotel Duvet Insert
2900,Unranked(New),General-Home-Textile,532.0,4.0,0,0.0,1pc Tassel Decor Cushion Cover Without Filler
2901,Unranked(New),General-Home-Textile,190.0,4.0,500,0.0,"1pc Flower Embroidery White Lace Table Runner,Romantic Polyester Washable Kitchen Table Runner"
2902,Unranked(New),General-Home-Textile,817.0,4.0,0,0.0,1pc Plain Sofa Seat Cushion Cover
2903,Unranked(New),General-Home-Textile,627.0,8.0,60,0.0,1pc Coral Pink Blackout Noise Reducing Study Room Curtain For Girls' Bedroom
2904,Unranked(New),General-Home-Textile,294.5,4.0,20,0.0,"1pc Simple Pattern Cushion Cover, Geometric Print Throw Pillow Case, Pillow Insert Not Include, For Sofa, Living Room"
2905,Unranked(New),General-Home-Textile,513.0,4.0,100,0.0,"White Artificial Faux Pearl Decorative Table Runner, Wedding Pearl Tulle Table Runner, Extra Long Table Runner Wedding Arch Decoration Reception Bridal Shower Gift,Christmas Decoration"
2906,Unranked(New),General-Home-Textile,636.5,4.0,40,0.0,"1pc Fruit Shaped Half-Moon Irregular Carpet Mat, Faux Cashmere Bath Mat, Water-Absorbing Non-Slip Mat, Drainage Mat, Suitable For Household Doorway, Bathroom, Kitchen, Room"
2907,Unranked(New),General-Home-Textile,2660.0,9.0,50,0.0,Flower Embroidered Duvet Cover Set Without Filler
2908,Unranked(New),General-Home-Textile,427.5,6.0,40,0.0,"Floral Printed Half-Transparent Window Curtains, Used For Home Decor In Bedroom, Living Room And Study"
2909,Unranked(New),General-Home-Textile,2679.0,4.0,40,0.0,Floral Pattern Duvet Cover Set Without Filler
2910,Unranked(New),General-Home-Textile,313.5,4.0,500,0.0,Alien Pattern Tapestry
2911,Unranked(New),General-Home-Textile,1786.0,4.0,20,0.0,Solid Color Single Panel Blackout Curtain
2912,Unranked(New),General-Home-Textile,834.0999999999999,4.0,90,25.0,"White Flower Printed Beach Towel, Outdoor Lightweight Swimming Camping Large Size Beach Blanket, 63x31.5inch"
2913,Unranked(New),General-Home-Textile,1881.0,4.0,500,0.0,SCOOBY-DOO X SHEIN Cartoon Letter Print Quilt Cover Set
2914,Unranked(New),General-Home-Textile,389.49999999999994,4.0,80,0.0,"One Piece American Bohemian Bamboo Fiber Rectangular Tablecloth Beige Tassel Multi-Functional Decorative Table Cover For Western Restaurant, Kitchen And Coffee Shop"
2915,Unranked(New),General-Home-Textile,655.5,4.0,50,0.0,"Solid Single Panel Curtain, Minimalist Polyester Single Panel Blackout Curtain For Bedroom And Living Room"
2916,Unranked(New),General-Home-Textile,855.0,14.0,100,0.0,"1pc Geometric Quilted Sofa Towel, Light Grey Polyester Sofa Seat Cover, For All Season"
2917,Unranked(New),General-Home-Textile,636.5,4.0,80,0.0,1pc Sunflower Floral Kitchen Curtains - Rustic Flowers Vintage Retro Farmhouse Short Cafe Tier Curtains Spring Plant Bees Art Decor For Dining Room Rod Pocket Window Drapes 60 Inch Length 60x39 Inch
2918,Unranked(New),General-Home-Textile,579.5,4.0,100,3.0,"Color Block Cushion Cover Without Filler, Modern Throw Pillow Case, Pillow Insert Not Include, For Sofa, Living Room"
2919,#8 Best Sellers,in Blankets & Throws,608.0,6.0,0,0.0,"1pc Single Layer Solid Color Butterfly Shaped All-Seasons Blanket, Modern Style Polyester Fiber Jacquard Blanket, Bed Cover Blanket Can Be Used As Bed Sheet (Pillowcase Not Included)"
2920,Unranked(New),General-Home-Textile,798.0,4.0,100,0.0,"1pc Ultra-Fine Fiber Kids Hooded Bath Towel With Unique Tie-Dye Design, Super Absorbent & Warm, Ideal For Surfing, Outdoor Sport, Swimming, Fitness & Bathing"
2921,Unranked(New),General-Home-Textile,541.5,4.0,100,0.0,"1pc Winter Velvet Raised Flower Pattern Antislip Sofa Seat Cover, Simple Modern Style Soft Skin-Friendly Pet Proof All Seasons Universal Elastic Sofa Cover, Scratch Resistant Solid Color Couch Cover Suitable For L-Shaped Sectional Sofas And 1/2/3/4 Seater Sofas (Sold Individually)"
2922,Unranked(New),General-Home-Textile,427.5,4.0,0,0.0,1pc Jacquard Cushion Cover Without Filler
2923,Unranked(New),General-Home-Textile,608.0,4.0,70,0.0,Flower Print Single Panel Curtain
2924,#7 Best Sellers,in Sashes,352.45,4.0,0,21.0,"10pcs Organza Chair Sash Bow Ribbon For Wedding & Festival Decoration,Organza Fabric For Canopy Stairs,Outdoor Tent & Graduation Party Background,Interactive Party Items To Elevate Atmosphere,Gift Packing De"
2925,Unranked(New),General-Home-Textile,304.0,4.0,50,0.0,"1pc Black & White English Letter Tapestry, Personality Creative Minimalist Tapestry, Home Decor/Living Room Decor/Office Decor/Party Decor Wall Hanging"
2926,Unranked(New),General-Home-Textile,1140.0,4.0,100,0.0,"2pcs Purple Flower Digital Printed Curtains Using Pocket Rods, Made Of Polyester, Suitable For Living Room, Bedroom, Dining Room, Home Decoration"
2927,Unranked(New),General-Home-Textile,484.49999999999994,4.0,100,0.0,"2/3pcs Solid Color Fitted Sheet Set - 1pc Fitted Sheet And 1/2pcs Pillowcase, Solid Gray, Deep Pocket Sheet, Durable, Breathable, Soft, For All Size Bed - Queen, King, Full, Twin Size Sheet"
2928,Unranked(New),General-Home-Textile,1052.6,4.0,0,28.0,Floral Shower Curtain Blue Butterfly Shower Curtain Waterproof Fabric Bath Shower Curtain For Bathroom 72 X72 In Blue White
2929,Unranked(New),General-Home-Textile,494.0,4.0,100,0.0,"1pc Japanese Style Simple And Elegant Faux Linen Curtain, Blackout Thermal Insulated Room Darkening Window Treatment, Suitable For Living Room, Bedroom And Hotel"
2930,Unranked(New),General-Home-Textile,1016.4999999999999,4.0,100,0.0,Frida Kahlo X SHEIN Character And Plant Printed Tassel Trim Round Shaped Throw Pillow
2931,Unranked(New),General-Home-Textile,142.5,4.0,10,0.0,1pc Heart Shaped Bear/ Striped Pig/ Heart Shaped Hand-Wiping Style Waterproof Apron & Sleeves Set For Kitchen Cooking & Art Painting
2932,Unranked(New),General-Home-Textile,475.0,4.0,70,0.0,"Minimalist Cushion Cover Without Filler, Simple Throw Pillow Case, For Sofa, Living Room"
2933,Unranked(New),General-Home-Textile,684.0,4.0,90,0.0,Stone Pattern Shower Curtain
2934,Unranked(New),General-Home-Textile,1513.35,6.0,30,10.0,Green Fairy Grass Velvet Bedding Set (3 Pieces)
2935,Unranked(New),General-Home-Textile,193.8,4.0,100,40.0,"1pc 12x108 Inches Green Satin Table Runner, Smooth Silk Fabric, Great For Valentine'S Day, Wedding, Party Decoration"
2936,Unranked(New),General-Home-Textile,389.49999999999994,4.0,100,0.0,Beach Ocean Turtle Octopus Coral Linen Table Runners Kitchen Table Decor Farmhouse Holiday Party Nautical Table Runners Decorations
2937,Unranked(New),General-Home-Textile,1501.0,4.0,200,0.0,1pc Home Milk Silk Printed Floral All-Inclusive Elasticity Sofa Cover With Lace For Four Seasons
2938,Unranked(New),General-Home-Textile,627.0,4.0,400,0.0,"1pc Solid Color Ruffle Trim Stretchy Chair Slipcover, Simple Dining Chair Cover For Home"
2939,Unranked(New),General-Home-Textile,655.5,6.0,70,0.0,"1pc All Seasons High Stretch Dining Chair Cover, Modern Polyester Washable Chair Dust Cover, Suitable For Restaurant, Hotel"
2940,Unranked(New),General-Home-Textile,503.5,4.0,300,0.0,"1pc Garden Decoration Rug, Pebbles Pattern Bathroom Mat, Soft & Non-Slip Bath Mat, Quick-Drying Shower Rug, Suitable For Home Kitchen Bathroom, Doorway, Multiple Sizes Available"
2941,Unranked(New),General-Home-Textile,902.5,4.0,500,0.0,"2pcs Country Sunflower Design Short Kitchen Window Curtains, Diagonal Weave Rod Pocket Light Filtering Drapes, Suitable For Kitchen, Living Room, Office, Bedroom Home Decor, All Seasons Window Treatment"
2942,Unranked(New),General-Home-Textile,404.7,4.0,100,11.0,"1pc Printed Chair Cover, Modern Style Polyester Spandex Dining Chair Protector, Suitable For Living Room, Restaurant, Hotel, Banquet"
2943,Unranked(New),General-Home-Textile,873.9999999999999,4.0,30,0.0,"1pc Solid Color Chair Slipcover, Camel Stretchy Chair Dust Cover, For Home"
2944,Unranked(New),General-Home-Textile,2336.05,4.0,0,47.0,"1pc, Wedge Pillow, Bed Wedge Pillow, Bed Gap Filler, Bed Wedge Pillow For Headboard, Queen Size, Pillow Stopper With Pocket, Mattress Gap Filler(0-8""), Memory Foam Reading Pillow Support For Neck, Back, Leg, Washable Cover"
2945,Unranked(New),General-Home-Textile,2564.0499999999997,10.0,0,0.0,"1pc,Super Soft Shaggy Rugs Fluffy Carpets  Indoor Modern Plush Area Rugs For Living Room Bedroom  Nursery Room/Home Decor, Upgrade Anti-Skid Durable Rectangular Fuzzy Rug You Can Choose From A Variety Of Colors And Sizes"
2946,Unranked(New),General-Home-Textile,950.0,4.0,100,0.0,"1pc Solid Color Corduroy Corn Kernel Seat Cushion, Square Or Round Shaped, For Student Chairs, Coffee"
2947,Unranked(New),General-Home-Textile,3130.2500000000005,4.0,30,23.0,"HOMEK Hard Floor Chair Mats, Clear Office Mats Protector Hardwood Floors for Office & Home - Transparent"
2948,Unranked(New),General-Home-Textile,1529.5000000000002,4.0,30,0.0,"1pc Polka Dot Pattern Ultra-Fine Fiber Beach Chair Cover, Suitable For Beach, Sunbathing Garden, Beach Hotel Chair Cover, Swimming Pool Chair Cover, Relaxing Vacation Beach Lounge Chair Cover, Essential For Beach Tourism, Sand-Resistant, Quick-Drying, Soft And Absorbent"
2949,Unranked(New),General-Home-Textile,1662.5,12.0,40,30.0,"3pcs Solid Color Double Layer Ruffle Edge Polyester Duvet Cover Set (1 Duvet Cover + 2 Pillowcases, Core Not Included) Modern American Countryside Style Soft And Skin-friendly Bedding Set For Bedroom, Guestroom, Kid's Room, Four Seasons"
2950,Unranked(New),General-Home-Textile,304.0,13.0,800,0.0,"1pc Bohemian Style Rustic Wedding Party Gathering Shabby Cloth Table Runner, 90*180cm"
2951,Unranked(New),General-Home-Textile,1349.0,11.0,100,64.0,Ultra-Soft 1800 Series Deep Pocket Bed Sheet Set (6-Piece)
2952,Unranked(New),General-Home-Textile,456.0,4.0,100,0.0,"Fuzzy Fruit Embroidered Cushion Cover Without Filler, Plush Throw Pillow Cover, Pillow Insert Not Include, For Sofa, Living Room"
2953,Unranked(New),General-Home-Textile,655.5,13.0,20,0.0,"Super Soft Knitted Blanket, Large Size, Non-Shedding And Non-Pilling, Luxurious Plush And Comfortable Lightweight Blanket. Suitable For Bed, Sofa, Chair, Four Seasons Use. Jade Color, 1pc."
2954,Unranked(New),General-Home-Textile,584.25,4.0,100,25.0,"1pc Printed Quick-Drying Beach Towel, Swimming Bath Towel, Hotel Towel, Beach Towel"
2955,Unranked(New),General-Home-Textile,598.5,4.0,100,0.0,"1pc Blackout Curtain With Loops, Outdoor/Indoor Decorative Curtain For Home Kitchen Cabinet, Room Bedroom Window"
2956,Unranked(New),General-Home-Textile,3783.85,4.0,0,27.0,"Debao Luxury Cotton Top Fitted Mattress Pad, Queen White"
2957,Unranked(New),General-Home-Textile,310.65,4.0,30,70.0,"2pcs White Transparent Window Screens For Living Room, Semi-transparent Ring Curtains For Privacy Protection And Translucent Curtains For Light Filtering In Bedroom"
2958,Unranked(New),General-Home-Textile,532.0,8.0,60,0.0,1pc Stretch Thick Sofa Cushion Cover - Full Sofa Cover For Four Seasons
2959,Unranked(New),General-Home-Textile,1225.5,11.0,100,0.0,1pc Elastic Sofa Cover Full Coverage Polyester Fiber Knitted Milk Silk All Seasons Sofa Cover
2960,Unranked(New),General-Home-Textile,3799.05,18.0,60,49.0,12 Pack Cheesecloth Table Runner 35x120 Inch / 35x157 Inch Boho Gauze Table Runner  10Ft / 13Ft Cheese Cloth Long Table Runner Romantic Table Runner For Wedding Bridal Shower Birthday Party Table Decor
2961,#2 Best Sellers,in Hot selling new Household Cleaning Protections,275.5,4.0,0,0.0,"1pc Lady's Polyester Apron, Simple Style Black Apron With Pockets, Thicken Waist Apron, Fashionable Household Kitchen Home Workwear, Kitchenware"
2962,Unranked(New),General-Home-Textile,237.5,4.0,30,0.0,"Solid Color Tablecloth, Black Simple Polyester Table Cover For Home"
2963,Unranked(New),General-Home-Textile,2232.5,4.0,0,0.0,"1pc Elastic Sofa Cover With Skirt, Solid Color Dustproof Slip-Resistant Couch Cover For Home/Bedroom/Office Decoration"
2964,Unranked(New),General-Home-Textile,750.5,4.0,200,36.0,10pcs Metallic Gold Stretch Spandex Chair Bow Sash Band With Round Buckle For Banquet Event Wedding Elastic Chair Sash Tie
2965,Unranked(New),General-Home-Textile,513.0,12.0,60,0.0,"1pc Universal Four Seasons Elastic Sofa Cover Waterproof & Anti-Dirty Fabric Slip-Resistant Sofa Cushion Protector All-Inclusive Sofa Furniture Cover, Machine Washable Dustproof And Fading-Resistant"
2966,Unranked(New),General-Home-Textile,2334.15,4.0,0,30.0,Plain Duvet Cover Set Without Filler
2967,Unranked(New),General-Home-Textile,1244.5,4.0,100,0.0,2pcs Vintage Countryside Style Sunflower Printed Blackout Curtains For Living Room And Bedroom Decoration
2968,Unranked(New),General-Home-Textile,1532.35,4.0,0,25.0,3pcs Nordic Style Striped Down Comforter Set Including 2 Pillowcases And 1 Duvet Cover (No Bed Sheet)
2969,Unranked(New),General-Home-Textile,186.2,26.0,70,67.0,"LongNap™ 2pcs Supersoft Plain Pillowcase, Lightweight Cloud-Like Feel Bedding, Envelope Closure ,Dusty Blue"
2970,Unranked(New),General-Home-Textile,1054.5,4.0,100,0.0,"1pc Round Carpet For Bedroom, Nordic Ins Style Room, Living Room, Computer Chair, Hanging Basket, Rattan Chair Cushion, Tie-dye Floor Mat Suitable For Living Room, Bedroom Or Any Indoor Room"
2971,Unranked(New),General-Home-Textile,275.5,4.0,50,0.0,"1PC Carpet Foam Splicing Bedroom Room Whole Bed Blanket Can Be Cut And Washed, Foam Tile Puzzle Foam Floor Mat Youth Game Mat Sports Mat Girl Room Home Exercise Can Be Cleaned And Cut Mat, Bedroom Carpet"
2972,Unranked(New),General-Home-Textile,418.95,4.0,300,10.0,"1pc, Sequin Table Runners, Rose Gold Glitter Table Cover, Wedding Birthday Party Table Decorations, Christmas Home Decor, Home Dustproof Stuff, Party Supplies, Party Tableware Supplies, Party Invitation, Aesthetic Room Decor"
2973,#7 Best Sellers,in Beach Towels,549.1,4.0,0,25.0,"Multi-Functional Ultrafine Fiber Bathrobe, Can Be Used As Dress Or Sleepwear, Thick, Soft And Absorbent, Printed Bath Towel Or Beach Towel"
2974,Unranked(New),General-Home-Textile,1182.75,4.0,10,25.0,"Universal Elastic Sofa Cover For Sofa Seat And Backrest, Slip Resistant Sofa Armchair Cover Furniture Protector"
2975,Unranked(New),General-Home-Textile,251.75,4.0,10,66.0,"1pc Women's Coral Fleece Hooded Cape Style Bathrobe, Simple Solid Color, Soft And Anti-Pilling, Extra Long, Suitable For Home, Hotel, And Students Dormitory, Spring/Summer"
2976,Unranked(New),General-Home-Textile,682.1,4.0,10,31.0,"1pc Thick And Soft Plush Sofa Cushion For Autumn And Winter, Modern And Simple Sofa Seat Cover With Anti-Slip Bottom, Dust-Proof And Stain-Resistant Sofa Cover, Machine Washable, All Seasons Universal, Warm And Durable, No Fading And No Shedding"
2977,Unranked(New),General-Home-Textile,427.5,5.0,0,0.0,"Faux Pearl Decor Table Runner, Wedding White Pearl Gauze Table Runner, Extra Long Table Runner For Wedding Arch Decoration Reception Bride Gift, Christmas Decor"
2978,Unranked(New),General-Home-Textile,750.5,4.0,100,0.0,Sage Green Abstract Shower Curtain Inches Boho Mid Century Minimalist Geometric Leaves Arch Vintage Modern Cloth Fabric Waterproof Polyester Bathroom Home Decor Set With Hooks
2979,Unranked(New),General-Home-Textile,1087.75,4.0,60,17.0,1pc Bohemian Diamond Shape Curtain
2980,Unranked(New),General-Home-Textile,950.0,4.0,0,0.0,Stone Texture Bath Rug
2981,Unranked(New),General-Home-Textile,598.5,4.0,40,0.0,"1PC Metallic Detail Cushion Cover Without Filler, Simple Throw Pillow Case, For Sofa, Living Room"
2982,Unranked(New),General-Home-Textile,294.5,4.0,200,0.0,Solid Color Single Panel Sheer Curtain
2983,Unranked(New),General-Home-Textile,731.5,4.0,20,0.0,"Travel Swimming Quick Dry Beach Towel With Sunscreen Function, Lightweight And Portable, Suitable For Sea Beach Sports"
2984,Unranked(New),General-Home-Textile,1149.5,4.0,90,0.0,"1set Faux Soft Rabbit Hair Heart Shaped Throw Pillow With Pillow Core For Sofa, Living Room, Bedroom Decoration, Removable And Washable"
2985,Unranked(New),General-Home-Textile,1529.5000000000002,4.0,30,0.0,"1pc Waterproof Polyester Fiber Tablecloth, Suitable For Restaurant Living Room Dining Table Decoration, Rectangle & Square, Machine Washable"
2986,Unranked(New),General-Home-Textile,4598.0,4.0,0,0.0,"1pc /Bohemian Style Pattern Printed Thickened Faux Cashmere Fabric Carpet For Home, Living Room/Bedroom With Washable Bottom, Machine Washable, Available In 2.6x3.9ft, 3.3x5.2ft, 5.2x8.5ft, 6.6x10.5ft. Suitable For Living Room, Entrance Hall, Bedroom And Other Areas"
2987,Unranked(New),General-Home-Textile,617.5,4.0,30,0.0,"1pc Bohemian Style Flannel Blanket, Modern Polyester Rectangular Blanket Suitable For Various Scenes Use"
2988,Unranked(New),General-Home-Textile,921.4999999999999,4.0,100,0.0,"1pc Bohemian Style Geometric Print Fringe Decor Home Curtain For Living Room, Bedroom, Dining Room, Kitchen, All Seasons"
2989,Unranked(New),General-Home-Textile,190.0,4.0,300,0.0,"Elegant Embroidered Organza Fabric Water-Soluble Hollow Lace Floral Tablecloth For Kitchen Dining Table, Coffee Table, Desk, Vanity, Home Decoration, Living Room, Bedroom, Patio, Indoor/Outdoor Furniture, Outdoor Picnics, Villas, Festivals, Parties, Weddings - Square/Rectangle Sizes, 1pc"
2990,Unranked(New),General-Home-Textile,1045.0,4.0,60,0.0,"1pc Upgraded Thickened Chenille Bath Mat Non-Slip Mat Super Absorbent Thickened Soft And Comfortable To Step On Can Be Used In Bedroom, Entrance, Kitchen, Bathroom Can Be Machine Washed"
2991,Unranked(New),General-Home-Textile,1415.5,4.0,50,0.0,1 Set Black And White Graffiti Style Sofa Cover And Cushion Cover
2992,Unranked(New),General-Home-Textile,1557.9999999999998,4.0,30,0.0,1pc Thick Velvet Solid Color Sofa Cover (With Free Anti-Slip Rod)
2993,Unranked(New),General-Home-Textile,494.0,5.0,100,0.0,"1pc Jacquard Plain Stretchy Sofa Seat Cushion Cover, Modern Polyester Sofa Cushion Cover For Home"
2994,Unranked(New),General-Home-Textile,367.65000000000003,5.0,400,10.0,"1pc Indian Buddha And Chakra Pattern Mandala Uv Light Reactive Tapestry, Modern Fiber Wall Hanging, For Home Decoration, Free Installation Kit, Easy To Hang"
2995,Unranked(New),General-Home-Textile,883.5000000000001,4.0,60,0.0,"1pc Scroll Pattern Curtain, Modern Polyester Single Panel Blackout Curtain For Home"
2996,Unranked(New),General-Home-Textile,323.0,4.0,100,0.0,1pc Geometric Triangle Printed Milk Silk Spandex Universal Sofa Cushion Cover For All Seasons
2997,Unranked(New),General-Home-Textile,560.5,4.0,100,6.0,"1pc Bohemian INS Style Rectangular Decorative Window Curtain In Beige, Vintage Crochet Hollowed-Out Design With Tassels, Ideal For Home, Party, Bedroom, Living Room, Dining Room, Gym, Cafe, And All Seasons"
2998,Unranked(New),General-Home-Textile,1178.0,9.0,20,0.0,1pc Solid Color Extra Thick Soft Blanket
2999,Unranked(New),General-Home-Textile,1764.15,4.0,30,54.0,"Shower Curtain Boho Farmhouse Tassel Shower Curtain Tufted Chevron Textured Modern Shower Curtain Set With 12 Hooks,72 X 72 Inches"
3000,Unranked(New),General-Home-Textile,2498.5,4.0,70,0.0,"1pc Modern Style Polyester Fiber Leaf Pattern Elastic Sofa Cover With Skirt Design, Anti-Dust And Anti-Slip, Suitable For 1/2/3/4 Seater Sofas All Year Round"
3001,Unranked(New),General-Home-Textile,1655.85,4.0,0,30.0,Button Decor Duvet Cover Set Without Filler
3002,Unranked(New),General-Home-Textile,2213.5,4.0,0,0.0,Seersucker Duvet Cover Without Filler
3003,Unranked(New),General-Home-Textile,684.0,4.0,10,0.0,1pair Solid Color Pillowcase Without Filler
3004,Unranked(New),General-Home-Textile,769.5,4.0,90,0.0,"1pc Waterproof Universal Elastic Sofa Cushion Cover, Minimalist Modern Style Anti-Slip Sofa Cover, Living Room Sofa Protector Fits L-Shaped And 1234 Seat Sofa"
3005,Unranked(New),General-Home-Textile,855.0,4.0,200,0.0,galactixy Retro Street 1pc Cartoon Print Decorative Rug
3006,Unranked(New),General-Home-Textile,769.5,4.0,100,0.0,1pc Modern Simple European Style Embroidered Gauze Curtain
3007,Unranked(New),General-Home-Textile,257.45,4.0,10,18.0,6pcs Large Size Hummingbird Window Adhesive Film For Bird Collision Prevention On Glass Window Without Stickiness And Made Of Ethylene Base
3008,Unranked(New),General-Home-Textile,290.7,4.0,30,10.0,"Solid Single Panel Sheer Curtain, Simple White Fabric Light Filtering Privacy Sheer Curtain For Living Room And Bedroom"
3009,Unranked(New),General-Home-Textile,1776.5,4.0,20,0.0,"Solid Color Tassel Blanket, Yellow Warm Blanket, For Comfort and Stress Relief"
3010,Unranked(New),General-Home-Textile,1130.5,4.0,100,0.0,"1pc/4pcs Butterfly Design Diamond Painting Inspirational Text Polyester Waterproof Thermal Insulated Home Decor Bathroom Shower Curtain With 12 Hooks, Bathroom Anti-Slip Mat, U-Shaped Mat And Toilet Cover, Bathroom Set, Suitable For All Scenes"
3011,Unranked(New),General-Home-Textile,1463.0,4.0,0,0.0,1pc Mixed Pattern Kitchen Rug
3012,Unranked(New),General-Home-Textile,1168.5,5.0,10,0.0,1pc Gray Double Layer Blackout Curtain For Living Room / Bedroom
3013,Unranked(New),General-Home-Textile,2564.0499999999997,20.0,20,63.0,Subrtex Solid Color High Elasticity Removable Textured Grid Sofa Cover Couch Slipcover With Separate Cushion Cover
3014,Unranked(New),General-Home-Textile,826.4999999999999,4.0,600,0.0,1pc Geometric Pattern Sofa Towel
3015,Unranked(New),General-Home-Textile,665.0,4.0,60,0.0,"1pc Universal Seasonal Technology Velvet Sofa Slipcover, Modern Style, Soft And Skin-Friendly, Pet-Proof And Anti-Dirt, Spring And Autumn Anti-Scratch Solid Color Sofa Protector Suitable For Living Room L-Shaped Sectional Sofa And 1/2/3/4 Seater Sofa (Sold As Single Piece)"
3016,Unranked(New),General-Home-Textile,431.3,7.0,50,80.0,"1pc Flannel Digital Printed Bed Blanket, Baby & Office Nap Blanket, Thickened Warm Air Conditioning Blanket, Sofa Blanket"
3017,Unranked(New),General-Home-Textile,323.0,4.0,0,0.0,"1pc Window Screen Mesh, Anti-Mosquito Insect Screen Window Mesh, Simple Installation No Punching Self-Adhesive Type, Household Screen Window Invisible Mesh"
3018,Unranked(New),General-Home-Textile,2048.2,4.0,0,30.0,Tufted Duvet Cover Without Filler
3019,Unranked(New),General-Home-Textile,1177.05,4.0,20,30.0,Solid Color Duvet Cover Set Without Filler
3020,Unranked(New),General-Home-Textile,2374.0499999999997,5.0,0,38.0,Area Rug Accent Rug Indoor Entryway Vintage Rug Print Floral Rug Retro Carpet Mat Soft Rug Bathroom Kitchen Living Room Bedroom
3021,Unranked(New),General-Home-Textile,1515.25,4.0,200,25.0,"Tassel Decor Single Panel Curtain, Green Polyester Window Curtain For Living Room, Bedroom"
3022,Unranked(New),General-Home-Textile,3030.5,4.0,50,0.0,"1pc Home Silver Fox Plush Full Coverage Flower Pattern Elastic Sofa Cover With Thickened Hem And Lace, Simple And Solid Color, Dust And Scratch Resistant"
3023,Unranked(New),General-Home-Textile,564.3000000000001,8.0,100,10.0,"1pc Waterproof Fitted Sheet, Antibacterial Mattress Cover, Solid Color Mattress Protector, Made Of Soft And Breathable Fabric, Deep Pocket Bedsheet For Twin Full King Queen Size, Mattress Cover For Comfortable Sleep, Suitable For All Seasons, Machine Washable"
3024,Unranked(New),General-Home-Textile,170.05,4.0,300,22.0,"1pc Customized Picture Printed Peach Skin Pillowcase, Perfect Gift For Yourself And Friends"
3025,Unranked(New),General-Home-Textile,769.5,4.0,100,0.0,1pc Voile Curtain With Natural Wind Snow Yarn & Pom Pom Embellishment For Window Decoration
3026,Unranked(New),General-Home-Textile,436.99999999999994,6.0,300,0.0,"1pc Waterproof And Anti-Urine All-Season Universal Anti-Slip Sofa Seat Cover, Minimalist Modern Style Stretch Sofa Cover, Pet-Friendly Solid Color Sofa Mat Suitable For L-Shaped Combination Sofa And 1/2/3/4 Seater Sofa (Sold Separately)"
3027,Unranked(New),General-Home-Textile,3131.2000000000003,4.0,10,56.0,"GENIMO Area Rugs Machine Washable Rug For Living Room Bedroom, Vintage Distressed Print Grey Floral Medallion Accent Large Rug, Ultra-Thin Lightweight Non Slip Backing With Gripper"
3028,Unranked(New),General-Home-Textile,361.0,4.0,200,0.0,"1pc Natural Color Linen Japanese Style Sheer Window Curtain, Simple Design, For Living Room, Bedroom, Balcony, Heat Insulation"
3029,Unranked(New),General-Home-Textile,427.5,4.0,0,0.0,Plain Stretchy Chair Cover
3030,Unranked(New),General-Home-Textile,513.0,12.0,200,0.0,"1pc Universal Stretch Sofa Cover, Waterproof Fabric & Non-Slip, Sofa Cushion Cover, Sofa Slipcover Washable, Dustproof And Stain-Resistant For L-Shaped And 1/2/3/4-Seater Sofa"
3031,Unranked(New),General-Home-Textile,581.4,4.0,20,10.0,"1pc White Imitation Linen Curtain Yarn W54""xL84"""
3032,Unranked(New),General-Home-Textile,266.0,4.0,100,0.0,"Gray 1pc Soft & Absorbent Towel Or Bath Towel, No Lint, Suitable For Hotels, Travel & Household, For Showering And Washing Face In The Bathroom"
3033,Unranked(New),General-Home-Textile,296.40000000000003,4.0,100,20.0,1pc Jacquard Leaf Design Rod Pocket Window Curtain
3034,Unranked(New),General-Home-Textile,1130.5,5.0,40,0.0,"1pc/4pcs Watercolor Eucalyptus Multi-Functional Decoration Bathroom Waterproof Shower Curtain With 12 Hooks, Bathroom Anti-Slip Pad Set Including U-Shape Mat And Round Toilet Lid Cover, Suitable For All Bathrooms"
3035,Unranked(New),General-Home-Textile,438.90000000000003,9.0,100,16.0,1PC Waterproof Corn Velvet Elastic Sofa Cushion Cover
3036,Unranked(New),General-Home-Textile,361.0,4.0,0,0.0,1pc Metallic Christmas Tree Pillow Cover Without Filler
3037,Unranked(New),General-Home-Textile,247.0,4.0,400,0.0,"Rectangular Tablecloth, Stain-Resistant, Wrinkle-Resistant, Washable Polyester Fabric Table Cover, Suitable For Dining Table, Buffet Party And Camping, White Tablecloth"
3038,Unranked(New),General-Home-Textile,851.2,4.0,100,13.0,1pc Blue Embroidered Flower Sheer Curtain For Bedroom And Living Room European Decoration
3039,#1 Best Sellers,in Bath Mats,693.5,5.0,0,0.0,"1pc Tree Leaf Pattern Carpet, Modern Style Rectangular Polyester Water Absorbing Floor Mat Suitable For Living Room And Home Use"
3040,Unranked(New),General-Home-Textile,361.0,4.0,200,0.0,1pc High-End European Style Jacquard Golden Sheer Cutout Curtain
3041,Unranked(New),General-Home-Textile,807.5,4.0,20,0.0,"1 Pc Ottoman Cover Rectangle,Stretch Velvet Ottoman Slipcovers Rectangle Thick Ottoman Covers Slipcover Rectangle Slipcovers For Ottomans Soft Foot Stool Cover"
3042,Unranked(New),General-Home-Textile,570.0,4.0,10,0.0,"1pc Jacquard Weave Leaf Pattern Table Runner With Tassels Suitable For Home Decor, Such As Sofa, TV Cabinet, Coffee Table, Etc."
3043,Unranked(New),General-Home-Textile,399.0,4.0,40,40.0,"Floral Embroidered Single Panel Sheer Curtain, Nordic Polyester Light Filtering Privacy Sheer Curtain For Living Room And Bedroom"
3044,Unranked(New),General-Home-Textile,699.2,4.0,50,20.0,"Thickened Canvas Waterproof And Oil-Proof Adjustable Unisex Apron Suitable For Kitchen, Restaurant, Painters, Welders, And Various Other Purposes"
3045,Unranked(New),General-Home-Textile,693.5,4.0,60,0.0,"1pc Fashionable EVA Water Cube Shower Curtain, Waterproof, Chemical-Free, Transparent Inner Liner, Hooks Not Included"
3046,Unranked(New),General-Home-Textile,262.2,20.0,60,11.0,"1pc/4pcs/6pcs Solid Color Milk Silk Chair Cover, Polyester Elastic Dining Chair Cover"
3047,Unranked(New),General-Home-Textile,392.34999999999997,4.0,200,25.0,Cow Print Body Pillowcase Without Filler
3048,Unranked(New),General-Home-Textile,263.15,4.0,80,57.0,"1pc Chiffon Table Runner, Wedding Decoration"
3049,Unranked(New),General-Home-Textile,1016.4999999999999,4.0,10,0.0,Tassel Decor Blanket
3050,Unranked(New),General-Home-Textile,523.4499999999999,4.0,60,62.0,"2pcs Rural Green Printed Sheer Window Curtains With Willow Leaf Design For Living Room, Bedroom, Balcony, And Bay Window"
3051,Unranked(New),General-Home-Textile,261.25,18.0,800,21.0,"1pc Bohemian Style Cheese Cloth Table Runner In Beige, For Wedding, Bridal Shower, Baby Shower, Birthday Party And Cake Table Decoration"
3052,Unranked(New),General-Home-Textile,239.4,7.0,100,10.0,"Coral Velvet Soft, Comfortable, Absorbent Checker Printed Household Towel For Adults And Couples,can Be Used As Hair Towel, Hand Towel, Face Towel, Bath Towel, Couch Throw Blanket, Swimming Shawl, Beach Towel, Picnic Blanket, Or Bathroom Rug,towel Size Available: 34*75cm/ 40*80cm/ 70*140cm/ 90*170cm"
3053,Unranked(New),General-Home-Textile,684.0,4.0,100,0.0,Waterproof Thickened Bath Curtain PEVA Shower Curtain With Leaf Pattern For Bathroom Partition
3054,Unranked(New),General-Home-Textile,1881.0,4.0,90,0.0,GARFIELD X SHEIN Cartoon Pattern Bedding Set
3055,Unranked(New),General-Home-Textile,370.5,9.0,200,0.0,"1pc Polyester Crinkle Table Runner, Cheesecloth Table Runner, Gauze Tablecloth, Boho Rustic Decorations For Wedding Decor Reception Bridal Shower Holiday Party"
3056,Unranked(New),General-Home-Textile,1197.0,4.0,80,10.0,"2pcs Bedroom Games Curtains Rod Pocket Video Game Controller Gamer Room Decor Men Video Gamepad Curtains Colorful Cool Gamepad Window Treatment Drapes For Living Room,Black Curtain."
3057,Unranked(New),General-Home-Textile,2042.5,4.0,20,0.0,Geometric Pattern Duvet Cover Set Without Filler
3058,Unranked(New),General-Home-Textile,803.7,4.0,100,16.0,"1pc Solid Color Fitted Sheet, Bedroom Ultrafine Fiber Blanket, Single/Double/Queen/King Size"
3059,#2 Best Sellers,in Window Valance,250.8,4.0,0,15.0,1pc Flower Embroidery Window Valance
3060,Unranked(New),General-Home-Textile,845.5,4.0,70,0.0,1pc chenille jacquard luxury throw pillow cover 30x50 45x45 50x50 sofa pillow cover grey green home decorative cushion case decor livingroom bedroom pillowcase
3061,Unranked(New),General-Home-Textile,3799.05,10.0,100,30.0,JML 6 Pack Cabana Striped Beach Towel Microfiber Bath Towels Lightweight 27''x 55''
3062,Unranked(New),General-Home-Textile,560.5,4.0,40,0.0,Bird Lace Single Panel Sheer Curtain
3063,Unranked(New),General-Home-Textile,741.0,4.0,200,0.0,"1pc Thickened Black And Gray Leopard Print Pattern Beach Towel, Dark Ultra-Fine Fiber Towel, Summer Beach Towel, Grass Mat, Yoga Mat, Suitable For Swimming Pool, Camping, Travel, Beach Towel Shawl"
3064,Unranked(New),General-Home-Textile,1984.55,4.0,0,57.0,"1PC Simple Solid Color Faux Rabbit Fur Shaggy Pile Rug, Non-Slip And Non-Shedding Rug For Bedroom, Living Room, Valentine'S Day Decor, Room Decor, Winter"
3065,Unranked(New),General-Home-Textile,522.5,4.0,0,8.0,1pc Pom Pom Cushion Cover Without Filler
3066,Unranked(New),General-Home-Textile,648.85,4.0,100,25.0,"1pc Ultrafine Fiber Coral Fleece Adult Bath Towel For Men And Women, Soft, Absorbent, Quick-Drying And Non-Shedding, Suitable For Home Use And Beach Beach Towel"
3067,Unranked(New),General-Home-Textile,494.0,4.0,30,0.0,"1pc Modern Geometric Anti-Skid Water/Stain-Absorbing Runner Rug Carpet Suitable For Corridor, Foyer, Living Room Doorway Decoration, Crystal Velvet"
3068,Unranked(New),General-Home-Textile,2401.6,13.0,30,45.0,"3 Pieces Recliner Sofa Covers, Stretch Reclining Couch Covers For 1, 2 & 3 Seat, Sofa Slipcovers Stripe Jacquard Recliner Covers Furniture Protector Covers With Elastic Bottom For Kids, Pets"
3069,Unranked(New),General-Home-Textile,1548.5,4.0,100,0.0,"3pcs Soft Bedding Set With Small Floral Printed Fitted Sheet, Pillowcases, And Elastic Mattress Cover, Available In Multiple Sizes, For Queen Size Bed"
3070,Unranked(New),General-Home-Textile,188.1,4.0,200,21.0,"Quick Dry And Strong Water Absorption Towel, Delicate Beach Towel/Bath Towel With Bear Embossed Pattern, Soft And Skin-Friendly"
3071,Unranked(New),General-Home-Textile,786.5999999999999,4.0,90,10.0,"1pc Luxurious Water Repellent & Mildew Resistant Waffle Weave Fabric Bathroom Shower Curtain, No Drill Curtain For Bathroom"
3072,Unranked(New),General-Home-Textile,1442.1,4.0,10,45.0,Grey Satin-Like Soft Luxurious 3-Piece Bedding Set (1 Comforter And 2 Pillowcases)
3073,Unranked(New),General-Home-Textile,114.0,4.0,0,0.0,"Tablecloth Clips For Parties, Picnics And Outdoor Activities"
3074,Unranked(New),General-Home-Textile,4983.7,15.0,0,76.0,"Quilt Set - Solar Pattern/Celestial/Scrollwork Coverlet - Lightweight Summer Quilt Set - Linen Bedspread - Reversible Quilt Bedding Set For All Seasons (Includes 1 Quilt, 2 Pillow Shams)"
3075,Unranked(New),General-Home-Textile,275.5,4.0,50,0.0,"Summer Tablecloth, Wildflowers And Butterflies Seasonal Kitchen Table Decoration For Home Party Decorations (Suitable For Summer And Autumn)"
3076,Unranked(New),General-Home-Textile,950.0,4.0,0,0.0,Christmas Slogan Graphic Tablecloth
3077,Unranked(New),General-Home-Textile,1547.55,4.0,30,10.0,1pc Waffle Winter Plush Sofa Towel
3078,Unranked(New),General-Home-Textile,285.0,4.0,0,0.0,"Four Seasons Mosquito-Proof Mesh Screen Window Bedroom Insect-Proof Window Curtain Non-Drilling Self-Adhesive Elegant & Minimalist, Thickened, Ventilated And Breathable, Handmade, Home Decoration"
3079,Unranked(New),General-Home-Textile,1216.0,4.0,200,0.0,"Yraqlvu Pink Cow & Strawberry Print Flannel Blanket, Warm & Lightweight Blanket Perfect Gift For Family And Friends, Suitable For Sofa Or Bedroom"
3080,Unranked(New),General-Home-Textile,446.5,9.0,80,0.0,1pc Waterproof Solid Color Spandex Chair Cover For Home Decor And Bedroom
3081,Unranked(New),General-Home-Textile,649.8,4.0,40,10.0,"Cable Rings For Use With Transparent Patio Restaurant Window Screens, Outdoor Curtain Screens"
3082,#4 Best Sellers,in Customized Tapestry,190.0,4.0,0,0.0,"1pc Customizable Personalized Tapestry With Photos And Text, For Birthday, Wedding, Halloween, Christmas, Party, Father's/Mother's Day, Home Decor, Bedroom Aesthetics"
3083,Unranked(New),General-Home-Textile,646.0,4.0,200,7.0,"1pc Geometric Pattern Hollowed-Out Curtain, Bohemian Rattan-Shaped Hollowed-Out Rectangle Light Penetration Decoration Curtain For Living Room/Bedroom/Kitchen/Dining Room/Café/Fitness Room/Entrance Hall, All Season Universal Home Partitions"
3084,Unranked(New),General-Home-Textile,522.5,4.0,40,0.0,"A Beige Blackout Curtain With Silver Foil Shooting Star Pattern, Modern Style Polyester Fiber Blackout Window Curtain, Suitable For Home Bedroom And Living Room, For Small Windows With The Smallest Size."
3085,Unranked(New),General-Home-Textile,323.0,4.0,200,0.0,1pc Flower & Plant Print Sofa Seat Cover
3086,Unranked(New),General-Home-Textile,1368.0,4.0,80,0.0,"2/3pcs Floral Pattern Supersoft Duvet Cover Sets Without Filler,Skin Friendly, And Breathable,For Bedroom,For All Seasons,Modern Bedding Sets For Bedroom,Fresh Style"
3087,Unranked(New),General-Home-Textile,921.4999999999999,4.0,100,0.0,1pc Solid Color Fitted Sheet
3088,Unranked(New),General-Home-Textile,551.0,4.0,90,0.0,"Waterproof Chair Cover For Living Room Or Dining Room, 1pc"
3089,Unranked(New),General-Home-Textile,313.5,9.0,200,0.0,1pc Solid Color Sofa Cushion Cover
3090,Unranked(New),General-Home-Textile,294.5,4.0,10,0.0,1pc Plaid Pattern Cushion Cover Without Filler
3091,Unranked(New),General-Home-Textile,186.2,5.0,20,25.0,"Soft Satin Zipper Pillow Shell 1 Piece,30*50cm,45*45cm,50*50cm"
3092,Unranked(New),General-Home-Textile,617.5,4.0,40,0.0,"1pc All Seasons Soft Comfortable Sofa Slipcover,  Style Anti-Skid Pet-Proof Stretch Sofa Cover, Suitable For Living Room L-Shaped Sectional Sofa And 1/2/3/4 Seater Sofa (Sold Individually)"
3093,#6 Best Sellers,in Beach Towels,677.35,4.0,0,5.0,1pc 70 * 140cm Fashionable Beach Towel For Bathing Beach Absorbent Beach Towel For Men And Women Household Absorbent Printed Beach Towel
3094,#3 Best Sellers,in Mattresses,14249.050000000001,4.0,0,12.0,"Dlandhome 10"" Mattress/12"" Mattress Hybrid Mattress, Individual Pocket Spring Bed Mattress, Medium Firm Mattress For Pressure Relief, Strong Edge Support, CertiPUR-US"
3095,#6 Best Sellers,in Towel,380.0,6.0,0,5.0,"1pc Sanrio Embroidered Thread Wrapped Bath Towel Outdoor Towel Dry Cap Absorbent Quick Dry Hair Does Not Shed Hair Sanrio,Sanrio Hello,Hello Kitty,Kuromi,Sanrio Hello Kitty,Sanrio Kuromi, Sanrio My Melody"
3096,Unranked(New),General-Home-Textile,348.65,12.0,200,22.0,1pc Solid Stretchy Sofa Seat Cover
3097,Unranked(New),General-Home-Textile,513.0,8.0,100,0.0,"1pc Printed Outdoor Sofa Cover, Pelican Pattern Printed Semi-Surround Sofa Seat Cushion Cover, Removable And Washable Country Style Yard, Patio, Garden Sofa Cover"
3098,Unranked(New),General-Home-Textile,897.7499999999999,4.0,100,25.0,"3pcs Traditional Printed Fitted Sheet Set, Botanical Floral Style With 1 Fitted Sheet And 2 Pillowcases"
3099,Unranked(New),General-Home-Textile,2469.0499999999997,4.0,0,13.0,Sunflowers Comforter Set Black Yellow Floral Duvet Set Microfiber Filling Down Alternative Comforter
3100,Unranked(New),General-Home-Textile,722.0,4.0,0,0.0,Jacquard Graphic Sofa Seat Slipcover
3101,Unranked(New),General-Home-Textile,1216.95,4.0,70,30.0,"3pcs Colorblock Duvet Cover Set Without Filler,Minimalist Washable Duvet Cover Set (1pc Comforter Cover & 2pcs Pillowcase)"
3102,Unranked(New),General-Home-Textile,330.6,4.0,20,40.0,"1pc Living Room, Bedroom, Bathroom, Kitchen, Entryway, Office Low Pile Anti-Slip Anti-Stain Washable Floor Mat; 1pc Kitchen Floor Mat Set, Absorbent Oil-Proof Rug, Home Bath & Entrance Door Mat"
3103,Unranked(New),General-Home-Textile,2660.0,9.0,50,0.0,Floral Embroidery Duvet Cover Set Without Filler
3104,Unranked(New),General-Home-Textile,389.49999999999994,4.0,90,0.0,"1pc Plain Cushion Cover Without Filler, Simple Throw Pillow Case For Sofa"
3105,Unranked(New),General-Home-Textile,6536.0,4.0,60,0.0,"10pcs White Polyester Four Seasons Tablecloth 57in*83.8in Suitable For Weddings, Parties, Family Dinners, Courtyard Table Decorations Auditorium White Tablecloth Set"
3106,Unranked(New),General-Home-Textile,304.0,4.0,1200,0.0,"1pc Four Season Stretchy Chair Slipcover, Abstract Modern Polyester Removable Washable Chair Dust Cover, For Dining Room"
3107,Unranked(New),General-Home-Textile,3078.0,4.0,40,0.0,"4pcs Floral Printed Duvet Cover Set: 1 Comforter Cover, 1 Flat Sheet, And 2 Pillowcases. Suitable For All Seasons."
3108,Unranked(New),General-Home-Textile,299.25,15.0,300,25.0,"Quick-Dry Beach Towel Made Of Super Absorbent And Ultra Fine Fiber. Soft Double-Sided Velvet, Solid Color Portable Towel For Yoga Fitness And Sports"
3109,Unranked(New),General-Home-Textile,304.0,4.0,200,0.0,"Funny Spoof Driver License Printed Velvet Cloth Wall Hanging Art Decoration For Bedroom, Living Room, And College Dorm"
3110,Unranked(New),General-Home-Textile,342.0,4.0,200,0.0,"Butterfly Print Tapestry, Modern Wall Hanging Art Cloth For Home Decor"
3111,Unranked(New),General-Home-Textile,380.0,4.0,0,20.0,1pc Plain Seat Cushion Cover
3112,Unranked(New),General-Home-Textile,1516.2,4.0,100,40.0,"9 PCS Foam Play Mat Thick Soft EVA Interlocking Foam Floor Mats Children Yoga Exercise Multi Jigsaw Puzzle Blocking Board Kids Playmats White Beige Gray Soft  Foam Baby Play Mat | Toddler Colorful Jigsaw Puzzle  Squares Floor Mats For Kids & Babies | Foam Interlocking Tiles For Gym, Nursery, Playroom"
3113,Unranked(New),General-Home-Textile,445.55,4.0,30,12.0,1pc Floral Pattern Chair Slipcover
3114,Unranked(New),General-Home-Textile,1852.5,4.0,0,44.0,Embossed Duvet Cover Without Filler
3115,Unranked(New),General-Home-Textile,855.0,5.0,0,0.0,2/4/6PCS Chair Cover Living Room Dining Table Chair Protective Cover Home Decorative Stool Cover
3116,Unranked(New),General-Home-Textile,1899.05,4.0,40,44.0,"Living Room Area Rugs Indoor Vintage Boho Rug Bedroom Traditional Washable Rug Non Slip Distressed Floor Carpet For Dining Room Floral Print Retro Carpet Mat Throw Rug Hallway Runner Kitchen Floorcover Mat Entryway Mat For Laundry Bathroom, Taupe"
3117,Unranked(New),General-Home-Textile,272.65000000000003,9.0,400,13.0,"1pc Plain Sofa Seat Cushion Cover, Simple Sofa Seat Dust Cover For Home"
3118,Unranked(New),General-Home-Textile,570.0,4.0,30,0.0,"1Panel French Style Countryside Retro Digital Printed Curtain For Living Room Bedroom Bay Window Study Room, Etc. 85%+ Blackout Curtains"
3119,Unranked(New),General-Home-Textile,323.0,5.0,10,0.0,"Welcome To My Baby Bed Peach Skin Cloth Hanging Duck Banner, Party Supplies Yard Sign College Room Decoration Poster, Teen Boys & Girls Welcome Background Decor Backdrop Cloth"
3120,#6 Best Sellers,in Lumbar Pillows & Seat Cushions,1392.7,4.0,0,19.0,"1pc Comfortable Plush Creative Animal Paw Shaped Floor Cushion Seat Pad, Cute Birthday Gift"
3121,Unranked(New),General-Home-Textile,741.0,4.0,200,0.0,"1pc Waterproof Jacquard Fabric Elastic Sofa Cushion Cover, Simple Modern Style Anti-Slip Sofa Cover, Living Room Sofa Protector For L-Shape And 1-4 Seater Sofa"
3122,Unranked(New),General-Home-Textile,577.6,4.0,50,25.0,"1pc Blue+Gray Patchwork Design Outdoor Waterproof Sand-Free Beach Blanket, Multifunctional And Washable, Portable Camping Mat Beach Towel"
3123,Unranked(New),General-Home-Textile,655.5,6.0,100,0.0,"1pc Universal High Elasticity Dining Chair Cover, Modern Style Polyester Washable Chair Dust Cover, Suitable For Restaurant And Hotel"
3124,Unranked(New),General-Home-Textile,750.5,4.0,40,0.0,"1pc Bathroom Non-Slip Carpet, Bathroom Non-Slip Absorbent Stain Free Quick Drying Bathroom Floor Mat, Long Thin Bath Rug, Fit Under Door Rubber Bath Mat, Shower Rug ,Bathroom Decor , Bathroom Decorations"
3125,Unranked(New),General-Home-Textile,285.0,4.0,30,0.0,"1pc, Sunflower Flower Print Round Placemat, Nordic Tale Mat, Yarn Heat Insulation Western Table Pad, Woven Placemat, Non-Slip Mat, Dining Table Bowl Plate Coaster, For Holiday Birthdays, Christmas, Housewarming"
3126,Unranked(New),General-Home-Textile,1248.3,4.0,20,40.0,"3pcs Elephant Duvet Cover Set, Oil Painting Yellow Sunflower Bedding Set, Girls Teens Adult Bedroom Decor (1 * Duvet Cover + 2 * Pillowcase, Coreless)"
3127,Unranked(New),General-Home-Textile,252.70000000000002,6.0,700,59.0,"1pc Simple Black Soft Chenille Water Absorption Anti-slip Bathroom Rug / Toilet Mat, Can Also Be Used As Room Decoration"
3128,Unranked(New),General-Home-Textile,275.5,8.0,100,0.0,"1pc Texture Throw Pillow Case, Tuft Plush Cushion Cover Without Filler For Sofa Bedroom"
3129,Unranked(New),General-Home-Textile,1216.0,4.0,100,0.0,1pc Plush Tulip Cartoon Designed Anti-Slip Soft & Absorbent Bathroom Mat
3130,Unranked(New),General-Home-Textile,1197.0,4.0,20,10.0,"2 Pieces, Grey Feather Printed Semi-Transparent Curtains, Polyester Rod Pocket Decorative Curtains For Living Room, Gaming Room, Bedroom, Various Occasions, Home Decor, Party Supplies"
3131,Unranked(New),General-Home-Textile,1655.85,4.0,100,30.0,Ruffle Decor Satin Duvet Cover Set Without Filler
3132,Unranked(New),General-Home-Textile,446.5,4.0,800,0.0,"1pc Minimalist Tropical Rainforest Printed Milk Silk Elastic Sofa Cover, Suitable For Four Seasons"
3133,Unranked(New),General-Home-Textile,332.5,5.0,20,0.0,Psychedelic Forest UV Reactive Tapestry Hippie Plant Nature Tree Wall Tapestry Misty Jungle Neon Poster Bedroom Backdrop Decor
3134,Unranked(New),General-Home-Textile,2641.0,4.0,10,0.0,"7pcs/Set Ins Style Self-Adhesive Stair Tread Mats, Non-Slip Step Covers For Decoration & Floor Protection"
3135,Unranked(New),General-Home-Textile,5794.05,7.0,0,3.0,"7 Pieces Aqua Comforter Set Queen King Size, Damask Texture Bed In A Bag Microfiber Bohemian Comforter Bedding Sheet Set With Comforter, Flat Sheet, Fitted Sheet, Pillow Shams, Pillowcases(104"" X 90"",90"" X 90"" )"
3136,Unranked(New),General-Home-Textile,5196.5,4.0,30,0.0,"A Set Of Chiffon Lace Solid Color Four-Piece Suit, Princess Style Polyester Fiber Three-Dimensional Bow Detail Bow Duvet Cover Sheet Set Suitable For Bedroom Home Use."
3137,Unranked(New),General-Home-Textile,923.4000000000001,4.0,100,10.0,1pc 2 Layer Flower Embroidery Curtain
3138,Unranked(New),General-Home-Textile,2279.0499999999997,4.0,0,48.0,Sheet Set Patterned Microfiber Ultra Soft Bedding In Abstract Geometric Dreams
3139,Unranked(New),General-Home-Textile,788.5000000000001,7.0,30,0.0,"2/3pcs Solid Color Waterproof Fitted Sheet (1pc Fitted Sheet And 1/2pcs Pillowcase), Soft And Comfortable Bedding Mattress Protector Set For All Size Bed - Twin Full King Queen Size"
3140,Unranked(New),General-Home-Textile,940.5,4.0,100,0.0,"1pc Modern Polyester Geometric Style Table Runner, Red Celebration Coffee Table Decoration, Long Strip Cloth Tablecloth, Sideboard Cover Decoration Cloth"
3141,Unranked(New),General-Home-Textile,348.65,4.0,20,47.0,"1pc Solid Color Triangle Shape Short Curtain With Tassels, Simple Style Linen Material Window Mantle With Tassel Edge, For Kitchen, Bedroom, And Bathroom - Decorative Yarn Curtains With Rod Pocket - Soft And Breathable Window Treatment For Home Decor"
3142,Unranked(New),General-Home-Textile,410.40000000000003,4.0,50,40.0,"1pc Stretchy Sofa Seat Cover, Grey Removable Water Resistant Seat Cushion Cover, Scratch Resistant Sofa Cushion Cover For Living Room Cushion Couch"
3143,Unranked(New),General-Home-Textile,551.0,4.0,10,0.0,"1pc Universal Plush Jacquard Non-Slip Sofa Seat Cushion Cover,  Style Soft And Comfortable Pet-Friendly Elastic Sofa Cover, Spring/Autumn Waterproof And Cat-Proof Sofa Protector Suitable For Living Room L-Shaped Sectional Sofa And 1/2/3/4-Seater Sofa (Sold Singularly)"
3144,Unranked(New),General-Home-Textile,404.7,4.0,300,27.0,"1pc Solid Color Stretch Universal Chair Cover, Corn Velvet Chair Slipcover"
3145,Unranked(New),General-Home-Textile,786.5999999999999,13.0,100,10.0,1 Panel Teal Blackout Curtain 63 84 Inch Length Thermal Insulated Blackout Curtain Drape For Bedroom.
3146,Unranked(New),General-Home-Textile,598.5,7.0,10,0.0,"1pc Solid Color Waterproof Fitted Sheet, Modern And Minimalist Fabric Fitted Bottom Sheet, Dust-Proof, Fits Twin Full King Queen Size Bed, Machine Washable"
3147,Unranked(New),General-Home-Textile,1992.1499999999999,4.0,30,42.0,Seasonwood Black Ruffle Shower Curtain Farmhouse Style Black Fabric Shower Curtain Nature Button Shabby Chic Ruffles And French Country Style (Black)
3148,Unranked(New),General-Home-Textile,427.5,4.0,200,0.0,"1pc Floral Embroidered Tablecloth, Boho Embroidered Design Rectangle Table Cloth For Dinner Table"
3149,Unranked(New),General-Home-Textile,247.0,24.0,300,0.0,"1pc Bohemian Style Cheese Cloth Tablecloth, Used For Wedding/Bridal Shower/Baby Shower/Festival Party Decoration, Country Style Table Skirt Cheese Cloth Fabric"
3150,Unranked(New),General-Home-Textile,950.0,4.0,30,0.0,"1pc Chenille Jacquard Craft Four-season Universal Sofa Cushion, Modern Simple Anti-scratch Anti-slip Sofa Towel, Pet Anti-dirt Living Room Sofa Cover For L-shaped Sofas And 1/2/3/4 Seater Sofas (sold Separately)"
3151,Unranked(New),General-Home-Textile,646.0,4.0,70,0.0,"1pc Vintage Moss Green Silica Gel Bathmats, Absorbent, Anti-Slip, Quick Drying Floor Mats For Bedroom, Bathroom, Toilet, Stairs, Suitable For Bathroom, Hallway, Living Room, Bedroom, Balcony, Home Decoration Carpet"
3152,Unranked(New),General-Home-Textile,769.5,4.0,10,0.0,"1pc Cute Strawberry Milk Style Carpet Suitable For Bedroom, Living Room, Sofa, And Tea Table"
3153,Unranked(New),General-Home-Textile,703.0,4.0,20,0.0,5pcs Home Foam Floor Mats Splice Thickened Crawling Mat For Bedroom Tatami Floor Cushioning Pads
3154,Unranked(New),General-Home-Textile,560.5,4.0,20,0.0,"1pc Foil Print Nordic Star Pattern Sheer Curtain,Rod Pocket Curtain Panels With Light Filtering Voile For Bedroom,Living Room And Kitchen Home Décor"
3155,Unranked(New),General-Home-Textile,530.1,4.0,100,10.0,1pc Solid Color Elastic Simple Chair Cover
3156,Unranked(New),General-Home-Textile,503.5,4.0,100,0.0,"Metallic Plant Cushion Cover, Pastoral Style Polyester Throw Pillow Case For Home Decor, Pillow Insert Not Include"
3157,Unranked(New),General-Home-Textile,209.00000000000003,4.0,10,0.0,"1pc Adjustable Elastic Bed Sheet Clip Holder, Cross-Border Bed Sheet Fastener"
3158,Unranked(New),General-Home-Textile,731.5,4.0,30,0.0,"1pc Portable Blackout Curtain With Magic Tape For Full Light Blocking, Waterproof And Uv Resistant, Ideal For Bedroom And Living Room"
3159,Unranked(New),General-Home-Textile,456.0,4.0,80,0.0,"Marble Pattern Shower Curtain, Modern Waterproof Shower Curtain For Bathroom"
3160,Unranked(New),General-Home-Textile,456.0,6.0,60,0.0,"1pc Soft Chenille Fiber High Weight Thick Fabric Pillow Cover, Modern Simple Coarse Line Design Style, Suitable For Sofa, Bed, Chair And Car Seat, Comfortable Touch Feeling, Four Seasons Available, Does Not Include Pillow Core."
3161,Unranked(New),General-Home-Textile,769.5,4.0,80,10.0,"One Piece Of Pure Linen Curtain, Bohemian Style Polyester Fiber And Linen Blend Rectangle Shape Light-Blocking UV Protection Decorative Curtain, Suitable For Home, Party, Living Room, Dining Room, Foyer, Kitchen, Bedroom, Gym, Cafe, Bay Windows, Doors, Airy And All-Season Use"
3162,Unranked(New),General-Home-Textile,551.0,7.0,50,0.0,Solid Color Thickened Brushed Plant Cashmere Fitted Sheet
3163,Unranked(New),General-Home-Textile,443.65,4.0,400,36.0,Stevenrhodes Cartoon Graphic Tapestry
3164,Unranked(New),General-Home-Textile,493.05,4.0,200,19.0,1pc Burgundy Corduroy Skirt Elasticity Universal Chair Cover For Four Seasons
3165,Unranked(New),General-Home-Textile,332.5,4.0,200,0.0,Moon Print Tapestry
3166,Unranked(New),General-Home-Textile,323.0,4.0,90,0.0,"1pc Tree Of Life Pattern Printed Tapestry, Modern Polyester Square Wall Hanging For Room, Living Room, And Bedroom Decor"
3167,Unranked(New),General-Home-Textile,408.5,4.0,40,0.0,"1pc Jacquard Waterproof Feather Leaf Sofa Seat Cover, Elastic Polyester Couch Cover For Single/double/three/four Seat, L Shape, S/m Sizes With Anti-dirt & Anti-scratch Protection, Tree Leaves Pattern"
3168,Unranked(New),General-Home-Textile,940.5,4.0,40,0.0,1pc Galaxy Print Blackout Curtain For Window
3169,Unranked(New),General-Home-Textile,494.0,5.0,200,0.0,"Flower Pattern Single Panel Sheer Curtain, Cottagecore Mesh Curtain For Home Decor"
3170,Unranked(New),General-Home-Textile,323.0,4.0,200,0.0,"Black & Red Embracing Couple Peach Skin Wall Tapestry, Hippie Room Decoration Background Cloth, Suitable For Bedroom & College Dorm Decorating"
3171,Unranked(New),General-Home-Textile,1064.0,4.0,90,0.0,"Jacquard Single Panel Curtain, European Style Polyester Curtain For Home Decor"
3172,Unranked(New),General-Home-Textile,389.49999999999994,5.0,400,0.0,"1pc Satin Fitted Sheet, Premium Deep Pocket Silk Fitted Sheet, Soft And Smooth Fabric Made, Fits King Twin Full Queen Size Bed"
3173,Unranked(New),General-Home-Textile,569.0500000000001,19.0,0,25.0,"LongNap™ 1pc Supersoft Plain Flat Sheet, Lightweight Cloud-Like Feel Bedding, Green"
3174,Unranked(New),General-Home-Textile,665.0,4.0,70,0.0,"Flannel Luminous Unicorn & White Horse Patterned Blanket, Suitable For Home, Outdoor, Offices For Children"
3175,Unranked(New),General-Home-Textile,304.0,4.0,20,0.0,"1pc Room Decor Tapestry, Simple Fabric Multi-Purpose Wall Hanging, For Boys' & Girls' Room Wall Art Decoration, Suitable For Bedroom Aesthetics, Including Installation Tools As Gift"
3176,Unranked(New),General-Home-Textile,627.0,4.0,0,0.0,"1pc Minimalist Cushion Cover Without Filler, Brown Simple Throw Pillow Cover, For Sofa"
3177,Unranked(New),General-Home-Textile,4084.05,4.0,50,50.0,"Intelligent Design Dream Puff Overfilled Mattress Pad, Overfilled High Desity Down Alternative Fill, Extra Fluffy 3D Puff Box Quilting, Soft Microfiber Mattress Topper Fitted Pocket Fits Up To 18"",  White"
3178,Unranked(New),General-Home-Textile,541.5,4.0,100,0.0,"Leaf Design Single Panel Sheer Curtain , Polyester Sheer Curtain For Bedroom And Living Room"
3179,Unranked(New),General-Home-Textile,233.7,4.0,10,40.0,"1pc Cartoon Sheep Hand Towel, Cute Shape Decor Chenille Wipe Hand Ball, Super Absorbent Quick Dry Not Easy To Shed Hair Towel For Bathroom Toilet, Bathroom Accessories, Bathroom Accessories"
3180,Unranked(New),General-Home-Textile,2869.0,4.0,50,0.0,"4pcs/Set Fresh Floral Printed Quilt Cover Set (1 Quilt Cover, 1 Bed Sheet & 2 Pillowcases) For All Seasons"
3181,Unranked(New),General-Home-Textile,1994.05,14.0,40,65.0,Subrtex Elastic Solid Color Non Slip 1-Piece Stretch Sofa Slipcover Polyester Couch Cover
3182,Unranked(New),General-Home-Textile,741.0,4.0,300,0.0,"2pcs Embroidered Curtain With Floral Pattern, Suitable For Living Room And Bedroom, White Farmhouse Style Privacy Curtain Sheer"
3183,Unranked(New),General-Home-Textile,541.5,8.0,1200,0.0,"1pc Universal Four Seasons Elastic Sofa Cover Splashproof Full Package Sofa Cushion Cover With Machine Washable And Dust-Resistant Features, Suitable For L-Shaped Sofas And Sofas With 1-4 Seats"
3184,Unranked(New),General-Home-Textile,2662.85,4.0,30,23.0,"1pc Cartoon Faux Cashmere Colorful Flower Shaped Rug For Girls' Bedroom, Living Room, Sofa, Coffee Table, Home, Floor Cushion"
3185,Unranked(New),General-Home-Textile,1140.0,4.0,0,0.0,Plain Woven Cushion Cover Without Filler
3186,Unranked(New),General-Home-Textile,2351.25,4.0,0,44.0,Butterfly Embossed Duvet Cover Without Filler
3187,Unranked(New),General-Home-Textile,256.5,4.0,0,0.0,1/3/6/10pcs White Tablecloth Set
3188,Unranked(New),General-Home-Textile,256.5,4.0,60,0.0,1pc Digital Print Tapestry Wall Hanging Home Decoration
3189,Unranked(New),General-Home-Textile,427.5,4.0,0,0.0,"1pc Letter Graphic Cushion Cover Without Filler, Modern Throw Pillow Case For Sofa, Home Decor"
3190,Unranked(New),General-Home-Textile,275.5,4.0,100,0.0,"Pompom Decor Single Panel Curtain, White Lace Polyester Short Curtain For Home, Yard"
3191,Unranked(New),General-Home-Textile,532.0,4.0,50,0.0,"1pc Black Bat Broom Letter Printed Modern Style And Anti-slip Halloween Decoration Flannel Door Mat That Is Easy To Clean , Suitable For Living Room, Bedroom, Bathroom And Kitchen Entrance"
3192,Unranked(New),General-Home-Textile,722.0,4.0,70,0.0,"1pc Waterproof Four Seasons Universal Sofa Cushion, Sleek And Modern Style Anti-skid Sofa Pad, Ideal For L-shaped And 1-4 Seat Sofas In Living Room"
3193,Unranked(New),General-Home-Textile,655.5,4.0,100,0.0,"1pc Faux Cashmere Fabric, Washable Base Cloth. Cute Cartoon Cat Shaped Carpet, Indoor Decorative Carpet, Washable Carpet, Suitable For Bedroom, Living Room, Office, Home Decoration, Room Decor Floor Mat"
3194,Unranked(New),General-Home-Textile,3597.6499999999996,12.0,10,14.0,"Bath Towel 100% Cotton Set Of 6, Ultra Soft Highly Absorbent 2 Bath Towels, 2 Hand Towels & 2 Washcloth - Luxury Quick Dry Shower Towels"
3195,Unranked(New),General-Home-Textile,389.49999999999994,4.0,20,0.0,1pc Solid Fuzzy Cushion Cover Without Filler
3196,Unranked(New),General-Home-Textile,551.0,4.0,40,0.0,Plain Single Panel Sheer Curtain
3197,Unranked(New),General-Home-Textile,484.49999999999994,7.0,10,0.0,"A Pillowcase Made Of Ultra-Fine Fiber Faux Cashmere-Like High-Weight Thick Jacquard Fabric, Modern And Simple Double-Color Small Flower Design Style, Without Pillow Core, Suitable For Sofa, Bed, Seat And Car Seat. Comfortable Feel, Can Be Used In All Seasons."
3198,Unranked(New),General-Home-Textile,209.00000000000003,4.0,60,0.0,"1pc Champagne-Colored Bridesmaid Eye Mask With 'Team Bride' Letter Print & Logo, Made Of Polyester & Faux Silk, Breathable Light-Proof Eye Shade For Nap And Sleep Use"
3199,Unranked(New),General-Home-Textile,1178.0,4.0,90,0.0,1pc Water Repellent Tub Chair Cover Stretch Club Couch Armchair Slipcovers Elastic Single Sofa Cover Living Room Bar Counter Hotel
3200,Unranked(New),General-Home-Textile,541.5,4.0,100,0.0,"1pc Universal Seasons Elastic Sofa Seat Cover, Simple Modern Style Anti-slip Couch Slipcover, Living Room Sofa Protector Fits L-shaped Sofa And 1-4 Seater Sofa"
3201,Unranked(New),General-Home-Textile,399.0,4.0,100,0.0,"1pc Sofa Cover, Four Seasons Universal, Modern & Simple, Slip-Resistant Sofa Slipcover With Cushion Cover"
3202,Unranked(New),General-Home-Textile,598.5,4.0,40,25.0,"Quick Dry Towel & Beach Towel Printed Swimming Oversized Towel, Fibre, Fashionable, Portable, Soft, Innovative, Yoga & Sports Towel, Lightweight, Comfortable, Pool Towel, Sun Protection, Beach Blanket, Suitable For Camping & Outdoor Activities, Beach Travel Towel, Personalized Beach Towel, 1pc"
3203,Unranked(New),General-Home-Textile,294.5,4.0,60,0.0,1pc Solid Color Coral Fleece Bath Towel Or Hand Towel
3204,Unranked(New),General-Home-Textile,931.0000000000001,4.0,0,0.0,1pc Chenille Waterproof Sofa Cushion All-Season Anti-Slip Home Furniture Seat Cover Embroidered Gold Cloth Luxurious Style Scratch-Resistant
3205,Unranked(New),General-Home-Textile,1263.5,4.0,100,0.0,"1pc Large Area  Floor Mat, Living Room Mat, Kitchen Mat, Washable Oil-Proof Mat, Indoor Rug, Door Mat, Entrance Mat, Home Decor"
3206,Unranked(New),General-Home-Textile,547.1999999999999,4.0,70,11.0,"Super Stretchy Gold Velvet Chair Cover For High Back Recliner And Rocker Chair, Suitable For Four Seasons 1pc/pack"
3207,Unranked(New),General-Home-Textile,522.5,4.0,0,0.0,"Solid Color Stretchy Chair Slipcover, Yellow Polyester Dining Chair Dust Slipcover For Household"
3208,Unranked(New),General-Home-Textile,3011.5,4.0,0,0.0,"1pc Thickened Brushed Solid Color Mattress For Students, Skin-Friendly And Comfortable, Fluffy And Soft, Dual-Sided Material With Skin-Friendly Brushed Backing, Four-Season Usability, Convenient Folding And Storage, Multiple Use With Decorative Stitching, Suitable For Home, Bedroom, Tatami, And Floor"
3209,Unranked(New),General-Home-Textile,494.0,5.0,30,0.0,"Convenient Rod Decorative Sheer Curtain, Twin Tree Leaf Jacquard Living Room Sheer Curtain, 1pc"
3210,Unranked(New),General-Home-Textile,2087.15,4.0,100,31.0,"1pc New Design Large Leaf Jacquard Pattern Elastic Skirt Sofa Cover, Dustproof And Scratchproof, Suitable For All Seasons"
3211,Unranked(New),General-Home-Textile,313.5,9.0,20,0.0,"1pc Funny & Whimsical Duck Printed Tapestry, Modern Style Polyester Fiber Square Decorative Tapestry Suitable For Living Room & Bedroom Decoration"
3212,Unranked(New),General-Home-Textile,382.85,4.0,100,33.0,"2PCS Geometric Floral Blue Polyester Throw Pillow Covers, Vintage   Bohemian Moroccan Pillow Covers, Decorative Cushion Covers 45*45Cm/18 ""X18"" For Living Room Bedroom Sofa Bed Decoration"
3213,Unranked(New),General-Home-Textile,256.5,4.0,0,18.0,4pcs Table Cloth Holder Clips Leaf Shape Picnic Tablecloth Clip Outdoor Large Heavy Duty Stainless Steel Decorative Cover Clamp Pin For Party Wedding Restaurant Camping RV Accessories
3214,Unranked(New),General-Home-Textile,617.5,4.0,0,0.0,1pc Halloween Buddies Blanket
3215,Unranked(New),General-Home-Textile,646.0,4.0,0,0.0,1pc Christmas Tree Embroidery Pillowcase Without Filler
3216,Unranked(New),General-Home-Textile,541.5,4.0,50,0.0,Lace Single Panel Sheer Curtain
3217,Unranked(New),General-Home-Textile,446.5,4.0,0,22.0,1pc Black Milk Silk Chair Cover
3218,#6 Best Sellers,in Throws,1016.4999999999999,5.0,0,0.0,"1pc Flannel Blanket, Soft And Warm For All Seasons, Gift Throw Blanket For Bed, Chair, Car And Sofa"
3219,Unranked(New),General-Home-Textile,342.0,4.0,200,0.0,"1pc Forest Print Tapestry, Modern Hanging Blanket For Living Room And Bedroom"
3220,Unranked(New),General-Home-Textile,1206.5,9.0,60,0.0,1pc Winter rabbit fleece cushion
3221,Unranked(New),General-Home-Textile,19949.05,4.0,20,38.0,"Inofia 12 Inch Hybrid Innerspring Mattress In A Box, Cool Bed With Breathable Soft Knitted Fabric Cover, 101 Risk-Free Nights Trial"
3222,Unranked(New),General-Home-Textile,199.5,4.0,0,0.0,Flower Embroidery Table Runner
3223,Unranked(New),General-Home-Textile,446.5,4.0,0,0.0,1pc Jacquard Chevron Cushion Cover Without Filler
3224,Unranked(New),General-Home-Textile,495.9,4.0,60,10.0,"1pc Sand-Washed Lotus Leaf Edged Pillowcase, Suitable For Bedroom & Living Room"
3225,Unranked(New),General-Home-Textile,351.5,4.0,600,0.0,"1pc Solid Color Stretchable Sofa Seat Cover, Removable & Washable, Dustproof & Stain Resistant,  Style For Living Room/Bedroom/Home Decor, Four Seasons Universal"
3226,Unranked(New),General-Home-Textile,408.5,4.0,80,0.0,"1pc European-Style Thickened Semi-Transparent Curtain With Jacquard Pattern, Simple And Elegant Grey Curtain For Living Room, Bedroom, Balcony, Restaurant Home Decor"
3227,Unranked(New),General-Home-Textile,1168.5,4.0,0,40.0,Plain Single Panel Curtain
3228,Unranked(New),General-Home-Textile,285.0,4.0,0,50.0,"2-Piece Lemon Kitchen Towel Lemon Summer Dish Towel Hand Towel Decorative Tea Towel Lemon Bathroom Kitchen Decoration, For Housewarming Gift Dining, Home, Wedding, Banquet, Picnic Buffet Dish Towel"
3229,Unranked(New),General-Home-Textile,1231.2,4.0,50,10.0,"2pcs Palm Leaf Printed Curtain Tropical Plant Design Curtains For Bedroom, Living Room, Kitchen, Green & White"
3230,Unranked(New),General-Home-Textile,988.0,4.0,200,0.0,1Panel Vintage Girl Black Lace Pink Sheer Curtains Floral Jacquard Romantic Cafe Door Curtain Kitchen Home Decoration Tulle Drapes
3231,Unranked(New),General-Home-Textile,233.7,4.0,30,23.0,1 PC  Seats Breathable Bicycle 3D Soft Gel Saddle Seat Cover Cushion Pad Waterproof Universal Bike Seats Bike Accessories
3232,Unranked(New),General-Home-Textile,408.5,5.0,100,0.0,"1pc Polyester Fiber Leaf Pattern Carpet, Minimalist Style Rectangular U-Shaped Water Absorbent Floor Mat For Home Bathroom, Toilet, Living Room Use"
3233,Unranked(New),General-Home-Textile,513.0,4.0,100,10.0,1pc Suede Fringe Pillowcase For Lumbar Pillow Or Cushion Cover
3234,Unranked(New),General-Home-Textile,266.0,4.0,200,0.0,Jacquard Guipure Lace Trim Tablecloth
3235,Unranked(New),General-Home-Textile,608.0,4.0,0,0.0,"1pc Waterproof & Anti-Urine Four Seasons Universal Non-Slip Sofa Seat Cover With Elastic Band, Minimalist Modern Style Stretch Sofa Cover, Pet-Resistant Solid Color Sofa Coth Suitable For L-Shaped Combination Sofa And 1/2/3/4 Seater Sofa (Single Piece Sold)"
3236,#6 Best Sellers,in Runner Rugs,959.5,4.0,0,0.0,"White Carpet For Wedding Ceremonies, Celebrations, Friends Birthday Parties, Indoor/Outdoor Hallways, Garages And Decorations For Fashion Shows"
3237,Unranked(New),General-Home-Textile,760.0,5.0,200,0.0,"1pc Precious European Style Vintage Embroidered Sheer Curtain For Living Room, Bedroom"
3238,Unranked(New),General-Home-Textile,1729.0,4.0,70,0.0,Orange Simple Style Curtain
3239,Unranked(New),General-Home-Textile,1406.0,4.0,20,0.0,"3pcs Bedding Set In Pink, Polyester, Includes 1 Fitted Sheet, 2 Pillowcases, For Twin/Full/Queen/King/Cal.King Bed - Shrink And Fade Resistant - Soft And Skin-Friendly/Easy To Maintain - Fits Mattress Perfectly"
3240,Unranked(New),General-Home-Textile,304.0,4.0,500,0.0,"1pc Sun & Moon God Pattern Printed Tapestry, Modern Style Polyester Square Wall Hanging Decoration For Living Room And Bedroom"
3241,Unranked(New),General-Home-Textile,503.5,4.0,300,0.0,"1pc Green Lace Small Flower Tulle Curtain With Beaded Edge, Romantic Style For Living Room Bedroom Window Door Decoration"
3242,Unranked(New),General-Home-Textile,1555.15,6.0,60,12.0,3pcs Leaf Pattern Soft Comfortable Duvet Cover Set
3243,Unranked(New),General-Home-Textile,1444.0,4.0,0,0.0,"1pc Solid Color Tablecloth, Minimalist Polyester Tablecloth For Home"
3244,Unranked(New),General-Home-Textile,285.0,4.0,10,0.0,"1pc 18x18 Inch Linen Pillowcase With Ditsy Floral, Yellow Blue Red Flowers, Vintage Bohemian Summer Home Decor Cushion Cover For Bedroom Living Room Dining Room Car Seat Outdoor Use"
3245,Unranked(New),General-Home-Textile,4458.35,4.0,0,17.0,"Qucover Bedding Set 3-Piece Boho Tufted Dots Comforter Set Pom Pom Tufts Bed-In-A-Bag Bohemian Quilt Set With Comforter, 2 Pillowcase"
3246,Unranked(New),General-Home-Textile,703.0,4.0,70,0.0,"1pc Spandex Cocktail Tablecloth For Round High-Top Bar Table With 4-Way Tight Stretch Cover, Suitable For Wedding Party Events"
3247,#8 Best Sellers,in Customized Tapestry,237.5,4.0,0,0.0,"1pc Pink American Background Custom Tapestry,You Can Place Your Favorite Photos, Artists, Etc,Suitable For Male Or Female Bedroom Aesthetics"
3248,Unranked(New),General-Home-Textile,456.0,4.0,0,0.0,"1pc Letter Graphic Cushion Cover Without Filler, Modern Throw Pillow Case, For Sofa, Living Room"
3249,#6 Best Sellers,in Curtains,741.0,4.0,0,0.0,"2pcs Autumn Scenery Printed Window Curtain,Refer To Bedroom Office Kitchen Living Room Study Home Decor"
3250,Unranked(New),General-Home-Textile,361.0,4.0,200,0.0,1pc Chenille Geometric Pattern Jacquard Pillow Cover
3251,#3 Best Sellers,in Customized Tapestry,218.49999999999997,4.0,0,0.0,"1pc Custom Personalized Tapestry With Photo And Text, For Birthday, Wedding, Halloween, Christmas, Party, Father's Day, Mother's Day Home Decoration And Bedroom Aesthetics"
3252,Unranked(New),General-Home-Textile,1462.05,4.0,200,10.0,"3pcs Simple Modern Floral Double-layer Ruffled Bed Skirt Set, Bedroom Bedding- 1 Bed Skirt, 2 Pillowcases (no Comforter Included)"
3253,Unranked(New),General-Home-Textile,342.0,4.0,300,0.0,Lotus Print Tapestry
3254,Unranked(New),General-Home-Textile,1909.5000000000002,5.0,0,0.0,"1pc Luxurious Satin Solid Color Quilted Bedspread, Cooling Summer Coverlet, Made Of Soft And Breathable Fabric, Lightweight And Fluffy, All Size For Twin, Queen, King Size Bed"
3255,Unranked(New),General-Home-Textile,266.0,4.0,300,0.0,"1pc Colorful Satin Table Runner, Suitable For Hotel Wedding Event Birthday Party Table Decoration, Polyester Solid Color Satin Tea Table Runner"
3256,Unranked(New),General-Home-Textile,484.49999999999994,4.0,200,37.0,"1pc Cartoon Unicorn Pattern Beach Towel, Quick Dry Swimming Towel, Perfect For Beach And Swimming, For Summer, Vocation"
3257,Unranked(New),General-Home-Textile,304.0,4.0,300,0.0,"1pc Bohemian Mandala Pattern Printed Tapestry, Modern Style Polyester Square Decorative Tapestry Suitable For Living Room Bedroom Decor"
3258,Unranked(New),General-Home-Textile,2706.5499999999997,4.0,10,48.0,"Moss Bath Mat, Ultra Thick Soft Green Bathroom Rug, Water Absorbent Non Slip Microfiber Bath Rugs For Bathroom Floor, Shower, Sink, Bedroom, 20""X32"""
3259,Unranked(New),General-Home-Textile,7599.049999999999,4.0,100,21.0,VEVOR 50Pcs 100Pcs Arched Chair Covers Spandex Black or White Folding Kitchen Chairs Cover Universal Washable Slipcovers Protector Removable Chair Seat Covers for Wedding Party Dining Room Banquet Event
3260,Unranked(New),General-Home-Textile,763.8,6.0,100,40.0,"6pcs Satin Table Runners, 30.48 X 274.32cm, Smooth & Glossy Surface, Perfect For Birthday, Wedding, Party, Banquet"
3261,Unranked(New),General-Home-Textile,551.0,4.0,0,0.0,1pc Solid Color Cushion Cover Without Filler
3262,Unranked(New),General-Home-Textile,456.0,4.0,100,0.0,"Flower Lace Single Panel Curtain, White Embroidered Lace Sheer Curtain For Wedding"
3263,Unranked(New),General-Home-Textile,304.0,8.0,2600,0.0,"1pc Cheesecloth Table Runner Sage Green, Boho Style Long Gauze Romantic Table Runner For Wedding Reception Bridal Shower Baby Shower Holiday Thanksgiving Birthday Party Table Dining Room Dresser Decor, Mothers Day Decor, Home Decor, Scene Decor"
3264,Unranked(New),General-Home-Textile,3173.0,4.0,10,0.0,Blue Floral Printed Summer Quilt
3265,Unranked(New),General-Home-Textile,323.0,4.0,200,0.0,"1 Pc  Movie Poster  Tapestries By César Moreno Mondo Art 2018,Printed Tapestry, Polyester Tapestry For College Dorm Room Decor,Outdoor,Bedroom"
3266,Unranked(New),General-Home-Textile,266.0,4.0,10,0.0,"Soft And Absorbent Coral Fleece Striped Jacquard Bath Towel, Hair Towel And Hand Towel Set"
3267,Unranked(New),General-Home-Textile,456.0,5.0,100,0.0,"1pc Thick European Style Jacquard Curtain With Romantic Floral Pattern For Living Room, Bedroom, Balcony, Dining Room Decor"
3268,Unranked(New),General-Home-Textile,484.49999999999994,4.0,60,0.0,"1pc Spring Grass Pattern Plush Voile Curtain For Room Decoration, Semi-Transparent & Half Shading, Bedroom Window Decor Voile Curtain"
3269,#7 Best Sellers,in Beach holiday shopping list,731.5,4.0,0,0.0,"1pc Seashell Patterned Printed Beach Towel, Microfiber Beach Towel, Sports Towel, Great For Summer, Beach, Pool"
3270,Unranked(New),General-Home-Textile,855.0,4.0,0,0.0,1pc Christmas Board Print Bath Rug Or 1pc Shower Curtain
3271,Unranked(New),General-Home-Textile,370.5,4.0,0,40.0,1pc Jacquard Pillow Cover Without Filler
3272,Unranked(New),General-Home-Textile,304.0,4.0,500,0.0,"1pc Butterfly Printed Tapestry, Modern Polyester Square Decorative Wall Hanging For Living Room And Bedroom Decoration"
3273,Unranked(New),General-Home-Textile,3799.05,4.0,10,43.0,Outdoor Rug Carpet Waterproof Reversible Patio Rug RV Camping Rug-Plastic Straw Rug Outside Indoor Outdoor Area Rug For Patio Clearance Balcony Picnic Beach Deck-Outdoor Decor
3274,Unranked(New),General-Home-Textile,1111.5,4.0,20,0.0,"A Polyester Mid-Century Modern Abstract Geometric Bohemian Shower Curtain, Cute Pink Flower Bathroom Shower Curtain, Vintage Shower Curtain, Waterproof Fabric Shower Curtain 180 X 180 Cm"
3275,Unranked(New),General-Home-Textile,446.5,4.0,900,0.0,Friendly Fantasy Forest Tapestry Color Tapestry Vivid Wall Dr With Human-Animal Design Free Installation Kit Perfect For Home Office Gifts For Friends
3276,Unranked(New),General-Home-Textile,921.4999999999999,4.0,200,0.0,1pc Pastoral Little Pink Flower Embroidery Sheer Curtains For Daughters Bedroom Vintage Floral Lace Voile Drapes Window Treatment Nursery Decor
3277,Unranked(New),General-Home-Textile,2242.0,4.0,50,0.0,Leaf Embroidered Tassel Trim Tablecloth
3278,Unranked(New),General-Home-Textile,2256.25,4.0,0,37.0,Jacquard Geometric Duvet Cover Without Filler
3279,Unranked(New),General-Home-Textile,323.0,4.0,200,0.0,"1 Pc Funny McLovin ID Flag Fake Driver License,Tapestry Banner Meme Tapestry With HD Printing,Cool Flags For College Dorm Room Decor And Bedroom Teen"
3280,Unranked(New),General-Home-Textile,199.5,4.0,100,0.0,SHEIN Basic living 1 pc Wheat Absorbent Quick Dry Coral Fleece Face Towel
3281,Unranked(New),General-Home-Textile,218.49999999999997,4.0,200,0.0,"1pc Flower Embroidery Table Runner, White Lace Table Mat, For Home Decor"
3282,Unranked(New),General-Home-Textile,324.9,4.0,50,40.0,1pc Solid Color Tablecloth
3283,Unranked(New),General-Home-Textile,646.0,11.0,0,0.0,"1pc Solid Color Premium Chenille Four Seasons Universal Sofa Cushion Cover, Modern Style Elastic Non-Slip Couch Slipcover, Anti-Scratch & Pet-Proof Sofa Cover For L-Shaped Sofa And 1/2/3/4 Seater Sofa (Sold Separately)"
3284,Unranked(New),General-Home-Textile,1520.0,4.0,10,0.0,1pc Multicolor Full Cover Milk Silk Printed Sofa Cover With Skirt
3285,Unranked(New),General-Home-Textile,1130.5,4.0,60,0.0,"1/4pcs Shower Curtain Or Toilet Mat, Bathroom Set Of 4 Pieces Including Waterproof Shower Curtain And Toilet Mat, With 12 Shower Curtain Hooks As Gift"
3286,Unranked(New),General-Home-Textile,585.2,4.0,10,24.0,"1pc Multi-Colored Turtle Beach Towel, Ultra-Fine Fiber Turtle Bath Towel 75 X 150cm,Quick-Drying Sand-Proof Towel Suitable For Adult Travel, Sports, Swimming,SPA, Women Beach Gift"
3287,Unranked(New),General-Home-Textile,577.6,4.0,20,25.0,"1 Beach Towel, 75CM * 150CM, Pink Flamingo Print Outdoor Beach Towel, Beach Beach Towel, Beach Sun Protection Towel, Beach Towel, Durable, Of Good Quality, Suitable For Both Men And Women, Age Appropriate, Machine Washable"
3288,Unranked(New),General-Home-Textile,637.45,4.0,10,45.0,Rainbow Window Curtain
3289,Unranked(New),General-Home-Textile,294.5,4.0,400,0.0,"Wild Love Vacation 1pc Figure & Tiger Pattern Cushion Cover Without Filler, Modern Fiber Throw Pillow Case, For Sofa"
3290,Unranked(New),General-Home-Textile,228.0,4.0,30,0.0,"Personalized Tapestry With Custom Photo, Ideal For Family Members Commemoration, Wedding, Couple Or Baby Photo Wall Art Canvas, Perfect Home Bedroom Living Room Decorative Artwork"
3291,Unranked(New),General-Home-Textile,672.6,4.0,10,40.0,"3pcs Creative Pattern Printed Bedding Set, Soft And Comfortable, Suitable For Bedroom, Guest Room (1 Bedsheet + 2 Pillowcases, No Filling)"
3292,Unranked(New),General-Home-Textile,752.4,4.0,60,13.0,1PC Stretch Square Ottoman Cover Folding Storage Stool Furniture Protector Soft Rectangle Slipcover
3293,Unranked(New),General-Home-Textile,760.0,4.0,0,0.0,Jacquard Leaf Pattern Chair Slipcover
3294,Unranked(New),General-Home-Textile,452.2,4.0,80,28.0,"Curtain Rod Style Suitable For Bedroom, Dining Room, Pavilion, Outdoor Windows"
3295,Unranked(New),General-Home-Textile,563.35,4.0,400,25.0,1pc Ladies 70*140cm Printed Microfiber Knitted Beach Towel For Swimming And Bathing
3296,Unranked(New),General-Home-Textile,551.0,4.0,100,0.0,"1pc Cute Highland Cow With Flower Design Square Printed Soft Plush Blanket, Suitable For All Seasons And Living Room, Sofa, Lounge Chair And Bedroom Use. Suitable For Traveling, Camping And As A Gift"
3297,Unranked(New),General-Home-Textile,323.0,4.0,10,0.0,"2/6/12pcs European Country Style Khaki Plaid Polyester Napkins, Ideal For Holiday Parties, Home Table Decoration, Kitchen Dish Towels And Cleaning Glasses"
3298,Unranked(New),General-Home-Textile,978.5000000000001,4.0,0,0.0,"White Tablecloth With Blue Flower Print And Fringe, Minimalist Style, For Home Use"
3299,Unranked(New),General-Home-Textile,273.59999999999997,4.0,0,40.0,Christmas Snowflake Print Stretchy Chair Slipcover
3300,#3 Best Sellers,in Window Valance,237.5,4.0,0,0.0,"1pc Solid Color Simple Rod Pocket Tier Curtain, Decorative Window Treatment, Suitable For Bathroom, Hotel, Kitchen, Shoe Cabinet"
3301,Unranked(New),General-Home-Textile,598.5,4.0,30,10.0,"1pc Solid Color Simple & Soft & Breathable & Moisture-Absorbing Fleece Bed Sheet For Single/Double Bed, Machine Washable, Single Piece (Pillowcases Not Included)"
3302,Unranked(New),General-Home-Textile,1117.2,4.0,0,43.0,1pc Hand-Woven Tapestry Curtain Bohemian Home Decoration Backdrop Wall Hanging
3303,Unranked(New),General-Home-Textile,1278.7,4.0,40,11.0,1pc Soft Armchair Covers Elastic Velvet Club Tub Chair Slipcovers for Living Room Single Sofa Covers Home Bar Counter Hotel
3304,Unranked(New),General-Home-Textile,1651.1,4.0,10,75.0,"Bargain Hunters Super Absorbent 100% Cotton 54"" X 27"" Hotel Beach Bath Towels"
3305,Unranked(New),General-Home-Textile,456.0,4.0,0,0.0,Leaf Print Stretchy Chair Slipcover
3306,Unranked(New),General-Home-Textile,627.0,7.0,0,0.0,"1pc Solid Color Waterproof Fitted Sheet, Modern And Minimalist Fabric Fitted Bottom Sheet, Dust-Proof, Fits Twin Full King Queen Size Bed, Machine Washable"
3307,Unranked(New),General-Home-Textile,351.5,4.0,40,0.0,"1pc Watercolor Rainbow Floral Peach Skin Tapestry, Wall Decor For Bedroom, Office, And Living Room, Wildflower Wall Hanging Art Home Decoration"
3308,Unranked(New),General-Home-Textile,273.59999999999997,4.0,30,10.0,Metallic Pattern Plush Cushion Cover Without Filler
3309,Unranked(New),General-Home-Textile,256.5,4.0,0,0.0,1/3/6/10pcs White Tablecloth Set
3310,Unranked(New),General-Home-Textile,1710.0,4.0,0,0.0,"One Foldable Beach Chair Cover That Can Be Turned Into A Shoulder Bag, With A Side Pocket For Sunglasses And Cellphone. The Geometric Towel Cover Is Suitable For Chaise Longue, Sunbathing, Pool, Patio, Beach, And Hotels. Convenient To Carry"
3311,Unranked(New),General-Home-Textile,465.50000000000006,10.0,20,0.0,1pc Imes Chair Cover Soft Decorative Velvet Slipcover For Home Bedroom
3312,Unranked(New),General-Home-Textile,8264.05,4.0,0,16.0,"JONATHAN Y Thea Modern Geometric Checkerboard High-Low Mid-Century Scandinavian Art Deco Contemporary Casual Indoor Area Rug, SND103"
3313,Unranked(New),General-Home-Textile,256.5,4.0,100,0.0,1pc Soft & Absorbent Extra Thick Coral Fleece Solid Color Beach Bath Towel Beach Towel
3314,Unranked(New),General-Home-Textile,570.0,16.0,100,0.0,"Plain Single Panel Curtain, Minimalist Polyester Single Panel Blackout Curtain For Bedroom And Livin"
3315,Unranked(New),General-Home-Textile,479.75,4.0,0,50.0,"Set Of 4 Geometric Trapezoid Pattern Towels, Skin-Friendly Soft And Absorbent Face Cloth For Household Use"
3316,Unranked(New),General-Home-Textile,1139.05,19.0,0,50.0,2pcs Deconovo Rod Pocket 52 Width Curtain Panel Pair
3317,Unranked(New),General-Home-Textile,285.0,4.0,0,40.0,Graphic Embroidery Single Panel Sheer Curtain
3318,Unranked(New),General-Home-Textile,5414.05,5.0,0,10.0,"7 Pieces Blue Comforter Set Queen King Size , Rose Pattern Bed In A Bag, Lightweight Soft Microfiber Bedding Sets With Comforter, Flat Sheet, Fitted Sheet, Pillowcases(90""X90"",103""X90"")"
3319,Unranked(New),General-Home-Textile,769.5,4.0,100,0.0,"1pc Cartoon Floral Pattern Microfiber Printed Softness And Water Absorption Beach Towel, Unisex, Outdoor Use"
3320,Unranked(New),General-Home-Textile,649.8,4.0,0,40.0,Solid Color Single Panel Curtain
3321,Unranked(New),General-Home-Textile,14974.85,4.0,0,28.0,"Metal Folding Bed Frame With Foam Mattress Of Pockets, Easy Storage And Movable With 4 Castors"
3322,Unranked(New),General-Home-Textile,399.0,4.0,300,0.0,"1pc Mandala Pattern Tapestry, Boho Fabric Tapestry Poster Wall Hanging For Bedroom Aesthetic"
3323,Unranked(New),General-Home-Textile,2466.2000000000003,4.0,20,44.0,Large Living Room Area Rug Vintage Floral Rugs Machine Washable Bedroom Rugs Soft Non Slip Throw Kitchen Mat Low Pile Non Shedding Floorcover Mat Foldable Thin Rug Retro Accent Floor Carpet Indoor Traditional Home Decor Rug For Dining Room Laundry Bathroom Bedside
3324,Unranked(New),General-Home-Textile,627.0,4.0,200,0.0,"Solid Fluffy Rug, White Plush Warm Floor Mat For Living Room, Bedroom"
3325,Unranked(New),General-Home-Textile,465.50000000000006,4.0,10,0.0,"1pc Plain Cushion Cover Without Filler, Yellow Throw Pillow Case For Sofa"
3326,Unranked(New),General-Home-Textile,222.29999999999998,4.0,0,40.0,Embroidery Detail Single Panel Sheer Curtain
3327,Unranked(New),General-Home-Textile,304.0,4.0,50,0.0,"Modern Fantasy Human-Animal Aurora Landscape Tapestry, Coral Fleece, Suitable For Living Room, Bedroom, Office, Home Decorations, Party Wall Hanging"
3328,Unranked(New),General-Home-Textile,786.5999999999999,13.0,40,10.0,1 Panel Teal Blackout Curtain 63 84 Inch Length Thermal Insulated Blackout Curtain Drape For Bedroom.
3329,Unranked(New),General-Home-Textile,627.0,8.0,100,0.0,"1pc Waterproof Fitted Sheet, Antibacterial Mattress Cover, Solid Color Mattress Protector, Made Of Soft And Breathable Fabric, Deep Pocket Bedsheet For Twin Full King Queen Size, Mattress Cover For Comfortable Sleep, Suitable For All Seasons, Machine Washable"
3330,Unranked(New),General-Home-Textile,855.0,4.0,100,0.0,1pc Lace Embroidery Curtain
3331,Unranked(New),General-Home-Textile,399.0,4.0,50,0.0,"1pc Basic Fabric Geo Pattern Cushion Cover, Bohemian Square Shaped Pillowcase For Daily Home"
3332,Unranked(New),General-Home-Textile,532.0,8.0,100,0.0,"1pc Elastic Waterproof Jacquard Sofa Slipcover,  Style Anti-Slip Sofa Protector For L-Shaped Sofa And 1/2/3/4-Seat Sofa Living Room"
3333,Unranked(New),General-Home-Textile,462.65000000000003,4.0,30,44.0,"Plush Microfiber Beach Towel - Anti-UV, Highly Absorbent, Lightweight And Durable - A Must-Have For Trendy Summer"
3334,Unranked(New),General-Home-Textile,10449.05,4.0,10,44.0,"Fani 10 Pack 120 Inch Round Tablecloth,Polyester Fabric Table Cloth For Round Table, Stain And Wrinkle Washable Table Cover For Wedding Party Dining Table Buffet Banquet Restaurant And Camping"
3335,Unranked(New),General-Home-Textile,5196.5,4.0,0,0.0,"A Set Of Solid Color Chiffon Edging Four-Piece, Princess Style Polyester Fiber 3D Bow Detail Duvet Cover And Bedding Set Suitable For Home Bedroom"
3336,Unranked(New),General-Home-Textile,563.35,4.0,60,25.0,"Bohemian Style Colorful Flower Pattern Beach Towel, Thick & Soft, Creative Yoga Sports Bath Towel, Lightweight & Comfortable, Sun Protection, Suitable For Camping & Outdoor Activities, Birthday Parties, Beach Travel, Personalized Beach Towel, 1pc"
3337,Unranked(New),General-Home-Textile,241.3,4.0,100,12.0,1pc Strawberry Print Towel
3338,Unranked(New),General-Home-Textile,157.7,4.0,70,13.0,"Multi-Purpose Outdoor/Indoor Portable Round Seat Cushion, Candy-Colored Sponge Padded Stool Cover, Solid Color Chair Pad For Picnic, 1pc"
3339,Unranked(New),General-Home-Textile,290.7,4.0,100,15.0,1 PC Durable Jacquard Chair Seat Covers Removable Washable Anti-Dust Stretch Spandex Dining Room Upholstered Chair Cushion Slipcocers
3340,Unranked(New),General-Home-Textile,323.0,4.0,20,0.0,"One Piece Of Pure White Maid Fashionable Short Half-Body Apron Euro-Style Cute Lace Bordered Waitress Frilly Apron, Lolita Cute Princess Style Kitchen Home Gown Maid Apron"
3341,Unranked(New),General-Home-Textile,855.0,4.0,20,0.0,"Ottoman Cover Round, Stretch Velvet Round Ottoman Cover Thick Round Ottoman Slipcover Washable Storage Ottoman Cover Foot Stool Cover"
3342,#3 Best Sellers,in Wall Hanging,199.5,4.0,0,0.0,1pc Scandinavian Simple Wall Art Anime Inspired Food HD Canvas Poster Prints Home Bedroom Living Room Decor No Frame
3343,Unranked(New),General-Home-Textile,209.00000000000003,4.0,200,0.0,"1 PC Satin Table Runner  Long Wedding Satin Table Runner For Wedding Banquet Graduations Birthday Party Decoration,Satin  Table Runner,Table Decorations Holiday"
3344,Unranked(New),General-Home-Textile,494.0,4.0,80,0.0,"1pc Graphic Pattern Chair Slipcover, Minimalist Polyester Chair Slipcover For Home"
3345,Unranked(New),General-Home-Textile,2422.5,10.0,20,0.0,"4-Piece Fresh And Cute Floral Printed Down Comforter Cover Set (1 Down Comforter Cover, 1 Bed Sheet, And 2 Pillowcases, No Fillings), Bedding Set, Suitable For All Seasons - Bed Sheet Style Randomly Sent."
3346,Unranked(New),General-Home-Textile,1333.8,4.0,0,40.0,1pc Striped Print Anti-slip Kitchen Rug
3347,Unranked(New),General-Home-Textile,1729.0,4.0,100,0.0,We Bare Bears X SHEIN Cartoon Printed Brown & Yellow Duvet Cover Set
3348,Unranked(New),General-Home-Textile,575.6999999999999,4.0,30,34.0,1pc Silver Fox Velvet Small Armchair Cover
3349,Unranked(New),General-Home-Textile,1548.5,4.0,100,2.0,"1pc 24in Billiard Pool 8 Ball Carpet Alt Room Decor For Bedroom Living Room, Soft Doormat For Party Decorations"
3350,Unranked(New),General-Home-Textile,589.95,4.0,90,10.0,1pc Nordic Style Modern Minimalist Embroidered Tree & Fresh Floral Design Floor-length Gauze Curtain For Window
3351,Unranked(New),General-Home-Textile,182.4,4.0,20,40.0,Stretch Armrest Covers Spandex Arm Covers For Chairs Couch Sofa Armchair Slipcovers For Recliner Sofa
3352,Unranked(New),General-Home-Textile,912.0,4.0,0,0.0,Handmade Round/ Irregular Velvet Pillow Cushion With Filler
3353,Unranked(New),General-Home-Textile,741.0,4.0,300,0.0,"1pc New Design Elastic Sofa Cover With Large Leaves Jacquard Pattern, Anti-dust And Anti-scratch, Four Seasons General Purpose"
3354,Unranked(New),General-Home-Textile,481.65000000000003,4.0,10,22.0,Loop White & Silver Floral Semi-Transparent Sheer Window Curtain For Home Decoration
3355,Unranked(New),General-Home-Textile,1023.15,4.0,20,11.0,1PC Universal All-Inclusive No Armrest Sofa Cover Four Seasons Elastic Thickened Folding Sofa Bed Cover
3356,Unranked(New),General-Home-Textile,256.5,5.0,20,40.0,1pc Solid Color Stretchy Sofa Cushion Cover
3357,#4 Best Sellers,in Curtain Head,902.5,4.0,0,0.0,"One Piece Semi-Transparent Bohemian Hollow Out Crochet Curtains, Half Shading & Tassel Decor, Perfect For Living Room Bedroom Bay Window Dining Room Kitchen, Suitable For All Seasons & Ready-Made Curtains"
3358,Unranked(New),General-Home-Textile,1261.6,4.0,20,25.0,"3pcs Plant & Flower Printed Polyester Duvet Cover Set, Green Floral Pattern Countryside Style, Suitable For All Seasons"
3359,Unranked(New),General-Home-Textile,912.0,5.0,70,0.0,"1pc Simple Stripe Pattern Printed Soft Beach Towel, Suitable For Swimming, Camping, Vacation, Yoga, Diving And Traveling"
3360,Unranked(New),General-Home-Textile,589.95,4.0,60,21.0,"1pc Van Gogh Starry Sky Pattern Beach Towel For Beach Party, Vacation, Beach Accessory, Microfiber Beach Towel, Oversized Beach Towel, Quick Dry Beach Towel, Absorbent And Soft Beach Towel, Beach Blanket, Lightweight Towel For Summer, Swimming, Sports, Beach And Gym, For Women, Men, Boys, Girls"
3361,Unranked(New),General-Home-Textile,1586.5,4.0,40,0.0,"1pc Adult Surfing Poncho Cape Superfine Fiber Bathrobe, Highly Absorbent, Stylish Tie-Dye Design, Unique Personalization, Suitable For Surfing, Outdoor Sports, Swimming, Fitness, Bathroom, Thickened And Warm"
3362,Unranked(New),General-Home-Textile,361.0,4.0,100,0.0,"1pc Romantic Chiffon Tablecloth, Transparent Table Decoration Runner, Perfect For Weddings, Bridal Showers, Housewarming, Parties"
3363,Unranked(New),General-Home-Textile,299.25,4.0,600,10.0,"1pc Milk Silk Printed High Elasticity Sofa Cushion Cover For 1/2/3/4 Seater Single/double/three/four Seats Sofa Slipcover With Backrest Cover Anti-scratch, Dirt-proof"
3364,Unranked(New),General-Home-Textile,1073.5,6.0,40,0.0,"1pc Universal Elastic Sofa Cover Full Encasement, Fits All, Protects Sofa From Pets, Comes With 1 Pillowcase"
3365,Unranked(New),General-Home-Textile,380.0,4.0,60,0.0,1pc Sequin Decor Table Runner
3366,Unranked(New),General-Home-Textile,672.6,4.0,0,40.0,Embroidery Pattern Single Panel Sheer Curtain
3367,Unranked(New),General-Home-Textile,302.1,4.0,0,40.0,1pc Plain Cushion Cover Without Filler
3368,Unranked(New),General-Home-Textile,1591.25,4.0,30,29.0,Heart Pattern Duvet Cover Set Without Filler
3369,Unranked(New),General-Home-Textile,171.0,4.0,300,0.0,"Floral Embroidered Tassel Decor Table Runner, Boho Lace Flower Design Table Runner For Dinner Table"
3370,Unranked(New),General-Home-Textile,589.0,4.0,0,0.0,"1pc Yellow Linen Table Runner With Bohemian Lace, Rustic Style 13 X 72 Inches Tablecloth For Family Gatherings, Thanksgiving, Christmas Parties, Wedding, Engagement, Hotel And Home Dining Table Decoration"
3371,Unranked(New),General-Home-Textile,722.0,4.0,10,0.0,Tree Of Life  Tapestry Sun And Moon Reflection Tapestry Galaxy Space Tapestry Bedroom Wall Hanging Decoration Tapestry Peach Skin Fabric
3372,Unranked(New),General-Home-Textile,423.7,4.0,60,34.0,"1 Piece Of White Lace Gauze Curtain, Short Curtain, Kitchen Bedroom, Living Room Curtain"
3373,Unranked(New),General-Home-Textile,563.35,4.0,10,25.0,"1pc Flamingo Patterned Microfiber Beach Towel, Highly Absorbent & Quick-Drying, Cute Cartoon Print Suitable For Fitness, Swimming, Yoga, Beach"
3374,Unranked(New),General-Home-Textile,316.35,4.0,500,10.0,Mandala Print Tapestry
3375,Unranked(New),General-Home-Textile,266.0,4.0,0,10.0,"1pc Bohemian Crochet Table Runner With Tassels, Vintage Farmhouse Style Hollowed-Out Table Runner, For Kitchen, Coffee Table, Dining Room And Dressing Table Decoration, Beige"
3376,Unranked(New),General-Home-Textile,522.5,4.0,500,0.0,Black Monochrome Shower Curtain
3377,Unranked(New),General-Home-Textile,370.5,9.0,200,0.0,"1pc Polyester Crinkle Table Runner, Cheesecloth Table Runner, Gauze Tablecloth, Boho Rustic Decorations For Wedding Decor Reception Bridal Shower Holiday Party"
3378,Unranked(New),General-Home-Textile,817.0,4.0,0,0.0,"1PC Modern Abstract Geometric Printed Kitchen Mats, Creative Lines Print Throw Carpets, Washable Hallway Runner Rugs, For Home Room Supplies Spring Decor Office Gaming Room Farmhouse High Traffic Area"
3379,Unranked(New),General-Home-Textile,541.5,8.0,200,0.0,"1pc Universal Four Seasons Elastic Sofa Cover, All Inclusive Dust-Proof Sofa Slipcover With Removable Cushion Covers, Machine Washable, Suitable For L-Shaped And 1234-Seat Sofas, No Fading Or Shedding"
3380,Unranked(New),General-Home-Textile,1073.5,4.0,20,0.0,"1pc Thick Double-sided Plush Flannel Fleece Blanket With Stylish Design Suitable For Daughters, Mothers And Sofas - Warm And Cozy All Seasons Blanket In Various Sizes (70*100, 120*200, 150*200, 100*150, 180*200, 200*230 Cm) - Can Be Used As Sofa Blanket, Heavy Warm Fleece Blanket For Office, Bed, Chair, Air Conditioned Room, Etc. Suitable For Single Or Double Bed, And Room In Any Style"
3381,Unranked(New),General-Home-Textile,3334.5,4.0,0,0.0,Gamepad Print Duvet Cover Set Without Filler
3382,Unranked(New),General-Home-Textile,304.0,4.0,300,0.0,"1pc Bohemian Mandala & Flower Pattern Printed Tapestry, Modern Style Polyester Square Decorative Tapestry For Living Room Bedroom Decoration"
3383,Unranked(New),General-Home-Textile,465.50000000000006,4.0,20,0.0,"1pc Leaf Print Curtain, Modern Polyester Blackout Curtain For Living Room"
3384,Unranked(New),General-Home-Textile,836.0000000000001,4.0,0,0.0,"1pc Bohemian Style Kitchen Short Curtain With Fringe, Rod Pocket Design, Jacquard Weave Half Window Curtain For Basement Or Laundry Room"
3385,Unranked(New),General-Home-Textile,256.5,4.0,0,0.0,Christmas Tree Print Cushion Cover Without Filler
3386,Unranked(New),General-Home-Textile,456.0,4.0,40,0.0,"1pc Solid Color Beige Rectangular Tablecloth, Modern Simple Style, Waterproof, Suitable For Home Dining Room, Living Room, Kitchen Decoration"
3387,Unranked(New),General-Home-Textile,267.9,4.0,400,12.0,"1pc Pink Printed Strawberry Coral Fleece Ultra Fine Fiber Soft Absorbent Towel Or Bath Towel, Various Sizes Sold Separately"
3388,Unranked(New),General-Home-Textile,275.5,4.0,0,0.0,"Flower Pattern Cushion Cover Without Filler, Modern Throw Pillow Cover, Pillow Insert Not Include, For Sofa, Living Room"
3389,Unranked(New),General-Home-Textile,1045.0,7.0,10,0.0,"Upgraded Creamy Cloud Shaped Carpet, Delicate & Fluffy Faux Knitted Rug For Living Room, Ideal For Bedrooms, Sofas, Coffee Tables, Beauty Salons, Hotels, Etc., Creates A High-End & Cozy Atmosphere (Please Note: Due To The Irregular Shape, The Size Of The Carpet May Have An Error Of 1-5cm, We Recommend Buying A Bigger Size.)"
3390,Unranked(New),General-Home-Textile,304.0,4.0,300,0.0,"1pc Bohemian Mandala Pattern Printed Tapestry, Modern Style Polyester Square Decorative Tapestry For Living Room Bedroom Decoration"
3391,Unranked(New),General-Home-Textile,750.5,7.0,10,0.0,"1pc Quilted Detail Anti-slip Sofa Towel, Navy Blue Polyester Sofa Seat Liner For All Season"
3392,Unranked(New),General-Home-Textile,940.5,4.0,20,0.0,"1pc Contemporary Style Outdoor Patio Curtain, Waterproof Windproof, UV Protection, Fade-Resistant Gazebo Front Porch Canopy Sun Shade Privacy Panel, With Rust-Proof Grommets"
3393,Unranked(New),General-Home-Textile,712.5,4.0,0,0.0,"We Recommend A Round-Shaped Plush Carpet With Various Color Options Available. Adopting Ultra-Soft Artificial Fur Material, It Provides A Light And Comfortable Touch. Suitable For Living Rooms, Bedrooms, And Corridors, Providing Comfort And Convenience To Your Life. The Fluffy Texture And Upgraded Sponge Bottom Anti-Skid Design Ensure That The Carpet Is Not Easy To Shed And Durable, Adding Warmth And Tranquility To Your Home. The Perfect Combination Of High-End Quality And Affordable Price Has Won The Favor Of Many Users."
3394,Unranked(New),General-Home-Textile,661.2,4.0,300,19.0,"1pc Colorful Leopard Print Beach Towel, Made By Ultra-Fine Fiber Soft & Highly Absorbent, For Traveling Camping Swimming Pool Use"
3395,Unranked(New),General-Home-Textile,769.5,8.0,0,0.0,Plain Stretchy Sofa Slipcover
3396,#7 Best Sellers,in Home Textile New Products,940.5,4.0,0,0.0,"Independence Day - 1pc Extra Large Super Absorbent Beach Towel, Comfortable Quick-Drying Swimming Towel, Thick Soft Sand-Free Outdoor Rug/Mat, Lovely Beach Pool Swimming Bath Travel Picnic Towel For Women Men Adults"
3397,Unranked(New),General-Home-Textile,826.4999999999999,4.0,700,0.0,"1pc Bohemian Colored Ray Beach Towel, Extra Large Ultra-Fine Fiber Beach Blanket, Super Absorbent Bath Towel, Suitable For Traveling Swimming Diving Surfing Yoga Camping, Multi-Size For Adults And Children, Beach Accessories"
3398,Unranked(New),General-Home-Textile,703.0,4.0,10,0.0,"1pc Plain Sofa Seat Cushion Cover, Minimalist Polyester Sofa Cushion Cover For All Season"
3399,Unranked(New),General-Home-Textile,323.0,4.0,30,0.0,Flower Unicorn Printed Tapestry Wall Hanging Plant Animal Art Decor For Bedroom Dorm Room Living Room Backdrop Decoration
3400,Unranked(New),General-Home-Textile,2279.0499999999997,13.0,20,23.0,Reversible Sofa Cover Couch Slipcover Water-Repellent Anti-Slip Washable Armchair Loveseat Sofa With Elastic Strap Furniture Protector For Pet Dog Kids
3401,Unranked(New),General-Home-Textile,323.0,4.0,0,0.0,Christmas Lattice Print Pillow Cover Without Filler
3402,Unranked(New),General-Home-Textile,873.9999999999999,4.0,50,0.0,Satin Plain Flat Sheet
3403,Unranked(New),General-Home-Textile,2090.0,4.0,40,24.0,"Bohemian Style Beige Crocheted Linen Vintage Hollow Out Knitting Lace Light Filtering Curtain Drapes With One Panel, Rod Pocket Top, For Living Room Bedroom Kitchen Bathroom Window"
3404,#8 Best Sellers,in Beach Towels,458.85,4.0,0,46.0,1pc Thickened Microfiber Beach Towel Swimming Bath Towel Large Sand-Proof Towel
3405,Unranked(New),General-Home-Textile,988.0,4.0,100,0.0,Betty Boop | ROMWE Cartoon Character And Polka Dot Pattern Heart Shaped Throw Pillow
3406,Unranked(New),General-Home-Textile,265.05,4.0,100,10.0,1pc Flower Embroidered Curtain
3407,Unranked(New),General-Home-Textile,579.5,4.0,50,0.0,1pc  Decorative Burlap Linen Throw Pillow Covers Modern Farmhouse Pillowcase Rustic Woven Textured Cushion Cover For Sofa Couch Bed
3408,Unranked(New),General-Home-Textile,418.00000000000006,4.0,90,0.0,"1pc Brushed Solid Color Fitted Sheet, Deep Pocket Mattress Protector Cover For Bed, Soft And Breathable Bedsheet, Bedding Supplies, Simple Style, Perfect Fit For Twin Full King Queen All Size Bed"
3409,Unranked(New),General-Home-Textile,551.0,8.0,200,0.0,"1pc Waterproof Fitted Sheet, Antibacterial Mattress Cover, Solid Color Mattress Protector, Made Of Soft And Breathable Fabric, Deep Pocket Bedsheet For Twin Full King Queen Size, Mattress Cover For Comfortable Sleep, Suitable For All Seasons, Machine Washable"
3410,Unranked(New),General-Home-Textile,804.6500000000001,4.0,20,39.0,1pc Forest Style Floral Printed Curtain
3411,Unranked(New),General-Home-Textile,4149.6,4.0,0,30.0,Plain Shaggy Duvet Cover Without Filler
3412,Unranked(New),General-Home-Textile,332.5,5.0,100,0.0,"1pc Printed Quick-Dry Beach Towel, Double-Sided Microfiber Swimming Towel"
3413,Unranked(New),General-Home-Textile,351.5,4.0,40,0.0,1pc Champagne Color Glitter Party Table Runner For Festival
3414,Unranked(New),General-Home-Textile,361.0,4.0,100,0.0,"1pc Jacquard Sofa Seat Cushion Cover, Simple Plain Color Polyester Sofa Cushion Cover For Household"
3415,Unranked(New),General-Home-Textile,347.7,4.0,0,40.0,1pc Solid Color Home Sofa Cover Sofa Towel Nap Blanket Fleece Blanket For Bedroom
3416,Unranked(New),General-Home-Textile,266.0,4.0,0,0.0,"Floral Overlay Print Cushion Cover, Cottagecore Throw Pillow Case, Pillow Insert Not Include, For Sofa, Home Decor"
3417,Unranked(New),General-Home-Textile,530.1,4.0,40,40.0,1pc Daisy Printed Fitted Sheet[Pillowcase Not Included]
3418,Unranked(New),General-Home-Textile,529.15,4.0,70,28.0,"1pc Pink Flower Pattern Beach Towel, Simple Style Ultra-Fine Fiber Rectangular Beach Bath Towel, For Swimming Pool, Bathroom And Beach, Perfect For Kids, Men, Women, Girls, Boys, Travel, Camping, Resort Gifts"
3419,Unranked(New),General-Home-Textile,712.5,7.0,0,0.0,1pc Plain Stretch Sofa Seat Cover
3420,Unranked(New),General-Home-Textile,1045.0,4.0,0,0.0,"1pc Thickened Stretchy One-Piece Waffle Grid Chair Cover With Zipper For Removable & Washable Solid Color Chair Cover, Suitable For Living Room Office Home Decor"
3421,Unranked(New),General-Home-Textile,1282.5,4.0,0,0.0,1pc Jacquard Leaf Pattern Sofa Cushion Cover
3422,Unranked(New),General-Home-Textile,468.34999999999997,4.0,30,10.0,"1pc Buffalo Plaid Vases Flowers 4th Of July Memorial Day Table Runner, Independence Day Holiday Kitchen Dining Table Decor For Indoor Outdoor Home Party Decoration"
3423,Unranked(New),General-Home-Textile,1444.0,5.0,20,0.0,"2pcs T-Shaped Jacquard Elastic Rv Dining Chair Cover, Camping Bench Cover, Double Seat Furniture Protector Set (Includes 1 Chair Seat Cover And 1 Chair Back Cover)"
3424,Unranked(New),General-Home-Textile,807.5,5.0,0,0.0,"1pc Printed Elastic Armless Chair Slipcover, Anti-Stain, Suitable For Low-Back Chairs Without Armrests"
3425,Unranked(New),General-Home-Textile,570.0,4.0,200,0.0,"1pc Embroidered Window Curtain, Rod Pocket, Suitable For All Modern And Simple Scene, Embroidered Leaf Patterns, With Pocket, Faux Linen, Floral Semi-Transparent Sheer Curtain, Suitable For Living Room/Bedroom, Multipurpose Window Sheer Airy Curtains For Privacy Durable Drapes"
3426,Unranked(New),General-Home-Textile,2727.4500000000003,4.0,20,28.0,"2 Pack 100% Waterproof Mattress Protector, Premium Bamboo 3D Air Fabric Mattress Pad Cover Ultra Soft Breathable, Noiseless Washable, 8""-21"" Deep Pocket"
3427,Unranked(New),General-Home-Textile,513.0,4.0,0,0.0,Geometric Pattern Stretchy Chair Slipcover
3428,Unranked(New),General-Home-Textile,389.49999999999994,5.0,40,0.0,"1pc Satin Fitted Sheet, Premium Deep Pocket Silk Fitted Sheet, Soft And Smooth Fabric Made, Fits King Twin Full Queen Size Bed"
3429,Unranked(New),General-Home-Textile,370.5,6.0,40,0.0,1PC Polyester Sofa Cushion Cover Geometric Stretch Living Room Sofa Cover Non-Slip Home Sofa Protective Cover
3430,Unranked(New),General-Home-Textile,273.59999999999997,5.0,0,40.0,1pc Solid Color Sofa Seat Cushion Cover
3431,Unranked(New),General-Home-Textile,912.0,4.0,0,0.0,"1pc New Outdoor Waterproof And Foldable Picnic Mat With Pocket, Made Of Polyester Grid Fabric, For Camping And Beach"
3432,Unranked(New),General-Home-Textile,1225.5,4.0,0,0.0,"1pc Black/White Room Darkening Outdoor/Indoor Decorative Curtain, Thermal Insulated Polyester Drapes With Rod Pocket For Bedroom, Living Room, Balcony"
3433,Unranked(New),General-Home-Textile,399.0,4.0,0,40.0,"1pc Vintage French Style Linen Texture Curtain With Black Border, Semi-Transparent, Protecting Privacy"
3434,Unranked(New),General-Home-Textile,2564.0499999999997,4.0,20,62.0,Subrtex RV Foam Premium High Density Cushion Foam Foam Padding Seat Sofa Cushion Replacement
3435,Unranked(New),General-Home-Textile,299.25,5.0,100,10.0,"1pc Jacquard Plain Stretchy Sofa Seat Cushion Cover, Modern Polyester Sofa Cushion Cover For Home"
3436,Unranked(New),General-Home-Textile,1767.0000000000002,4.0,0,25.0,Lip Print Sheet Set Without Filler
3437,Unranked(New),General-Home-Textile,1890.4999999999998,4.0,100,0.0,1pc Quilted Mattress Pad - Fall Winter Mattress Cover for Back Pain  Warm Bedding Mattress protector Down Alternative Filling Mattress Topper Fits 8'' to 20'' White
3438,Unranked(New),General-Home-Textile,342.0,4.0,90,0.0,"1pc Moon & Star Print Single Panel Sheer Curtain, White Polyester Light Filtering Sheer Curtain For Household"
3439,Unranked(New),General-Home-Textile,3021.0,4.0,0,65.0,30pcs Sequin Chair Sashes Bands Stretch Chair Ties Bows With Buckle Slider For Wedding Party Banquet Decoration
3440,Unranked(New),General-Home-Textile,247.0,4.0,30,0.0,"1pc/3pcs,Kitchen Apron, Unisex Adjustable Cooking Apron, Household Solid Color Apron, Chef Waiter Barbecue Hairdresser Adult Pocket Apron, Kitchen Supplies"
3441,Unranked(New),General-Home-Textile,738.15,4.0,0,30.0,"1pc Brushed Solid Color Fitted Sheet, Soft Bedding Supplies, Blanket For Bedroom"
3442,Unranked(New),General-Home-Textile,1121.0,4.0,60,0.0,"2pcs Digital Printed Polyester Forest Animal & Flower Scenery Design Window Curtains Set For Living Room, Kitchen, Bedroom, Home Decoration"
3443,Unranked(New),General-Home-Textile,342.0,4.0,0,0.0,"1pc Disposable Plastic Round White Tablecloth, 84''/213cm, Suitable For Parties, Weddings, Christmas And Other Events"
3444,Unranked(New),General-Home-Textile,2460.5,6.0,100,0.0,"10pcs Bohemian Style Table Runner Cheese Cloth, Bali Cloth, Gauze, Ruffled Cloth, Decorative Table Cover For Country Wedding, Party, Kitchen, Living Room, Home, Kitchenware, Home Decor"
3445,Unranked(New),General-Home-Textile,1875.3,4.0,0,30.0,Solid Color Waterproof Embossed Fitted Sheet
3446,Unranked(New),General-Home-Textile,1045.0,4.0,0,0.0,Woven Tree Branch Single Panel Curtain
3447,Unranked(New),General-Home-Textile,620.35,4.0,600,34.0,1PC Oversized Microfiber Beach Towel With Cute Sea Stars And Turtles Graphic Pattern - Lightweight And Modern
3448,Unranked(New),General-Home-Textile,4137.25,12.0,0,78.0,"Bedsure Comforter Set, Fluffy Soft Polyester Microfiber Comforter,3-Piece Cute Botanical Bed Set, Includes 2 Pillow Shams(Twin Size Only Have 1 Pillow Sham)"
3449,Unranked(New),General-Home-Textile,1852.5,4.0,100,0.0,GARFIELD X SHEIN Cartoon Striped Print Blue Duvet Cover Set
3450,Unranked(New),General-Home-Textile,589.0,12.0,90,0.0,1pc Elegant Sheer Wedding Arch Background Curtain Indoor And Outdoor Decoration
3451,Unranked(New),General-Home-Textile,864.5,4.0,0,0.0,Christmas Elk Soft Absorbent Bathroom Mat 1pc
3452,#8 Best Sellers,in Sofa Slipcovers,1373.7,4.0,0,28.0,1pc Solid Color Hem Stretch Sofa Cover
3453,#9 Best Sellers,in Kitchen Sashes,798.0,4.0,0,0.0,"10pcs Elastic Spandex Chair Sashes With Buckles For Wedding, Banquet, Party, Hotel Decoration"
3454,Unranked(New),General-Home-Textile,323.0,4.0,30,0.0,"1pc Beach Coconut Tree Printed Tapestry, Modern Polyester Fiber Square Wall Hanging Decoration For Living Room And Bedroom"
3455,Unranked(New),General-Home-Textile,1022.1999999999999,4.0,20,35.0,"2pcs Old Barn Door Pattern Farmhouse Rustic Print Curtains, Rustic Ambience Designed For Bedroom Office, Kitchen, Living Room"
3456,Unranked(New),General-Home-Textile,693.5,4.0,100,0.0,"1pc Super Soft Cute And Fluffy Irregular Spring Flowers Carpet  For Living Room Plush Rug, Children Bed Room Fluffy Floor Carpets, Window Bedside Home Decor Rugs ,Perfect Home And Room Decor Cashmere Rug"
3457,Unranked(New),General-Home-Textile,769.5,4.0,10,0.0,"1pc Ombre Sheer Curtain, Polyester Light Filtering Privacy Sheer Curtain For Living Room And Bedroom"
3458,Unranked(New),General-Home-Textile,1413.6000000000001,4.0,0,40.0,Jacquard Flower Single Panel Blackout Curtain
3459,Unranked(New),General-Home-Textile,323.0,4.0,40,0.0,"Jesus And Satan Playing Basketball Velvet Hanging Cloth Decorative Poster, For Fun Christian Wall Decoration, Aesthetic Tapestry Art For Living Room And Bedroom Background Decoration"
3460,Unranked(New),General-Home-Textile,513.0,4.0,400,0.0,1pc Brown Cow Pattern Table Runner/Tablecloth/Placemat For Baby Shower/Birthday/Western Style Table Mats/Party/Kitchen Dining Room Decoration
3461,Unranked(New),General-Home-Textile,190.0,4.0,0,0.0,2pcs Striped Pattern Cleaning Rag
3462,Unranked(New),General-Home-Textile,3514.05,4.0,10,46.0,"7 Pieces Queen Comforter Set, Soft Microfiber Comforters Queen Size With Fitted Sheet, Flat Sheet, 2 Pillow Shams, And 2 Pillowcases- Warm Bedding Sets Queen For All Season"
3463,Unranked(New),General-Home-Textile,8934.75,4.0,0,51.0,Gracie Mills 5-Piece Cottage Farmhouse Floral Seersucker Comforter Set - GRACE-15791
3464,Unranked(New),General-Home-Textile,494.0,4.0,10,0.0,"1pc Leather Retro Placemat Heat-Resistant Table Mat, Waterproof And Oil-Proof, European Style Creative Design, Suitable For Western Restaurants And Hotels"
3465,Unranked(New),General-Home-Textile,1322.4,7.0,40,40.0,"1pc Wave Pattern Sofa Slipcover, Non-Slip Sofa Cover With Skirt, Dustproof Anti-Cat Scratch Couch Cover Machine Washable Furniture Protector For Bedroom Office Living Room Home Decor"
3466,Unranked(New),General-Home-Textile,484.49999999999994,4.0,0,0.0,"1pc Vintage Linen Bear Table Runner, Rural Wildlife Cabin Forest Animal Tree Decoration Table Runner For Home Dining Vacation Farmhouse Style, Indoor & Outdoor Decor"
3467,Unranked(New),General-Home-Textile,1121.0,4.0,80,0.0,"1PC Square-Shape Cartoon Thickened Plush Seat Cushion,Lamb Fleece Pad Warm Pillow Chair Stool Heightened For Yoga Office Home Cafe Chair Meditation"
3468,Unranked(New),General-Home-Textile,532.0,4.0,0,0.0,Lotus Print Floor Mat
3469,Unranked(New),General-Home-Textile,316.35,4.0,500,10.0,Mandala Print Tapestry
3470,Unranked(New),General-Home-Textile,266.0,4.0,0,10.0,"1pc Bohemian Crochet Table Runner With Tassels, Vintage Farmhouse Style Hollowed-Out Table Runner, For Kitchen, Coffee Table, Dining Room And Dressing Table Decoration, Beige"
3471,Unranked(New),General-Home-Textile,522.5,4.0,500,0.0,Black Monochrome Shower Curtain
3472,Unranked(New),General-Home-Textile,370.5,9.0,200,0.0,"1pc Polyester Crinkle Table Runner, Cheesecloth Table Runner, Gauze Tablecloth, Boho Rustic Decorations For Wedding Decor Reception Bridal Shower Holiday Party"
3473,Unranked(New),General-Home-Textile,817.0,4.0,0,0.0,"1PC Modern Abstract Geometric Printed Kitchen Mats, Creative Lines Print Throw Carpets, Washable Hallway Runner Rugs, For Home Room Supplies Spring Decor Office Gaming Room Farmhouse High Traffic Area"
3474,Unranked(New),General-Home-Textile,541.5,8.0,200,0.0,"1pc Universal Four Seasons Elastic Sofa Cover, All Inclusive Dust-Proof Sofa Slipcover With Removable Cushion Covers, Machine Washable, Suitable For L-Shaped And 1234-Seat Sofas, No Fading Or Shedding"
3475,Unranked(New),General-Home-Textile,1073.5,4.0,20,0.0,"1pc Thick Double-sided Plush Flannel Fleece Blanket With Stylish Design Suitable For Daughters, Mothers And Sofas - Warm And Cozy All Seasons Blanket In Various Sizes (70*100, 120*200, 150*200, 100*150, 180*200, 200*230 Cm) - Can Be Used As Sofa Blanket, Heavy Warm Fleece Blanket For Office, Bed, Chair, Air Conditioned Room, Etc. Suitable For Single Or Double Bed, And Room In Any Style"
3476,Unranked(New),General-Home-Textile,3334.5,4.0,0,0.0,Gamepad Print Duvet Cover Set Without Filler
3477,Unranked(New),General-Home-Textile,304.0,4.0,300,0.0,"1pc Bohemian Mandala & Flower Pattern Printed Tapestry, Modern Style Polyester Square Decorative Tapestry For Living Room Bedroom Decoration"
3478,Unranked(New),General-Home-Textile,465.50000000000006,4.0,20,0.0,"1pc Leaf Print Curtain, Modern Polyester Blackout Curtain For Living Room"
3479,Unranked(New),General-Home-Textile,532.0,4.0,0,0.0,Lotus Print Floor Mat
3480,Unranked(New),General-Home-Textile,722.0,4.0,300,0.0,"1pc Floral Printed Microfiber Quick Drying Bath Towel, Suitable For Swimming, Vacation, Bathing, Outdoor Travel And Beach"
3481,Unranked(New),General-Home-Textile,1230.25,11.0,60,30.0,Solid Duvet Cover Set Without Filler
3482,Unranked(New),General-Home-Textile,285.0,4.0,50,0.0,"1pc Linen Printed Pillowcase With English Words And Roses Pattern As Mother\ Day Gift, Modern And Simple Cushion Cover, Universal Pillowcase For All Seasons, For Bedroom, Sofa And Living Room, Pillow Core Not Included."
3483,Unranked(New),General-Home-Textile,443.65,4.0,300,36.0,Stevenrhodes Alien Print Tapestry
3484,Unranked(New),General-Home-Textile,668.8,5.0,0,45.0,1pc Universal Jacquard Sofa Cover + Elastic Sofa Cushion + Anti-slip Sofa Combination + Sofa Cover To Prevent Pet Scratching
3485,Unranked(New),General-Home-Textile,532.0,4.0,60,0.0,"1pc Geometric Pattern Rug, Boho Polyester Floor Carpet For Home"
3486,Unranked(New),General-Home-Textile,4759.5,4.0,0,0.0,1pc Plain Sofa Slipcover With 1pc Cushion Cover Without Filler
3487,Unranked(New),General-Home-Textile,475.0,4.0,0,0.0,1pc Solid Fuzzy Cushion Cover Without Filler
3488,Unranked(New),General-Home-Textile,2033.95,4.0,0,28.0,"1 Piece, Green Velvet Hollowed Out Tablecloth, Gold Lace Woven Table Cover, Wedding Banquet, Holiday Party Tabletop Decoration, Dining Table, Coffee Table, Office Table, Dressing Table Tabletop Cover, Bohemian Style Outdoor Picnic Mat."
3489,Unranked(New),General-Home-Textile,570.0,4.0,30,0.0,Leaf Pattern Stretchy Chair Slipcover
3490,Unranked(New),General-Home-Textile,2560.25,4.0,0,41.0,"NICETOWN 2 Panels Linen Curtains & Drapes For Windows 84 Inch Long, Rod Pocket & Back Tab Thick Flax Semi Sheer Privacy Assured With Light Filtering For Bedroom/Living Room"
3491,Unranked(New),General-Home-Textile,313.5,4.0,100,0.0,"1pc Wedding 30 X 275 Cm Long Natural Jute Burlap Tablecloth, Country Vintage Burlap Roll Flag For Wedding, Party, Bohemian Decor - Natural, Great For Christmas, Thanksgiving, Vintage Wedding Themed Party, Birthday Party, Catering Events, Dinner Party, Valentine's Day Or Other Occasions."
3492,Unranked(New),General-Home-Textile,230.85000000000002,4.0,500,10.0,"1pc Sun Print Tapestry, Modern Fabric Tapestry Poster Wall Hanging For Bedroom Aesthetic"
3493,Unranked(New),General-Home-Textile,750.5,4.0,30,0.0,ROMWE Kawaii Fashionable Cute Bowknot Thick Faux Knitted Decorative Carpet
3494,Unranked(New),General-Home-Textile,380.0,4.0,400,0.0,ROMWE Goth 1pc Winged Skull Printed Tapestry
3495,Unranked(New),General-Home-Textile,503.5,5.0,0,0.0,Plain Stretchy Chair Slipcover
3496,Unranked(New),General-Home-Textile,456.0,4.0,100,0.0,"Geometric Print Waterproof Shower Curtain, Modern Bath Curtain For Bathroom"
3497,Unranked(New),General-Home-Textile,598.5,4.0,100,0.0,1pc Japanese Style Linen Beige Vertical Striped Window Curtain American Retro Doorway Divider Curtain
3498,Unranked(New),General-Home-Textile,1805.0,4.0,0,0.0,"1pc Geometric Pattern Tufted Velvet Sofa Cover, Elastic Stretch One Piece Sofa Slipcover In Minimalist Style, All-Season Sofa Protector, Includes One 45*45cm Pillow Case"
3499,Unranked(New),General-Home-Textile,304.0,4.0,80,0.0,"1pc Jacquard Stretchy Chair Seat Cover, Light Grey Polyester Chair Seat Dust Slipcover, For Dining Room, All Season"
3500,Unranked(New),General-Home-Textile,304.0,6.0,600,0.0,"1pc Mandala Bohemian Printed Tapestry, Modern Design Polyester Fiber Square Decorative Tapestry, Suitable For Living Room Bedroom Decor"
3501,Unranked(New),General-Home-Textile,1622.6,4.0,20,18.0,1Piece White Spandex Ruffled Table Cover Wedding Stretch Cocktail Table Cloth Elastic Table Skirt Party Banquet Hotel Event Decoration
3502,Unranked(New),General-Home-Textile,1102.0,4.0,10,0.0,"1 Set Of 2 Panels, Digital Printed Floral Countryside Sunflower, Chrysanthemum, Red & Yellow Roses, And Ivy Leaves Stylish Window Curtains For Living Room, Bedroom, Indoor And Outdoor Window Treatment, Furniture Decoration."
3503,Unranked(New),General-Home-Textile,228.0,10.0,30,40.0,"1pc Black Sofa Seat Cushion Cover, Minimalist Polyester Anti-slip Stretchy Sofa Cushion Cover For Home"
3504,Unranked(New),General-Home-Textile,778.9999999999999,4.0,10,0.0,"1pc Cartoon  Melody  Pattern Beach Print Bath Towels, Soft & Comfortable, Suitable For Home Use, Bathroom, Swimming, Kids & Adults"
3505,Unranked(New),General-Home-Textile,304.0,4.0,80,0.0,"A Piece Of Polyester Fiber Modern Style Butterfly Flower Moon Pattern Printed Tapestry, Square Wall Decor Tapestries For Living Room Bedroom Decoration"
3506,Unranked(New),General-Home-Textile,256.5,4.0,0,0.0,1pc Gift Planet Print Cushion Cover Without Filler
3507,Unranked(New),General-Home-Textile,646.0,4.0,300,0.0,Vincenttrinidadart 1pc Slogan & Animal Print Tapestry
3508,Unranked(New),General-Home-Textile,997.5,4.0,10,0.0,"1pc Solid Color Quilting Sofa Cover, Simple Style, Soft And Anti-skid, Pet-proof And Dirt-proof, Suitable For All Seasons And Rooms (bedroom, Living Room)"
3509,Unranked(New),General-Home-Textile,889.1999999999999,4.0,0,40.0,Plain Single Panel Blackout Curtain
3510,Unranked(New),General-Home-Textile,1121.0,4.0,40,0.0,"1 Set Of 2 Pieces, Botanical Watercolor Flowers Spring Multi-Colored Vintage Unique Art Decoration, Digital Printing Rod Pocket Living Room Curtains, Rod Pocket Pocket Curtains Living Room Furniture Decoration"
3511,Unranked(New),General-Home-Textile,807.5,4.0,100,0.0,"Jacquard Pattern Single Panel Curtain, European Retro Polyester Curtain For Home Decor"
3512,Unranked(New),General-Home-Textile,475.0,4.0,0,0.0,1pc Plain Cushion Cover Without Filler
3513,Unranked(New),General-Home-Textile,361.0,4.0,100,0.0,"1pc Solid Color Table Runner, Modern Polyester Blue Kitchen Table Runner For Home"
3514,Unranked(New),General-Home-Textile,950.0,4.0,70,0.0,"1pc Yellow Bedroom Thick Floor Cushion, Tatami Cushion, Modern Style Polyester Fiber Office Square 4 Seasons Universal Seat Cushion, Home Living Room Corn Kernel Corduroy Chair Dining Chair Cushion"
3515,Unranked(New),General-Home-Textile,475.0,5.0,0,0.0,Solid Color Stretchy Chair Slipcover
3516,Unranked(New),General-Home-Textile,294.5,5.0,200,0.0,"1pc Cheese Cloth Table Runner, Bohemian Gauze Cheesecloth Tablecloth For Country Style Table Decorations. Perfect For Wedding, Baby Shower, Birthday, Holiday Party, Cake Table Decor, Romantic Party Supplies, Gauze Table Runner"
3517,Unranked(New),General-Home-Textile,3527.3500000000004,4.0,0,29.0,Area Rug Washable Rug Entryway Rug Door Mat Vintage Indoor Entrance Thin Rug Retro Distressed Carpet Floral Print Country Boho Rug Non Slip Doormat Bathroom Kitchen Bedroom
3518,Unranked(New),General-Home-Textile,703.0,5.0,100,0.0,1pc Solid Color Chenille Three-Dimensional Quilting Sofa Cushion
3519,Unranked(New),General-Home-Textile,436.99999999999994,4.0,0,0.0,"1pc Flower Print Chair Slipcover, Polyester Dining Chair Dust Slipcover For Household"
3520,Unranked(New),General-Home-Textile,541.5,17.0,100,0.0,"1pc Universal Four Seasons Spandex Sofa Cover Slipcover, Splash-Proof And Non-Slip, Full Enclosure Thick Cloth Art Sofa Cushion Cover, Living Room Sofa Cloth, Machine Washable, Dust-Proof, Stain-Resistant, And Washable"
3521,Unranked(New),General-Home-Textile,889.1999999999999,4.0,0,40.0,Plain Single Panel Blackout Curtain
3522,Unranked(New),General-Home-Textile,6554.049999999999,4.0,0,42.0,"JONATHAN Y Espina Hand Woven Herringbone Chunky Jute Bohemian Transitional Rustic Cottage Vintage Industrial Indoor Area Rug, NFR101"
3523,Unranked(New),General-Home-Textile,332.5,4.0,300,0.0,"A Light Pink Music Tapestry Made Of Polyester Fiber, A Stylish Wall Art Decoration That Can Be Used As A Hanging Background Cloth For Living Room, Bedroom, Or Dormitory. An Ideal Gift For Wall Art Decoration, Background Decoration, And Room Decoration."
3524,Unranked(New),General-Home-Textile,855.0,4.0,0,0.0,"2pcs Abstract Modern Art Printed Window Curtain,Without Holes Curtain,Refer To Bedroom Office Kitchen Living Room Study Home Decor"
3525,Unranked(New),General-Home-Textile,798.0,4.0,0,9.0,"1pc Colorful Light-Blocking Curtain With  Tassels And Gold Print Decoration, Suitable For Bedroom Kitchen Dining Room Living Room All Seasons Use"
3526,Unranked(New),General-Home-Textile,760.0,4.0,0,0.0,Plain Sofa Seat Cushion Cover
3527,Unranked(New),General-Home-Textile,836.0000000000001,4.0,20,0.0,1pc Silver Fox Cashmere Armchair Cover For Dining Table Chair
3528,Unranked(New),General-Home-Textile,837.9,4.0,0,40.0,Plain Single Panel Sheer Curtain
3529,Unranked(New),General-Home-Textile,433.2,4.0,0,40.0,Plain Single Panel Sheer Curtain
3530,Unranked(New),General-Home-Textile,849.3,4.0,0,40.0,1pc Santa Claus Pattern Chair Cover
3531,Unranked(New),General-Home-Textile,589.0,4.0,0,0.0,1pc Jacquard Fabric Chair Cover Universal Size Chair Covers Seat Slipcovers For Dining Room Home Decor
3532,Unranked(New),General-Home-Textile,1634.0,4.0,0,0.0,"1 Roll Self-Adhesive Carpet Non-Slip Rug Pad, Household/Office/Cement Floor Runner Mat, No Residue For Bedroom/Office/Hallway"
3533,Unranked(New),General-Home-Textile,1544.7,5.0,500,17.0,"1pc Sofa Cover With High Elasticity Bubble Gauze Skirt Design, Suitable For All Seasons, Pet Proof, Easy To Install And Protect Sofa"
3534,Unranked(New),General-Home-Textile,2878.5,7.0,0,0.0,"1pc Solid Color Sofa Towel, Simple Plain Color Polyester Non-slip Sofa Cushion Cover For Household, All Season"
3535,Unranked(New),General-Home-Textile,703.0,4.0,0,0.0,Lace Embroidery Single Panel Sheer Curtain
3536,Unranked(New),General-Home-Textile,3040.0,7.0,0,0.0,"1pc Solid Color Orange Sofa Cover Without Filler, Polyester Stretchy Sofa Slipcover For Living Room"
3537,Unranked(New),General-Home-Textile,304.0,4.0,200,20.0,"Oil Painting Pattern Tapestry, Starry Sky Pattern Polyester Wall Art Hanging Cloth, For Home Decor"
3538,Unranked(New),General-Home-Textile,2299.0,4.0,0,0.0,2pcs Christmas Deer Print Curtain
3539,Unranked(New),General-Home-Textile,1976.0,4.0,0,2.0,1pc 60CMX80CM Wave Rug Ocean Rug Wavy Bathroom Rug Romantic Carpet Washable Blue Bath Mat 3D Microfiber Rug With Non-Slip Backing
3540,Unranked(New),General-Home-Textile,2754.0499999999997,4.0,0,48.0,Vintage Living Room Area Rug Washable Floral Rugs Soft Non Slip Bedroom Rugs Indoor Vintage Rugs Distressed Print Throw Carpet Low Pile Floor Cover Non Shedding Home Decor Rug Retro Accent Throw Kitchen Mat Large Throw Rugs For Dining Room Apartment Office
3541,Unranked(New),General-Home-Textile,627.0,4.0,500,0.0,"1pc Hat & Letter Pattern Printed Tapestry, Modern Style Polyester Square Tapestry Wall Hanging Decor For Living Room, Bedroom"
3542,Unranked(New),General-Home-Textile,988.0,4.0,20,0.0,"1pc Chenille Fabric Four Season Sofa Cushion, Korean Style Modern Minimalist Anti-Scratch & Anti-Skid Sofa Cloth, Pet-Proof Living Room Sofa Cover For L-Shaped Sofa And 1/2/3/4 Seater Sofa (Sold As Single Piece)"
3543,Unranked(New),General-Home-Textile,1520.0,4.0,0,0.0,Plaid Pattern Bath Rug
3544,Unranked(New),General-Home-Textile,570.0,4.0,0,0.0,"1pc Modern Simple Solid Color Polyester Wrinkle-Resistant Tablecloth, Perfect For Home, Hotel, Banquet, Parties And Festivals Decor"
3545,Unranked(New),General-Home-Textile,684.0,4.0,100,20.0,Iron Buckle Shower Curtain Solid Color Waterproof Mildewproof Bathroom Partition Curtain
3546,Unranked(New),General-Home-Textile,3324.05,4.0,10,20.0,"Butterfly Comforter Set Mandala Bedding Boho Floral Comforter Set,Gothic Butterfly Print Bedding Set With 2 Pillowcases."
3547,Unranked(New),General-Home-Textile,921.4999999999999,4.0,70,0.0,"1pc Highland Cow Print Beach Towel, Travel Camping Swimming Pool Towel, Outdoor Lightweight Large Size Beach Blanket ""63x31.5inch"""
3548,Unranked(New),General-Home-Textile,313.5,9.0,200,0.0,"1pc Solid Color Sofa Seat Cushion Cover, Plain Sofa Seat Dust Cover For Home Decor"
3549,Unranked(New),General-Home-Textile,968.9999999999999,4.0,0,0.0,Lace Embroidery Single Panel Sheer Curtain
3550,Unranked(New),General-Home-Textile,2451.0,7.0,10,0.0,"1pc Solid Color Bubble Gauze Simple Style Elastic All-Inclusive Lace Design Sofa Cover, Dustproof And Scratch Resistant"
3551,Unranked(New),General-Home-Textile,752.4,4.0,20,45.0,1pc Round Anti-skid Milk Velvet Sofa Cushion With Embroidered Flowers
3552,Unranked(New),General-Home-Textile,436.99999999999994,4.0,30,0.0,1pc Solid Color Sofa Seat Cushion Cover
3553,Unranked(New),General-Home-Textile,513.0,9.0,20,0.0,"1pc Turtle Leaf Printed Outdoor Sofa Cover, Polyester Elastic Removable Semi-Pack Sofa Seat Cushion Cover, For Balcony, Patio, Garden Sofa Cushion Cover"
3554,Unranked(New),General-Home-Textile,2487.1,4.0,0,25.0,Tufted Design Duvet Cover Without Filler
3555,Unranked(New),General-Home-Textile,950.0,4.0,100,0.0,"1pc Green Thicken Tatami Floor Cushion, Modern Style Polyester Fiber Office Chair Cushion For Year-Round Use, Corn Kernel Corduroy Chair Pad For Home Dining Room"
3556,Unranked(New),General-Home-Textile,484.49999999999994,4.0,100,0.0,"1pc Plain Pillow Cover, Simple Soft Polyester Throw Pillow Case For Home Sofa, Pillow Insert Not Include"
3557,Unranked(New),General-Home-Textile,7856.5,4.0,0,0.0,1pc Solid Color Sofa Slipcover
3558,Unranked(New),General-Home-Textile,277.4,4.0,10,87.0,"1pc White Daisy Shaped Cushion, Lovely Floor Pillow Flower Seat Back Cushion, Sunflower Chair Pad, Large Flower Shaped Plush Pillow, Cute Decorative Floor Pillow, Suitable For Chair, Bed, Sofa, Home Decoration And Gifts For Kids, Girls And Women"
3559,Unranked(New),General-Home-Textile,494.0,5.0,0,0.0,"Solid Color Stretchy Chair Slipcover, Simple Chair Dust Cover For Home"
3560,Unranked(New),General-Home-Textile,480.7,4.0,200,46.0,"1pc Microfiber Square Towel, Absorbent Bath Towel, Quick-Drying Sun Protection Shawl, Digital Printing Multi-Color Beach Towel"
3561,Unranked(New),General-Home-Textile,323.0,4.0,0,0.0,1pc Fashionable Colorful Sunrise Sun Rays Printed Tapestry Home Living Room Bedroom Wall Hanging Decoration Fabric
3562,Unranked(New),General-Home-Textile,1330.0,6.0,0,0.0,"2pcs Home Decor Voile Curtains, Floral, Leaf And Geometric Pattern, Elegant Sheer Curtain For Kitchen, Coffee Shop, Living Room, Dining Room, Balcony, Garden And Bedroom"
3563,Unranked(New),General-Home-Textile,570.0,4.0,0,40.0,"1pc Tie-dye Gradient Faux Rabbit Fur Sofa Cushion, Minimalist Style Anti-skid Separated Couch Cover, Soft And Comfortable Sofa Protector"
3564,Unranked(New),General-Home-Textile,2849.0499999999997,18.0,40,50.0,12 Pack Cheesecloth Table Runner 35x120 Inch / 35x157 Inch Boho Gauze Table Runner  10Ft / 13Ft Cheese Cloth Long Table Runner Romantic Table Runner For Wedding Bridal Shower Birthday Party Table Decor
3565,Unranked(New),General-Home-Textile,1094.3999999999999,4.0,10,40.0,"1pc Bath Matts For Bathroom,Upgraded Waffle Super Absorbent Bath Mat,Bathroom Rugs Non Slip Washable, Quick Dry Shower Mats, Ultra Soft Bath Mats For Bathroom Floor,Brown"
3566,Unranked(New),General-Home-Textile,570.0,4.0,30,0.0,1pc Nordic Style Modern Jacquard Double-Sided Anion Blackout Curtain For Window
3567,Unranked(New),General-Home-Textile,3799.05,18.0,100,49.0,12 Pack Cheesecloth Table Runner 35x120 Inch / 35x157 Inch Boho Gauze Table Runner  10Ft / 13Ft Cheese Cloth Long Table Runner Romantic Table Runner For Wedding Bridal Shower Birthday Party Table Decor
3568,Unranked(New),General-Home-Textile,646.0,4.0,0,0.0,Jacquard Pattern Cushion Cover Without Filler
3569,Unranked(New),General-Home-Textile,275.5,4.0,0,0.0,"1pc Coastal Style Outdoor Pillow Covers, 18x18inch, Striped Geometric Cushion Covers In Red, Navy, Green, Yellow, Grey, Orange, Blue, Black, For Patio Sofa Decor"
3570,Unranked(New),General-Home-Textile,380.0,4.0,80,0.0,1pc Floral Printed Spandex Milk Silk Sofa Cushion Cover Suitable For Four Seasons
3571,Unranked(New),General-Home-Textile,741.0,5.0,200,0.0,1pc Vintage European Style Exquisite Embroidered Sheer Curtain For Living Room/Bedroom
3572,Unranked(New),General-Home-Textile,678.3,4.0,0,40.0,Plain Single Panel Sheer Curtain
3573,Unranked(New),General-Home-Textile,547.1999999999999,4.0,0,40.0,Embroidered Single Panel Sheer Curtain
3574,Unranked(New),General-Home-Textile,589.0,4.0,1000,0.0,"1pc Cute Cartoon Chicken Printed Tapestry, Peach Skin Fabric Banner Double Stitched On Canvas Fabric"
3575,Unranked(New),General-Home-Textile,560.5,4.0,40,0.0,1pc Kitchen Carpet Entrance Rug All Seasons Washable Soft Anti-Slip Crystal Velvet Rug With Cactus Elements
3576,Unranked(New),General-Home-Textile,1444.95,4.0,70,10.0,1pc Beige Punching Design Blackout Curtains For Blocking Light
3577,Unranked(New),General-Home-Textile,1700.4999999999998,4.0,10,0.0,"1pc Elastic Sofa Cover, All-Inclusive Dustproof And Stain Resistant, Suitable For All Seasons, Machine And Hand Washable"
3578,Unranked(New),General-Home-Textile,902.5,4.0,20,0.0,ROMWE Kawaii 1pc Fashionable Cartoon Cute Cherry Plush Toy Cushion 741771
3579,Unranked(New),General-Home-Textile,499.7,4.0,20,21.0,"1pc Solid Color Corn Fleece Sofa Cushion Cover, Modern Polyester Fiber Sofa Cover, Suitable For All Seasons"
3580,Unranked(New),General-Home-Textile,1581.7499999999998,4.0,20,10.0,"3PCS Purple Marble Pattern Simple Plain Printed Quilt Cover Pillowcase Bed Set, Polyester Quilt Cover Suitable For All Seasons"
3581,Unranked(New),General-Home-Textile,323.0,4.0,100,0.0,"1pc Solid Color Half-Pack Sofa Cushion Cover, Removable Stretch Sofa Cover, Living Room Bedroom Office Sofa Protector"
3582,Unranked(New),General-Home-Textile,370.5,4.0,0,40.0,Butterfly Print Single Panel Sheer Curtain
3583,Unranked(New),General-Home-Textile,722.0,6.0,0,0.0,1pc Simple Dark Green Outdoor Waterproof Seat Cushion Cover Suitable For Outdoor
3584,Unranked(New),General-Home-Textile,1519.05,4.0,0,54.0,Subrtex Velvet Chair Sofa Slipcover with Separate Cushion Covers
3585,Unranked(New),General-Home-Textile,1387.0,4.0,90,0.0,1pc Graphic Print Sofa Slipcover & 1pc Cushion Cover Without Filler
3586,Unranked(New),General-Home-Textile,997.5,4.0,0,0.0,"1pc Solid Color Ice Silk Sofa Cushion Cover, Simple Style Sofa Slipcover To Protect Sofa And Resist Cat Claw, Cool And Breathable In Summer"
3587,Unranked(New),General-Home-Textile,5794.05,4.0,0,41.0,"JONATHAN Y Contemporary POP Modern Abstract Transitional Bohemian Vintage Indoor Area Rug, CTP108"
3588,Unranked(New),General-Home-Textile,1709.05,4.0,0,40.0,Mohap Bed Sheet Set 4 Pieces Double Brushed Microfiber 1800 - Breathable Cooling Luxury Soft Bedding - Queen Black
3589,Unranked(New),General-Home-Textile,465.50000000000006,4.0,60,0.0,1pc Printed Spandex Sofa Cushion Cover
3590,#6 Best Sellers,in Trending Wall Decorations,380.0,4.0,0,0.0,"1pc Room Decoration Background Tapestry, Simple Fabric Multipurpose Wall Blanket, Suitable For Bedroom Aesthetic, For Boys & Girls Room Wall Decor"
3591,Unranked(New),General-Home-Textile,570.0,4.0,500,0.0,"Rick and Morty | ROMWE 1pc Cartoon Design Decorative Pillow,Cute Throw Pillow"
3592,Unranked(New),General-Home-Textile,769.5,4.0,60,0.0,1pc European Style 3d Hollow Relief White Curtain
3593,Unranked(New),General-Home-Textile,940.5,4.0,20,0.0,"1pc Sunrise Forest Plant Printed Tapestry, Home Room Wall Decoration Hanging Cloth"
3594,Unranked(New),General-Home-Textile,475.0,4.0,0,0.0,"1/2/4pcs Printed Stretch Parson Chair Cover, Dining Chair Seat Cover, Party Pet Furniture Protector, Universal Soft Polyester Fiber Chair Slipcover"
3595,Unranked(New),General-Home-Textile,237.5,4.0,0,0.0,"1pc Plant Pattern Chair Seat Cover, Modern Polyester Stretchy Dining Chair Seat Cover For Home"
3596,Unranked(New),General-Home-Textile,351.5,4.0,200,0.0,Constellation Pattern Tapestry
3597,Unranked(New),General-Home-Textile,6269.049999999999,4.0,0,27.0,"Peace Nest White Goose Feahter Down Comforter, Fluffy Bedding, King Or Queen Duvet Insert Bed Blanket 100% Cotton Cover"
3598,Unranked(New),General-Home-Textile,311.59999999999997,4.0,50,20.0,Frida Kahlo X SHEIN 2pcs/Lot Cartoon & Floral Print Square Handkerchief
3599,Unranked(New),General-Home-Textile,778.9999999999999,4.0,100,0.0,"1pc Room Decoration Tapestry, Suitable For Bedroom Aesthetic, For Wall Art Hanging In Boys And Girls Room"
3600,Unranked(New),General-Home-Textile,3134.05,4.0,0,38.0,"3 Pieces Bohemian Quilt Set Queen King,Boho Bedding Quilted Bedspread With 2 Pillowcases For All Season, Soft Microfiber Bedding Quilt Set Coverlet 90""X 96"""
3601,Unranked(New),General-Home-Textile,7599.049999999999,4.0,0,11.0,"Luxury Velvet Quilt Set King/Queen Size, Ultra Soft Lightweight Velvet Comforter Set, Oversized Bedspread Coverlet Soft Warm Bedding Set, With 2 Shams, For All Season"
3602,Unranked(New),General-Home-Textile,855.0,4.0,10,0.0,"1pc Waterproof Universal Seasonal Solid Chenille Jacquard Sofa Cushion, Modern Simple Style Pet Friendly Anti-Dirty Anti-Slip Sofa Cover, Spring & Fall Style, Waterproof Cat Claw-Proof Sofa Protector For Living Room L-Shaped Sectional Sofa And 1/2/3/4 Seater Sofa (Sold Individually)"
3603,Unranked(New),General-Home-Textile,3477.0,4.0,0,0.0,1pc Graphic Pattern Sofa Slipcover & 2pcs Cushion Cover Without Filler
3604,Unranked(New),General-Home-Textile,323.0,4.0,900,0.0,"Abstract Sun Pattern Tapestry, Modern Polyester Wall Hanging Cloth, For Home Wall Decor"
3605,Unranked(New),General-Home-Textile,646.0,4.0,0,0.0,"4pcs/Set Linen Decorative Coaster, Printed Coffee Cup Mat, Household Tableware Placemat, Home Decoration 12.60*16.54 Inches"
3606,Unranked(New),General-Home-Textile,731.5,4.0,80,0.0,"1pc Waterproof Elastic Sofa Seat Cover, Modern Simple Style Slip Resistant Sofa Pad, Suitable For L-Shaped And 1234-Seat Sofa Of Living Room"
3607,Unranked(New),General-Home-Textile,674.5,4.0,50,0.0,"1pc Waterproof Jacquard Elastic Sofa Cushion Cover,  Style Non-Slip Sofa Cover, Suitable For L-Shaped Sofas And Sofas With 1, 2, 3 Or 4 Seats"
3608,Unranked(New),General-Home-Textile,648.85,4.0,50,25.0,"""Extra-Large Microfiber Beach Towel With Adorable Turtle Pattern - Quick-Drying For Sports, Travel, Swimming, Ponds, Yoga, And More! Lightweight And Stylish."""
3609,Unranked(New),General-Home-Textile,339.15,4.0,60,36.0,"1pc Round Fingertip Towel With Hook, Red And Celebratory, Soft And Absorbent, For Wedding, Kitchen, And Bathroom"
3610,Unranked(New),General-Home-Textile,2166.0,4.0,0,0.0,"1pc Waterproof Solid Color Sofa Cover, All Seasons Minimalist Style Sofa Cushion Cover, Pet-Friendly Scratch-Resistant Sofa Protector, Machine Washable Home Decor Suitable For L-Shaped And 1/2/3/4 Seater Sofa (Sold Separately), Ideal For Living Room"
3611,Unranked(New),General-Home-Textile,332.5,4.0,30,0.0,"1pc Polyester Universe Starry Sky Background Tapestry, Suitable For Outdoor/Bedroom/Living Room Decoration, Free Installation Kit Included"
3612,Unranked(New),General-Home-Textile,332.5,4.0,0,0.0,"1pc Black Cartoon Welcome To My Home Tapestry, Living Room Or Bedroom Ambience Wall Hanging Decoration Cloth For Background Wall"
3613,Unranked(New),General-Home-Textile,864.5,5.0,0,0.0,"1pc Solid Color Chenille Sofa Cushion, Simple Style, Four Seasons Universal Sofa Cover, Non-Slip, Pet-Proof, Anti-Dirt, Anti-Scratch, Separable Sofa Pad"
3614,Unranked(New),General-Home-Textile,2606.8,4.0,0,30.0,Ruffle Decor Duvet Cover Set Without Filler
3615,Unranked(New),General-Home-Textile,617.5,4.0,0,0.0,1pc Plain Sofa Seat Cushion Cover
3616,Unranked(New),General-Home-Textile,333.45,4.0,200,10.0,"1pc City Pattern Glow-in-the-dark Tapestry, Modern Fabric Building Print Hanging Blanket For Home Decoration"
3617,Unranked(New),General-Home-Textile,757.15,4.0,0,15.0,"1pc Vintage Bohemian Boho Style Carpet, Soft, Non-Slip, Machine Washable Runner Rug With Farmhouse Distressed Design, Suitable For Staircase, Porch, Laundry, Kitchen, Bedroom Non-Slip, Entrance Mat Blue"
3618,Unranked(New),General-Home-Textile,304.0,4.0,50,0.0,"1pc 'Save A Horse Ride A Cowboy' Pink Meme Funny Tapestry, Personality Minimalist Peach Skin Cloth Wall Hanging Decor, Suitable For Bar, Studio, Living Room, Bedroom, Dorm Room Home Decor"
3619,Unranked(New),General-Home-Textile,380.0,4.0,0,0.0,"1pc Square Tablecloth Rectangle - Stain-Resistant, Spill-Proof, Washable Checkered Tablecloth, Suitable For Outdoor Picnics, Kitchen, And Holiday Dinners, Beige And White"
3620,Unranked(New),General-Home-Textile,4084.05,4.0,0,14.0,"Shaggy Decorative Pillow measuring 18"" x 18"""
3621,Unranked(New),General-Home-Textile,873.9999999999999,11.0,10,0.0,"1pc Waterproof And Oil-Proof Sofa Cushion, Modern Simple Sofa Pad Suitable For All Seasons, Anti-Stain, Anti-Claw, Anti-Slip, Anti-Dust And Durable Seat Cover For L-Shaped Sofas And 1/2/3/4 Seater Sofas, Removable And Washable Cover, Fade Resistant"
3622,Unranked(New),General-Home-Textile,404.7,4.0,10,40.0,"Diamond Horse Decor Cushion Cover Without Filler, Modern Throw Pillow Cover, Pillow Insert Not Include, For Sofa, Living Room"
3623,Unranked(New),General-Home-Textile,446.5,4.0,400,0.0,Sun & Sunflower Print Tapestry
3624,Unranked(New),General-Home-Textile,845.5,4.0,0,0.0,1pc Plain Sofa Seat Cushion Cover
3625,Unranked(New),General-Home-Textile,323.0,4.0,100,0.0,"Bohemian Eyeball Velvet Tapestry With Vibrant Space Theme - Psychedelic Starry Sky Design - Wall Decoration For Home, Office And Living Room"
3626,Unranked(New),General-Home-Textile,332.5,4.0,400,0.0,"1pc Cute Cartoon Tapestry, Cartoon Star Anime Character Tapestry, Aesthetic Wall Hanging For Living Room Bedroom Dorm Decor,"
3627,Unranked(New),General-Home-Textile,712.5,4.0,0,0.0,6pcs Solid Color Cloth Napkin
3628,#4 Best Sellers,in Beach Towels,798.0,4.0,0,0.0,"1pc Bohemian Flower Pattern Beach Towel, Oversized Ultra-Fine Fiber Beach Blanket, Super Absorbent Bath Towel, Suitable For Travel, Swimming, Diving, Surfing, Yoga, Camping, Multiple Sizes For Adults And Kids, Beach Accessory"
3629,Unranked(New),General-Home-Textile,408.5,4.0,100,0.0,"1pc Mountain & Moon Pattern Tapestry, Modern Chemical Fiber Wall Blanket For Home"
3630,Unranked(New),General-Home-Textile,342.0,4.0,0,0.0,Leaf Print Stretchy Chair Slipcover
3631,Unranked(New),General-Home-Textile,587.1,4.0,0,40.0,2pcs Art Leopard Printed Printed Rod Pocket Curtain For Home Decor
3632,Unranked(New),General-Home-Textile,205.20000000000002,4.0,10,10.0,"Insect Screen Window Netting For Door And Window, Summer DIY Fiberglass Adjustable Mesh Netting With Magnetic Strips"
3633,Unranked(New),General-Home-Textile,541.5,5.0,100,0.0,"1pc Round Satin Tablecloth, Premium Silk Table Cover, Smooth Fabric Tablecloth, Shiny Satin Tablecloth, Suitable For Wedding, Banquet And Large Events"
3634,Unranked(New),General-Home-Textile,722.0,4.0,0,0.0,"1pc Double Vertical Striped Hollow Table Runner, New Decorative Creative Printed Tablecloth/Table Runner Decoration For Christmas, Staircase, Foyer, Kitchen"
3635,Unranked(New),General-Home-Textile,1743.2500000000002,12.0,60,45.0,"Stretch Recliner Sofa Covers, Reclining Couch Covers With Pockets, Jacquard Reclining Sofa Covers Soft Washable Furniture Protector With Elastic Bottom"
3636,Unranked(New),General-Home-Textile,209.00000000000003,4.0,30,0.0,"2pcs   Buckle, Curtain Binding Rope, Curtain Buckle, Simple And Installation Free Curtain Binding, Fashionable And Versatile Curtain Accessories"
3637,Unranked(New),General-Home-Textile,1136.2,4.0,100,15.0,1pc Leaf Pattern Sofa Slipcover
3638,Unranked(New),General-Home-Textile,436.99999999999994,4.0,0,0.0,"Ultra-Soft Microfiber Oversized Beach Bath Towel Tropical Palm Tree Print For Beach, Pool, Swimming, Outdoor"
3639,Unranked(New),General-Home-Textile,398.05,4.0,30,13.0,"1pc Elastic & Removable & Washable Corn Velvet Shell Chair Cover, Elastic Plain Chair Protector Fits Kitchen, Office Chairs"
3640,Unranked(New),General-Home-Textile,263.15,4.0,100,19.0,"1pc Pink Table Runner, Minimalist Polyester Kitchen Table Runner For Home"
3641,Unranked(New),General-Home-Textile,2090.0,11.0,0,0.0,"LushLane Caleb Semi Sheer Light Filtering Transparent Pocket Top & Back Tab Lightweight Short Window Curtains Drapery Panels Bedroom & Living Room, 2 Panels"
3642,Unranked(New),General-Home-Textile,332.5,4.0,100,0.0,"1pc Geometric Pattern Sofa Seat Cushion Cover, Modernist Polyester Sofa Cushion Cover For Home"
3643,Unranked(New),General-Home-Textile,589.95,5.0,50,10.0,1pc Nordic Style  Small Tree Embroidery Fresh Voile Curtain For French Window
3644,Unranked(New),General-Home-Textile,323.0,4.0,10,0.0,1pc 70s Retro Tapestry Vintage LOVE Sun Rainbow Wall Art Printed Plant Flower Psychedelic Hippie Tapestry Wall Hanging For Living Room Bedroom Home Decor
3645,Unranked(New),General-Home-Textile,361.0,4.0,60,0.0,"1pc Flower Pattern Sofa Cushion Cover, Minimalist Polyester Sofa Cushion Cover For Home"
3646,Unranked(New),General-Home-Textile,617.5,8.0,0,0.0,"1pc Coffee-Colored Jacquard Outdoor Sofa Cushion Cover, Waterproof Polyester Stretch Removable Half-Enclosed Cushion Cover For Patio, Terrace And Garden Sofa"
3647,Unranked(New),General-Home-Textile,1895.25,6.0,0,0.0,H.VERSAILTEX 100% Waterproof Individual Seat Cushion Covers Sofa Covers Super Stretch Couch Cushion Covers Slipcovers Featuring Thick Dual Fleece Fabric
3648,Unranked(New),General-Home-Textile,131.1,4.0,0,40.0,"Graphic Print Chair Seat Cushion Cover, Modern Stretchy Chair Seat Cover For Dining Room"
3649,Unranked(New),General-Home-Textile,2729.35,4.0,0,25.0,Vintage Print Quilted Bedspread
3650,Unranked(New),General-Home-Textile,2942.15,4.0,0,17.0,"Elegant Embroidered Duvet Cover And Pillowcase Bedding Set, 3pcs"
3651,Unranked(New),General-Home-Textile,2216.35,4.0,0,25.0,Vintage Pattern Duvet Cover Set Without Filler
3652,Unranked(New),General-Home-Textile,484.49999999999994,4.0,0,0.0,1pc Solid Color Sofa Slipcover
3653,Unranked(New),General-Home-Textile,655.5,4.0,100,0.0,1pc Nordic Style Modern Simple Tree Embroidery Fresh Sheer Curtain For Floor-to-ceiling Window
3654,Unranked(New),General-Home-Textile,2184.0499999999997,5.0,0,18.0,"12pcs Solid Cloth Napkin, Solid Color Boho Cotton Table Napkin For Household Dining Table Decor Wedding Hotel"
3655,Unranked(New),General-Home-Textile,316.35,4.0,400,10.0,Mandala Print Tapestry
3656,Unranked(New),General-Home-Textile,323.0,4.0,70,0.0,Black And White Smoking Lady Retro Photo Peach Skin Cloth Wall Art Home Decor Background Cloth
3657,Unranked(New),General-Home-Textile,873.9999999999999,4.0,0,0.0,Metallic Feather Single Panel Curtain
3658,Unranked(New),General-Home-Textile,646.0,4.0,10,0.0,"1pc Four Seasons Solid Color Stretch Chair Slipcover, For Dining Room, Hotel, Ceremony"
3659,Unranked(New),General-Home-Textile,807.5,4.0,0,0.0,"Large Towel For Beauty Salons, Massage, Hotels And Bathrooms, With High Water Absorption And No Lint"
3660,Unranked(New),General-Home-Textile,427.5,4.0,10,0.0,"1pc Universal Modern Slip-Resistant Sofa Cover Cushion, Four Seasons"
3661,Unranked(New),General-Home-Textile,817.0,4.0,200,0.0,1pair Ruffle Decor Heart Embroidered Pillowcase Without Filler
3662,Unranked(New),General-Home-Textile,399.0,4.0,100,0.0,"Moon Print Tapestry, Modern Hanging Fabric Wall Decoration, For Home Decor"
3663,Unranked(New),General-Home-Textile,7896.400000000001,4.0,0,47.0,Puredown All Season Hotel Bedding Comforter-Ultra Soft Goose Down Feather Duvet Insert
3664,Unranked(New),General-Home-Textile,54966.05,4.0,0,33.0,"Convertible Sectional Sofa 110"" U-Shape Sofa Couch 4-Seat Couch With Chaise Fabric Upholstered For Living Room, Apartment, Office, Black"
3665,Unranked(New),General-Home-Textile,684.0,4.0,20,0.0,CARDCAPTOR SAKURA | SHEIN Star & Moon Patterned Flannel Blanket
3666,Unranked(New),General-Home-Textile,587.1,4.0,70,23.0,"1pc White Lace Small Flower Voile Curtain, Minimalist Style Polyester Fiber Window Sheer, Suitable For Living Room, Bedroom, Window, Door, Bay Window Decoration In Various Sizes"
3667,Unranked(New),General-Home-Textile,1349.0,4.0,0,0.0,1pc Jacquard Leaf Sofa Seat Cushion Cover
3668,Unranked(New),General-Home-Textile,380.0,10.0,100,0.0,"1pc Dark Grey Sofa Seat Cushion Cover, Minimalist Polyester Anti-slip Stretchy Sofa Cushion Cover For All Seasonss"
3669,Unranked(New),General-Home-Textile,2099.5,4.0,0,0.0,"7/15pcs Adhesive Embossed Floor Mat, Simple Ins-Style Non-Slip Adhesive Stair Mat For Home Use, Solid Wood Step Mat"
3670,Unranked(New),General-Home-Textile,978.5000000000001,4.0,0,0.0,1pc Solid Color Sofa Cushion Cover
3671,Unranked(New),General-Home-Textile,1614.05,4.0,0,11.0,Rustic Barn Door Shower Curtain Wooden Fabric Farmhouse Bathroom Decor With Hooks
3672,Unranked(New),General-Home-Textile,351.5,4.0,10,0.0,"ROMWE Goth 1pc Dark Holy Lady White Dove & Cross Printed Polyester Tapestry, Suitable For Daily Living Room Bedroom Wall Decoration, Camping Decoration, All Seasons"
3673,Unranked(New),General-Home-Textile,527.25,4.0,70,25.0,"1pc Sea Blue Pattern Beach Towel, Outdoor Travel INS Style Ultra-Fine Fiber Extra-Large Beach Towel, Bath Towel, Ladies Holiday Wind Shawl, Printed Digital Quick-Dry Beach Towel, Double-Sided Coral Fleece Quick-Dry Beach Towel, Ultra-Fine Fiber Sports Towel, Water-Absorbent Portable Beach Towel, Fitness Towel, Waterproof & Sandproof Beach Shower Towel, For Men, Women, Couples, Swimming"
3674,Unranked(New),General-Home-Textile,1168.5,4.0,30,0.0,"25pcs Wedding Decoration, Chair Sashes, Bowknots, Ribbon, Chair Back Decoration, Chair Bands"
3675,Unranked(New),General-Home-Textile,399.0,4.0,80,0.0,1pc Solid Color Polyester Geometric Pattern Sofa Cover Universal Stretch Furniture Cover
3676,Unranked(New),General-Home-Textile,1377.5,4.0,200,0.0,1pc Country Style Milk Silk Printed All-Inclusive Elastic Sofa Cover With Lace For Four Seasons Use
3677,Unranked(New),General-Home-Textile,1732.8,4.0,10,5.0,"1pc Luxury European Style Embroidered Pearl Tulle Curtains For Bedroom And Living Room, Sheer Double Layer"
3678,Unranked(New),General-Home-Textile,997.5,4.0,0,30.0,Patchwork Design Satin Bed Runner
3679,Unranked(New),General-Home-Textile,503.5,5.0,0,0.0,Solid Color Stretchy Chair Slipcover
3680,Unranked(New),General-Home-Textile,589.0,4.0,0,0.0,"2pcs Lavender House Purple Floral Bird Design Kitchen Towels And Dishcloths Set, Dishwashing & Hand Drying Cloth For Simple Living, Drying Baking & Cooking Cloth, Choose Happy Seasonal Home & Kitchen Decoration"
3681,Unranked(New),General-Home-Textile,1444.0,4.0,100,0.0,1pc High-End French Beaded Embroidery White Gauze Curtain
3682,#9 Best Sellers,in Decorative Tapestry,332.5,4.0,0,0.0,"1pc Pink Heart Background Cloth Banner Polyester Tapestry For Valentine'S Day, Weddings, Home Decorations, Bedrooms, Etc. (Without Fixed Clips)"
3683,Unranked(New),General-Home-Textile,771.4,4.0,20,15.0,"1pc Geometric Crochet Hollow Out Patchwork Bohemian Natural Faux  Vintage Tassel Rod Pocket Decor Curtain, Suitable For Living Room Bedroom Kitchen Cafe Gym Bay Windows And Doors, All Seasons Universal Home Curtain."
3684,Unranked(New),General-Home-Textile,949.0500000000001,4.0,90,45.0,"1pc Checkered Pattern Raw Trim Sofa Towel, Modern Polyester Non-slip Towel Cover For Home"
3685,Unranked(New),General-Home-Textile,304.0,4.0,500,0.0,"1pc Slogan Tapestry, Modern Style Polyester Fiber Square Wall Hanging Decoration For Living Room, Bedroom"
3686,Unranked(New),General-Home-Textile,342.0,4.0,10,0.0,"1 Piece Chiffon Tablecloth/Table Runner With Breathable And Lightweight Draped Chiffon Fabric, All Edges Are Finely Sewn, Transparent And Elegant With Good Drape And Easy To Create Beautiful Folds And Natural Drapes. Suitable For Wedding, Bridal Shower, Bachelorette Party, Baby Christening, Sweet 16th Birthday Party, Princess Party, Dessert Table, Bridal Table, Banquet, Etc."
3687,Unranked(New),General-Home-Textile,191.9,4.0,30,12.0,"1 Packaging Black And Gold Plastic Tablecloth, 54 Inch X72 Inch Rectangular Disposable Dot Party Table Cover, Suitable For Birthday, Graduation, Restaurant, Wedding Decoration Tablecloth"
3688,#9 Best Sellers,in Wall Textile,370.5,4.0,0,0.0,ROMWE Goth Designer Fashion Original Tapestries Suitable For Home And Royalty
3689,Unranked(New),General-Home-Textile,323.0,4.0,300,0.0,"Mandala Print Tapestry, Hanging Wall Decoration Cloth For Home Decor"
3690,Unranked(New),General-Home-Textile,475.0,5.0,0,0.0,Solid Color Stretchy Chair Slipcover
3691,#6 Best Sellers,in Tapestry,370.5,4.0,0,0.0,Betty Boop | ROMWE Cartoon Characters And Lips Printed Tapestry
3692,Unranked(New),General-Home-Textile,323.0,4.0,20,0.0,"Vintage Floral Oil Painting Tapestry, Aesthetic Polyester Wall Hanging Wall Art Tapestry For Bedroom, Dorm Decor & Photography Backdrop(Without Fixed Clips)"
3693,Unranked(New),General-Home-Textile,1102.0,4.0,0,0.0,Tassel Trim Single Panel Curtain
3694,Unranked(New),General-Home-Textile,2849.0499999999997,5.0,20,55.0,"Sleeping Bag For Adults And Kids - Lightweight Camping Sleeping Bag For Girls, Boys, Youths, Ultralight Backpacking Sleeping Bag For Cold Weather - Compression Sack Included(Right Zipper)"
3695,Unranked(New),General-Home-Textile,147.25,4.0,200,30.0,"1 PC   Satin Table Runner  Long Wedding Satin SilkTable Runner For Wedding Banquet Graduations Birthday Party Decoration,Satin  Table Runner,Table Decorations Holiday"
3696,Unranked(New),General-Home-Textile,465.50000000000006,4.0,20,0.0,"1pc  Of Tablecloth And Tablecloth, Solid Color Waterproof, Dustproof, And Stain Proof Tablecloth Cover, Round Table Cloth With Beige Border, Suitable For Kitchen, Dining, Picnic Parties, Buffet, Dinner, Family Banquets, Hotel Weddings, Coffee Shops"
3697,Unranked(New),General-Home-Textile,1377.5,6.0,50,0.0,"1pc Solid Color Universal Sofa Cover In Modern Style, Made Of Polyester Fiber, Rectangle Shape, Super Stretchy, Anti-Hair For Pets, Washable, Suitable For Living Room, Home"
3698,Unranked(New),General-Home-Textile,778.9999999999999,4.0,0,0.0,"Coconut Tree Pattern Beach Towel, Soft And Absorbent Microfiber Beach Mat, Outdoor Sports Travel Camping Pool Vacation Necessity, Personalized Beach Towel, 1pc"
3699,Unranked(New),General-Home-Textile,1871.5,4.0,0,0.0,Solid Color Flat Sheet
3700,#4 Best Sellers,in Beach Towels & Bath sheets,826.4999999999999,4.0,0,0.0,"1pc Women's And Men's Ultra-Fine Fiber Beach Towels, Independence Day American Flag Paired With Desert Camouflage Beach Towels, Swimming Towels For Travel"
3701,Unranked(New),General-Home-Textile,446.5,4.0,0,0.0,1pc Plain Stretchy Sofa Seat Cushion Cover
3702,Unranked(New),General-Home-Textile,750.5,4.0,100,0.0,"1pc Bright Pink Small Floral Print Shower Curtain, Comes With 12 Hooks, Mold & Mildew Resistant Bathroom Decor, Modern Style Bathroom Partitions Curtains Without Drilling, 72*72 Inches"
3703,Unranked(New),General-Home-Textile,1387.0,4.0,10,0.0,"1pc American/ Japanese/ Nordic Style Blackout Short Curtain, Waffle Pattern With Exquisite Tassels, Suitable For Doors, Windows, Cabinets And Other Household Places"
3704,Unranked(New),General-Home-Textile,1092.5,4.0,0,0.0,1pc Modern Simple Fashion Retro Elegant Plaid Jacquard Lace Tassel Transparent Window Curtain Kitchen Curtain Home Decoration For Bedroom Living Room Kitchen Dining Room Scene Decoration
3705,Unranked(New),General-Home-Textile,855.0,4.0,30,0.0,"1pc Solid Color Grey Sofa Towel, Modern Polyester Anti-slip Polyester Sofa Seat Mat, For All Season"
3706,Unranked(New),General-Home-Textile,209.00000000000003,4.0,0,0.0,"1PC Summer Beach Essentials - Sand-Free Beach Bags, Camping Gadgets, Sand Brushes And Sand Removers For Beach Sandbags, Pouches, Brushes, Essential For Beach Vacations And Camping"
3707,Unranked(New),General-Home-Textile,342.0,4.0,60,40.0,1pc Butterfly Sun Moon Mushroom Pattern Printed Tapestry Square Modern Polyester Fiber Wall Hanging Decoration For Room Living Room Bedroom
3708,Unranked(New),General-Home-Textile,931.0000000000001,4.0,0,0.0,"1pc Brushed Solid Color Fitted Sheet, Soft Bedding Supplies, Blanket For Bedroom"
3709,Unranked(New),General-Home-Textile,1614.05,12.0,0,50.0,"2pcs Deconovo Blackout 42 Width Curtains, Foil Printed Wave Room Darkening Curtains, Thermal Insulated Window Curtains For Living Room, 2 Panels"
3710,Unranked(New),General-Home-Textile,562.4,4.0,500,32.0,"1pc Sunflower Patterned Beach Towel, Sport Towel, Travel Towel, Swimming Pool Towel - Ideal Gift For Women, Men, Mom, Dad, Best Friends, Boyfriend, Girlfriend"
3711,Unranked(New),General-Home-Textile,456.0,4.0,10,2.0,"Luxurious Oversized Beach Towel - Vibrant Palm Tree Print, Ultra-Soft Microfiber, Tropical Style - Perfect For Pool & Beach"
3712,Unranked(New),General-Home-Textile,456.0,4.0,10,0.0,1PC Yu Ye Wen Anti Cat Sofa Hat Four Seasons Universal Elastic Full Cover Cloth Scarf Anti Slip Seat Cushion Cover Simple And Modern Universal
3713,Unranked(New),General-Home-Textile,380.0,4.0,700,0.0,"1pc Blue Uv Light Printed Tapestry With Sun, Moon And Skull Kissing Design"
3714,Unranked(New),General-Home-Textile,750.5,4.0,0,0.0,"1 Pc Of 29 X 59 Inch Double-Sided Plush Game Console Pattern Extra Large Super Water Absorbent Beach Towel, Comfortable Quick Drying Swimming Towel, Soft Sand Resistant Beach Pool Swimming Bath Travel Picnic Camping Towel"
3715,Unranked(New),General-Home-Textile,2849.0499999999997,12.0,0,0.0,"Stretch Sofa Covers 1 Piece Couch Covers For 3 Cushion Couch Sofa, 3 Seater Sofa Slipcovers Furniture Protector With Elastic Bottom"
3716,Unranked(New),General-Home-Textile,693.5,4.0,100,0.0,Stevenrhodes Skull Print Tapestry
3717,Unranked(New),General-Home-Textile,2394.0,4.0,0,0.0,1pc Leaf Print Sofa Slipcover & 2pcs Cushion Cover Without Filler
3718,Unranked(New),General-Home-Textile,1263.5,4.0,0,0.0,1pc Jacquard Leaf Pattern Sofa Cushion Cover
3719,Unranked(New),General-Home-Textile,2289.5,6.0,0,0.0,1pc Graphic Pattern Stretchy Sofa Slipcover Couch Cover
3720,Unranked(New),General-Home-Textile,193.8,4.0,100,40.0,Plant Pattern Tapestry
3721,Unranked(New),General-Home-Textile,3134.05,4.0,80,37.0,"10 PCS Spandex Folding Chair Covers, Upgraded Universal Stretch Washable Fitted Chair Slipcovers Protector For Party, Concerts, Wedding, Holidays, Banquet, Celebration (Black)"
3722,Unranked(New),General-Home-Textile,279.3,4.0,0,40.0,"1pc Printed Elastic Milk Silk Sofa Cushion Cover, Suitable For All Seasons"
3723,Unranked(New),General-Home-Textile,2374.0499999999997,4.0,0,32.0,Large Vintage Floral Area Rug For Living Room Washable Runner Rug Floral Print For Hallway Non Shedding Non Slip Indoor Carpet Rug Low Pile Stain Resistant Distressed Rug Ultra Soft Rug For Bedroom Dining Room
3724,Unranked(New),General-Home-Textile,427.5,4.0,10,0.0,"Designer Burlap Table Runner - For Rustic Style Dining Room - Woven  Material Placemat Or Centerpiece Decor For Coffee, Tea And Outdoor Table - Long Roll"
3725,Unranked(New),General-Home-Textile,832.1999999999999,4.0,200,45.0,1pc Flower Printed All-Inclusive Milk Silk Sofa Cover With Skirt
3726,Unranked(New),General-Home-Textile,2374.0499999999997,6.0,0,17.0,"12pcs Hemstitch Cloth Napkin, Solid Color Boho Cotton Table Napkin For Household Dining Table Decor Wedding Hotel"
3727,Unranked(New),General-Home-Textile,380.0,4.0,0,0.0,"1pc Solid Color Disposable Plastic Tablecloth, Modern PEVA Waterproof Rectangle Table Cover For Birthday Party, Wedding, Christmas Decor"
3728,Unranked(New),General-Home-Textile,1206.5,4.0,10,0.0,"1pc Comfortable Modern Plush And Durable Square Cushion, Perfect For Yoga And Meditation All Year Round"
3729,Unranked(New),General-Home-Textile,1898.1000000000001,8.0,0,46.0,Memory Foam Seat Cushion Ergonomic Office Chair Coccyx Cushion Pad Pain Relief
3730,Unranked(New),General-Home-Textile,1026.0,4.0,0,0.0,"1pc Geometric Embroidery Sofa Towel, Modern Stretchy Polyester Non-slip Sofa Seat Cover For Home, All Season"
3731,Unranked(New),General-Home-Textile,171.0,4.0,0,0.0,2pcs Cleaning Rag Set
3732,Unranked(New),General-Home-Textile,646.0,4.0,40,0.0,"1pc Plaid Check Gauze Curtains With Lotus Leaf Edge For Cafe Restaurant Balcony Partition Decoration, American Country Retro Kitchen Living Room Half Curtain, Cafe Curtain"
3733,Unranked(New),General-Home-Textile,532.0,4.0,0,0.0,Plain Sofa Seat Cushion Cover
3734,Unranked(New),General-Home-Textile,636.5,4.0,70,0.0,"1pc Four Seasons Universal Pure Color Chenille Jacquard Non-Slip Sofa Seat Cushion Cover. Simple And Modern Style, Soft And Skin-Friendly, Pet-Proof And Elastic Sofa Cover. Suitable For Living Room L-Shaped Combination Sofa, 1/2/3/4 Seat Sofa. (Single Piece Sale)"
3735,Unranked(New),General-Home-Textile,695.4,4.0,10,45.0,1pc Vintage Pattern Tassel Woven Carpet Anti-slip Wear-resistant Living Room Bedroom Balcony Decoration Rug
3736,Unranked(New),General-Home-Textile,836.0000000000001,4.0,0,0.0,"1pc Jacquard Universal Stretch Sofa Seat Cover, Modern Style Anti-slip Sofa Slipcover, Living Room Couch Protector For L-shaped Sofa And 1/2/3/4 Seater Sofa"
3737,Unranked(New),General-Home-Textile,433.2,4.0,600,49.0,"1pc Mandala Purple Patterned Sand-Free Superfine Fiber Beach Towel - Soft, Absorbent, Quick-Drying - Perfect For Swimming, Camping, And Bathing"
3738,Unranked(New),General-Home-Textile,543.4,5.0,0,45.0,"1pc Universal Jacquard Sofa Cover Set - Elastic Sofa Cushion Non-skid Combination Sofa Slipcover, Pet Scratch Resistant"
3739,Unranked(New),General-Home-Textile,361.0,4.0,200,0.0,Yukinanami Anime Cartoon Girl Print Tapestry
3740,Unranked(New),General-Home-Textile,91.2,4.0,60,40.0,10pcs/20pcs High-Grade Metal Texture Chair Belt Waist Flower Bow Tie High-Grade Elastic Chair Belt Buckle Slip Elastic Chair Tie Wedding Party Ceremony Reception Banquet Decoration Universal Chair Back Decoration Chair Back Flower
3741,Unranked(New),General-Home-Textile,271.7,4.0,800,35.0,"1pc Mandala Pattern Tapestry, Modern Fabric Tapestry Poster Wall Hanging For Bedroom Aesthetic"
3742,Unranked(New),General-Home-Textile,532.0,4.0,0,0.0,"Solid Color Stretchy Chair Slipcover, Pink Simple Polyester Chair Cover For Dining Room"
3743,Unranked(New),General-Home-Textile,3419.05,21.0,0,29.0,"10 Pcs  Cheesecloth Table Runner 10FT, Gauze Table Runner For Wedding Reception Sheer Bridal Shower Birthday Party Boho Table Decoration, Rustic Wedding Runner Durable Easy To Clean  Delicacy Elegance Advanced Technology Various Colors"
3744,Unranked(New),General-Home-Textile,380.0,4.0,40,0.0,"Premium Thick Linen Tablecloth With Oil & Water Stain Resistant Properties, Solid Color Fabric Tablecloth For Decoration, Multi-Purpose, Suitable For Dinner Table, Coffee Table, Etc."
3745,Unranked(New),General-Home-Textile,299.25,4.0,100,10.0,"Abstract Space Aesthetic Design Simple Letter Pattern Polyester Tapestry, Inspirational Quotations Simple Letter Light Red Wall Hanging Tapestry Bedroom Living Room Decor College Dorm Party Decor Indoor And Outdoor Decoration  (Without Fixed Clips)"
3746,Unranked(New),General-Home-Textile,570.0,4.0,0,0.0,1pc Marble Print Bath Rug Or 1pc Shower Curtain
3747,Unranked(New),General-Home-Textile,778.9999999999999,11.0,50,0.0,"1pc Waterproof And Oil-Proof Sofa Cushion, Four Seasons Universal  Sofa Cover, Anti-Skid And Anti-Scratch Sofa Towel, Dustproof, Dirt-Resistant And Machine Washable Cover."
3748,Unranked(New),General-Home-Textile,494.0,4.0,0,0.0,1pc Solid Color Sofa Slipcover
3749,Unranked(New),General-Home-Textile,1332.85,4.0,60,16.0,All-Season Elastic Printed Skirt-Style Sofa Cover
3750,Unranked(New),General-Home-Textile,546.25,4.0,0,49.0,1pc Plain Stretchy Sofa Seat Cushion Cover
3751,Unranked(New),General-Home-Textile,2699.9,4.0,0,30.0,Solid Color Flannel Blanket
3752,Unranked(New),General-Home-Textile,532.0,4.0,0,0.0,"1pc Jacquard fabric Chair Cover,Universal Size Chair Cover,Seat Slipcover For Dining Room,Home Decor"
3753,Unranked(New),General-Home-Textile,817.0,4.0,20,0.0,1pc Retro Floral Print Shower Curtain Waterproof Bathroom Curtain Thick Mildew-Resistant Partition Curtain Bath Screen Water-Blocking Shower Curtain
3754,Unranked(New),General-Home-Textile,1610.25,6.0,0,0.0,"H.VERSAILTEX 100% Waterproof Dining Chair Covers Stretch Chair Covers for Dining Room Slipcovers Chair Protectors Covers Dining, Soft Thick Solid Fleece Fabric Washable"
3755,Unranked(New),General-Home-Textile,208.04999999999998,4.0,200,42.0,doppaintid 1pc Letter & Skeleton Print Tapestry
3756,Unranked(New),General-Home-Textile,692.55,4.0,0,10.0,"1pc Polyester Sheer Embroidery Curtain With Small Flowers Pattern, Romantic And Sweet Style, Rod Pocket, Suitable For Living Room And Bedroom Decoration"
3757,Unranked(New),General-Home-Textile,517.75,4.0,20,29.0,"Quick-Drying, Absorbent, Colorful Starfish Beach Towel For Outdoor Camping, UV Protection, Shell Pattern Shawl Made Of Microfiber, Whale Shaped Bath Towel, Sports Towel"
3758,Unranked(New),General-Home-Textile,1035.5,4.0,90,0.0,1 Pc Turkish Beach Towels Swim Towel Compact Oversized Sand Free Quick Dry Thin Clearance Luxury Best Organic Linen Toallas De Playa Travel Essentials Blanket Hot Tub Accessories
3759,Unranked(New),General-Home-Textile,304.0,4.0,0,0.0,"1pc Starry Butterfly Galaxy Universe Planet Glow In The Dark Fluorescent Tapestry, Modern Creative Dreamy Black Light Decoration For Living Room, Bedroom, Office, Home Decor/Party Decoration Wall Hanging"
3760,Unranked(New),General-Home-Textile,1708.1000000000001,4.0,20,11.0,"1pc Snow Veil Modern Slip-Resistant Sofa Cover Blanket Full Coverage Four Seasons Available, Suitable For Sofa Tablecloth, Picnic Mat, Versatile For Home, Office, Outdoor Herringbone Pattern"
3761,Unranked(New),General-Home-Textile,1890.4999999999998,4.0,0,0.0,"1pc Solid Color Fitted Sheet, Soft Bedding Supplies, Fitted Sheet For Bedroom"
3762,Unranked(New),General-Home-Textile,836.0000000000001,4.0,0,0.0,Star Pattern Single Panel Curtain
3763,Unranked(New),General-Home-Textile,313.5,4.0,100,0.0,"XY Wall Tapestry Apestry 3D Wall Art, Home Decor Wave Flannel Tapestry"
3764,Unranked(New),General-Home-Textile,199.5,4.0,70,0.0,"New Outdoor Folding Foam Picnic Seat Cushion Portable Waterproof, Heat Insulation And Damp-Proof Seat Pad"
3765,Unranked(New),General-Home-Textile,532.0,4.0,0,0.0,Flower Embroidery Table Runner
3766,Unranked(New),General-Home-Textile,351.5,4.0,100,0.0,ROMWE Flower & Angel Print Tapestry
3767,Unranked(New),General-Home-Textile,323.0,4.0,0,0.0,"1pc Black & Grey Girl Back With Black Faceless Figure Tapestry Modern Minimalist Decorative Wall Hanging, Suitable For Bedroom, Study, Gender Reveal Party"
3768,Unranked(New),General-Home-Textile,532.0,4.0,0,0.0,Plain Stretchy Chair Slipcover
3769,Unranked(New),General-Home-Textile,382.85,4.0,100,21.0,One Piece Of Solid Color Waterproof Home Bedroom Decor Sofa Cushion Cover
3770,Unranked(New),General-Home-Textile,921.4999999999999,4.0,0,0.0,Star Pattern Single Panel Curtain
3771,Unranked(New),General-Home-Textile,256.5,4.0,70,0.0,"1pc Lace & Pearl Decor Vintage European Style Coffee Curtain For Kitchen, Bathroom Cabinets, Window, Home Decor"
3772,Unranked(New),General-Home-Textile,332.5,4.0,0,0.0,1pc Plain Stretchy Chair Seat Cover
3773,Unranked(New),General-Home-Textile,636.5,7.0,10,0.0,"1pc Waterproof Sofa Cushion Cover, Four Seasons Universal"
3774,Unranked(New),General-Home-Textile,5509.05,4.0,0,11.0,2 pcs Sectional Couch Covers l Shape Couch Covers for Sectional Sofa l Shape with Chaise Large Sectional Sofa Cover for Dog pet Protector Furniture Covers
3775,Unranked(New),General-Home-Textile,769.5,4.0,90,0.0,"1pc Cartoon-Styled Blue & White Seashell & Starfish Beach Towel, Suitable For Adults And Children For Outdoor Activities And Beach Vacation"
3776,Unranked(New),General-Home-Textile,8727.65,4.0,0,51.0,Gracie Mills Gabriela Reversible Cotton Comforter Set With Throw Pillow - GRACE-15753
3777,Unranked(New),General-Home-Textile,1307.2,4.0,30,14.0,1pc Knitted Blanket Solid Color Bubble Knit Knitted Blanket For Bed Sofa Air Conditioning Nap Office Use
3778,Unranked(New),General-Home-Textile,361.0,4.0,500,0.0,"One Mandala Flower Tapestry, Countryside Style Polyester Fiber Watercolor Printing Decorative Wall Hanging, Suitable For Living Room, Bedroom And Home Use."
3779,Unranked(New),General-Home-Textile,199.5,4.0,20,40.0,"1pc 'Peace Was Never An Option' Tapestry, Interesting Wall Hanging Decoration For Bedrooms, Living Rooms And Dorms (90gsm Fabric With Installation Accessories)"
3780,Unranked(New),General-Home-Textile,1176.1000000000001,4.0,20,25.0,2pcs/set Grey Sheer Linen & Transparent Voile Curtain Set
3781,Unranked(New),General-Home-Textile,722.0,4.0,0,0.0,GAWX 1pc White Bound Anti-Slip Faux Cashmere Carpet With Letter Pattern
3782,Unranked(New),General-Home-Textile,543.4,5.0,0,45.0,"1pc Elastic Jacquard Sofa Cover Set With Anti-slip Foam Strips And Pet Claw-proof Design, Universal"
3783,Unranked(New),General-Home-Textile,541.5,4.0,30,25.0,"1pc Pineapple Print Beach Towel, Outdoor Travel Ins Style Superfine Fiber Oversized Beach Towel Bath Towel Shawl Holiday Style Shawl Digital Print Quick-Drying Towel Double-Sided Flannel Quick-Drying Towel Superfine Fiber Sports Towel Portable Beach Towel Fitness Towel Water-Resistant Sand-Proof Beach Shower Swimming Essential"
3784,Unranked(New),General-Home-Textile,522.5,4.0,0,0.0,"Mosquito Proof Window Screen, Self-Adhesive Screen Curtain, Household Non Perforated Screen Net, Simple Curtain, Screen Window, Transparent Bedroom Sliding"
3785,Unranked(New),General-Home-Textile,3514.05,4.0,0,18.0,"Highland Cow Comforter Set,Western Farmhouse Animals Cow And Sunflower Print Bedding Set 3Pcs With 2 Pillowcases,Galaxy Star Moon Twin Size Comforter Set,Floral Wild Animal Room Decor."
3786,Unranked(New),General-Home-Textile,2849.0499999999997,7.0,0,45.0,Deconovo Blackout Silver Circle and Line Curtain Panel Pair
3787,Unranked(New),General-Home-Textile,323.0,4.0,70,0.0,1 Pc Sheff  Tax This  Funny Quote Tapestry Banner College USA For College Dorm Room Decor Man Cave Frat Wall Art Deco
3788,Unranked(New),General-Home-Textile,17330.850000000002,4.0,0,50.0,2PCS Set Outdoor Lounge Chair Cushion Replacement Patio Funiture Seat Cushion Chaise Lounge Cushion
3789,Unranked(New),General-Home-Textile,332.5,4.0,100,0.0,"1pc Lovely Kitty Cat Cartoon Star Astronaut Tapestry, Room Living Room Decoration Wall Hanging (Material: 90g/Sq.M Fabric, Including Installation Accessories)"
3790,Unranked(New),General-Home-Textile,750.5,4.0,0,0.0,"1pc Cheetah Pattern Beach Towel, Bath Towel, Beach Blanket, Cute Style, 70cm*150cm/27.56in*59.06in, Made Of Extra-Fine Fiber Material, Soft And Comfortable Rectangle-Shaped Quick-Dry Towel, Suitable For Sports, Yoga, Beach, Home, And Gym"
3791,Unranked(New),General-Home-Textile,612.75,5.0,40,25.0,"1PC Stripped Microfiber Beach Towels For Travel, Quick Dry Towel For Swimmers Sand Proof Beach Towels For Women Men Girls Kids, Cool Pool Towels Beach Accessories Absorbent Towel"
3792,Unranked(New),General-Home-Textile,2849.0499999999997,4.0,0,46.0,Washable Living Room Area Rug Floral Print Bedroom Rugs Vintage Distressed Throw Carpet Transitional Floorcover Mat Retro Accent Throw Kitchen Mat Large Foldable Thin Chenille Mat Ombre Rugs Non Slip Home Decor Carpet For Dining Room Apartment Office Long Hallway Runner Rug For Laundry Bathroom
3793,Unranked(New),General-Home-Textile,1149.5,4.0,0,0.0,"1pc, Fried Egg Imitation Cashmere Carpet Mat, Bedside Bathroom Non-Slip, Wear-Resistant Carpet, Four Seasons"
3794,Unranked(New),General-Home-Textile,590.9,4.0,0,45.0,1pc Elastic Geometric Jacquard Sofa Cover For Living Room
3795,Unranked(New),General-Home-Textile,752.4,4.0,0,45.0,1pc Velvet Anti-slip Sofa Cushion With Gold Stamping Technology
3796,Unranked(New),General-Home-Textile,351.5,6.0,400,0.0,"ROMWE Grunge Punk 1pc Figure & Letter Graphic Tapestry, Modern Hanging Wall Art Cloth For Home Decor"
3797,Unranked(New),General-Home-Textile,5224.05,8.0,0,0.0,"Idee-Home Outdoor Chair Cushions Set Of 4, 17"" X 17"" X 3"" Thick Outdoor Cushion Seat Cushion Waterproof Patio Furniture Cushions With Ties, Dining Chair Cushions Indoor Chair Pads"
3798,Unranked(New),General-Home-Textile,446.5,4.0,0,0.0,"10/25/50PCS Organza Chair Sash, Royal Blue Bowknot Chair Bows For Table Decoration, Home Decoration Chair Sash For Party, DIY Bowknot Shape Table Decoration, Glass Yarn Chair Back Decoration, Holiday Party Decoration Supply Organza Canopy Staircase Curtain Outdoor Wedding Supplies, Suitable For Festival, Party, Birthday, Wedding, Gift, Dinner, Picnic, Graduation Ceremony Supplies Background Decorative Forming School Opening Ceremony Interactive Party Atmosphere Supplies Packaging Gift Decoration Ribbon"
3799,Unranked(New),General-Home-Textile,1729.0,4.0,0,0.0,1pc Solid Color Sofa Slipcover
3800,Unranked(New),General-Home-Textile,1406.0,4.0,0,0.0,Plaid Pattern Sofa Slipcover & 1pc Cushion Cover Without Filler
3801,Unranked(New),General-Home-Textile,380.0,4.0,0,0.0,1pc Christmas Slogan Graphic Pillow Cover Without Filler
3802,Unranked(New),General-Home-Textile,2050.1,4.0,0,28.0,"16.5"" X 12"" Big Size Portable Gel Seat Cushion Travel Cushion For Office Chair Car Wheelchair Long Sitting , Relief Sciatica Coccyx Pain"
3803,Unranked(New),General-Home-Textile,3836.1000000000004,4.0,0,40.0,Leaf Print Non-slip Bath Rug
3804,Unranked(New),General-Home-Textile,285.0,4.0,0,0.0,Valentine's Day Truck Print Cushion Cover Without Filler
3805,Unranked(New),General-Home-Textile,275.5,4.0,0,0.0,1pc Christmas Cat Patterned Flannel Pillowcase
3806,Unranked(New),General-Home-Textile,3277.5,4.0,0,0.0,New Simple & Cozy Single Layered Flannel Edged Blanket For Warmth
3807,Unranked(New),General-Home-Textile,332.5,4.0,0,0.0,"1pc, Chair Mat, Boho Seat Cushions, Modern Polyester Decorative Chair Pads With Anti-Slip Backing, Rebound Foam, Can Also Be Used For Flooring, Placed Inside The Car To Protect Seats, Decorate Boxes, And Rooms."
3808,Unranked(New),General-Home-Textile,1458.25,4.0,10,50.0,Rustic Floral Barn Wood Pattern Waterproof Bathroom Shower Curtain Set With 12 Hooks Toilet Seat Bath Mats And Rugs Non-Slip Carpet Toilet Covers Polyester Fabric Washable Curtain For Windows
3809,#8 Best Sellers,in Kitchen Table Skirts,1111.5,4.0,0,13.0,"Spandex Cocktail Table Skirt 60x110 Cm Stretch Cocktail Tablecloth Round Cocktail Table Skirt With Wavy Drapes Spandex Fitted High Top Table Covers For Party, Banquet, Wedding And Events"
3810,Unranked(New),General-Home-Textile,323.0,4.0,400,0.0,"1pc Eye, Moon, Mushroom Pattern Printed Tapestry, Modern Polyester Fiber Square Tapestry For Room, Living Room, Bedroom Decoration"
3811,Unranked(New),General-Home-Textile,332.5,4.0,400,0.0,INITIAL D | SHEIN Anime Printed Cute And Comfortable Tapestry
3812,Unranked(New),General-Home-Textile,484.49999999999994,4.0,0,0.0,1pc Colorblock Cushion Cover Without Filler
3813,Unranked(New),General-Home-Textile,669.75,4.0,20,25.0,1PC Cartoon Mermaid Large Beach Towels Super Soft Bath Towel Travel Towels For Swimming Pool Vacation Absorbent Fade Resistant Towel
3814,Unranked(New),General-Home-Textile,291.65,4.0,100,35.0,"10pcs Purple Organza Bowknot Chair Back Decoration Sash, Width 18cm, Length 275cm, Needs Diy To Tie Into Butterfly Shape, Glass Yarn Chair Back Cover For Festival, Party Decoration, Organza Tent, Stairway Fabric, Flower Outdoor Canopy For Wedding, Graduation Party, Background Decoration For Opening Ceremony, Interactive Party Atmosphere, Packaging, Gift Decoration Ribbon."
3815,Unranked(New),General-Home-Textile,266.0,4.0,0,20.0,Christmas Snowflake Print Cushion Cover Without Filler
3816,Unranked(New),General-Home-Textile,456.0,4.0,100,0.0,"1pc Jacquard Chair Cushion Cover,Dining Room Upholstered Cushion,Solid Chair Seat Cover Without Backrest,Furniture Protector"
3817,Unranked(New),General-Home-Textile,4180.0,4.0,0,0.0,1pc Geometric Pattern Sofa Slipcover & 2pcs Cushion Cover Without Filler
3818,Unranked(New),General-Home-Textile,2184.0499999999997,6.0,0,50.0,"2pcs Deconovo Long Outdoor Blackout Curtains For Yard Patio, Grommet Indoor Waterproof Curtains For Garden Patio - Solid Curtain Panels For Bedroom Living Room"
3819,Unranked(New),General-Home-Textile,323.0,4.0,700,0.0,"1pc Stylish And Personalized Polyester Fiber Aesthetic Tapestry With Pigeon And Starry Sky Design Featuring Song Lyrics. Suitable For Wall Decoration In Studios, Living Rooms, Bedrooms And Dormitories. Comes With Free Installation Accessories."
3820,Unranked(New),General-Home-Textile,456.0,4.0,0,0.0,Plain Stretchy Chair Cover
3821,Unranked(New),General-Home-Textile,294.5,4.0,0,31.0,1pc Christmas Plaid Print Cushion Cover Without Filler
3822,Unranked(New),General-Home-Textile,612.75,4.0,10,25.0,"1 Pc 150*75cm Oversized Pool/Beach Towel, Ultrafine Microfiber Quick-Drying Design For Sports, Travel, Swim, Pool, Yoga & More"
3823,Unranked(New),General-Home-Textile,182.4,4.0,100,40.0,1pc Spring/Summer Plant & Flower Print Tapestry Home Living Room/Bedroom/Bed Head Decoration Wall Hanging
3824,Unranked(New),General-Home-Textile,5699.05,6.0,0,44.0,"60 Pack Handmade Cloth Napkins With Fringe Cotton Linen Napkins,Natural Soft Rustic Cotton Dinner Napkins For Wedding Party Event Table Decoration(16 * 16 Inch)"
3825,Unranked(New),General-Home-Textile,389.49999999999994,4.0,10,0.0,"GAWX 1pc Cartoon Hand Drawing Camera Boy & Cat & Letter Pattern Polyester Tapestry, Ideal For Living Room, Bedroom, Wall Decoration, Camping Decoration, All Seasons Tapestry"
3826,Unranked(New),General-Home-Textile,2194.5,4.0,0,0.0,Flower Print Duvet Cover Set Without Filler
3827,Unranked(New),General-Home-Textile,598.5,4.0,0,0.0,Argyle Print Cushion Cover Without Filler
3828,Unranked(New),General-Home-Textile,324.9,5.0,60,5.0,"1pc Printed Quick Dry Beach Towel, Double-Sided Absorbent Microfiber Swim Towel"
3829,Unranked(New),General-Home-Textile,456.0,4.0,0,0.0,1pc Leaf Print Stretchy Chair Slipcover
3830,Unranked(New),General-Home-Textile,323.0,4.0,10,0.0,"Mushroom And Peach Skin Velvet Wall Tapestry, Dreamy Forest Tree Wall Hanging, Galaxy Space Wall Tapestry, Moon Mushroom Jungle Aesthetics Floral Plants Landscape Tapestry, Wall Decoration For Home"
3831,Unranked(New),General-Home-Textile,2118.5,4.0,0,0.0,Jacquard Stretchy Sofa Cover
3832,Unranked(New),General-Home-Textile,3790.5,6.0,10,0.0,3pcs White Comforter Twin  Queen King Size 3 Pieces Boho Lightweight Solid Bedding Set All Season Fluffy Bed Comforter Set White and Beige Reversible Bedding Twin  Queen King 1 Comforter 2 Pillowcases
3833,Unranked(New),General-Home-Textile,5699.05,7.0,0,25.0,"4 Pack Solid Color Table Cover Round Spandex Tablecloth Stretchable  Washable and Wrinkle Resistant Table Cloth, Fitted Round Table for Wedding, Banquet, Birthday, Party, Restaurant"
3834,Unranked(New),General-Home-Textile,275.5,4.0,0,0.0,"1pair Household Cleaning Gloves With Velvet Lining To Prevent Slip, Rubber Dishwashing Gloves For Kitchen, Thick And Durable, Fashionable Design"
3835,Unranked(New),General-Home-Textile,199.5,4.0,0,0.0,1pc Satin Cloth Napkin
3836,Unranked(New),General-Home-Textile,750.5,4.0,0,4.0,"1pc Bohemian-Style Leaf Print Beach Towel - 30in X 60in, Super Large Microfiber Beach Blanket, Super Absorbent Bath Towel, Suitable For Travel, Swimming, Diving, Surfing, Yoga, Camping..."
3837,Unranked(New),General-Home-Textile,1073.5,4.0,0,0.0,Tassel Decor Blanket
3838,Unranked(New),General-Home-Textile,4334.85,5.0,0,76.0,"Natural  Torino Madrid Cowhide Pillow  1-Piece  18""X18""  1"
3839,#4 Best Sellers,in Decorative Tapestry,266.0,4.0,0,0.0,1pc Personalized Tapestry Room Decoration Wall Hanging Cloth Tapestry Music Party Decoration Suede Fabric Tapestry For Living Room Office Home Decor
3840,Unranked(New),General-Home-Textile,3477.0,4.0,0,11.0,"1pc Simple Yet Practical Oval-Shaped Carpet, Suitable For Various Areas Such As Living Room, Bedroom, Coffee Table, Etc. Long Silk-Like Oval Carpet For Bedside With Creatively Designed Window Seat Cover. Practical And Multicolored."
3841,Unranked(New),General-Home-Textile,1624.5000000000002,4.0,0,0.0,1pc Tree Print Sofa Slipcover & 1pc Cushion Cover Without Filler
