,color-count,Product_Title,selling_proposition,Final_Amount,discount,rank-title,rank-sub,Org_Amount
0,15.0,Manfinity Homme Loose Fit Men's Solid Color Button Up Shirt,10000.0,1139.05,7.0,Unranked(New),Simple Menswear,1224.784946236559
1,0.0,Manfinity Joysei Men's Star Patterned Shorts With Drawstring Waist,0.0,1063.05,13.0,#8 Best Seller,in Blue Men Clothing,1221.896551724138
2,0.0,"Men's Summer Casual Short Sleeve T-Shirt With Slogan And Character Print, Round Neck",0.0,768.55,13.0,#10 Best Seller,in Figure Men T-Shirts,883.3908045977012
3,11.0,Manfinity Homme Men's Contrast Color Short Sleeve Polo Shirt With Decorative Details,10000.0,949.0500000000001,12.0,Unranked(New),Simple Menswear,1078.465909090909
4,7.0,Manfinity EMRG Loose Fit Men Plus Letter Printed Graphic Tee,30.0,330.6,70.0,Unranked(New),Simple Menswear,1102.0
5,6.0,Manfinity Hypemode Loose Fit Men's Cotton Jeans With Slant Pockets Baggy Long Washed Skater Jean Cargo Plain Light Blue Going Out Y2K Friends,0.0,2345.55,12.0,#8 Best Seller,in Pocket Men Jeans,2665.3977272727275
6,10.0,Manfinity Hypemode Men Solid Button Up Shirt & Drawstring Waist Pants Without Tee,0.0,2165.0499999999997,7.0,#2 Best Seller,in Fabric Men Shirt Co-ords,2328.0107526881716
7,8.0,Men's Summer Letter Printed Short Sleeve Round Neck Casual Commute T-Shirt,80.0,389.49999999999994,56.0,Unranked(New),Simple Menswear,885.2272727272725
8,6.0,Manfinity Homme Men's Simple Print/Pattern/Letter Short Sleeve T-Shirt,3800.0,759.0500000000001,13.0,Unranked(New),Simple Menswear,872.471264367816
9,4.0,Manfinity Homme Men Plus Size Summer Casual Solid Texture Short Sleeve T-Shirt And Shorts Set,0.0,2275.25,14.0,#2 Best Sellers,in Men Plus Size Co-ords,2645.639534883721
10,0.0,"ROMWE Street Life Men's 2pcs Slogan Printed Shorts, Suitable For Daily Wear In Spring And Summer",100.0,1471.55,14.0,Unranked(New),Simple Menswear,1711.1046511627908
11,23.0,Manfinity Homme Men's Solid Color Round Neck Short Sleeve T-Shirt,0.0,597.55,17.0,#10 Best Seller,in Black Men Clothing,719.9397590361444
12,10.0,Manfinity Hypemode Loose Men Slant Pockets Drawstring Waist Shorts,500.0,375.25,54.0,Unranked(New),Simple Menswear,815.7608695652174
13,5.0,Manfinity LEGND Plus Size Round Neck Letter Printed Short Sleeve T-Shirt For Summer,600.0,882.55,12.0,Unranked(New),Simple Menswear,1002.8977272727273
14,12.0,Manfinity EMRG Men Bear & Letter Graphic Tee & Drawstring Waist Shorts,0.0,1500.05,13.0,#2 Best Seller,In Cartoon Men Clothing,1724.1954022988505
15,6.0,Manfinity RSRT Men's Plus Size Fashion Color Block Button-Down Shirt And Shorts Set,800.0,2047.25,8.0,Unranked(New),Simple Menswear,2225.271739130435
16,0.0,Manfinity Homme Men Solid Button Up Shirt & Shorts Set,0.0,1880.05,7.0,#1 Best Seller,in White Men Shirt Co-ords,2021.5591397849462
17,0.0,"Manfinity Hypemode Manfinity Hypemode Men's Men Beach Outfits Printed Single-Breasted Casual Knitted Top, Ideal For Vacation, Summer",10.0,1329.05,14.0,Unranked(New),Simple Menswear,1545.406976744186
18,0.0,Manfinity Homme Men Plus Size Summer Round Neck Landscape Print Short Sleeve T-Shirt And Drawstring Pocket Shorts Two-Piece Set,1000.0,1709.05,13.0,Unranked(New),Simple Menswear,1964.4252873563219
19,0.0,Men's Solid Color Short Sleeve Polo Shirt And Drawstring Shorts Summer Casual Outfit,500.0,1541.8500000000001,7.0,Unranked(New),Simple Menswear,1657.9032258064517
20,4.0,"Men's Summer Short-Sleeve Casual T-Shirt With Letter Print, Round Neck",0.0,759.0500000000001,7.0,#9 Best Seller,in Polyester Men T-Shirts,816.1827956989247
21,7.0,Men Drawstring Waist Zipper Pocket Shorts,0.0,882.55,7.0,#10 Best Seller,in Plain Men Shorts,948.9784946236559
22,0.0,Manfinity Homme Men's Plus Size Summer Casual Short Sleeve T-Shirt With Slogan Print And Crew Neck,0.0,977.55,13.0,#9 Best Seller,in Colorblock Men Plus Size Clothing,1123.6206896551723
23,0.0,Manfinity Homme Men's Short Sleeve Shirt,1300.0,1212.2,7.0,Unranked(New),Simple Menswear,1303.4408602150538
24,9.0,Manfinity Homme Men's Solid Color Short Sleeve Polo Shirt,0.0,1253.05,13.0,#4 Best Seller,in White Men Polo Shirts,1440.287356321839
25,7.0,Manfinity Men Cartoon & Slogan Graphic Tee,600.0,660.25,22.0,Unranked(New),Simple Menswear,846.474358974359
26,0.0,Manfinity RSRT Men's Plus Size Summer Palm Tree & Letter Print Round Neck Short Sleeve Casual T-Shirt And Drawstring Waist Shorts Set,30.0,684.95,63.0,Unranked(New),Simple Menswear,1851.2162162162163
27,7.0,Men's Casual Drop-Shoulder Short Sleeve T-Shirt With Letter Print For Summer,20.0,365.75,56.0,Unranked(New),Simple Menswear,831.25
28,8.0,Manfinity Homme Loose-Fit Men's Solid Color T-Shirt & Drawstring Waist Shorts,0.0,1965.5500000000002,12.0,#4 Best Seller,in Green Men Co-ords,2233.579545454546
29,7.0,Manfinity EMRG Men's Letter Printed Hooded Casual Sweatshirt,0.0,1348.05,13.0,#5 Best Seller,in Letter Men Hoodies & Sweatshirts,1549.4827586206898
30,10.0,Manfinity EMRG Men's Letter Printed Slim Fit Short Sleeve T-Shirt For Summer,6800.0,749.55,12.0,Unranked(New),Simple Menswear,851.7613636363636
31,0.0,Manfinity RSRT Men Plus Gradient Color Short Sleeve Shirt And Shorts Set,1200.0,2136.5499999999997,7.0,Unranked(New),Simple Menswear,2297.365591397849
32,9.0,Manfinity Homme Loose Fit Men's Solid Color Waffle Knit T-Shirt,1600.0,844.5500000000001,12.0,Unranked(New),Simple Menswear,959.7159090909091
33,5.0,Manfinity Homme Men T-Shirts Fit Crew Neck Short Sleeve Graphic Tee Casual Colorful Summer Knit Top,3000.0,797.0500000000001,13.0,Unranked(New),Simple Menswear,916.1494252873563
34,12.0,Manfinity Men Horse Print Striped Trim Polo Shirt,6300.0,1034.55,14.0,Unranked(New),Simple Menswear,1202.9651162790697
35,0.0,Manfinity Homme Men's Plus-Size Summer Poker Pattern Print Round Neck Short Sleeve T-Shirt And Drawstring Waist Shorts Outfits,0.0,1167.55,42.0,#1 Best Seller,in Red Men Plus Size Co-ords,2013.0172413793102
36,12.0,Manfinity Mode Men Contrast Trim Polo Shirt,1300.0,1091.55,13.0,Unranked(New),Simple Menswear,1254.655172413793
37,0.0,Manfinity Homme Men Two Tone Pocket Patched Shirt & Drawstring Waist Pants Without Tee,300.0,1553.2500000000002,36.0,Unranked(New),Simple Menswear,2426.9531250000005
38,9.0,Manfinity Homme Loose Fit Men's Flap Pocket Side Cargo Shorts,0.0,1281.55,14.0,#2 Best Seller,in Khaki Men Shorts,1490.1744186046512
39,6.0,Manfinity Homme Men Striped Print Polo Shirt,1700.0,622.25,51.0,Unranked(New),Simple Menswear,1269.8979591836735
40,5.0,Manfinity Homme Knitted Casual Letter Printed Round Neck Short Sleeve T-Shirt And Long Pants Two-Piece Set (Plus Size),0.0,824.6,69.0,#6 Best Seller,in Khaki Men Plus Size T-Shirt Co-ords,2660.0
41,10.0,ROMWE Street Life Men Floral Print Drawstring Waist Shorts,10000.0,930.05,13.0,Unranked(New),Simple Menswear,1069.0229885057472
42,7.0,Manfinity Swimmode Men Striped Letter Patched Detail Drawstring Waist Swim Shorts,0.0,1139.05,7.0,#5 Best Seller,in Boho Men Swimwear,1224.784946236559
43,10.0,Men Ripped Frayed Skinny Jeans,3200.0,2459.55,7.0,Unranked(New),Simple Menswear,2644.677419354839
44,8.0,Manfinity Homme Men's Plus Size Letter Printed Short Sleeve T-Shirt,0.0,873.05,12.0,#1 Best Seller,in Casual Men Plus Size Tops,992.1022727272727
45,19.0,Manfinity RSRT Men Solid Button Up Shirt & Shorts,4700.0,1604.55,7.0,Unranked(New),Simple Menswear,1725.3225806451612
46,4.0,Manfinity Homme Men Grid Print Drawstring Waist Pants,1600.0,1532.35,8.0,Unranked(New),Simple Menswear,1665.5978260869565
47,9.0,Men Solid Drawstring Pocket Detail Thermal Lined Sweatshirt,1800.0,749.55,41.0,Unranked(New),Simple Menswear,1270.4237288135594
48,0.0,Manfinity LEGND Men Plus Ombre Tee & Drawstring Waist Shorts,0.0,1908.55,14.0,#8 Best Seller,in Black Men Plus Size T-Shirt Co-ords,2219.2441860465115
49,9.0,Manfinity Homme Men Striped Print Shirt,0.0,1063.05,7.0,#1 Best Seller,in Striped Men Shirts,1143.0645161290322
50,4.0,Manfinity RSRT Men Floral Print Shirt & Shorts Without Tee,3200.0,1718.55,7.0,Unranked(New),Simple Menswear,1847.9032258064517
51,0.0,Manfinity Chillmode Men Tropical Print Tank Top & Drawstring Waist Shorts,0.0,629.85,54.0,#2 Best Seller,in Black Men Tank Top Co-ords,1369.2391304347825
52,6.0,Manfinity Homme Men Plus Solid Tee & Shorts,0.0,2110.9,18.0,#8 Best Seller,in Plain Men Plus Size T-Shirt Co-ords,2574.268292682927
53,0.0,Men'S Emoticon & Letter Printed T-Shirt,6000.0,351.5,59.0,Unranked(New),Simple Menswear,857.3170731707318
54,14.0,Manfinity Chillmode Men Tropical Print Tee & Drawstring Waist Shorts,5900.0,1398.4,17.0,Unranked(New),Simple Menswear,1684.8192771084337
55,9.0,Manfinity Homme Men's Coconut Tree Print Short Sleeve T-Shirt Set,10000.0,1405.05,13.0,Unranked(New),Simple Menswear,1615.0
56,8.0,"Manfinity LEGND Men's Casual Short Sleeve T-Shirt With Mushroom Print, Spring/Summer",800.0,987.0500000000001,13.0,Unranked(New),Simple Menswear,1134.5402298850574
57,0.0,Men Cartoon & Slogan Graphic Kangaroo Pocket Drawstring Thermal Hoodie,100.0,538.65,61.0,Unranked(New),Simple Menswear,1381.1538461538462
58,0.0,Men's Summer Slogan Palm Tree Printed Round Neck Casual Short Sleeve T-Shirt,50.0,279.3,69.0,Unranked(New),Simple Menswear,900.9677419354839
59,11.0,Manfinity Hypemode Men's Random Tie-Dyeing Gradient Letter Print Short Sleeve T-Shirt,10000.0,673.55,12.0,Unranked(New),Simple Menswear,765.3977272727273
60,4.0,Manfinity Basics Men 3pcs Solid Round Neck Tee,3200.0,1557.05,13.0,Unranked(New),Simple Menswear,1789.712643678161
61,4.0,Manfinity Homme Men Plus Size Solid Color Round Neck Short Sleeve T-Shirt + Drawstring Pocket Shorts Set,0.0,1994.05,13.0,#2 Best Seller,in Plain Men Plus Size T-Shirt Co-ords,2292.0114942528735
62,10.0,Men's Solid Color Fine Ribbed Polo Shirt,2300.0,1091.55,14.0,Unranked(New),Simple Menswear,1269.2441860465117
63,8.0,Manfinity Modomio Loose-Fit Men's Solid Color Shirt And Pants Suit,1800.0,1880.05,14.0,Unranked(New),Simple Menswear,2186.1046511627906
64,5.0,Manfinity Homme Men Patch Detail Drawstring Waist Shorts Jogger Color Block Light Grey Casual,0.0,947.1500000000001,17.0,#9 Best Seller,in Patched Men Bottoms,1141.144578313253
65,0.0,Manfinity Homme Men's Plus Size Summer Letter Printed Round Neck Short Sleeve Casual T-Shirt And Shorts Set,40.0,887.3,59.0,Unranked(New),Simple Menswear,2164.1463414634145
66,0.0,"ROMWE Street Life Men's Portrait Print Shorts, Suitable For Daily Wear In Spring And Summer",0.0,1063.05,13.0,#6 Best Seller,in Letter Men Bottoms,1221.896551724138
67,0.0,Manfinity EMRG Men's Loose Casual Cargo Pants With Flap Pockets And Drawstring Waist,300.0,1364.2,24.0,Unranked(New),Simple Menswear,1795.0
68,9.0,Manfinity LEGND Men Flap Pocket Drawstring Waist Cargo Shorts,3900.0,1205.55,13.0,Unranked(New),Simple Menswear,1385.6896551724137
69,9.0,Manfinity RSRT Men Plants Print Button Up Shirt Without Tee,0.0,939.5500000000001,7.0,#7 Best Sellers,in Button-up shirt,1010.2688172043011
70,0.0,Manfinity Hypemode Men Plus Bear Print Tee & Plaid Drawstring Waist Shorts,500.0,2172.65,19.0,Unranked(New),Simple Menswear,2682.283950617284
71,11.0,Men Cotton Ripped Straight Leg Jeans,7600.0,2193.55,7.0,Unranked(New),Simple Menswear,2358.655913978495
72,12.0,Manfinity Homme Men's Solid Color Short Sleeve Shirt,6500.0,1262.55,6.0,Unranked(New),Simple Menswear,1343.1382978723404
73,12.0,Manfinity Homme Men Solid Button Front Shirt & Drawstring Waist Shorts Without Tee,2600.0,1652.05,7.0,Unranked(New),Simple Menswear,1776.3978494623657
74,0.0,Men's Plus Size Letter Printed Short Sleeve T-Shirt,200.0,666.9,21.0,Unranked(New),Simple Menswear,844.1772151898734
75,14.0,Manfinity Homme Men Floral & Letter Graphic Shirt & Drawstring Waist Shorts Without Tee,5300.0,1956.05,7.0,Unranked(New),Simple Menswear,2103.2795698924733
76,0.0,3pcs Men's Summer Thin Ice Silk Quick-Drying Stylish Casual Running Fitness Beach Shorts Set,6800.0,1823.0500000000002,7.0,Unranked(New),Simple Menswear,1960.2688172043013
77,10.0,Manfinity Bizformal Men's Solid Color Skinny Fit Suit Pants Without Belt,1100.0,1291.05,13.0,Unranked(New),Simple Menswear,1483.9655172413793
78,6.0,Manfinity Hypemode Men Loose Embroidery Star Pattern Contrast Piping Pants,1200.0,1671.05,6.0,Unranked(New),Simple Menswear,1777.712765957447
79,0.0,"Manfinity RSRT Men's Plus-Size Striped Print Short Sleeve Button-Front Shirt And Pocketed Shorts Set, Summer Casual Vacation Style",50.0,889.1999999999999,58.0,Unranked(New),Simple Menswear,2117.1428571428573
80,0.0,"Manfinity CasualCool Men Hawaiian Tropical Plant Printed Short Sleeve Casual Shirt And Shorts Set, Summer",1100.0,1182.75,35.0,Unranked(New),Simple Menswear,1819.6153846153845
81,11.0,Manfinity Homme Loose Fit Men's Cargo Shorts With Flap Pockets And Drawstring Waist,10000.0,1110.55,13.0,Unranked(New),Simple Menswear,1276.4942528735633
82,8.0,Manfinity Homme Men Fashion Print Short-Sleeve Loose T-Shirt,500.0,863.55,13.0,Unranked(New),Simple Menswear,992.5862068965517
83,0.0,Manfinity RSRT Men Plus Size Solid Color Button Polo Collar Short Sleeve Casual T-Shirt For Summer,100.0,996.5500000000001,13.0,Unranked(New),Simple Menswear,1145.4597701149426
84,0.0,Manfinity EMRG Men's Summer Car Letter Printed Round Neck Short Sleeve Casual T-Shirt And Drawstring Waist Shorts Set,0.0,1244.5,17.0,#8 Best Seller,in Graphic Men T-Shirt Co-ords,1499.3975903614457
85,0.0,Manfinity Hypemode Men Cartoon Graphic Drawstring Waist Shorts,4300.0,816.05,13.0,Unranked(New),Simple Menswear,937.9885057471264
86,0.0,Manfinity LEGND Double Layer Drawstring Letter And Cross Print Casual Shorts For Summer,0.0,1063.05,13.0,#1 Best Seller,in Letter Men Shorts,1221.896551724138
87,0.0,Men Letter Printed Casual Short Sleeve T-Shirt With Round Neck For Spring And Summer,0.0,405.65,53.0,Unranked(New),Simple Menswear,863.0851063829788
88,11.0,Manfinity Hypemode Bear Print T-Shirt And Shorts Knitting Casual Two-Piece Set,0.0,1728.0500000000002,13.0,#6 Best Seller,in Animal Men Co-ords,1986.2643678160923
89,7.0,Manfinity EMRG Men Floral & Slogan Graphic Drop Shoulder Tee,0.0,815.1,15.0,#1 Best Seller,in Floral Men T-Shirts,958.9411764705883
90,6.0,Manfinity Homme Men Drawstring Waist Slant Pocket Shorts,5000.0,1100.1,18.0,Unranked(New),Simple Menswear,1341.5853658536585
91,5.0,Manfinity LEGND Men Plus Slogan Graphic Tee,500.0,707.75,29.0,Unranked(New),Simple Menswear,996.830985915493
92,0.0,Manfinity Hypemode Men'S Knitted Casual Printed Two-Piece Set,10000.0,2321.8,14.0,Unranked(New),Simple Menswear,2699.7674418604656
93,5.0,Men's Bear Print Round Neck Short Sleeve T-Shirt,0.0,825.55,13.0,#3 Best Seller,In Cartoon Men Clothing,948.9080459770115
94,9.0,Manfinity Basics Men's Drawstring Waist Casual Woven Shorts,0.0,559.55,51.0,#7 Best Seller,in Purple Men Clothing,1141.9387755102039
95,0.0,Manfinity Homme Men Plus Size Summer Casual Color Block Short Sleeve T-Shirt And Shorts Set,10.0,855.9499999999999,61.0,Unranked(New),Simple Menswear,2194.74358974359
96,9.0,Manfinity LEGND Men Summer Gradient Letter Printed Round Neck Short Sleeve Casual T-Shirt And Shorts Set,0.0,1452.55,14.0,#9 Best Seller,in Pocket Men T-Shirt Co-ords,1689.0116279069769
97,8.0,Manfinity Homme Men Geometric Printed Long Sleeve Shirt For Spring And Autumn,300.0,844.5500000000001,33.0,Unranked(New),Simple Menswear,1260.5223880597016
98,5.0,Manfinity Homme Men's Solid Color Polo Shirt,1700.0,949.0500000000001,13.0,Unranked(New),Simple Menswear,1090.8620689655172
99,6.0,Manfinity EMRG Men Eye & Letter Graphic Drop Shoulder Tee,0.0,816.05,13.0,#6 Best Seller,in Khaki Men Tops,937.9885057471264
100,0.0,Manfinity ResortEase Men's Plus Size Geometric Dark Striped V-Neck Short Sleeve T-Shirt And Loose Casual Shorts Summer Set,0.0,2450.0499999999997,12.0,#9 Best Seller,in White Men Plus Size Co-ords,2784.147727272727
101,6.0,Manfinity Hypemode Loose Fit Men's Drawstring Waist Shorts With Letter Patch Detail,0.0,949.0500000000001,13.0,#2 Best Seller,in Orange Men Shorts,1090.8620689655172
102,10.0,"Manfinity Men's Solid Color Tank Tops, Multiple Pieces",10000.0,1405.05,7.0,Unranked(New),Simple Menswear,1510.8064516129032
103,8.0,Manfinity Basics Men Solid Drawstring Waist Pants,1500.0,1186.55,7.0,Unranked(New),Simple Menswear,1275.8602150537633
104,7.0,Men Ripped Frayed Denim Shorts,0.0,1566.55,7.0,#1 Best Seller,in Denim Men Clothing,1684.4623655913979
105,4.0,Manfinity Homme Men Solid Button Up Shirt,0.0,1253.05,6.0,#3 Best Seller,in White Men Shirts,1333.031914893617
106,0.0,Manfinity Homme Men's Summer Solid Short Sleeve Polo Shirt For Casual And Work,900.0,1234.05,13.0,Unranked(New),Simple Menswear,1418.448275862069
107,4.0,Manfinity Homme Men Solid Shirt & Drawstring Waist Shorts Without Tee,100.0,1611.2,16.0,Unranked(New),Simple Menswear,1918.095238095238
108,5.0,Manfinity EMRG Round Neck Race Car And Letters Print Short Sleeve T-Shirt For Summer,0.0,711.5500000000001,12.0,#4 Best Seller,in Animal Men T-Shirts,808.5795454545455
109,17.0,Manfinity Men's Short Sleeve Polo Shirt With Colorblocking Design,6200.0,1101.05,13.0,Unranked(New),Simple Menswear,1265.5747126436781
110,6.0,Men's Round Neck Casual & Business Letter Printed T-Shirt,0.0,454.1,49.0,#10 Best Seller,in Geometric Men T-Shirts,890.3921568627451
111,6.0,Manfinity Homme Men'S Solid Color Short Sleeve T-Shirt And Shorts Set,6100.0,1604.55,13.0,Unranked(New),Simple Menswear,1844.3103448275863
112,9.0,Manfinity EMRG Men's Loose Fit Drawstring Waist Flip Pocket Cargo Shorts,0.0,1205.55,14.0,#9 Best Seller,in Plain Men Shorts,1401.8023255813953
113,8.0,ROMWE Street Life Men's Skull & Paisley Print Drawstring Waist Shorts,10000.0,1091.55,14.0,Unranked(New),Simple Menswear,1269.2441860465117
114,5.0,Manfinity Men Tropical & Letter Graphic Tee,2700.0,381.9,58.0,Unranked(New),Simple Menswear,909.2857142857143
115,16.0,Men Drawstring Waist Track Shorts,0.0,835.05,12.0,#8 Best Seller,in Loose Men Clothing,948.9204545454545
116,6.0,Manfinity Chillmode Men Tropical Print Tee & Drawstring Waist Shorts,0.0,1519.05,14.0,#1 Best Seller,in Woven Fabric Men T-Shirt Co-ords,1766.3372093023256
117,4.0,Manfinity Hypemode Men Solid Ribbed Knit Top,200.0,811.3,50.0,Unranked(New),Simple Menswear,1622.6
118,6.0,Manfinity KASUA Men's Solid Colored Drop Shoulder Loose T-Shirt & Shorts Set,2600.0,1651.1,17.0,Unranked(New),Simple Menswear,1989.2771084337348
119,0.0,Manfinity Hypemode Men Slogan Graphic Tee & Shorts,3900.0,1488.65,17.0,Unranked(New),Simple Menswear,1793.55421686747
120,6.0,Men's Round Neck Casual & Business Letter Printed T-Shirt,0.0,454.1,49.0,#10 Best Seller,in Geometric Men T-Shirts,890.3921568627451
121,17.0,Manfinity Men's Short Sleeve Polo Shirt With Colorblocking Design,0.0,1101.05,13.0,#10 Best Seller,in Plain Men Polo Shirts,1265.5747126436781
122,8.0,ROMWE Street Life Men's Skull & Paisley Print Drawstring Waist Shorts,10000.0,1091.55,14.0,Unranked(New),Simple Menswear,1269.2441860465117
123,5.0,Manfinity Men Tropical & Letter Graphic Tee,2700.0,381.9,58.0,Unranked(New),Simple Menswear,909.2857142857143
124,16.0,Men Drawstring Waist Track Shorts,0.0,835.05,12.0,#8 Best Seller,in Loose Men Clothing,948.9204545454545
125,0.0,Nearly There Spain Solo Cups Mens Graphic Cotton Tank Top,0.0,1424.05,12.0,Unranked(New),Simple Menswear,1618.2386363636363
126,6.0,Manfinity Chillmode Men Tropical Print Tee & Drawstring Waist Shorts,0.0,1519.05,14.0,#1 Best Seller,in Woven Fabric Men T-Shirt Co-ords,1766.3372093023256
127,8.0,DAZY Men's Summer Solid Color Round Neck Short Sleeve Casual T-Shirt,0.0,424.65,61.0,Unranked(New),Simple Menswear,1088.8461538461538
128,6.0,Manfinity KASUA Men's Solid Colored Drop Shoulder Loose T-Shirt & Shorts Set,2600.0,1651.1,17.0,Unranked(New),Simple Menswear,1989.2771084337348
129,0.0,Manfinity Hypemode Men Slogan Graphic Tee & Shorts,3900.0,1488.65,17.0,Unranked(New),Simple Menswear,1793.55421686747
130,10.0,Manfinity EMRG Loose Men Letter & Bull Head Print Round Neck T-Shirt,1000.0,835.05,12.0,Unranked(New),Simple Menswear,948.9204545454545
131,0.0,Nearly There Italy Solo Cups Mens Graphic Cotton Tank Top,0.0,1424.05,12.0,Unranked(New),Simple Menswear,1618.2386363636363
132,0.0,Manfinity Mode Men Allover Print Contrast Trim Polo Shirt,10000.0,1025.05,13.0,Unranked(New),Simple Menswear,1178.2183908045977
133,7.0,Manfinity EMRG Men Cross Print Drawstring Waist Sweatpants Long Flare Going Out Goth Friends,0.0,1234.05,6.0,#1 Best Seller,in Pocket Men Sweatpants,1312.8191489361702
134,0.0,Manfinity Homme Men's Knitted Multi-Pocket Cargo Shorts,40.0,432.25,65.0,Unranked(New),Simple Menswear,1235.0
135,4.0,Manfinity Homme Men Ombre Button Up Shirt Without Tee,3300.0,1101.05,6.0,Unranked(New),Simple Menswear,1171.3297872340424
136,10.0,Manfinity Loose Fit Men's Cargo Shorts With Flap Pockets & Drawstring Waist,1300.0,1072.55,14.0,Unranked(New),Simple Menswear,1247.1511627906978
137,12.0,Manfinity Sporsity Men's Summer Casual Color Block Patchwork Short Sleeve Polo Shirt,100.0,452.2,65.0,Unranked(New),Simple Menswear,1292.0
138,6.0,Men's Drawstring Waistband Pocket Beach Shorts With Wavy Print,2800.0,1091.55,7.0,Unranked(New),Simple Menswear,1173.7096774193549
139,10.0,"Men's Corduroy Casual Shorts, Versatile Bermuda Shorts",300.0,1006.05,6.0,Unranked(New),Simple Menswear,1070.2659574468084
140,29.0,Men Solid Round Neck Tee,6000.0,711.5500000000001,13.0,Unranked(New),Simple Menswear,817.8735632183908
141,12.0,Manfinity Basics Men'S Solid Casual Short Sleeve T-Shirt,1700.0,1786.9499999999998,16.0,Unranked(New),Simple Menswear,2127.3214285714284
142,13.0,Manfinity Homme Men Lapel Collar Button Front Shirt,2900.0,1109.6,11.0,Unranked(New),Simple Menswear,1246.7415730337077
143,0.0,Nearly There Japan Solo Cups Mens Graphic Cotton Tank Top,0.0,1424.05,12.0,Unranked(New),Simple Menswear,1618.2386363636363
144,4.0,Manfinity LEGND Loose-Fitting Men's Letter Patch Detail Flap Pocket Drawstring Waist Cargo Shorts,2500.0,1129.55,13.0,Unranked(New),Simple Menswear,1298.3333333333333
145,0.0,Men Fashion Loose Fit Color Block Design Casual Shorts,10.0,355.3,66.0,Unranked(New),Simple Menswear,1045.0
146,11.0,Manfinity Homme Men Fashionable Short-Sleeved T-Shirt With Gradient Color And Printed Pattern For Summer,3600.0,816.05,12.0,Unranked(New),Simple Menswear,927.3295454545455
147,0.0,Men's Casual Round Neck Letter And Eye Patterned Commute T-Shirt,900.0,705.85,20.0,Unranked(New),Simple Menswear,882.3125
148,0.0,Manfinity LEGND Men Cartoon Graphic Tee & Drawstring Waist Shorts,0.0,1254.0,17.0,#4 Best Seller,in Black Men T-Shirt Co-ords,1510.8433734939758
149,0.0,Nearly There South Korea Solo Cups Mens Graphic Cotton Tank Top,0.0,1424.05,12.0,Unranked(New),Simple Menswear,1618.2386363636363
150,11.0,Manfinity Homme Men's Digital Print Short Sleeve And Shorts Two Piece Set,0.0,1395.55,13.0,#3 Best Sellers,in Men T-Shirt Co-ords,1604.0804597701149
151,9.0,Manfinity LEGND Men Tie Dye Letter Graphic Tee,5200.0,835.05,13.0,Unranked(New),Simple Menswear,959.8275862068965
152,10.0,Manfinity Homme Men Solid Polo Shirt,3700.0,930.05,13.0,Unranked(New),Simple Menswear,1069.0229885057472
153,0.0,Manfinity Homme Loose Fit Men's White Knitted Round Neck Short Sleeve T-Shirt,2600.0,854.0500000000001,12.0,Unranked(New),Simple Menswear,970.5113636363636
154,6.0,"ROMWE Street Life Men'S High Street Vintage Acid Washed Round Neck T-Shirt With Distressed Snowflakes Print, Suitable For Casual Wear In Spring And Summer",0.0,1481.05,14.0,#9 Best Seller,in Black Men Tops,1722.1511627906978
155,15.0,Dem Boys Dallas  Mens T-Shirt,0.0,1900.0,0.0,Unranked(New),Simple Menswear,1900.0
156,20.0,Manfinity Hypemode Men Expression Print Drop Shoulder Tee,3000.0,816.05,13.0,Unranked(New),Simple Menswear,937.9885057471264
157,7.0,Men's Summer Casual Short Sleeve T-Shirt With Slogan Printed And Round Neck,80.0,705.85,20.0,Unranked(New),Simple Menswear,882.3125
158,0.0,Manfinity Homme Men Geo Print Quarter Zip Polo Shirt,1700.0,1044.05,13.0,Unranked(New),Simple Menswear,1200.057471264368
159,5.0,Manfinity Homme Men Color Block Quarter Zip Polo Shirt,600.0,1034.55,14.0,Unranked(New),Simple Menswear,1202.9651162790697
160,8.0,Manfinity Homme Loose Men's Solid Color Half Button Shirt,6200.0,1405.05,7.0,Unranked(New),Simple Menswear,1510.8064516129032
161,15.0,SunDEY FunDEY Sunday Funday Mens T-Shirt,0.0,1995.0,0.0,Unranked(New),Simple Menswear,1995.0
162,4.0,Manfinity RSRT Men Tropical Print Shirt & Drawstring Waist Shorts Without Tee,10000.0,1699.55,7.0,Unranked(New),Simple Menswear,1827.47311827957
163,6.0,Manfinity LEGND Men Ripped Pocket Patched Denim Shirt Without Tee,0.0,1842.05,7.0,#4 Best Seller,in Short Sleeve Men Denim,1980.6989247311828
164,6.0,Manfinity Homme Men Ribbed Knit Tee & Drawstring Waist Shorts,1000.0,728.65,57.0,Unranked(New),Simple Menswear,1694.5348837209303
165,6.0,ROMWE Street Life Men's Frayed Hem Denim Shorts With Pockets,0.0,2087.15,7.0,#1 Best Seller,in Loose Men Denim,2244.2473118279568
166,9.0,Manfinity Hypemode Loose Fit Men's Embossed Drop Shoulder T-Shirt,2200.0,1053.55,12.0,Unranked(New),Simple Menswear,1197.215909090909
167,4.0,Manfinity Homme Loose-Fit Men's Sweatpants With Patch And Drawstring Waist Detail,100.0,1135.25,20.0,Unranked(New),Simple Menswear,1419.0625
168,6.0,Manfinity Homme Men Cotton Ripped Frayed Cat Scratch Skinny Jeans,0.0,2003.55,13.0,#9 Best Seller,in Pocket Men Jeans,2302.9310344827586
169,7.0,Manfinity RSRT Men Drawstring Waist Paisley Print Shorts,0.0,844.5500000000001,14.0,#4 Best Seller,in Boho Men Shorts,982.0348837209302
170,0.0,"ROMWE Street Life Men's Character Printed Short Sleeve Y2k T-Shirt, Suitable For Daily Wear In Spring And Summer",4100.0,1063.05,13.0,Unranked(New),Simple Menswear,1221.896551724138
171,16.0,Manfinity Homme Men Half Zip Polo Shirts,2600.0,1167.55,12.0,Unranked(New),Simple Menswear,1326.7613636363637
172,12.0,Manfinity Chillmode Men Embroidery Coconut Tree Top,1600.0,740.05,12.0,Unranked(New),Simple Menswear,840.9659090909091
173,15.0,Dat Strong New Orleans   Mens T-Shirt,0.0,2090.0,0.0,Unranked(New),Simple Menswear,2090.0
174,8.0,Manfinity Homme Men Solid Drawstring Waist Shorts,2500.0,778.05,13.0,Unranked(New),Simple Menswear,894.3103448275862
175,5.0,Manfinity Homme Men Solid Skinny Jeans,2200.0,1729.95,14.0,Unranked(New),Simple Menswear,2011.5697674418604
176,12.0,Manfinity Hypemode Men T-Shirts Fit Crew Neck Short Sleeve Graphic Tee Casual Simple Summer,2200.0,949.0500000000001,12.0,Unranked(New),Simple Menswear,1078.465909090909
177,0.0,Men's Letter Print Drawstring Hoodie And Sweatpants Set,200.0,1775.5500000000002,27.0,Unranked(New),Simple Menswear,2432.260273972603
178,13.0,Manfinity RSRT Men T-Shirts Fit Crew Neck Short Sleeve Graphic Tee Casual Dad Summer Polyester,8300.0,778.05,12.0,Unranked(New),Simple Menswear,884.1477272727273
179,18.0,Michelangelo's David With Bubble Gum Contemporary Statue Art Mens T-Shirt,0.0,1805.0,0.0,Unranked(New),Simple Menswear,1805.0
180,6.0,"Manfinity EMRG A White Street Style Top With Full Black And White Mouth Pattern, Suitable For Summer Men's T-Shirt.",2500.0,901.5500000000001,13.0,Unranked(New),Simple Menswear,1036.2643678160919
181,0.0,Manfinity Men Cotton Flap Pocket Zipper Fly Jeans,0.0,2288.55,13.0,#5 Best Sellers,in Men Jeans,2630.5172413793107
182,10.0,"Manfinity Homme Men's Contrast Color Splicing Striped Edging Short Sleeve T-Shirt, Suitable For Summer Casual Wear",400.0,451.25,53.0,Unranked(New),Simple Menswear,960.1063829787234
183,4.0,Men's Short Sleeve T-Shirt Printed With Letter Pattern,6200.0,685.9,25.0,Unranked(New),Simple Menswear,914.5333333333333
184,7.0,Manfinity RSRT Men Tropical Print Shirt & Drawstring Waist Shorts Set,7800.0,1741.35,11.0,Unranked(New),Simple Menswear,1956.573033707865
185,15.0,Activated Beast Mode Workout Gym Clothing Mens T-Shirt,0.0,1900.0,0.0,Unranked(New),Simple Menswear,1900.0
186,4.0,Manfinity Homme Men's Loose-Fit Casual Pants With Flap Pockets,0.0,1405.05,7.0,#8 Best Sellers,in Men Pants,1510.8064516129032
187,0.0,Men Zip Pocket Side Shorts,100.0,489.25000000000006,41.0,Unranked(New),Simple Menswear,829.2372881355933
188,11.0,Manfinity Homme Loose Fit Men's Cargo Pants With Flap Pockets And Drawstring Waist,1200.0,1405.05,7.0,Unranked(New),Simple Menswear,1510.8064516129032
189,0.0,Manfinity RSRT Men Floral Print Shirt Without Tee,2400.0,1101.05,7.0,Unranked(New),Simple Menswear,1183.9247311827958
190,9.0,Men Summer Short Sleeve Tropical Print Shirt,4500.0,863.55,7.0,Unranked(New),Simple Menswear,928.5483870967741
191,18.0,I'm Just A Girl Guts Music Mens T-Shirt,0.0,1900.0,0.0,Unranked(New),Simple Menswear,1900.0
192,5.0,Manfinity Homme Men Playing Card Print Tee,1900.0,452.2,49.0,Unranked(New),Simple Menswear,886.6666666666666
193,6.0,Manfinity Homme Men Solid Color Pocketed Casual Simple Shorts,600.0,987.0500000000001,13.0,Unranked(New),Simple Menswear,1134.5402298850574
194,0.0,Manfinity EMRG Men's Summer Casual Short Sleeve T-Shirt With Letter & Car Print,0.0,1072.55,14.0,#6 Best Seller,in Polyester Men T-Shirts,1247.1511627906978
195,13.0,Manfinity Homme Men's Contrast Color Polo Shirt,0.0,937.65,18.0,#9 Best Seller,in Striped Men Polo Shirts,1143.4756097560976
196,0.0,Manfinity Homme Men's Solid Color Textured Short Sleeve Shirt And Shorts Set For Spring And Summer,0.0,2246.75,11.0,#9 Best Seller,in White Men Co-ords,2524.438202247191
197,7.0,Men Round Neck Letter Printed Casual Commuting T-Shirt,900.0,713.4499999999999,20.0,Unranked(New),Simple Menswear,891.8125
198,5.0,Manfinity LEGND Men's Round Neck Color Block Splicing T-Shirt,800.0,673.55,13.0,Unranked(New),Simple Menswear,774.1954022988506
199,14.0,Manfinity EMRG Men Graphic Pattern Sweater,0.0,1452.55,14.0,#2 Best Seller,in Fabric Men Knitwear,1689.0116279069769
200,5.0,SHEIN X Breakaway Manfinity EMRG Men Car & Letter Graphic Tee & Drawstring Waist Shorts,0.0,1595.05,13.0,#1 Best Seller,in Purple Men Co-ords,1833.3908045977012
201,0.0,Men Tie-Dye Daily Casual Spring & Summer Short Sleeved Shirt And Shorts Holiday Outfit Set,400.0,1273.95,25.0,Unranked(New),Simple Menswear,1698.6
202,7.0,Manfinity LEGND Men's Flag And Eagle Printed Round Neck Short Sleeve T-Shirt,7100.0,759.0500000000001,13.0,Unranked(New),Simple Menswear,872.471264367816
203,0.0,Nearly There Breaker Of The Rules Father'S Day Mens Graphic Cotton Tank Top,0.0,2374.0499999999997,7.0,Unranked(New),Simple Menswear,2552.7419354838707
204,8.0,Manfinity Homme Men's Pure-Color Round Neck Rib-Knit Leisure Short-Sleeved T-Shirt,600.0,1528.55,15.0,Unranked(New),Simple Menswear,1798.2941176470588
205,8.0,Manfinity Homme Men Contrast Tape Tee With Drawstring Waist Shorts,0.0,1497.2,17.0,#3 Best Seller,in Khaki Men T-Shirt Co-ords,1803.855421686747
206,6.0,SHEIN Manfinity Homme Men's Elastic Waist Straight Shorts Crochet Board Nylon Cool Yee Haw Plain All White Vacation Sexy Husband,4200.0,1367.05,14.0,Unranked(New),Simple Menswear,1589.593023255814
207,0.0,Manfinity Men Plus Lion Print Tee,0.0,688.75,43.0,#9 Best Seller,in Blue Men Plus Size T-Shirts,1208.3333333333333
208,5.0,Men Fashionable Casual Printed Round Neck T-Shirt For Leisure And Commute,1300.0,825.55,6.0,Unranked(New),Simple Menswear,878.2446808510638
209,15.0,Straight Outta Rams Nation  Mens T-Shirt,0.0,1995.0,0.0,Unranked(New),Simple Menswear,1995.0
210,5.0,Manfinity Sporsity Men Striped & Letter Graphic Tee,1000.0,489.25000000000006,35.0,Unranked(New),Simple Menswear,752.6923076923078
211,12.0,Manfinity Homme Men Quarter Zipper Polo Shirt,0.0,1082.05,13.0,#9 Best Seller,in Black Men Polo Shirts,1243.7356321839081
212,11.0,Manfinity Homme Men's Plain Short Sleeve Shirt And Shorts Set,0.0,2288.55,7.0,#8 Best Seller,in White Men Shirt Co-ords,2460.8064516129034
213,6.0,ROMWE Street Life Men Cartoon & Slogan Graphic Drop Shoulder Tee,0.0,977.55,11.0,#4 Best Seller,in Khaki Men Tops,1098.370786516854
214,4.0,Men Building & Slogan Graphic Tee,1600.0,584.25,35.0,Unranked(New),Simple Menswear,898.8461538461538
215,15.0,Nevermore Academy Wednesday Mens T-Shirt,0.0,1995.0,0.0,Unranked(New),Simple Menswear,1995.0
216,4.0,Manfinity VDAYZ Men's Vacation Style Loose Printed Beach Shorts,20.0,364.8,63.0,Unranked(New),Simple Menswear,985.9459459459459
217,0.0,Manfinity RSRT Men's Botanical Print Short Sleeve Shirt And Shorts Summer Outfits,40.0,1642.55,7.0,Unranked(New),Simple Menswear,1766.1827956989248
218,6.0,Manfinity Homme Men Contrast Trim Polo Shirt,2000.0,1129.55,13.0,Unranked(New),Simple Menswear,1298.3333333333333
219,0.0,Manfinity Homme Men Slogan Graphic Tee,2100.0,645.05,28.0,Unranked(New),Simple Menswear,895.9027777777777
220,13.0,Manfinity Homme Men T-Shirts Fit Crew Neck Short Sleeve Slogan Tee Casual Going Out Summer Knit Top,2100.0,768.55,12.0,Unranked(New),Simple Menswear,873.3522727272727
221,15.0,Straight Outta Colts Nation Football  Mens T-Shirt,0.0,1995.0,0.0,Unranked(New),Simple Menswear,1995.0
222,10.0,SHEIN X Hangout Fest Manfinity RSRT Men's Short Sleeve T-Shirt With Palm Tree Print,4500.0,711.5500000000001,13.0,Unranked(New),Simple Menswear,817.8735632183908
223,0.0,"New Summer Arrival Men Shorts, Simple And Comfortable Elastic Waistband Drawstring Sports Shorts With Letter Print, Running And Fitness Clothing, Mid-Length",500.0,425.6,56.0,Unranked(New),Simple Menswear,967.2727272727273
224,7.0,Manfinity EMRG Loose Fit Men's Cross Print Shorts With Drawstring Waist,1000.0,529.15,46.0,Unranked(New),Simple Menswear,979.9074074074074
225,6.0,Manfinity RSRT Men T-Shirts Fit Crew Neck Short Sleeve Graphic Tee Palm Tree Casual Fashion Men Clothes Summer,0.0,829.35,17.0,#6 Best Seller,in Tropical Men T-Shirts,999.2168674698795
226,5.0,Men's Summer Letter Printed Round Neck Short Sleeve Casual T-Shirt,4200.0,778.05,13.0,Unranked(New),Simple Menswear,894.3103448275862
227,0.0,Manfinity Homme Men Contrast Cuff Polo Shirt,600.0,650.75,42.0,Unranked(New),Simple Menswear,1121.9827586206898
228,5.0,Manfinity Homme Men's Summer Solid Color Short Sleeve Casual Commute Polo Shirt,90.0,1177.05,13.0,Unranked(New),Simple Menswear,1352.9310344827586
229,8.0,Manfinity Homme Men's Gradient Short Sleeve T-Shirt For Summer,0.0,759.0500000000001,13.0,#1 Best Seller,in All Over Print Men T-Shirts,872.471264367816
230,0.0,Manfinity Homme Men Plaid Print Polo Shirt,2600.0,941.45,26.0,Unranked(New),Simple Menswear,1272.2297297297298
231,9.0,Manfinity RSRT Men's Tropical Plant Print Short Sleeve Shirt And Shorts Set,1000.0,1458.25,20.0,Unranked(New),Simple Menswear,1822.8125
232,6.0,Manfinity Basics Men's Knitted Casual Round Neck Short Sleeve T-Shirt,1300.0,1556.1,16.0,Unranked(New),Simple Menswear,1852.5
233,14.0,Camp Half Blood Long Island Sound Mens T-Shirt,0.0,1900.0,0.0,Unranked(New),Simple Menswear,1900.0
234,16.0,Manfinity Homme Men Solid Waffle Knit Tee,3900.0,901.5500000000001,13.0,Unranked(New),Simple Menswear,1036.2643678160919
235,6.0,Manfinity Homme Men's Flip Pocket Casual Workwear Cargo Shorts,7800.0,698.25,50.0,Unranked(New),Simple Menswear,1396.5
236,4.0,Manfinity Homme Men Solid Turtleneck Sweater,90.0,1040.25,32.0,Unranked(New),Simple Menswear,1529.7794117647059
237,4.0,Men's Loose Oversized Drop Shoulder T-Shirt With Slogan Print,3400.0,825.55,12.0,Unranked(New),Simple Menswear,938.125
238,15.0,Dad Of Girls Shirt For Fathers Day Gift Mens T-Shirt,0.0,2090.0,0.0,Unranked(New),Simple Menswear,2090.0
239,0.0,Men 4pcs/Set Summer Solid Color Multiple Pockets Drawstring Beach Casual Sport Running Shorts,0.0,2953.55,7.0,#8 Best Seller,in Knitted Fabric Men Shorts,3175.8602150537636
240,0.0,Manfinity Homme Men Slant Pocket Bermuda Shorts,800.0,1110.55,13.0,Unranked(New),Simple Menswear,1276.4942528735633
241,5.0,Manfinity Mode Men's Color Block Short Sleeve Polo Shirt,0.0,1009.85,17.0,#3 Best Seller,in Polyester Men Polo Shirts,1216.686746987952
242,8.0,ROMWE Street Life Men's Tropical Pattern Drawstring Waist Shorts,0.0,456.0,51.0,#5 Best Seller,in Orange Men Bottoms,930.6122448979592
243,11.0,Manfinity Men's Letter Printed T-shirt,8200.0,709.65,15.0,Unranked(New),Simple Menswear,834.8823529411765
244,10.0,Sunday Funday Mens T-Shirt,0.0,1805.0,0.0,Unranked(New),Simple Menswear,1805.0
245,6.0,Manfinity LEGND Men's Letters And Cross Print Round Neck Short Sleeve T-Shirt,0.0,422.75,48.0,#6 Best Seller,in Slogan Men Clothing,812.9807692307693
246,0.0,Manfinity VCAY Men Beach Outfits Summer Vacation Basic Woven Casual Surfing Seaside Beach Fit Hawaiian Shirt Beachwear Kimono,10.0,1025.05,7.0,Unranked(New),Simple Menswear,1102.2043010752689
247,9.0,Manfinity Homme Men's Fashionable Leisure Polo Shirt And Shorts Set,1300.0,1101.05,41.0,Unranked(New),Simple Menswear,1866.1864406779662
248,12.0,ROMWE Prep Men Letter Graphic Drawstring Waist Shorts,0.0,1037.4,17.0,#4 Best Sellers,in Back to school clothes,1249.8795180722893
249,7.0,Manfinity Homme Men Cross Print Tee,4200.0,749.55,12.0,Unranked(New),Simple Menswear,851.7613636363636
250,18.0,Spill Ur Guts Music Mens T-Shirt,0.0,1710.0,0.0,Unranked(New),Simple Menswear,1710.0
251,8.0,Manfinity Mode Men's Solid Color Buttoned Half Placket Short Sleeve Polo Shirt,2500.0,983.25,17.0,Unranked(New),Simple Menswear,1184.6385542168675
252,5.0,Manfinity Homme Men Color Block Round Neck Short Sleeve T-Shirt And Drawstring Waist Shorts Casual Set For Summer,0.0,1253.05,14.0,#6 Best Seller,in All Over Print Men Co-ords,1457.0348837209303
253,4.0,Manfinity Homme Men Cotton Astronaut Print Tee,1700.0,664.0500000000001,28.0,Unranked(New),Simple Menswear,922.2916666666666
254,0.0,"ROMWE Street Life Men's Portrait Print Crinkle Dye Short Sleeve Y2k T-Shirt, Suitable For Daily Wear In Spring And Summer",0.0,1566.55,14.0,#6 Best Seller,in Figure Men Tops,1821.5697674418604
255,0.0,Men's Slogan Printed Short Sleeve T-shirt,2700.0,873.05,13.0,Unranked(New),Simple Menswear,1003.5057471264367
256,4.0,Manfinity Homme Loose Fit Men's Puffer Coat With Zipper Front,70.0,1119.1,53.0,Unranked(New),Simple Menswear,2381.0638297872338
257,11.0,Manfinity Homme Men Striped Trim Polo Shirt,400.0,635.5500000000001,44.0,Unranked(New),Simple Menswear,1134.9107142857144
258,4.0,Manfinity LEGND Men's Hollow Out Round Neck T-shirt,600.0,371.45,59.0,Unranked(New),Simple Menswear,905.9756097560976
259,0.0,Manfinity Homme Men Rainbow Striped Print Tee,1000.0,584.25,39.0,Unranked(New),Simple Menswear,957.7868852459017
260,9.0,Manfinity Swimmode Men's Random Printed Simple Daily Beach Shorts,0.0,1118.1499999999999,11.0,#3 Best Seller,in Animal Men Beach Shorts,1256.3483146067415
261,4.0,Manfinity RSRT Men Ombre Shirt & Drawstring Waist Shorts,2500.0,1747.05,7.0,Unranked(New),Simple Menswear,1878.5483870967741
262,14.0,Straight Outta Giants Nation   Mens T-Shirt,0.0,1995.0,0.0,Unranked(New),Simple Menswear,1995.0
263,6.0,Men's Drop-Shoulder T-Shirt With Slogan And Face Print,900.0,759.0500000000001,7.0,Unranked(New),Simple Menswear,816.1827956989247
264,4.0,Manfinity RSRT Men Solid Pocket Patched Shirt & Shorts,10000.0,1804.05,6.0,Unranked(New),Simple Menswear,1919.2021276595744
265,10.0,Manfinity Homme Men T-Shirts Fit Crew Neck Short Sleeve Summer,2900.0,920.55,15.0,Unranked(New),Simple Menswear,1083.0
266,5.0,Manfinity Homme Men Two Tone Letter Graphic Kangaroo Pocket Drawstring Thermal Lined Hoodie,200.0,1002.2500000000001,31.0,Unranked(New),Simple Menswear,1452.5362318840582
267,4.0,Men Slogan & Tropical Print Tee,0.0,730.5500000000001,13.0,#5 Best Seller,in Khaki Men T-Shirts,839.7126436781609
268,14.0,"In  A World Full Of Mondays, Be A Wednesday Mens T-Shirt",0.0,2090.0,0.0,Unranked(New),Simple Menswear,2090.0
269,7.0,Manfinity Chillmode Men Simple Daily Printed Round Neck Short Sleeve T-Shirt,900.0,863.55,13.0,Unranked(New),Simple Menswear,992.5862068965517
270,7.0,Manfinity Homme Men Cotton Eagle Print Tee & Letter Graphic Drawstring Waist Pants,0.0,1832.55,13.0,#9 Best Seller,in Animal Men T-Shirt Co-ords,2106.3793103448274
271,0.0,Rick and Morty X SHEIN Men Cartoon And Letter Graphic Drop Shoulder Tee,4900.0,1139.05,13.0,Unranked(New),Simple Menswear,1309.2528735632184
272,0.0,Men's Casual Round Neck Teddy Bear Print Commuter T-Shirt,500.0,650.75,26.0,Unranked(New),Simple Menswear,879.3918918918919
273,13.0,"Manfinity Hypemode Solid Color Drawstring Knit Casual Shorts, Suitable For Summer",0.0,489.25000000000006,56.0,#7 Best Seller,in Orange Men Bottoms,1111.9318181818182
274,14.0,Team Green HotD Mens T-Shirt,0.0,1995.0,0.0,Unranked(New),Simple Menswear,1995.0
275,5.0,Manfinity Homme Men Solid Notched Neck Tee,3300.0,863.55,13.0,Unranked(New),Simple Menswear,992.5862068965517
276,0.0,Men's Casual Round Neck T-Shirt With Slogan Print,60.0,342.95,61.0,Unranked(New),Simple Menswear,879.3589743589744
277,0.0,Men Casual Letter Printed Short Sleeve T-Shirt And Shorts Set For Summer,0.0,1443.05,17.0,#4 Best Seller,in Loose Men Co-ords,1738.6144578313254
278,10.0,Manfinity Homme Men's Rose Printed T-Shirt And Solid Color Drawstring Waist Shorts Casual Two Piece Set,0.0,1500.05,13.0,#8 Best Seller,in Knitted Fabric Men Co-ords,1724.1954022988505
279,15.0,Manfinity Homme Men's Seagull Pattern Contrast Color Short Sleeve T-Shirt,1900.0,740.05,12.0,Unranked(New),Simple Menswear,840.9659090909091
280,0.0,Nearly There Spain Solo Cups Mens Graphic Cotton Tank Top,0.0,1424.05,12.0,Unranked(New),Simple Menswear,1618.2386363636363
281,4.0,Manfinity LEGND Men Cross Print Tee,7200.0,683.0500000000001,13.0,Unranked(New),Simple Menswear,785.1149425287356
282,10.0,Manfinity RSRT Men T-Shirts Fit Crew Neck Short Sleeve Graphic Tee Palm Tree Casual Simple Summer Polyester,1300.0,740.05,12.0,Unranked(New),Simple Menswear,840.9659090909091
283,8.0,Manfinity Swimmode Men Solid Swim Trunks,0.0,811.3,15.0,#1 Best Seller,in Red Men Swimwear,954.4705882352941
284,0.0,Manfinity Homme Men Fashionable Summer Classic Simple All Match Shorts Dress Holographic Plain Work,600.0,1034.55,14.0,Unranked(New),Simple Menswear,1202.9651162790697
285,0.0,Manfinity Homme Men T-Shirts Fit V Neck Short Sleeve Casual Summer Polyester,0.0,702.05,12.0,#9 Best Seller,In Patched Men Clothing,797.7840909090909
286,11.0,DAZY Men Plaid Pattern Polo Shirt,400.0,968.05,53.0,Unranked(New),Simple Menswear,2059.68085106383
287,0.0,Manfinity Chillmode Men Coconut Tree Print Tee & Tropical Print Drawstring Waist Shorts,5000.0,1443.05,14.0,Unranked(New),Simple Menswear,1677.9651162790697
288,0.0,SHEIN Manfinity Homme Men's Washed Workwear Denim Shorts,0.0,2041.55,7.0,#7 Best Seller,in Blue Men Denim Shorts,2195.2150537634407
289,11.0,Men's Solid Color Simple Casual Short Sleeve T-Shirt For Summer,2200.0,1709.05,7.0,Unranked(New),Simple Menswear,1837.6881720430108
290,0.0,Manfinity Basics Men 2pcs Round Neck Tee,10000.0,1132.4,15.0,Unranked(New),Simple Menswear,1332.2352941176473
291,0.0,Men's Summer American Flag Printed Round Neck Casual Loose Tank Top,2200.0,303.05,60.0,Unranked(New),Simple Menswear,757.625
292,14.0,Weathervane Coffee Shop Mens T-Shirt,0.0,1805.0,0.0,Unranked(New),Simple Menswear,1805.0
293,11.0,Manfinity Homme Men Color Block Short Sleeve T-Shirt With Notch Collar For Casual Daily Wear In Spring And Summer,800.0,854.0500000000001,13.0,Unranked(New),Simple Menswear,981.6666666666666
294,9.0,Manfinity Homme Men's Contrast Color Trim Polo Shirt,0.0,977.55,13.0,#2 Best Seller,in Green Men Polo Shirts,1123.6206896551723
295,7.0,"Manfinity Homme Men's Casual Plain Color Flap Pocket Drawstring Waist Cargo Shorts, Summer",600.0,1110.55,13.0,Unranked(New),Simple Menswear,1276.4942528735633
296,8.0,Manfinity Homme Men's Round Neck T-Shirt With Print Pattern,600.0,527.25,38.0,Unranked(New),Simple Menswear,850.4032258064516
297,7.0,Manfinity Hypemode Loose Men's Heart Printed T-Shirt,1700.0,920.55,13.0,Unranked(New),Simple Menswear,1058.103448275862
298,17.0,"It's A Philly Thing, You Wouldn't Understand Mens T-Shirt",0.0,1900.0,0.0,Unranked(New),Simple Menswear,1900.0
299,7.0,TOM & JERRY X SHEIN Manfinity Hypemode Men Cartoon And Letter Graphic Tee,1600.0,1072.55,12.0,Unranked(New),Simple Menswear,1218.8068181818182
300,0.0,Manfinity Homme Men Tropical Print Tee,3000.0,462.65000000000003,46.0,Unranked(New),Simple Menswear,856.7592592592592
301,0.0,Manfinity RSRT Men's Color Block Round Neck Short Sleeve T-Shirt And Pocket Design Shorts 2pcs/Set,0.0,1509.55,13.0,#1 Best Seller,in All Over Print Men T-Shirt Co-ords,1735.1149425287356
302,8.0,Men's Casual Letter Printed Round Neck Commuter T-Shirt,5100.0,825.55,6.0,Unranked(New),Simple Menswear,878.2446808510638
303,5.0,Manfinity EMRG Loose Fit Men's Alien & Letter Print Elastic Waist Shorts,1600.0,787.55,13.0,Unranked(New),Simple Menswear,905.2298850574713
304,14.0,Straight Outta Bills Nation Mens T-Shirt,0.0,1805.0,0.0,Unranked(New),Simple Menswear,1805.0
305,4.0,Manfinity Homme Men Slogan Graphic Tee,3800.0,787.55,12.0,Unranked(New),Simple Menswear,894.9431818181819
306,0.0,Men's Plus Size Solid Color Drawstring Hooded T-Shirt,100.0,662.15,35.0,Unranked(New),Simple Menswear,1018.6923076923077
307,8.0,Manfinity Hypemode Men Cartoon Graphic Tee & Drawstring Waist Shorts,3000.0,1370.85,17.0,Unranked(New),Simple Menswear,1651.6265060240964
308,6.0,Manfinity Mode Solid Color Turn-Down Collar Front Button Short-Sleeved Shirt,0.0,714.4,24.0,#10 Best Seller,in Purple Men Shirts,940.0
309,6.0,Manfinity Swimmode Men Ombre Drawstring Waist Swim Trunks,5600.0,983.25,11.0,Unranked(New),Simple Menswear,1104.7752808988764
310,15.0,Feeling Purdy Good Mens T-Shirt,0.0,1805.0,0.0,Unranked(New),Simple Menswear,1805.0
311,6.0,Men's Animal Printed Round Neck Short Sleeve Summer T-Shirt,1800.0,683.0500000000001,12.0,Unranked(New),Simple Menswear,776.1931818181819
312,7.0,Men's Sunglasses Print Short Sleeve T-Shirt,0.0,359.09999999999997,57.0,#9 Best Seller,in Tropical Men T-Shirts,835.1162790697674
313,0.0,Manfinity RSRT 2pcs/Set Men Knitted Fashionable Daily Leisure Beach Surfing Vacation Floral & Leaf Patterned Tight Tank Top & Shorts Outfit,0.0,1408.85,9.0,#1 Best Seller,in Black Men Tank Top Co-ords,1548.1868131868132
314,0.0,Manfinity EMRG Men's Drawstring Waist Graffiti Print Casual Shorts,1300.0,489.25000000000006,53.0,Unranked(New),Simple Menswear,1040.957446808511
315,7.0,Manfinity Homme Men Patched Detail Tee & Drawstring Waist Shorts,0.0,1557.05,13.0,#7 Best Seller,in Patched Men Co-ords,1789.712643678161
316,0.0,Manfinity Basics Men 2pcs Scoop Neck Solid Tank Top,100.0,829.35,24.0,Unranked(New),Simple Menswear,1091.25
317,4.0,Manfinity Basics Men 4pcs Round Neck Solid Tee,5100.0,2255.2999999999997,17.0,Unranked(New),Simple Menswear,2717.2289156626503
318,10.0,Manfinity Homme Men Summer Daily Wear Plain Hoodie And Shorts Set,1900.0,1731.8500000000001,17.0,Unranked(New),Simple Menswear,2086.5662650602408
319,6.0,TOM & JERRY X SHEIN Manfinity Hypemode Men Cartoon And Letter Graphic Drawstring Waist Shorts,3200.0,1652.05,13.0,Unranked(New),Simple Menswear,1898.9080459770114
320,4.0,Manfinity Homme Men's Letter Print Short Sleeve T-Shirt,0.0,740.05,12.0,#1 Best Seller,In Slim Fit Men Clothing,840.9659090909091
321,10.0,Manfinity Homme Men's Letter Printed Short Sleeve T-Shirt,0.0,630.8,16.0,#5 Best Seller,in Red Men Tops,750.9523809523808
322,18.0,"She's Everything, He's Just Ken Mens T-Shirt",0.0,1995.0,0.0,Unranked(New),Simple Menswear,1995.0
323,5.0,Men Fashion Casual Loose Fit Printed Round Neck Short Sleeve T-Shirt And Shorts Set,2800.0,1509.55,13.0,Unranked(New),Simple Menswear,1735.1149425287356
324,9.0,Manfinity Men Drawstring Waist Slant Pocket Shorts,1400.0,1082.05,14.0,Unranked(New),Simple Menswear,1258.1976744186047
325,7.0,Men's Short Sleeve T-Shirt With Headphone Print,3400.0,711.5500000000001,12.0,Unranked(New),Simple Menswear,808.5795454545455
326,0.0,Plus Size Men's Summer Round Neck Letter & Pentagram Printed Short Sleeve Casual T-Shirt,0.0,460.74999999999994,51.0,Unranked(New),Simple Menswear,940.3061224489794
327,12.0,Manfinity RSRT Men's Coconut Tree Printed Short Sleeve T-Shirt,0.0,749.55,12.0,#6 Best Seller,in Tropical Men Tops,851.7613636363636
328,18.0,Grit Don't Quit Detroit Mens T-Shirt,0.0,1995.0,0.0,Unranked(New),Simple Menswear,1995.0
329,5.0,ROMWE Prep Men Letter Graphic Contrast Trim Drawstring Waist Shorts,7700.0,1091.55,18.0,Unranked(New),Simple Menswear,1331.158536585366
330,5.0,Manfinity RSRT Men's Graphic Print Short Sleeve T-Shirt And Shorts 2pcs/Set,0.0,1557.05,14.0,#8 Best Seller,in Tropical Men T-Shirt Co-ords,1810.5232558139535
331,0.0,Manfinity Homme Men Color Block Tee & Drawstring Waist Shorts,0.0,1398.4,17.0,#5 Best Seller,in Colorblock Men T-Shirt Co-ords,1684.8192771084337
332,4.0,Men Tape & Slogan Graphic Tee,1700.0,711.5500000000001,12.0,Unranked(New),Simple Menswear,808.5795454545455
333,0.0,Manfinity RSRT Loose Fit Men's Drawstring Waist Paisley & Patchwork Print Shorts,2200.0,515.85,50.0,Unranked(New),Simple Menswear,1031.7
334,15.0,Embroidered Strawberry Patch (Pocket Print) Mens T-Shirt,0.0,1900.0,0.0,Unranked(New),Simple Menswear,1900.0
335,7.0,Men Slogan Graphic Tee,1100.0,536.75,37.0,Unranked(New),Simple Menswear,851.984126984127
336,0.0,Manfinity VCAY Men Beach Outfits Summer Vacation Basic Knit Casual Surfing Seaside Beach Oversize Boho Hawaiian T Shirt Beachwear,20.0,958.55,12.0,Unranked(New),Simple Menswear,1089.2613636363637
337,7.0,Men Slogan Graphic Tee,2300.0,309.7,61.0,Unranked(New),Simple Menswear,794.1025641025641
338,11.0,Manfinity Homme Men Round Neck Pocket Printed Short Sleeve T-Shirt For Summer,400.0,622.25,36.0,Unranked(New),Simple Menswear,972.265625
339,9.0,Manfinity Swimmode Men's Palm Tree Printed Beach Shorts,0.0,1101.05,6.0,#4 Best Seller,in Boho Men Beach Shorts,1171.3297872340424
340,14.0,Ork Miniature Tabletop Wargaming Waagh Mens T-Shirt,0.0,1805.0,0.0,Unranked(New),Simple Menswear,1805.0
341,6.0,Manfinity Homme Men Solid Button Up Shirt,2000.0,1424.05,7.0,Unranked(New),Simple Menswear,1531.236559139785
342,0.0,Manfinity Swimmode Men Drawstring Waist Phone Pocket Swim Trunks,600.0,859.7500000000001,31.0,Unranked(New),Simple Menswear,1246.0144927536235
343,0.0,Men Astronaut And Letter Graphic Tee,1100.0,637.45,21.0,Unranked(New),Simple Menswear,806.8987341772153
344,0.0,Manfinity LEGND Men's Drawstring Waist 2 In 1 Shorts Jersey Graphic Poker Boyfriend Gift,0.0,987.0500000000001,13.0,#2 Best Sellers,in Men Jersey,1134.5402298850574
345,7.0,Manfinity Homme Men Letter Graphic Tee & Drawstring Waist Shorts,0.0,1352.8,17.0,#1 Best Seller,in Yellow Men Clothing,1629.879518072289
346,0.0,"Manfinity RSRT Men's Printed Single Button Slim Fit Short Sleeve Shirt And Solid Color Shorts Set, Perfect For Summer Vacation",0.0,1642.55,6.0,Unranked(New),Simple Menswear,1747.3936170212767
347,0.0,ROMWE Street Life Men Tropical Print Shorts,700.0,562.4,37.0,Unranked(New),Simple Menswear,892.6984126984127
348,0.0,Men's Letter Printed Round Neck Casual Comfy T-Shirt For Work And Leisure,4900.0,784.6999999999999,12.0,Unranked(New),Simple Menswear,891.7045454545455
349,8.0,Manfinity Hypemode Men Cartoon Graphic Tee & Drawstring Waist Shorts,0.0,1405.05,13.0,#6 Best Seller,in Green Men T-Shirt Co-ords,1615.0
350,4.0,Manfinity RSRT Men Tropical Print Tee & Drawstring Waist Shorts,0.0,1217.9,17.0,#1 Best Seller,in Orange Men T-Shirt Co-ords,1467.3493975903616
351,0.0,Manfinity Hypemode Men 3Pcs Letter Patched Drawstring Waist Track Shorts Sweat Plain Light Blue,0.0,2517.5,18.0,#10 Best Seller,in Patched Men Shorts,3070.121951219512
352,0.0,Nearly There Camping Without Beer Black Father'S Day Mens Graphic Cotton Tank Top,0.0,2374.0499999999997,7.0,Unranked(New),Simple Menswear,2552.7419354838707
353,0.0,Manfinity Sporsity Men Letter Graphic Shorts,2400.0,863.55,13.0,Unranked(New),Simple Menswear,992.5862068965517
354,0.0,ROMWE Street Life Men Letter Graphic Drawstring Waist Shorts,0.0,883.5000000000001,17.0,#5 Best Seller,in Khaki Men Shorts,1064.4578313253014
355,0.0,Men's Letter Print Round Neck T-Shirt,3300.0,768.55,11.0,Unranked(New),Simple Menswear,863.5393258426966
356,0.0,Manfinity Basics Men Zip Front Thermal Hoodie,200.0,1420.25,39.0,Unranked(New),Simple Menswear,2328.27868852459
357,16.0,Men's Letter Print Short Sleeve T-Shirt,1000.0,506.35,37.0,Unranked(New),Simple Menswear,803.7301587301587
358,10.0,Nuts Quote George Washington Carver Mens T-Shirt,0.0,1805.0,0.0,Unranked(New),Simple Menswear,1805.0
359,7.0,Manfinity Swimmode Men Letter Patched Cut And Sew Swim Trunks,5000.0,1224.55,7.0,Unranked(New),Simple Menswear,1316.720430107527
360,0.0,Men's Striped Patchwork Edge Short Sleeve T-Shirt And Shorts Set,700.0,1295.8,22.0,Unranked(New),Simple Menswear,1661.2820512820513
361,0.0,Manfinity Homme Loose Fit Men's Floral & Japanese Letter Printed Shorts With Drawstring Waist,1600.0,844.5500000000001,12.0,Unranked(New),Simple Menswear,959.7159090909091
362,7.0,Manfinity Homme Loose Men's Drawstring Waist Shorts With Zippered Pockets,0.0,854.0500000000001,13.0,#10 Best Seller,In Zipper Men Clothing,981.6666666666666
363,5.0,Men Short Sleeve And Shorts Set New Summer Button Closure Henry Shirt And Elastic Waist Drawstring Shorts Solid Color Outfit,300.0,1129.55,28.0,Unranked(New),Simple Menswear,1568.8194444444443
364,0.0,ROMWE Street Life Men's Palm Tree & Letter Print Drawstring Waist Basketball Shorts,0.0,1069.7,15.0,#3 Best Seller,in Tropical Men Shorts,1258.4705882352941
365,0.0,Manfinity Homme Men's Floral Printed Casual Summer Shorts Pattern Graphic Colorful Going Out,0.0,1205.55,14.0,#8 Best Seller,in All Over Print Men Bottoms,1401.8023255813953
366,0.0,"Manfinity LEGND Loose Men's Plus Size Letter Print Cargo Pants With Flap Pockets, Drawstring Waist And Side Stripes",0.0,1429.75,27.0,#3 Best Seller,in Street Men Plus Size Pants,1958.5616438356165
367,6.0,Manfinity Homme Men's Colorblock Short Sleeve Round Neck T-Shirt,0.0,901.5500000000001,14.0,#4 Best Seller,in Yellow Men Clothing,1048.3139534883721
368,0.0,Men's Gaming Console Printed Short Sleeve T-Shirt,0.0,694.4499999999999,11.0,#5 Best Seller,in Graphic Men T-Shirts,780.2808988764045
369,0.0,Manfinity Homme Men Floral & Slogan Graphic Tee & Drawstring Waist Shorts Set,0.0,1481.05,13.0,#2 Best Seller,in Slogan Men T-Shirt Co-ords,1702.3563218390805
370,4.0,ROMWE Street Life Men Paisley Print Drawstring Waist Shorts,2800.0,1009.85,18.0,Unranked(New),Simple Menswear,1231.5243902439024
371,0.0,Manfinity Hypemode Manfinity Sporsity Men's Color Block Woven Belt Splice Drawstring Waist Grey Shorts,1000.0,735.3000000000001,46.0,Unranked(New),Simple Menswear,1361.6666666666667
372,4.0,Manfinity LEGND Men Summer Casual Color-Block Striped Short Sleeve T-Shirt,200.0,787.55,13.0,Unranked(New),Simple Menswear,905.2298850574713
373,8.0,Manfinity UrbanChill Men Cotton Slogan Graphic Tee,1000.0,892.0500000000001,13.0,Unranked(New),Simple Menswear,1025.344827586207
374,14.0,Manfinity Homme Men's Casual Short Sleeve T-Shirt With Letter Print For Summer,0.0,648.85,16.0,#9 Best Seller,in Red Men T-Shirts,772.4404761904761
375,0.0,"Manfinity UrbanChill Men Color Block Striped Short-Sleeved T-Shirt With Letter Logo, Casual Summer Outfit",400.0,863.55,13.0,Unranked(New),Simple Menswear,992.5862068965517
376,5.0,Men's Summer Casual Letter Printed Tank Top,90.0,629.85,20.0,Unranked(New),Simple Menswear,787.3125
377,4.0,Men American Flag & Letter Graphic Tee,1600.0,778.05,7.0,Unranked(New),Simple Menswear,836.6129032258065
378,0.0,Men's Fashionable Summer Coconut Tree Printed Solid Color Tank Top,2000.0,718.1999999999999,10.0,Unranked(New),Simple Menswear,798.0
379,4.0,Men's Summer Letter Striped Printed Short Sleeve Casual T-Shirt And Drawstring Waist Shorts Set,0.0,1395.55,7.0,#3 Best Seller,in Colorblock Men Co-ords,1500.5913978494623
380,0.0,Geometric Sunset Beach Men's T-Shirt,0.0,722.95,7.0,#10 Best Seller,in Plants Men Tops,777.3655913978495
381,9.0,Manfinity RSRT Loose Fit Solid Color Men's Shirt With Pocket Detail Accompanied By Matching Shorts,1600.0,1718.55,7.0,Unranked(New),Simple Menswear,1847.9032258064517
382,4.0,Manfinity LEGND Men's Solid Color Drawstring Waist Cargo Shorts,1000.0,1205.55,14.0,Unranked(New),Simple Menswear,1401.8023255813953
383,0.0,Manfinity Men's Slim Fit Jeans With Slant Pockets And Tapered Leg,1700.0,1880.05,14.0,Unranked(New),Simple Menswear,2186.1046511627906
384,0.0,Manfinity Mode Men Spring And Autumn Classic Notched Collar Single Breasted Long Sleeve Suit Jacket And Pants Business Travel Suit,900.0,3751.55,13.0,Unranked(New),Simple Menswear,4312.126436781609
385,7.0,Manfinity Homme Men Letter Embroidered Polo Shirt,1100.0,949.0500000000001,13.0,Unranked(New),Simple Menswear,1090.8620689655172
386,0.0,Manfinity Basics Men's Plus Size Solid Color Tank Top,100.0,2040.6000000000001,30.0,Unranked(New),Simple Menswear,2915.1428571428573
387,6.0,Manfinity Nomadique Men Summer Solid Color Casual Mesh Texture  Short Sleeve Shirt,0.0,1145.7,11.0,#7 Best Seller,in Plain Men Shirts,1287.3033707865168
388,0.0,Manfinity Swimmode Men Tropical Print Swim Trunks,0.0,699.2,30.0,#10 Best Seller,in Tropical Men Beach Shorts,998.8571428571429
389,10.0,Manfinity Homme Men Half-Placket Short-Sleeved Summer Polo Shirt,600.0,1139.05,13.0,Unranked(New),Simple Menswear,1309.2528735632184
390,6.0,"Manfinity Homme Men Loose Fit Cargo Shorts With Letter Patches And Flap Pockets, Drawstring Waist For Summer",1200.0,1281.55,13.0,Unranked(New),Simple Menswear,1473.0459770114942
391,8.0,Manfinity Hypemode Men Slogan & Cartoon Graphic Tee & Drawstring Waist Shorts,0.0,1362.3,18.0,#5 Best Seller,in Slogan Men T-Shirt Co-ords,1661.341463414634
392,0.0,Men's Color Block T-Shirt And Shorts Set,900.0,1362.3,17.0,Unranked(New),Simple Menswear,1641.3253012048192
393,0.0,"ROMWE Street Life Men's Space Printed Woven Drawstring Shorts, Suitable For Daily Wear In Spring And Summer",0.0,1091.55,14.0,#10 Best Seller,in Animal Men Shorts,1269.2441860465117
394,7.0,Manfinity LEGND Men Cartoon Graphic Tee,0.0,778.05,12.0,#10 Best Seller,in White Men T-Shirts,884.1477272727273
395,0.0,Men's Summer Plaid Printed Round Neck Short Sleeve Casual T-Shirt And Drawstring Waist Shorts Set,40.0,1395.55,7.0,Unranked(New),Simple Menswear,1500.5913978494623
396,0.0,Men Plus Size Casual Short Sleeve T-Shirt With Skull Print And Round Neck For Summer,100.0,690.65,25.0,Unranked(New),Simple Menswear,920.8666666666667
397,8.0,Manfinity Swimmode Men Allover Print Drawstring Waist Swim Trunks,0.0,1052.6,8.0,#9 Best Seller,in Black Men Beach Shorts,1144.1304347826085
398,4.0,Manfinity RSRT Men Tropical Print Shirt & Shorts,1100.0,1756.55,7.0,Unranked(New),Simple Menswear,1888.763440860215
399,0.0,"Men's Swim Trunks, Hawaii Holiday Coconut Tree Ombre 3D Printed Casual Outdoor Beach Shorts, Drawstring Waistband, Single Layer Without Lining, Perfect For Casual, Vacation, Beachwear",0.0,778.05,7.0,#10 Best Seller,in All Over Print Men Swimwear,836.6129032258065
400,13.0,Manfinity Homme Men's Oversized Carrot Pants With Drawstring Waist,0.0,1357.55,7.0,#4 Best Seller,in Casual Men Pants,1459.731182795699
401,0.0,"Manfinity RSRT Men Knitted Fashion Casual Short Sleeve Polo Shirt With Printed Pattern, Suitable For Daily Wear, Beach, Surfing And Vacation",0.0,863.55,13.0,#4 Best Seller,in Floral Men Polo Shirts,992.5862068965517
402,4.0,Manfinity Homme Men Striped Print Tank Top,700.0,787.55,7.0,Unranked(New),Simple Menswear,846.8279569892474
403,0.0,"Manfinity RSRT Men's Coconut Tree Printed Sleeveless Tank Top And Shorts Set,Hawaiian Suit",0.0,1500.05,7.0,#2 Best Seller,in Tropical Men Tank Top Co-ords,1612.9569892473119
404,0.0,Men's Casual & Commuting Round Neck T-Shirt With Teddy Bear & Letter Print,100.0,456.0,49.0,Unranked(New),Simple Menswear,894.1176470588235
405,0.0,ROMWE Men Short Sleeved Y2k T-Shirt With Slogan/Character Print For Summer,0.0,1063.05,13.0,#9 Best Seller,in Animal Men T-Shirts,1221.896551724138
406,8.0,Manfinity Basics Men Drawstring Waist Slant Pocket Sweatpants,100.0,826.4999999999999,34.0,Unranked(New),Simple Menswear,1252.272727272727
407,9.0,Manfinity Swimmode Men Solid Drawstring Waist Swim Trunks,2700.0,973.75,12.0,Unranked(New),Simple Menswear,1106.534090909091
408,4.0,Manfinity Homme Loose Fit Men's Color Block Polo Collar Long Sleeve Sweatshirt,0.0,1129.55,19.0,#8 Best Seller,in Fabric Men Hoodies & Sweatshirts,1394.5061728395062
409,4.0,Manfinity Homme Men's Drawstring Waist Letter Printed Knit Shorts Baggy Knee Plain Khaki Urban Casual,1300.0,1262.55,13.0,Unranked(New),Simple Menswear,1451.2068965517242
410,0.0,Men's Americana Printed Short Sleeve T-Shirt,1700.0,684.95,17.0,Unranked(New),Simple Menswear,825.2409638554217
411,5.0,ROMWE Street Life Men's Hoodie With Letter And Skull Print,3500.0,1671.05,13.0,Unranked(New),Simple Menswear,1920.7471264367816
412,0.0,Manfinity Modomio Men's Striped Knitted Shorts Sweat Plain Black Urban Casual,200.0,930.05,13.0,Unranked(New),Simple Menswear,1069.0229885057472
413,4.0,ROMWE Street Life Men Star Paisley Print Drawstring Waist Shorts,800.0,1091.55,14.0,Unranked(New),Simple Menswear,1269.2441860465117
414,0.0,Manfinity RSRT Men's Solid Color Ribbed Tank Top,200.0,711.5500000000001,6.0,Unranked(New),Simple Menswear,756.968085106383
415,0.0,Manfinity Hypemode Men Letter Graphic Drawstring Waist Sweatpants,60.0,339.15,70.0,Unranked(New),Simple Menswear,1130.5
416,0.0,Manfinity LEGND Men Plus Allover Print Tee,500.0,852.1500000000001,30.0,Unranked(New),Simple Menswear,1217.3571428571431
417,0.0,Men's Casual Lion Pattern T-shirt,1700.0,797.0500000000001,7.0,Unranked(New),Simple Menswear,857.0430107526881
418,7.0,Manfinity Men Solid Tank Top,10000.0,844.5500000000001,6.0,Unranked(New),Simple Menswear,898.4574468085107
419,6.0,Manfinity Swimmode Men's Drawstring Beach Shorts With Little Yellow Duck Pattern,1700.0,1139.05,7.0,Unranked(New),Simple Menswear,1224.784946236559
420,0.0,Manfinity Homme Men Cotton Drawstring Waist Shorts Dress Plain All White Urban Casual,400.0,585.2,55.0,Unranked(New),Simple Menswear,1300.4444444444446
421,0.0,Men Tropical Plant Printed Short Sleeve Casual Shirt With Lapel Collar And Front Buttons For Summer,200.0,911.05,7.0,Unranked(New),Simple Menswear,979.6236559139785
422,0.0,Men's Summer Color Block Patchwork Letter Print Fashionable Casual Short Sleeve T-Shirt And Shorts Set,0.0,1500.05,7.0,#6 Best Seller,in Colorblock Men T-Shirt Co-ords,1612.9569892473119
423,0.0,Men's Summer Holiday Slogan Palm Tree Printed Casual Tank Top,100.0,732.45,8.0,Unranked(New),Simple Menswear,796.1413043478261
424,0.0,ROMWE Street Life Men Car & Letter Graphic Tee,0.0,996.5500000000001,13.0,#7 Best Seller,in Blue Men Tops,1145.4597701149426
425,0.0,Men's Sports Training Shorts Fitness Pants,20.0,844.5500000000001,7.0,Unranked(New),Simple Menswear,908.1182795698925
426,0.0,Manfinity Homme Men Colorblock Letter Graphic Thermal Pullover & Drawstring Waist Sweatpants,100.0,1378.45,40.0,Unranked(New),Simple Menswear,2297.4166666666665
427,5.0,Manfinity Homme Men's Solid Color Drawstring Elastic Waist Summer Shorts Knee Plain All White Casual Dad And Me,0.0,844.5500000000001,14.0,#4 Best Seller,in White Men Bottoms,982.0348837209302
428,0.0,Manfinity LEGND Men Camo Print Drawstring Hooded Tee & Shorts,1400.0,2184.0499999999997,13.0,Unranked(New),Simple Menswear,2510.4022988505744
429,7.0,SHEIN Manfinity Homme Men's Casual V-Neck Short Sleeve T-Shirt For Spring And Summer,1600.0,806.5500000000001,12.0,Unranked(New),Simple Menswear,916.5340909090909
430,0.0,Manfinity Chillmode Men Tropical Print Tee & Drawstring Waist Shorts,2100.0,1380.35,17.0,Unranked(New),Simple Menswear,1663.0722891566265
431,10.0,Manfinity Homme Men Summer Leisure ECG Cross Print Short Sleeve T-Shirt,200.0,346.75,52.0,Unranked(New),Simple Menswear,722.3958333333334
432,6.0,Manfinity Homme Men's Gradient Color T-Shirt And Shorts Set,2200.0,1224.55,25.0,Unranked(New),Simple Menswear,1632.7333333333333
433,0.0,Men's Short Sleeve Polo Shirt,3100.0,949.0500000000001,15.0,Unranked(New),Simple Menswear,1116.5294117647059
434,8.0,Men's Mt.Fuji And Cherry Blossom Printed Short Sleeve T-Shirt,1000.0,806.5500000000001,12.0,Unranked(New),Simple Menswear,916.5340909090909
435,8.0,Manfinity LEGND Men T-Shirts Fit Crew Neck Short Sleeve Graphic Tee Smile Face Casual Summer Polyester,1300.0,816.05,12.0,Unranked(New),Simple Menswear,927.3295454545455
436,0.0,Manfinity CasualCool Men's Solid Color Short Sleeve Shirt And Shorts Casual Vacation Set,20.0,2051.05,6.0,Unranked(New),Simple Menswear,2181.968085106383
437,0.0,Manfinity Homme Men Plaid Print Shirt & Shorts Without Tee,500.0,1391.75,24.0,Unranked(New),Simple Menswear,1831.25
438,0.0,Manfinity Homme Men's Summer Short-Sleeved Casual T-Shirt With Slogan Print,200.0,664.0500000000001,11.0,Unranked(New),Simple Menswear,746.123595505618
439,7.0,Men's Short Sleeve T-Shirt With Slogan Print,0.0,806.5500000000001,7.0,#10 Best Seller,in Long Sleeve Men Tops,867.258064516129
440,6.0,Men Solid Curved Hem Tee,1000.0,1110.55,6.0,Unranked(New),Simple Menswear,1181.436170212766
441,7.0,Men Coconut Tree & Letter Graphic Tee,0.0,759.0500000000001,7.0,#3 Best Sellers,in Hawaiian Shirt,816.1827956989247
442,7.0,Men's Casual Jacquard Shorts,0.0,1025.05,7.0,#1 Best Seller,in White Men Bottoms,1102.2043010752689
443,9.0,ROMWE Street Life Men Coconut Tree & Letter Graphic Drawstring Waist Shorts,0.0,610.85,35.0,#2 Best Seller,in Yellow Men Bottoms,939.7692307692307
444,5.0,Manfinity Hypemode Loose Fit Men's Color Block Drawstring Waist Corduroy Shorts,1800.0,688.75,47.0,Unranked(New),Simple Menswear,1299.5283018867924
445,0.0,Men's Drawstring Letter Detail Summer Shorts,0.0,1671.05,6.0,#4 Best Seller,in Woven Fabric Men Clothing,1777.712765957447
446,0.0,Manfinity Homme Loose Fit Men's Drop Shoulder Jacket With Flap Pockets,200.0,1648.2500000000002,26.0,Unranked(New),Simple Menswear,2227.3648648648655
447,4.0,Men's Casual Short Sleeve T-Shirt With Printed Text,0.0,816.05,7.0,#10 Best Seller,in Khaki Men T-Shirts,877.4731182795699
448,4.0,ROMWE Street Life Men Cotton Letter Graphic Drop Shoulder Tee,1000.0,695.4,34.0,Unranked(New),Simple Menswear,1053.6363636363637
449,7.0,Men's Colorblock Round Neck T-shirt,0.0,768.55,12.0,#5 Best Seller,in Colorblock Men T-Shirts,873.3522727272727
450,12.0,Manfinity RSRT Men Summer Casual Flamingo Printed Short Sleeve Polo Shirt,300.0,987.0500000000001,13.0,Unranked(New),Simple Menswear,1134.5402298850574
451,0.0,Manfinity RSRT Men Paisley Scarf Print Drawstring Waist Shorts,2800.0,991.8,18.0,Unranked(New),Simple Menswear,1209.5121951219512
452,0.0,Manfinity Hypemode Men's Drawstring Waist Knitted Shorts With Slogan And Pattern,0.0,1006.05,13.0,#8 Best Seller,in Slogan Men Bottoms,1156.3793103448277
453,0.0,"ROMWE Street Life 2pcs Men's Portrait Printed Short Sleeve T-Shirt And Shorts, Suitable For Daily Wear In Spring And Summer",3400.0,1775.5500000000002,13.0,Unranked(New),Simple Menswear,2040.8620689655177
454,6.0,Manfinity Homme Men Color Block Contrast Trim Polo Shirt,1100.0,715.35,43.0,Unranked(New),Simple Menswear,1255.0
455,0.0,Men's Slogan Printed Drawstring Waist Shorts,0.0,892.0500000000001,12.0,#2 Best Seller,in Slogan Men Shorts,1013.6931818181819
456,0.0,Men's Zipper Front Hoodie Sweatshirt,100.0,1049.75,33.0,Unranked(New),Simple Menswear,1566.7910447761194
457,0.0,Manfinity Homme Men Summer Casual Color-Block Pocket Short Sleeve T-Shirt And Shorts Set,1300.0,1709.05,12.0,Unranked(New),Simple Menswear,1942.1022727272727
458,4.0,Manfinity Hypemode Men Rose Print Drawstring Waist Shorts,1900.0,844.5500000000001,13.0,Unranked(New),Simple Menswear,970.7471264367816
459,7.0,Manfinity EMRG Men Letter Graphic Tee,700.0,482.6,51.0,Unranked(New),Simple Menswear,984.8979591836735
460,5.0,Manfinity Homme Men Summer Casual Solid Button Up Short Sleeve Loose Shirt,400.0,852.1500000000001,28.0,Unranked(New),Simple Menswear,1183.541666666667
461,7.0,"5pcs/Set Men's Summer Regular Fit Solid Color Basic T-Shirt, Casual Going-Out Clothing",0.0,2934.55,7.0,#6 Best Seller,in Plain Men T-Shirts,3155.430107526882
462,7.0,Manfinity RSRT Men's Flamingo & Palm Tree Print Short Sleeve Shirt And Shorts Set,1000.0,1671.05,6.0,Unranked(New),Simple Menswear,1777.712765957447
463,14.0,Manfinity Homme Men Half Button Roll Up Sleeve Shirt,3600.0,1291.05,7.0,Unranked(New),Simple Menswear,1388.225806451613
464,6.0,Manfinity Swimmode Men Letter Patched Drawstring Waist Swim Trunks,0.0,1082.05,7.0,#5 Best Seller,in Patched Men Beach Shorts,1163.494623655914
465,5.0,Manfinity Homme Men T-Shirts Fit Crew Neck Short Sleeve Casual Summer Polyester,600.0,566.2,36.0,Unranked(New),Simple Menswear,884.6875000000001
466,0.0,"Men's Plus Size Casual Fit Chinese Dragon Printed Round Neck Oversized T-Shirt With Drop Shoulder Sleeves, Summer",0.0,1292.0,50.0,Unranked(New),Simple Menswear,2584.0
467,16.0,Manfinity Homme Men Mountain Print Tee,5600.0,721.05,12.0,Unranked(New),Simple Menswear,819.375
468,0.0,Manfinity RSRT Men Letter & Tropical Print Tee and Shorts Set,500.0,1034.55,40.0,Unranked(New),Simple Menswear,1724.25
469,6.0,Manfinity Streetrush Loose Fit Men's Drop Shoulder Cross Embroidery Vintage T-Shirt,1800.0,1006.05,13.0,Unranked(New),Simple Menswear,1156.3793103448277
470,0.0,Manfinity Streetrush Men Star & Letter Printed Fleece Lined Zip-Up Hoodie,0.0,1718.55,13.0,#1 Best Sellers,in Men Zip-up Hoodies,1975.344827586207
471,0.0,Manfinity LEGND Men Reflective Cartoon Graphic Tee,2500.0,791.35,16.0,Unranked(New),Simple Menswear,942.0833333333334
472,4.0,Manfinity Homme Men's Solid Color Knitted Casual Polo Shirt,1000.0,1027.9,17.0,Unranked(New),Simple Menswear,1238.4337349397592
473,0.0,Manfinity Swimmode Men Striped Print Drawstring Waist Swim Trunks,0.0,863.55,6.0,#10 Best Seller,in Blue Men Clothing,918.6702127659574
474,7.0,Men's Flag Print Round Neck Short Sleeve T-Shirt Usa Shirt,2700.0,806.5500000000001,7.0,Unranked(New),Simple Menswear,867.258064516129
475,0.0,Manfinity Homme Men Marled Knit Thermal Zip Up Cardigan,30.0,1524.75,30.0,Unranked(New),Simple Menswear,2178.214285714286
476,0.0,Manfinity Homme Men Striped Shirt & Drawstring Waist Shorts Without Tee,0.0,1652.05,6.0,#10 Best Seller,in Striped Men Co-ords,1757.5
477,0.0,Men's Summer Casual Short Sleeve T-Shirt With American Flag Print,400.0,797.0500000000001,7.0,Unranked(New),Simple Menswear,857.0430107526881
478,5.0,Manfinity RSRT Men's Tropical Print Short Sleeve Shirt And Shorts With Slanted Pocket Suit,2900.0,1785.05,6.0,Unranked(New),Simple Menswear,1898.9893617021276
479,0.0,Men's Summer Color Block Patchwork Letter Print Fashionable Casual Short Sleeve T-Shirt And Shorts Set,0.0,1500.05,7.0,#6 Best Seller,in Colorblock Men T-Shirt Co-ords,1612.9569892473119
480,0.0,Men's Summer Holiday Slogan Palm Tree Printed Casual Tank Top,100.0,732.45,8.0,Unranked(New),Simple Menswear,796.1413043478261
481,0.0,ROMWE Street Life Men Car & Letter Graphic Tee,0.0,996.5500000000001,13.0,#7 Best Seller,in Blue Men Tops,1145.4597701149426
482,0.0,Men's Sports Training Shorts Fitness Pants,20.0,844.5500000000001,7.0,Unranked(New),Simple Menswear,908.1182795698925
483,5.0,Manfinity Homme Men's Solid Color Drawstring Elastic Waist Summer Shorts Knee Plain All White Casual Dad And Me,0.0,844.5500000000001,14.0,#4 Best Seller,in White Men Bottoms,982.0348837209302
484,0.0,Manfinity LEGND Men Camo Print Drawstring Hooded Tee & Shorts,1400.0,2184.0499999999997,13.0,Unranked(New),Simple Menswear,2510.4022988505744
485,0.0,Manfinity Hypemode Men Solid Notched Neck Tee,200.0,491.15,56.0,Unranked(New),Simple Menswear,1116.25
486,7.0,SHEIN Manfinity Homme Men's Casual V-Neck Short Sleeve T-Shirt For Spring And Summer,1600.0,806.5500000000001,12.0,Unranked(New),Simple Menswear,916.5340909090909
487,0.0,Manfinity Chillmode Men Tropical Print Tee & Drawstring Waist Shorts,2100.0,1380.35,17.0,Unranked(New),Simple Menswear,1663.0722891566265
488,10.0,Manfinity Homme Men Summer Leisure ECG Cross Print Short Sleeve T-Shirt,200.0,346.75,52.0,Unranked(New),Simple Menswear,722.3958333333334
489,0.0,Manfinity Men Striped Printed Drawstring Loose Beach Shorts For Vacation,20.0,817.9499999999999,24.0,Unranked(New),Simple Menswear,1076.25
490,0.0,Manfinity LEGND Men's Plus Size Summer Casual T-Shirt With American Flag Print And Round Neck,10.0,949.0500000000001,12.0,Unranked(New),Simple Menswear,1078.465909090909
491,0.0,"ROMWE Street Life 2pcs Men's Portrait Printed Short Sleeve T-Shirt And Shorts, Suitable For Daily Wear In Spring And Summer",0.0,1775.5500000000002,13.0,#1 Best Seller,in Animal Men Co-ords,2040.8620689655177
492,4.0,Manfinity Hypemode Men Rose Print Drawstring Waist Shorts,0.0,844.5500000000001,13.0,#10 Best Seller,in Floral Men Shorts,970.7471264367816
493,0.0,Men's Color-Block Striped Shawl Collar Button-Down Cardigan,40.0,2096.65,22.0,Unranked(New),Simple Menswear,2688.0128205128203
494,5.0,Manfinity Homme Men Summer Casual Solid Button Up Short Sleeve Loose Shirt,400.0,852.1500000000001,28.0,Unranked(New),Simple Menswear,1183.541666666667
495,7.0,"5pcs/Set Men's Summer Regular Fit Solid Color Basic T-Shirt, Casual Going-Out Clothing",10000.0,2934.55,7.0,Unranked(New),Simple Menswear,3155.430107526882
496,7.0,Manfinity RSRT Men's Flamingo & Palm Tree Print Short Sleeve Shirt And Shorts Set,1000.0,1671.05,6.0,Unranked(New),Simple Menswear,1777.712765957447
497,14.0,Manfinity Homme Men Half Button Roll Up Sleeve Shirt,3600.0,1291.05,7.0,Unranked(New),Simple Menswear,1388.225806451613
498,5.0,Manfinity Homme Men T-Shirts Fit Crew Neck Short Sleeve Casual Summer Polyester,600.0,566.2,36.0,Unranked(New),Simple Menswear,884.6875000000001
499,16.0,Manfinity Homme Men Mountain Print Tee,5600.0,721.05,12.0,Unranked(New),Simple Menswear,819.375
500,0.0,Manfinity RSRT Men Letter & Tropical Print Tee and Shorts Set,500.0,1034.55,40.0,Unranked(New),Simple Menswear,1724.25
501,5.0,Men's Plus Size Loose Fit Drawstring Waist Spring Sports Pants,30.0,1192.25,26.0,Unranked(New),Simple Menswear,1611.1486486486488
502,6.0,Manfinity Streetrush Loose Fit Men's Drop Shoulder Cross Embroidery Vintage T-Shirt,1800.0,1006.05,13.0,Unranked(New),Simple Menswear,1156.3793103448277
503,0.0,Manfinity LEGND Men Reflective Cartoon Graphic Tee,2500.0,791.35,16.0,Unranked(New),Simple Menswear,942.0833333333334
504,7.0,Men's Flag Print Round Neck Short Sleeve T-Shirt Usa Shirt,2700.0,806.5500000000001,7.0,Unranked(New),Simple Menswear,867.258064516129
505,0.0,Men's Summer Casual Short Sleeve T-Shirt With American Flag Print,0.0,797.0500000000001,7.0,#8 Best Seller,in Plants Men T-Shirts,857.0430107526881
506,0.0,Manfinity VCAY Men Beach Outfits Summer Vacation Woven Casual Surfing Seaside Paysage Graphic  Beach Fit Hawaiian Shorts Beachwear,0.0,825.55,14.0,Unranked(New),Simple Menswear,959.9418604651163
507,5.0,Manfinity RSRT Men's Tropical Print Short Sleeve Shirt And Shorts With Slanted Pocket Suit,2900.0,1785.05,6.0,Unranked(New),Simple Menswear,1898.9893617021276
508,0.0,Men Slogan & Palm Tree Print Tee,1400.0,593.75,34.0,Unranked(New),Simple Menswear,899.6212121212121
509,0.0,Manfinity Vacaylife Men's Casual Hollow Out Texture Round Neck Sleeveless Tank Top For Vacation,300.0,844.5500000000001,6.0,Unranked(New),Simple Menswear,898.4574468085107
510,8.0,Manfinity Homme Men Solid Shirt & Drawstring Waist Shorts Without Tee,0.0,1576.05,7.0,#6 Best Seller,in Black Men Shirt Co-ords,1694.6774193548388
511,10.0,Manfinity Swimmode Men Striped Print Drawstring Waist Swim Trunks,1100.0,1167.55,7.0,Unranked(New),Simple Menswear,1255.4301075268818
512,0.0,Men's Summer Casual T-Shirt With Letter Print And Round Neck Short Sleeve,100.0,502.55,37.0,Unranked(New),Simple Menswear,797.6984126984127
513,18.0,Manfinity Homme Men Solid Button Front Shirt,1100.0,635.5500000000001,48.0,Unranked(New),Simple Menswear,1222.2115384615386
514,8.0,Men's Summer Poker Printed Short Sleeve Round Neck Casual Commute T-Shirt,300.0,705.85,20.0,Unranked(New),Simple Menswear,882.3125
515,0.0,Men Drawstring Solid Color Casual Pants With Pockets Baggy Long Slacks Plain All White Going Out,0.0,1291.05,7.0,#2 Best Seller,in White Men Pants,1388.225806451613
516,0.0,Men's Zipper Leather Jacket,100.0,2565.0,27.0,Unranked(New),Simple Menswear,3513.698630136986
517,0.0,Manfinity Homme Men's Striped Printed Short Sleeve Casual Cotton Blend T-Shirt For Summer,300.0,873.05,13.0,Unranked(New),Simple Menswear,1003.5057471264367
518,0.0,Manfinity Homme Men T-Shirts Fit V Neck Short Sleeve Letter Graphic Business Summer Polyester,1900.0,768.55,12.0,Unranked(New),Simple Menswear,873.3522727272727
519,6.0,Manfinity RSRT Men Coconut Tree & Slogan Graphic Tee,0.0,356.25,58.0,#9 Best Sellers,in Hawaiian Shirt,848.2142857142857
520,15.0,SHEIN Manfinity EMRG Men's Letter Printed Short Sleeve T-Shirt,0.0,759.0500000000001,13.0,#2 Best Seller,in Letter Men T-Shirts,872.471264367816
521,0.0,Manfinity LEGND White Knitted Men's Summer Letter Printed Short Sleeve T-Shirt And Shorts Casual 2pcs Outfit,600.0,817.9499999999999,49.0,Unranked(New),Simple Menswear,1603.8235294117646
522,0.0,"Manfinity EMRG Men's Summer Casual Short Sleeve T-Shirt With Star And Character Print, Round Neck",400.0,1205.55,14.0,Unranked(New),Simple Menswear,1401.8023255813953
523,5.0,Men's Solid Color Sweatshirt,0.0,949.0500000000001,14.0,#5 Best Seller,in Plain Men Hoodies & Sweatshirts,1103.546511627907
524,5.0,Manfinity EMRG Men's Solid Color Drawstring Cargo Shorts With Pockets For Summer Leisure,200.0,1015.55,13.0,Unranked(New),Simple Menswear,1167.2988505747126
525,7.0,Manfinity LEGND Loose Fit Men's Cargo Shorts With Flap Pockets And Drawstring Waist,1500.0,1186.55,14.0,Unranked(New),Simple Menswear,1379.7093023255813
526,6.0,Men's Round Neck Letter Print Casual Commute T-Shirt,400.0,713.4499999999999,20.0,Unranked(New),Simple Menswear,891.8125
527,6.0,Manfinity Homme Men Solid Button Up Shirt,1200.0,1072.55,7.0,Unranked(New),Simple Menswear,1153.279569892473
528,6.0,Men Coconut Tree & Slogan Graphic Tee,1900.0,854.0500000000001,5.0,Unranked(New),Simple Menswear,899.0
529,8.0,Manfinity Swimmode Men Color Block Striped Print Flap Detail Swim Trunks,3600.0,1196.05,7.0,Unranked(New),Simple Menswear,1286.0752688172042
530,4.0,"Men Regular Fit Short Sleeve T-Shirt And Shorts Set, Personality Printed Pattern, Fashionable And Casual Outfit, Pocket Sports Elastic Drawstring Shorts, Summer",0.0,1471.55,7.0,#7 Best Seller,in Colorblock Men T-Shirt Co-ords,1582.3118279569892
531,6.0,Manfinity Homme Men Striped Print Button Up Shirt,1100.0,1338.55,7.0,Unranked(New),Simple Menswear,1439.3010752688172
532,7.0,Manfinity Sporsity Men's Loose Fit Sweatpants With Drawstring Waist & Contrast Side Tape Detail,1200.0,641.25,53.0,Unranked(New),Simple Menswear,1364.3617021276596
533,9.0,Men's Pattern Printed Short Sleeve Shirt,500.0,911.05,6.0,Unranked(New),Simple Menswear,969.2021276595744
534,15.0,Manfinity LEGND Men's Summer Sporty & Casual Lion Printed Short Sleeve T-Shirt,500.0,688.75,24.0,Unranked(New),Simple Menswear,906.25
535,0.0,Manfinity RSRT Men's Flower Printed Casual Shirt,100.0,1405.05,7.0,Unranked(New),Simple Menswear,1510.8064516129032
536,0.0,Manfinity Homme Plus Size Solid Color Drawstring Pocketed Straight Leg Casual Pants,0.0,1149.5,32.0,Unranked(New),Simple Menswear,1690.4411764705883
537,0.0,Manfinity Homme Men's Gradient Short Sleeve Polo Shirt,0.0,650.75,37.0,#6 Best Seller,in Loose Men Polo Shirts,1032.936507936508
538,4.0,Manfinity Men Figure Graphic Kangaroo Pocket Drawstring Hoodie,0.0,1367.05,14.0,#1 Best Seller,in Figure Men Hoodies,1589.593023255814
539,0.0,Manfinity RSRT Men Solid Drawstring Waist Shorts Baggy Board Linen Cool Plain All White Vacation Boho,2600.0,973.75,18.0,Unranked(New),Simple Menswear,1187.5
540,0.0,Manfinity Homme Men 3pcs Letter Patched Drawstring Waist Shorts,0.0,2309.45,18.0,#5 Best Seller,in Patched Men Bottoms,2816.40243902439
541,5.0,Manfinity RSRT Men Summer Palm Tree Printed Round Neck Short-Sleeve Knit T-Shirt And Woven Shorts Casual Two-Piece Set,0.0,1398.4,18.0,#8 Best Seller,in Khaki Men Co-ords,1705.3658536585365
542,5.0,SUMWON Overhead Hoodie With Applique Embroidery,0.0,1965.5500000000002,10.0,#10 Best Seller,in Loose Men Sweatshirts,2183.944444444445
543,4.0,Men's Letter Print Round Neck Casual & Commute T-Shirt,800.0,650.75,27.0,Unranked(New),Simple Menswear,891.4383561643835
544,0.0,Manfinity Homme Men'S Contrast Color Short Sleeve Polo Shirt,1000.0,1053.55,13.0,Unranked(New),Simple Menswear,1210.9770114942528
545,8.0,Manfinity Homme Men Solid Color Simple Round Neck Short Sleeve T-Shirt And Shorts Set,0.0,2034.9,18.0,#10 Best Seller,in Patched Men T-Shirt Co-ords,2481.5853658536585
546,0.0,"Manfinity LEGND Men's Plus Size American Flag Printed Round Neck Short Sleeve Casual T-Shirt, Summer",10.0,968.05,12.0,Unranked(New),Simple Menswear,1100.0568181818182
547,10.0,Manfinity Homme Men's Simple Solid Color Short Sleeve Polo Shirt,3000.0,965.2,17.0,Unranked(New),Simple Menswear,1162.8915662650602
548,6.0,Manfinity Homme Men Striped Print Drawstring Waist Flap Pocket Cargo Shorts,3700.0,958.55,14.0,Unranked(New),Simple Menswear,1114.593023255814
549,0.0,Manfinity VCAY Men Cotton Letter Graphic Tee & Paisley Print Drawstring Waist Shorts,2000.0,1889.55,15.0,Unranked(New),Simple Menswear,2223.0
550,4.0,Manfinity Homme Men'S Solid Color Short Sleeve Shirt,1100.0,1167.55,7.0,Unranked(New),Simple Menswear,1255.4301075268818
551,7.0,Men Slogan Graphic Short Sleeve Round Neck Tee,200.0,711.5500000000001,7.0,Unranked(New),Simple Menswear,765.1075268817204
552,10.0,Manfinity Homme Men's Ombre Long Sleeve Shirt,0.0,1281.55,7.0,#6 Best Seller,in Purple Men Shirts,1378.010752688172
553,6.0,Men's Casual/Commuting Round Neck T-Shirt,2800.0,825.55,6.0,Unranked(New),Simple Menswear,878.2446808510638
554,8.0,Manfinity RSRT Men Tropical Print Shirt & Shorts Without Tee,0.0,1699.55,6.0,#10 Best Seller,in Short Sleeve Men Shirt Co-ords,1808.031914893617
555,6.0,Manfinity Homme Men's Drawstring Waist Casual Woven Striped Summer Shorts,100.0,825.55,13.0,Unranked(New),Simple Menswear,948.9080459770115
556,0.0,"Manfinity Homme 2pcs Men's Green Casual Turn-Down Collar Short Sleeve Shirt Set ,Linen-Cotton Blend Comfortable Breathable Green Short-Sleeve Shorts Shirt Set , Casual Shirts Set ,Linen Shirt Set",0.0,2564.0499999999997,7.0,Unranked(New),Simple Menswear,2757.0430107526877
557,11.0,Manfinity Swimmode Men Tropical Print Drawstring Waist Swim Trunks,1500.0,955.7,12.0,Unranked(New),Simple Menswear,1086.0227272727273
558,5.0,Manfinity Homme Men T-Shirts Fit Crew Neck Short Sleeve Slogan Tee Casual,1000.0,787.55,13.0,Unranked(New),Simple Menswear,905.2298850574713
559,0.0,"ROMWE Street Life Men Oversized Snow Wash T-Shirt With Printed Characters And Slogan, Summer",2000.0,1443.05,14.0,Unranked(New),Simple Menswear,1677.9651162790697
560,11.0,Manfinity Mode Men Solid Tapered Suit Pants,400.0,1538.0500000000002,13.0,Unranked(New),Simple Menswear,1767.8735632183912
561,0.0,Manfinity LEGND Men's Animal And Letter Print Drawstring 2 In 1 Summer Casual Shorts,0.0,1235.95,17.0,#10 Best Seller,in Knitted Fabric Men Shorts,1489.0963855421687
562,5.0,Manfinity Homme Men Solid Slant Pocket Shorts,2300.0,1167.55,15.0,Unranked(New),Simple Menswear,1373.5882352941176
563,4.0,Manfinity EMRG Men Butterfly & Slogan Graphic Tee,1700.0,626.05,32.0,Unranked(New),Simple Menswear,920.6617647058822
564,0.0,Manfinity Hypemode Men Cotton Colorblock Pocket Detail Polo Shirt,1700.0,1272.05,14.0,Unranked(New),Simple Menswear,1479.1279069767443
565,4.0,Men's Letter Print Short Sleeve T-Shirt,2700.0,726.75,15.0,Unranked(New),Simple Menswear,855.0
566,7.0,Men's Summer Casual T-Shirt With EKG Heartbeat Print Round Neck Short Sleeve,80.0,683.0500000000001,20.0,Unranked(New),Simple Menswear,853.8125
567,0.0,Manfinity RSRT Men Coconut Tree Print Shirt,600.0,1148.55,6.0,Unranked(New),Simple Menswear,1221.8617021276596
568,6.0,"Summer New Arrival Men's Solid Color Quick-Drying Casual Sports Shorts With Drawstring Waistband, Perfect For Fitness, Running, And Beachwear",0.0,825.55,6.0,#8 Best Seller,in Black Men Shorts,878.2446808510638
569,7.0,Manfinity Swimmode Men's Palm Tree Printed Drawstring Waist Beach Shorts,1200.0,1110.55,7.0,Unranked(New),Simple Menswear,1194.1397849462367
570,0.0,Manfinity Basics Men Summer Casual Solid Color Basic Round Neck Tank Top,200.0,1443.05,7.0,Unranked(New),Simple Menswear,1551.6666666666667
571,9.0,"Men's Summer Geometric Pattern Printed T-Shirt And Shorts Set, Fashionable And Casual With Pocket, Elastic Drawstring Shorts",0.0,1471.55,7.0,#10 Best Seller,in Yellow Men T-Shirt Co-ords,1582.3118279569892
572,4.0,Men Round Neck Casual And Commuting T-Shirt,700.0,825.55,6.0,Unranked(New),Simple Menswear,878.2446808510638
573,0.0,"Manfinity Homme Knitted Round Neck Contrast Color Short Sleeve T-Shirt And Drawstring Pocket Shorts Set, Summer",500.0,1054.5,47.0,Unranked(New),Simple Menswear,1989.622641509434
574,0.0,Manfinity LEGND Men's Casual-Fit Solid Color Cargo Shorts With Pockets,200.0,1196.05,14.0,Unranked(New),Simple Menswear,1390.7558139534883
575,0.0,ROMWE Street Life Men's Summer Fashion Artistic  Slogan Printed T-Shirt,400.0,1063.05,13.0,Unranked(New),Simple Menswear,1221.896551724138
576,0.0,"Manfinity StreetEZ Men's Loose Embroidered English Pattern Short Sleeve Woven Shirt, Suitable For Summer",0.0,1433.55,7.0,Unranked(New),Simple Menswear,1541.4516129032259
577,7.0,Manfinity Homme Men's Hooded Sweatshirt With Letter Print And Drawstring,1400.0,1215.05,13.0,Unranked(New),Simple Menswear,1396.6091954022988
578,0.0,Manfinity EMRG Loose Fit Men's Striped Print Drawstring Waist Shorts Pattern Graffiti Colorful Funny,0.0,844.5500000000001,13.0,#4 Best Seller,in Khaki Men Shorts,970.7471264367816
579,5.0,Manfinity Hypemode Men Flap Pocket Drawstring Waist Shorts,500.0,1129.55,14.0,Unranked(New),Simple Menswear,1313.4302325581396
580,4.0,Manfinity Mode Men'S Solid Color Casual Polo Shirt,600.0,1224.55,12.0,Unranked(New),Simple Menswear,1391.534090909091
581,15.0,Manfinity Homme Men's Solid Color Casual Short Sleeve Shirt,2700.0,1009.85,11.0,Unranked(New),Simple Menswear,1134.6629213483145
582,5.0,Men Cartoon Printed Casual Commuting T-Shirt With Round Neck For Summer,300.0,300.2,66.0,Unranked(New),Simple Menswear,882.9411764705883
583,4.0,"Men Solid Color Drawstring Patchwork Shorts With Pockets, Summer Casual Shorts",0.0,996.5500000000001,7.0,#10 Best Seller,in Khaki Men Shorts,1071.5591397849462
584,0.0,Men Slant Pocket Slim Straight Jeans,6800.0,1965.5500000000002,7.0,Unranked(New),Simple Menswear,2113.4946236559144
585,0.0,Men Summer Casual Drawstring Waist American Flag Printed Shorts,0.0,698.25,32.0,#6 Best Seller,in Plants Men Bottoms,1026.8382352941176
586,0.0,Men's Round Neck Casual/Office Style T-Shirt With Deer Head Print,200.0,705.85,20.0,Unranked(New),Simple Menswear,882.3125
587,7.0,Manfinity Hypemode Men Flap Pocket Drawstring Waist Pants,0.0,1680.5500000000002,6.0,#10 Best Seller,in Street Men Pants,1787.8191489361704
588,7.0,DAZY Men Solid Round Neck Tee,400.0,266.0,70.0,Unranked(New),Simple Menswear,886.6666666666666
589,0.0,Men Casual Fashion Color Block Jacquard Knitted Short Sleeve T-Shirt,300.0,1319.55,7.0,Unranked(New),Simple Menswear,1418.8709677419354
590,4.0,Manfinity RSRT Men Graphic Print Shirt & Shorts Set,4400.0,1737.55,7.0,Unranked(New),Simple Menswear,1868.3333333333333
591,0.0,Manfinity Homme Men Drawstring Waist Slant Pocket Pants,400.0,1167.55,6.0,Unranked(New),Simple Menswear,1242.0744680851064
592,6.0,Men's Drawstring Waist Flip Pocket Cargo Pants,0.0,1319.55,7.0,#7 Best Seller,in Letter Men Pants,1418.8709677419354
593,8.0,Manfinity Modomio Loose-Fit Men's Notched Neck Top & Drawstring Waist Pants,0.0,2440.55,7.0,#8 Best Seller,in Short Sleeve Men Polo Co-ords,2624.247311827957
594,7.0,ROMWE Street Life Men Slogan & Skeleton Print Drop Shoulder Tee,1500.0,455.05,49.0,Unranked(New),Simple Menswear,892.2549019607843
595,0.0,Manfinity Homme Men Slogan Graphic Tee,900.0,683.0500000000001,20.0,Unranked(New),Simple Menswear,853.8125
596,6.0,Men's Round Neck Letter Print Casual Commute T-Shirt,200.0,705.85,20.0,Unranked(New),Simple Menswear,882.3125
597,4.0,Manfinity Homme Men T-Shirts Fit V Neck Short Sleeve Henley Colorblock Casual Simple Summer Polyester,500.0,987.0500000000001,13.0,Unranked(New),Simple Menswear,1134.5402298850574
598,0.0,DAZY Men Stylish Solid Color Printed Label Adhesive Summer Short Sleeve T-Shirt,300.0,1367.05,13.0,Unranked(New),Simple Menswear,1571.3218390804598
599,7.0,Manfinity EMRG Men's Zipper Design Drawstring Waist Summer Shorts Cargo Plain Cream Street Wear,0.0,1167.55,13.0,#6 Best Seller,in Patched Men Bottoms,1342.0114942528735
600,4.0,Manfinity RSRT Loose Fit Men's Geometric Print Drawstring Shorts,0.0,874.95,18.0,#3 Best Seller,in All Over Print Men Shorts,1067.0121951219512
601,5.0,Manfinity Mode Men's Color-Block Striped Polo Shirt With Eagle Embroidery,0.0,1034.55,14.0,#6 Best Seller,in Polyester Men Tops,1202.9651162790697
602,0.0,Manfinity Sporsity Men T-Shirts Fit Crew Neck Short Sleeve Graphic Tee Los Angeles Casual Summer Polyester,2300.0,835.05,12.0,Unranked(New),Simple Menswear,948.9204545454545
603,10.0,Manfinity Hypemode Men's Letter Print Knitted Casual 2-Piece Outfit,700.0,1642.55,14.0,Unranked(New),Simple Menswear,1909.9418604651162
604,0.0,TEENAGE MUTANT NINJA TURTLES X SHEIN Men's Casual Oversized Back Cool Cartoon Pattern Loose T-Shirt With Drop Shoulders For Summer,700.0,1044.05,13.0,Unranked(New),Simple Menswear,1200.057471264368
605,9.0,Manfinity Homme Men'S Solid Color Stand Collar Casual Polo Shirt,4800.0,930.05,13.0,Unranked(New),Simple Menswear,1069.0229885057472
606,0.0,"Manfinity ResortEase Men's Plus-Size Palm Tree Printed Short Sleeve Casual Shirt, Beach Vacation Style",0.0,1329.05,7.0,Unranked(New),Simple Menswear,1429.0860215053763
607,0.0,Manfinity RSRT Men Random Print Shirt Without Tee,3100.0,1015.55,7.0,Unranked(New),Simple Menswear,1091.989247311828
608,0.0,Men Pineapple Print Tee,1100.0,664.0500000000001,0.0,Unranked(New),Simple Menswear,664.05
609,11.0,Men's Fashionable Distressed & Frayed Denim Shorts,1100.0,1547.55,7.0,Unranked(New),Simple Menswear,1664.032258064516
610,0.0,Manfinity RSRT Men Hollow Out Shirt,0.0,1120.05,6.0,#6 Best Seller,in Black Men Shirts,1191.5425531914893
611,4.0,Manfinity Swimmode Men Drawstring Waist 2 In 1 Swim Trunks,2000.0,1262.55,6.0,Unranked(New),Simple Menswear,1343.1382978723404
612,0.0,ROMWE Street Life Men Cotton Planet & Slogan Graphic Tee,5000.0,1110.55,13.0,Unranked(New),Simple Menswear,1276.4942528735633
613,0.0,Manfinity LEGND Men Camo Printed Denim Shorts With Pockets And Button Closure,0.0,2425.35,8.0,#1 Best Seller,in All Over Print Men Denim,2636.25
614,6.0,"Men Fashionable Casual Gradient Color Seagull Print T-Shirt, Versatile Style",0.0,844.5500000000001,7.0,#8 Best Seller,in Polyester Men T-Shirts,908.1182795698925
615,6.0,Manfinity Homme Men'S Solid Color Short Sleeve Polo Shirt,2100.0,1137.15,14.0,Unranked(New),Simple Menswear,1322.2674418604654
616,0.0,DAZY Men's Summer Letter Printed Round Neck Short Sleeve Casual T-Shirt,0.0,1072.55,13.0,Unranked(New),Simple Menswear,1232.816091954023
617,5.0,Manfinity Hypemode Men Japanese Letter & Floral Print Tee & Drawstring Waist Shorts,0.0,1500.05,13.0,#10 Best Seller,in Floral Men Co-ords,1724.1954022988505
618,4.0,Manfinity Homme Oversized Men's Moon And Planet Print Hoodie,0.0,1186.55,13.0,#7 Best Seller,in Knitted Fabric Men Hoodies,1363.8505747126437
619,0.0,SUMWON Denim Short With Raw Edge,0.0,1614.05,15.0,#3 Best Seller,in Plain Men Denim Shorts,1898.8823529411766
620,0.0,Manfinity RSRT Men Tropical Print Shirt & Drawstring Waist Shorts Set,500.0,1557.05,14.0,Unranked(New),Simple Menswear,1810.5232558139535
621,8.0,Manfinity Homme Men T-Shirts Fit Crew Neck Short Sleeve Casual Summer Polyester,1200.0,825.55,12.0,Unranked(New),Simple Menswear,938.125
622,4.0,Manfinity EMRG Men's Letter And Star Patterned Long Sleeve Casual Hoodie,0.0,1405.05,13.0,#1 Best Seller,in Knitted Fabric Men Hoodies & Sweatshirts,1615.0
623,0.0,Rick and Morty X SHEIN Men Cartoon Character And Letter Printed Drawstring Waist Casual Summer Shorts,400.0,1253.05,13.0,Unranked(New),Simple Menswear,1440.287356321839
624,4.0,Manfinity LEGND Men's Flip Pocket Drawstring Waist Shorts,3300.0,1984.55,14.0,Unranked(New),Simple Menswear,2307.6162790697676
625,0.0,Men's Color Block T-Shirt Set,1400.0,1357.55,13.0,Unranked(New),Simple Menswear,1560.4022988505747
626,5.0,Men's Summer Sunset Print Round Neck Casual Tank Top,100.0,607.05,20.0,Unranked(New),Simple Menswear,758.8124999999999
627,14.0,Manfinity Homme Men's Casual Solid Color Cargo Pants With Flap Pockets And Drawstring Waist,0.0,1889.55,7.0,#10 Best Seller,in Pocket Men Pants,2031.774193548387
628,6.0,Men Slogan & Cartoon Graphic Tee,1200.0,385.7,59.0,Unranked(New),Simple Menswear,940.7317073170732
629,4.0,Manfinity Basics Men Solid Round Neck Tee,100.0,282.15000000000003,70.0,Unranked(New),Simple Menswear,940.5000000000001
630,0.0,Manfinity RSRT Men's Plant Printed Short Sleeve Shirt And Shorts Two Piece Set,800.0,1614.05,7.0,Unranked(New),Simple Menswear,1735.5376344086021
631,12.0,Manfinity Homme Men Striped Shirt & Drawstring Waist Shorts Without Tee,6700.0,1756.55,7.0,Unranked(New),Simple Menswear,1888.763440860215
632,5.0,Manfinity RSRT Men Tropical Print Shirt & Shorts,0.0,1652.05,6.0,#2 Best Seller,in Tropical Men Shirt Co-ords,1757.5
633,11.0,Manfinity Homme Men Letter Patched Detail Tee,0.0,612.75,55.0,#6 Best Seller,in Patched Men T-Shirts,1361.6666666666667
634,0.0,Manfinity RSRT Men Tropical Print Shirt & Shorts,2400.0,1661.55,6.0,Unranked(New),Simple Menswear,1767.6063829787233
635,0.0,Men Slogan & Palm Tree Print Tee,900.0,958.55,6.0,Unranked(New),Simple Menswear,1019.7340425531914
636,0.0,Manfinity Homme Men's Plus Size Summer American Flag Letter Printed Round Neck Casual Short Sleeve T-Shirt,0.0,873.05,12.0,Unranked(New),Simple Menswear,992.1022727272727
637,6.0,Manfinity LEGND Loose Fit Men's Hoodie With Cross Print And Zipper,1700.0,1291.05,13.0,Unranked(New),Simple Menswear,1483.9655172413793
638,5.0,Men Zip Up Drawstring Thermal Hoodie,0.0,1120.05,14.0,#10 Best Seller,in Drawstring Men Hoodies & Sweatshirts,1302.3837209302326
639,6.0,Manfinity Hypemode Men's Camouflage Bear Printed Short Sleeve Anime T-Shirt And Shorts Set,0.0,1680.5500000000002,13.0,#5 Best Seller,in Animal Men T-Shirt Co-ords,1931.666666666667
640,0.0,"ROMWE Street Life Men's Summer Casual Skull Hand, Paisley & Letter Printed Drawstring 2 In 1 Basketball Shorts",1300.0,1386.05,14.0,Unranked(New),Simple Menswear,1611.6860465116279
641,0.0,Men's Summer Casual Short Sleeve T-Shirt With Letter American Flag Print,700.0,648.85,17.0,Unranked(New),Simple Menswear,781.7469879518072
642,8.0,Manfinity Swimmode Men Drawstring Waist Swim Trunks,0.0,811.3,12.0,#2 Best Seller,in Drawstring Men Swimwear,921.9318181818181
643,5.0,Manfinity LEGND Men Floral & Slogan Graphic Tee,3200.0,835.05,13.0,Unranked(New),Simple Menswear,959.8275862068965
644,0.0,Manfinity Modomio Men Drawstring Waist Patched Detail Striped Shorts,1500.0,958.55,13.0,Unranked(New),Simple Menswear,1101.7816091954023
645,0.0,ROMWE Street Life Men Cartoon & Letter Graphic Drawstring Waist Shorts,0.0,930.05,13.0,#9 Best Seller,in Letter Men Shorts,1069.0229885057472
646,0.0,Manfinity Chillmode Men's Colorful Minimalist Daily Style Buttoned Short Sleeve Knitted Top,0.0,1595.05,13.0,Unranked(New),Simple Menswear,1833.3908045977012
647,0.0,Men Summer Casual Short Sleeve T-Shirt With Letter Printing,900.0,721.05,13.0,Unranked(New),Simple Menswear,828.7931034482758
648,7.0,Manfinity Homme Men Solid Polo Shirt,0.0,1319.55,13.0,#7 Best Seller,in Long Sleeve Men Clothing,1516.7241379310344
649,0.0,SHEIN X Hangout Fest Manfinity Swimmode Men Pineapple Print Drawstring Waist Swim Trunks,4500.0,1015.55,7.0,Unranked(New),Simple Menswear,1091.989247311828
650,4.0,SHEIN Manfinity Homme Men's Button Front Sleeveless Tank Top,0.0,787.55,7.0,#3 Best Seller,in Green Men Tank Tops,846.8279569892474
651,5.0,Men's Casual & Commuter Round Neck T-Shirt With Printed Car Slogan,1200.0,499.7,43.0,Unranked(New),Simple Menswear,876.6666666666666
652,9.0,ROMWE Prep Men Star Print Denim Shorts,0.0,2003.55,7.0,#1 Best Seller,in Geometric Men Denim,2154.3548387096776
653,0.0,Manfinity Homme Men Loose Fit Drawstring Waist Jogger Shorts With Letter Print,0.0,489.25000000000006,49.0,#7 Best Seller,in Blue Men Bottoms,959.3137254901962
654,0.0,Men Fashionable Casual Loose-Fit Short Sleeve T-Shirt And Shorts Set,0.0,928.15,45.0,#6 Best Seller,in Loose Men Co-ords,1687.5454545454545
655,5.0,Manfinity Homme Men Solid Crew Neck Patched Tee,0.0,835.05,13.0,#6 Best Seller,in Patched Men Tops,959.8275862068965
656,0.0,Manfinity ResortEase Men's Plus Size Solid Color Drawstring Casual Summer Shorts,0.0,1262.55,14.0,Unranked(New),Simple Menswear,1468.0813953488373
657,0.0,Manfinity Hypemode Men Slogan Graphic Tee & Drawstring Waist Shorts,0.0,1633.0500000000002,14.0,#9 Best Seller,in Green Men T-Shirt Co-ords,1898.8953488372097
658,0.0,"Manfinity Vacaylife Men's Fashionable Breathable Summer Beach T-Shirt, Lightweight Coconut Tree Print Knit Casual Tee For Surfing And Vacation, White",50.0,1015.55,12.0,Unranked(New),Simple Menswear,1154.034090909091
659,0.0,Manfinity Homme Men's Summer Casual Short Sleeve T-Shirt With Letter And USA Flag Print,0.0,534.85,16.0,#7 Best Sellers,in men usa tops,636.7261904761905
660,0.0,"Solid Color Drawstring Shorts With Pockets, Summer Casual Wear",200.0,1044.05,7.0,Unranked(New),Simple Menswear,1122.6344086021506
661,4.0,Manfinity Homme Men'S Round Neck Colorblock T-Shirt,600.0,806.5500000000001,12.0,Unranked(New),Simple Menswear,916.5340909090909
662,0.0,Manfinity LEGND Men Slogan Graphic Tee,1600.0,711.5500000000001,12.0,Unranked(New),Simple Menswear,808.5795454545455
663,0.0,Manfinity Basics 3pcs/set Men's Solid Color Shorts,700.0,2336.05,12.0,Unranked(New),Simple Menswear,2654.602272727273
664,0.0,Manfinity Sporsity Men Letter Graphic Tee & Drawstring Waist Shorts,900.0,954.7500000000001,49.0,Unranked(New),Simple Menswear,1872.058823529412
665,5.0,Manfinity Hypemode Men Figure & Letter Graphic Tee,700.0,489.25000000000006,46.0,Unranked(New),Simple Menswear,906.0185185185187
666,4.0,Manfinity Homme Men Summer Short Sleeve Round Neck Casual T-Shirt And Shorts Set With Letter Print,0.0,1223.6000000000001,28.0,#8 Best Seller,in Striped Men T-Shirt Co-ords,1699.4444444444446
667,0.0,"Men's 6pcs/Set Multicolor Sports & Casual Beach Shorts With Drawstring Elastic Waist, Pockets, Classic Design, Summer",1300.0,4397.55,7.0,Unranked(New),Simple Menswear,4728.548387096775
668,5.0,ROMWE Prep Men Letter Graphic Drawstring Waist Shorts,3000.0,920.55,13.0,Unranked(New),Simple Menswear,1058.103448275862
669,6.0,Men Slogan Graphic Tee,2100.0,806.5500000000001,7.0,Unranked(New),Simple Menswear,867.258064516129
670,6.0,Manfinity EMRG Loose Fit Men's T-Shirt With Japanese Letter & Cartoon Graphic,1000.0,958.55,14.0,Unranked(New),Simple Menswear,1114.593023255814
671,0.0,Manfinity RSRT Men's Coconut Tree Print Button Down Shirt And Shorts Set,1300.0,1709.05,7.0,Unranked(New),Simple Menswear,1837.6881720430108
672,10.0,Men Cross Print Tee,0.0,958.55,6.0,#7 Best Seller,In Slim Fit Men Clothing,1019.7340425531914
673,0.0,ROMWE Anime Men'S Two-Dimensional Printed Loose T-Shirt Is Suitable For Daily Spring And Summer,1600.0,1120.05,13.0,Unranked(New),Simple Menswear,1287.4137931034484
674,0.0,Manfinity EMRG Men'S Cartoon And Letter Print Short Sleeve T-Shirt And Knitted Shorts Casual 2pcs/Set,0.0,1659.6499999999999,17.0,#7 Best Seller,in White Men Co-ords,1999.578313253012
675,0.0,Manfinity Vacaylife Men's Drawstring Waist Woven Casual Shorts Baggy Board Cool Graphic Colorful Vacation Boho,0.0,789.45,13.0,#10 Best Seller,in Geometric Men Shorts,907.4137931034483
676,0.0,Manfinity RSRT Men Summer Vacation Lounge Coconut Tree Printed Short Sleeve T-Shirt And Shorts Set,0.0,1804.05,14.0,#3 Best Seller,in All Over Print Men T-Shirt Co-ords,2097.732558139535
677,0.0,"Manfinity Homme Men's Solid Color Drawstring Elastic Waist Casual Shorts, Fashionable And Versatile",30.0,1291.05,13.0,Unranked(New),Simple Menswear,1483.9655172413793
678,0.0,Men's Summer Mountain Printed Round Neck Short Sleeve Casual T-Shirt,300.0,730.5500000000001,12.0,Unranked(New),Simple Menswear,830.1704545454545
679,13.0,Manfinity RSRT Men Floral Print Shirt & Drawstring Waist Shorts,0.0,1595.05,7.0,#7 Best Seller,In Floral Men Clothing,1715.1075268817203
680,0.0,TEENAGE MUTANT NINJA TURTLES X SHEIN Men's Casual Cartoon And Letter Print Cool Tank Top For Summer,0.0,939.5500000000001,7.0,#8 Best Seller,in Figure Men Tank Tops,1010.2688172043011
681,0.0,Men Summer Striped Print Zipper Polo Shirt With Half Placket And Drawstring Waist Shorts Casual Set,0.0,1443.05,7.0,#2 Best Seller,in Colorblock Men Polo Co-ords,1551.6666666666667
682,0.0,Manfinity Homme Men Solid Button Up Pocket Patched Shirt,1700.0,1063.05,7.0,Unranked(New),Simple Menswear,1143.0645161290322
683,17.0,Manfinity Homme Men Solid Color Short-Sleeved Shirt With Front Button Placket And Pocket (Random Cut Print),400.0,755.25,37.0,Unranked(New),Simple Menswear,1198.8095238095239
684,0.0,Manfinity Men Ribbed Knit Polo Shirt,2400.0,1091.55,14.0,Unranked(New),Simple Menswear,1269.2441860465117
685,4.0,Manfinity Homme Men Crown & Letter Graphic Tee,1200.0,582.35,39.0,Unranked(New),Simple Menswear,954.672131147541
686,5.0,Manfinity LEGND Men Ombre Round Neck Tee,1900.0,441.75000000000006,50.0,Unranked(New),Simple Menswear,883.5000000000001
687,0.0,Men's Letter & American Flag Print Drawstring Hooded Long Sleeve Sweatshirt,1300.0,595.65,56.0,Unranked(New),Simple Menswear,1353.75
688,4.0,SUMWON Drop Crotch Short With All Over Print,1600.0,925.3000000000001,25.0,Unranked(New),Simple Menswear,1233.7333333333333
689,19.0,DAZY Men's Solid Color Tank Top,600.0,559.55,43.0,Unranked(New),Simple Menswear,981.6666666666665
690,0.0,FeverCity Men Slant Pocket Pu Leather Shorts Rave Outfit Plain Black Party Sexy,400.0,1329.05,14.0,Unranked(New),Simple Menswear,1545.406976744186
691,0.0,"Manfinity Homme Men's Casual Color-Block Short Sleeve Polo Shirt & Solid Color Shorts Set, Suitable For Summer",1500.0,1757.5,7.0,Unranked(New),Simple Menswear,1889.784946236559
692,0.0,Manfinity Mode Men Solid Slant Pocket Suit Pants,0.0,1240.7,15.0,#1 Best Seller,in Plain Men Suit Pants,1459.6470588235295
693,0.0,Manfinity LEGND Men Cotton Ripped Raw Hem Denim Shorts Jorts Plain Light Blue Vacation Vintage,0.0,1047.85,39.0,#5 Best Seller,in Pocket Men Denim Shorts,1717.7868852459014
694,10.0,Manfinity Swimmode Men Allover Print Letter Patched Detail Drawstring Waist Swim Trunks,0.0,766.65,36.0,#6 Best Seller,in Orange Men Swimwear,1197.890625
695,0.0,"Manfinity Hypemode Men Solid Color Rib-Knit Tank Top, For  Summer",0.0,806.5500000000001,8.0,#9 Best Seller,in Plain Men Tank Tops,876.6847826086956
696,0.0,Manfinity RSRT Men Summer Holiday Style Tropical Plant Print Short Sleeve Shirt And Shorts Casual Set,2300.0,1280.6000000000001,11.0,Unranked(New),Simple Menswear,1438.876404494382
697,0.0,Manfinity Homme Loose Men's Colorblock Letter Patched Detail Shorts With Drawstring Waist,3600.0,939.5500000000001,13.0,Unranked(New),Simple Menswear,1079.942528735632
698,0.0,Men Animal & Letter Graphic Tee,1900.0,679.25,23.0,Unranked(New),Simple Menswear,882.1428571428571
699,0.0,Manfinity Homme Men Cotton Slant Pocket Skinny Jeans,1800.0,1194.15,50.0,Unranked(New),Simple Menswear,2388.3
700,0.0,Men Plus Large Size Slogan Print Short Sleeve T-Shirt,2200.0,968.05,13.0,Unranked(New),Simple Menswear,1112.7011494252874
701,0.0,Men's Plus Size Round Neck Short Sleeve T-Shirt With Printed Planet,600.0,863.55,13.0,Unranked(New),Simple Menswear,992.5862068965517
702,0.0,GARFIELD X SHEIN Unisex Cartoon Printed Round Neck T-Shirt,3400.0,1148.55,14.0,Unranked(New),Simple Menswear,1335.5232558139535
703,4.0,Manfinity LEGND Men's Plus Size Summer Camouflage Casual Cargo Shorts,0.0,1205.55,14.0,#10 Best Seller,in Street Men Plus Size Shorts,1401.8023255813953
704,0.0,Manfinity Homme Men Solid Button Up Shirt,1100.0,1072.55,7.0,Unranked(New),Simple Menswear,1153.279569892473
705,10.0,Men Slim-Fit  Button Linen Guayabera Shirt Short Sleeve Beachwear For Summer,900.0,1034.55,7.0,Unranked(New),Simple Menswear,1112.4193548387098
706,0.0,Manfinity Homme Men's Plain Textured Short Sleeve Shirt And Shorts Set,300.0,1798.35,39.0,Unranked(New),Simple Menswear,2948.1147540983607
707,5.0,Manfinity Hypemode Striped Print Front Button Short Sleeve Shirt And Solid Color Drawstring Shorts Casual Summer Outfit,0.0,1705.25,11.0,#10 Best Seller,in Striped Men Shirt Co-ords,1916.0112359550562
708,12.0,Manfinity Sporsity Men's Summer Leisure Color Block Short-Sleeved Polo Shirt,100.0,622.25,53.0,Unranked(New),Simple Menswear,1323.936170212766
709,0.0,Manfinity Homme Men Plus Size Gradient Button Front Short Sleeve Shirt And Shorts Set For Summer Casual,300.0,2136.5499999999997,7.0,Unranked(New),Simple Menswear,2297.365591397849
710,11.0,Men's Color Block Striped Polo Shirt,2600.0,919.6,17.0,Unranked(New),Simple Menswear,1107.9518072289156
711,23.0,Manfinity Homme Men's Solid Color Round Neck Short Sleeve T-Shirt,0.0,635.5500000000001,12.0,#2 Best Seller,in Plain Men Tops,722.2159090909091
712,9.0,Manfinity Homme Loose Fit Men's Solid Color Waffle Knit T-Shirt,1900.0,835.05,13.0,Unranked(New),Simple Menswear,959.8275862068965
713,11.0,Manfinity Homme Men Summer Casual Color-Block Polo Shirt With Short Sleeves,0.0,901.5500000000001,17.0,#8 Best Seller,in Short Sleeve Men Polo Shirts,1086.2048192771085
714,7.0,Manfinity EMRG Men Casual Hooded Sweatshirt With Letter Print,0.0,1348.05,13.0,#7 Best Seller,in Letter Men Hoodies,1549.4827586206898
715,9.0,Manfinity Basics Men Slant Pocket Drawstring Waist Solid Shorts Baggy Sweat Daddy Khaki Going Out Basic Husband,0.0,983.25,18.0,#7 Best Seller,in Khaki Men Clothing,1199.0853658536585
716,8.0,Manfinity Homme Men's Solid Color Drop Shoulder T-Shirt With Letter Embossment,2700.0,757.15,17.0,Unranked(New),Simple Menswear,912.2289156626506
717,23.0,Manfinity Homme Men's Solid Color Short Sleeve T-Shirt,0.0,597.55,17.0,#7 Best Seller,in Plain Men T-Shirts,719.9397590361444
718,11.0,Manfinity Hypemode Men Flap Pocket Drawstring Waist Loose Cargo Shorts,0.0,1186.55,14.0,#6 Best Seller,in Patched Men Shorts,1379.7093023255813
719,15.0,Manfinity Homme Loose Fit Men's Colorblock Short Sleeve Shirt With Collar,3100.0,1129.55,6.0,Unranked(New),Simple Menswear,1201.6489361702127
720,6.0,Manfinity Homme Men Striped Print Colorblock Polo Shirt,1500.0,1101.05,13.0,Unranked(New),Simple Menswear,1265.5747126436781
721,9.0,Manfinity Homme Men Striped Print Shirt,6900.0,1063.05,7.0,Unranked(New),Simple Menswear,1143.0645161290322
722,19.0,Manfinity Homme Men Solid Lapel Neck Shirt & Shorts,1900.0,1661.55,6.0,Unranked(New),Simple Menswear,1767.6063829787233
723,0.0,"3pcs Men's Sport Shorts Set, Summer, Plus Size, Thin Ice Silk Quick-Dry Shorts, Fashionable Casual Running Fitness Youth Beach Pants",700.0,1823.0500000000002,7.0,Unranked(New),Simple Menswear,1960.2688172043013
724,12.0,Manfinity Basics Men Summer 3-Pack Solid Color Round Neck Knitted Casual Short-Sleeve T-Shirt,1300.0,1889.55,12.0,Unranked(New),Simple Menswear,2147.215909090909
725,10.0,Manfinity LEGND Men Fashionable Loose Fit Casual Elastic Waist Shorts With Drawstring,300.0,964.25,28.0,Unranked(New),Simple Menswear,1339.236111111111
726,11.0,Manfinity Homme Men Flap Pockets Drawstring Cargo Shorts,10000.0,1110.55,13.0,Unranked(New),Simple Menswear,1276.4942528735633
727,8.0,Manfinity Homme Men Loose Solid Color Round Neck T-Shirt And Drawstring Waist Shorts Set,1100.0,1899.05,13.0,Unranked(New),Simple Menswear,2182.816091954023
728,7.0,Manfinity RSRT Men Drawstring Waist Paisley Print Shorts,0.0,844.5500000000001,14.0,#2 Best Seller,in Boho Men Shorts,982.0348837209302
729,11.0,Manfinity Homme Men Summer Palm Tree Print Ombre Round Neck Casual Short Sleeve T-Shirt,500.0,402.8,57.0,Unranked(New),Simple Menswear,936.7441860465116
730,0.0,Manfinity RSRT Men's Floral Printed Short Sleeve Button-Down Shirt,0.0,656.45,45.0,#10 Best Seller,in Boho Men Shirts,1193.5454545454545
731,6.0,Manfinity Homme Men Plain Simple Daily Short Sleeve Two-Piece Set,0.0,1604.55,13.0,#1 Best Seller,in Blue Men T-Shirt Co-ords,1844.3103448275863
732,7.0,SHEIN X Breakaway Manfinity RSRT Men Fashionable And Casual Woven Surfing Beach Holiday Swim Trunks With Waist Floral Pattern,6600.0,844.5500000000001,13.0,Unranked(New),Simple Menswear,970.7471264367816
733,10.0,Manfinity Hypemode Loose Fit Men's Shorts With Slant Pockets And Drawstring Waist,2800.0,762.8499999999999,14.0,Unranked(New),Simple Menswear,887.0348837209301
734,10.0,Manfinity Homme Men Patched Detail Polo Shirt,3800.0,883.5000000000001,17.0,Unranked(New),Simple Menswear,1064.4578313253014
735,13.0,Manfinity Homme Men's Color Block Striped Polo Shirt,0.0,955.7,18.0,#6 Best Seller,In Striped Men Clothing,1165.4878048780488
736,5.0,Manfinity Homme Men Striped Print Quarter Zip Polo Shirt,2900.0,977.55,13.0,Unranked(New),Simple Menswear,1123.6206896551723
737,11.0,Manfinity Homme Men's Short Sleeve Polo Shirt With Color Blocking Detail,2600.0,939.5500000000001,13.0,Unranked(New),Simple Menswear,1079.942528735632
738,10.0,Manfinity Men's Loose Fit Cargo Shorts With Flap Pockets And Drawstring Waistband,1300.0,1110.55,13.0,Unranked(New),Simple Menswear,1276.4942528735633
739,19.0,Manfinity Homme Men Solid Button Up Shirt & Drawstring Waist Shorts,0.0,1604.55,7.0,#7 Best Seller,in Blue Men Clothing,1725.3225806451612
740,20.0,Manfinity Homme Men Expression Print Drop Shoulder Tee,1400.0,600.4,32.0,Unranked(New),Simple Menswear,882.9411764705883
741,20.0,Manfinity Hypemode Men Expression Print Drop Shoulder Tee,6300.0,562.4,37.0,Unranked(New),Simple Menswear,892.6984126984127
742,15.0,Manfinity Homme Loose Fit Men's Short Sleeve Shirt,5100.0,1129.55,6.0,Unranked(New),Simple Menswear,1201.6489361702127
743,6.0,Manfinity LEGND Men Ripped Frayed Denim Shirt Without Tee,2700.0,1899.05,7.0,Unranked(New),Simple Menswear,2041.989247311828
744,23.0,Manfinity Homme Men's Solid Color Round Neck Short Sleeve Casual T-Shirt,5100.0,635.5500000000001,12.0,Unranked(New),Simple Menswear,722.2159090909091
745,6.0,Manfinity Homme Men Solid Color Simple Short-Sleeved Shorts Two-Piece Set,0.0,1524.75,18.0,#5 Best Seller,in Plain Men T-Shirt Co-ords,1859.4512195121952
746,14.0,Manfinity Chillmode Men Coconut Tree Print Tee & Drawstring Waist Shorts,0.0,1398.4,17.0,#7 Best Seller,in Green Men Clothing,1684.8192771084337
747,7.0,Manfinity Homme Men Graphic Print Tee,3000.0,536.75,37.0,Unranked(New),Simple Menswear,851.984126984127
748,10.0,Manfinity EMRG Men's Loose-Fit Slogan Graphic Round Neck T-Shirt,2000.0,835.05,12.0,Unranked(New),Simple Menswear,948.9204545454545
749,8.0,Manfinity Homme Loose Men Solid Drawstring Waist Shorts,900.0,778.05,13.0,Unranked(New),Simple Menswear,894.3103448275862
750,8.0,Manfinity Mode Men's Short Sleeve Polo Shirt With Striped Hem,1300.0,1034.55,13.0,Unranked(New),Simple Menswear,1189.1379310344828
751,9.0,"Manfinity EMRG Men's Casual Drawstring Waist Cargo Shorts With Flap Pockets, Summer",2500.0,1205.55,14.0,Unranked(New),Simple Menswear,1401.8023255813953
752,23.0,Manfinity Homme Men's Solid Color Short Sleeve T-Shirt,0.0,597.55,17.0,#7 Best Seller,in Khaki Men T-Shirts,719.9397590361444
753,8.0,Manfinity Mode Men Letter Embroidery Detail Polo Shirt,3000.0,1024.1,14.0,Unranked(New),Simple Menswear,1190.813953488372
754,11.0,Manfinity Hypemode Men Flap Pockets Drawstring Cargo Shorts,3400.0,1202.7,14.0,Unranked(New),Simple Menswear,1398.4883720930231
755,6.0,Manfinity Homme Men's Drawstring Cargo Shorts Plain Navy Blue,2900.0,1205.55,14.0,Unranked(New),Simple Menswear,1401.8023255813953
756,8.0,Manfinity Homme Men's Printed Alphabet T-Shirt,0.0,797.0500000000001,13.0,#8 Best Seller,in Plain Men T-Shirts,916.1494252873563
757,13.0,Manfinity Hypemode Men Letter Patched Drawstring Waist Shorts,0.0,991.8,16.0,#4 Best Seller,in White Men Shorts,1180.7142857142858
758,7.0,Manfinity Homme Men Cartoon & Slogan Graphic Tee,3000.0,740.05,12.0,Unranked(New),Simple Menswear,840.9659090909091
759,8.0,Manfinity Homme Men Summer Letter Embossed Print Casual Round Neck Short Sleeve T-Shirt,900.0,863.55,13.0,Unranked(New),Simple Menswear,992.5862068965517
760,8.0,Manfinity Mode Men's Summer Casual Half-Button Short Sleeve Polo Shirt,0.0,1034.55,13.0,#9 Best Seller,in Yellow Men Tops,1189.1379310344828
761,9.0,Manfinity RSRT Men'S Leaf Print Short Sleeve Shirt And Shorts Set,8700.0,1690.05,7.0,Unranked(New),Simple Menswear,1817.258064516129
762,4.0,Manfinity Homme Men Floral Print Shirt & Shorts Without Tee,600.0,1747.05,7.0,Unranked(New),Simple Menswear,1878.5483870967741
763,19.0,Manfinity Homme Men Solid Button Up Shirt & Shorts,4800.0,1661.55,6.0,Unranked(New),Simple Menswear,1767.6063829787233
764,10.0,Manfinity Homme Men'S Drawstring Short Sleeve Hooded Top And Shorts 2-Piece Set,2700.0,1767.95,15.0,Unranked(New),Simple Menswear,2079.9411764705883
765,10.0,Manfinity EMRG Loose Men Letter & Bull Head Print Round Neck T-Shirt,600.0,835.05,12.0,Unranked(New),Simple Menswear,948.9204545454545
766,7.0,Manfinity EMRG Men Floral & Slogan Graphic Drop Shoulder Tee,0.0,835.05,13.0,#5 Best Seller,in Floral Men Tops,959.8275862068965
767,11.0,Manfinity Homme Men Flap Pocket Drawstring Oversize Cargo Shorts,4400.0,1110.55,13.0,Unranked(New),Simple Menswear,1276.4942528735633
768,9.0,Manfinity Homme Men'S Gradient Letter Print Short Sleeve T-Shirt And Shorts Two Piece Set,0.0,1452.55,14.0,#4 Best Seller,in All Over Print Men T-Shirt Co-ords,1689.0116279069769
769,11.0,Manfinity Hypemode Men's Tie Dye Letter Print Short Sleeve T-Shirt,0.0,673.55,12.0,#7 Best Seller,in Letter Men Tops,765.3977272727273
770,7.0,TOM & JERRY X SHEIN Manfinity Hypemode Men 1pc Cotton Cartoon & Letter Graphic Tee,2200.0,1072.55,13.0,Unranked(New),Simple Menswear,1232.816091954023
771,9.0,Manfinity EMRG Men's Loose Fit Drawstring Waist Flip Pocket Cargo Shorts,1400.0,1205.55,14.0,Unranked(New),Simple Menswear,1401.8023255813953
772,12.0,Manfinity RSRT Men's Coconut Tree Printed Short Sleeve T-Shirt,0.0,712.5,17.0,#8 Best Seller,in Tropical Men T-Shirts,858.433734939759
773,12.0,Manfinity RSRT Men's Coconut Tree Print Slim Fit T-Shirt,0.0,749.55,12.0,#7 Best Sellers,in Hawaiian Shirt,851.7613636363636
774,10.0,Manfinity Homme Men's Round Neck Short Sleeve T-Shirt With Slogan Print,2400.0,664.0500000000001,11.0,Unranked(New),Simple Menswear,746.123595505618
775,10.0,ROMWE Street Life Men Floral Print Drawstring Summer Shorts,0.0,1013.65,15.0,#1 Best Seller,in Plants Men Shorts,1192.5294117647059
776,12.0,Manfinity RSRT Manfinity RSRT Men's Coconut Tree Print Short Sleeve Slim Fit Summer T-Shirt,0.0,749.55,12.0,#10 Best Sellers,in Hawaiian Shirt,851.7613636363636
777,13.0,Manfinity Hypemode Men Letter Patched Drawstring Waist Shorts,0.0,996.5500000000001,12.0,#7 Best Seller,in Letter Men Shorts,1132.4431818181818
778,9.0,SHEIN Men Simple Print Vacation Style Beach Shorts For Daily Wear,0.0,1101.05,6.0,#8 Best Seller,in Plants Men Swimwear,1171.3297872340424
779,7.0,Men Drawstring Waist Zipper Pocket Shorts,10000.0,844.5500000000001,6.0,Unranked(New),Simple Menswear,898.4574468085107
780,10.0,ROMWE Street Life Men Floral Print Drawstring Waist Shorts,0.0,1013.65,15.0,#10 Best Seller,in All Over Print Men Shorts,1192.5294117647059
781,10.0,Manfinity RSRT Men's Palm Tree Printed Round Neck T-Shirt,1900.0,740.05,11.0,Unranked(New),Simple Menswear,831.5168539325842
782,7.0,Men Summer Casual T-Shirt With Headphones Print And Round Neckline,0.0,711.5500000000001,12.0,#7 Best Seller,in Red Men Tops,808.5795454545455
783,10.0,Manfinity EMRG Loose Men Letter & Bull Head Print Round Neck T-Shirt,1800.0,816.05,12.0,Unranked(New),Simple Menswear,927.3295454545455
784,6.0,Manfinity Chillmode Men Tropical Print Tee & Drawstring Waist Shorts,2900.0,1443.05,18.0,Unranked(New),Simple Menswear,1759.8170731707316
785,11.0,Manfinity Homme Men Flap Pockets Drawstring Cargo Shorts,4700.0,1110.55,13.0,Unranked(New),Simple Menswear,1276.4942528735633
786,0.0,Manfinity Homme Men Letter Graphic Tee,900.0,797.0500000000001,13.0,Unranked(New),Simple Menswear,916.1494252873563
787,11.0,Manfinity Homme Men T-Shirts Fit Crew Neck Short Sleeve Casual Summer Polyester,10000.0,863.55,13.0,Unranked(New),Simple Menswear,992.5862068965517
788,10.0,ROMWE Street Life Men's Lucky Clover Print Drawstring Waist Shorts,0.0,500.65,42.0,#8 Best Seller,in Floral Men Shorts,863.1896551724138
789,10.0,Manfinity Men's Letter Print Short Sleeve T-Shirt,800.0,318.25,58.0,Unranked(New),Simple Menswear,757.7380952380952
790,6.0,Manfinity Chillmode Men Tropical Print Tee & Drawstring Waist Shorts,0.0,1434.5,18.0,#7 Best Seller,in Knitted Fabric Men Co-ords,1749.3902439024391
791,5.0,Manfinity Homme Men's Summer Patchwork Printed Round Neck Short Sleeve Casual T-Shirt,90.0,458.85,41.0,Unranked(New),Simple Menswear,777.7118644067797
792,8.0,Manfinity Mode Men's Solid Color Front Button Short Sleeve Polo Shirt,700.0,1034.55,13.0,Unranked(New),Simple Menswear,1189.1379310344828
793,10.0,Manfinity Homme Men Solid Textured Tee,500.0,811.3,25.0,Unranked(New),Simple Menswear,1081.7333333333333
794,0.0,Manfinity Chillmode Men Tropical Print Tank Top & Drawstring Waist Shorts,2400.0,1298.65,9.0,Unranked(New),Simple Menswear,1427.0879120879122
795,0.0,Men Summer Solid Color Casual Polo Shirt And Drawstring Waist Shorts Set,0.0,1490.55,7.0,#1 Best Seller,in Short Sleeve Men Polo Co-ords,1602.741935483871
796,7.0,Men Solid Distressed Jeans,2700.0,2459.55,7.0,Unranked(New),Simple Menswear,2644.677419354839
797,11.0,Manfinity Homme Men's Contrast Trim & Badge Detail Round Neck T-Shirt,0.0,622.25,38.0,#9 Best Seller,in Blue Men T-Shirts,1003.6290322580645
798,29.0,Men Solid Round Neck Tee,10000.0,676.4,17.0,Unranked(New),Simple Menswear,814.9397590361446
799,7.0,Manfinity RSRT Men Drawstring Waist Paisley Print Shorts,2300.0,844.5500000000001,14.0,Unranked(New),Simple Menswear,982.0348837209302
800,7.0,Manfinity Homme Men Cross Print Tee,1300.0,441.75000000000006,48.0,Unranked(New),Simple Menswear,849.519230769231
801,5.0,Men Casual Vacation Style Tropical And Letter Print Summer Tank Top,0.0,498.75,34.0,#6 Best Seller,in Geometric Men Tank Tops,755.6818181818181
802,23.0,Manfinity Men's Solid Color Round Neck Casual T-Shirt,3000.0,635.5500000000001,12.0,Unranked(New),Simple Menswear,722.2159090909091
803,8.0,Manfinity Homme Men Ombre Casual Daily Wear Short Sleeve T-Shirt For Spring/Summer,0.0,759.0500000000001,13.0,#5 Best Seller,in All Over Print Men T-Shirts,872.471264367816
804,6.0,Manfinity Homme Men Cotton Ripped Slant Pocket Jeans,1000.0,1946.55,13.0,Unranked(New),Simple Menswear,2237.4137931034484
805,10.0,"Manfinity LEGND Solid Color Drawstring Shorts With Pockets, Summer Casual Wear",0.0,1129.55,14.0,#10 Best Seller,in Colorblock Men Bottoms,1313.4302325581396
806,10.0,Manfinity Homme Men Summer Sports & Leisure Knit Rose Printed Short Sleeve T-Shirt And Drawstring Waist Shorts Set,1600.0,1425.0,17.0,Unranked(New),Simple Menswear,1716.867469879518
807,7.0,Manfinity Men Slogan Graphic Tee,1000.0,660.25,22.0,Unranked(New),Simple Menswear,846.474358974359
808,7.0,Manfinity EMRG Loose Fit Men's Cross Print Shorts With Drawstring Waist,1500.0,529.15,46.0,Unranked(New),Simple Menswear,979.9074074074074
809,19.0,Manfinity Homme Men Solid Lapel Neck Shirt & Shorts,1100.0,1604.55,7.0,Unranked(New),Simple Menswear,1725.3225806451612
810,11.0,Manfinity Homme Men Solid Color Texture Short Sleeve Shirt And Shorts Set For Summer,1300.0,2288.55,7.0,Unranked(New),Simple Menswear,2460.8064516129034
811,9.0,Manfinity Homme Men Striped Trim Polo Shirt & Drawstring Waist Shorts,800.0,1114.3500000000001,42.0,Unranked(New),Simple Menswear,1921.293103448276
812,12.0,Manfinity EMRG Men Letter & Bear Print Tee & Drawstring Waist Shorts,2400.0,1419.3,15.0,Unranked(New),Simple Menswear,1669.764705882353
813,10.0,Manfinity Hypemode Loose Fit Men's Shorts With Slant Pockets And Drawstring Waist,0.0,739.1,17.0,#2 Best Seller,in Loose Men Bottoms,890.4819277108434
814,23.0,Manfinity Homme Men's Solid Color Short Sleeve T-Shirt,0.0,635.5500000000001,12.0,#4 Best Seller,in Blue Men Tops,722.2159090909091
815,4.0,Manfinity Homme Men\ Badge Letter Print Short Sleeve T-Shirt For Summer,1100.0,584.25,31.0,Unranked(New),Simple Menswear,846.7391304347826
816,10.0,Manfinity Homme Men Fashionable Summer Solid Color Slim Fit Hooded Short Sleeve T-Shirt And Shorts Two-Piece Set,0.0,1766.05,12.0,#9 Best Seller,in Khaki Men T-Shirt Co-ords,2006.875
817,11.0,Manfinity Homme Men Flap Pocket Drawstring Oversize Cargo Shorts,4600.0,1110.55,13.0,Unranked(New),Simple Menswear,1276.4942528735633
818,10.0,Manfinity 3pcs Men's Solid Color Tank Top,400.0,1147.6,24.0,Unranked(New),Simple Menswear,1509.9999999999998
819,4.0,Manfinity Homme Men's Printed Slogan Graphic Round Neck Short Sleeve T-Shirt,1200.0,787.55,12.0,Unranked(New),Simple Menswear,894.9431818181819
820,9.0,Manfinity LEGND Men Simple Print Short Sleeve And Shorts Set,0.0,1471.55,13.0,#5 Best Seller,in All Over Print Men Co-ords,1691.4367816091954
821,0.0,Manfinity Chillmode Men Coconut Tree Print Drawstring Waist Shorts,0.0,930.05,13.0,#10 Best Seller,in Tropical Men Shorts,1069.0229885057472
822,6.0,Manfinity EMRG Men's Eye & Letter Printed T-shirt,1100.0,527.25,45.0,Unranked(New),Simple Menswear,958.6363636363636
823,14.0,Manfinity Homme Men's Letter & Number Printed Short Sleeve T-Shirt For Summer,2800.0,648.85,16.0,Unranked(New),Simple Menswear,772.4404761904761
824,4.0,Men Building And Slogan Graphic Tee,600.0,589.95,37.0,Unranked(New),Simple Menswear,936.4285714285716
825,5.0,"Manfinity Homme Men's Color Block Round Neck Short Sleeve Casual T-Shirt And Drawstring Waist Shorts Set, Summer",0.0,1253.05,14.0,#8 Best Seller,in All Over Print Men T-Shirt Co-ords,1457.0348837209303
826,10.0,ROMWE Street Life Men Summer Flower Printed Shorts For Holiday And Beach,1200.0,608.0,39.0,Unranked(New),Simple Menswear,996.7213114754098
827,6.0,Manfinity Homme Men's Drawstring Woven Shorts,0.0,1148.55,13.0,#2 Best Sellers,in Men Linen Shorts,1320.1724137931035
828,9.0,Manfinity Swimmode Men's Palm Tree Printed Drawstring Waist Beach Shorts,0.0,1118.1499999999999,11.0,#7 Best Seller,in Pocket Men Beach Shorts,1256.3483146067415
829,9.0,Manfinity RSRT Men Holiday Style Short Sleeve Shirt And Shorts Set,0.0,1690.05,7.0,#4 Best Seller,in Plants Men Shirt Co-ords,1817.258064516129
830,9.0,Manfinity RSRT Men's Beach Outfits Leaf Print Button Down Short Sleeve Shirt And Shorts,3700.0,1690.05,7.0,Unranked(New),Simple Menswear,1817.258064516129
831,7.0,Men Drawstring Waist Shorts,8500.0,882.55,7.0,Unranked(New),Simple Menswear,948.9784946236559
832,23.0,Manfinity Homme Men's Solid Color Round Neck Short Sleeve T-Shirt,5900.0,597.55,17.0,Unranked(New),Simple Menswear,719.9397590361444
833,13.0,Manfinity Homme Men Lapel Collar Button Front Shirt,2000.0,1109.6,11.0,Unranked(New),Simple Menswear,1246.7415730337077
834,10.0,ROMWE Street Life Men's Random Printed Drawstring Simple Casual Shorts For Daily Life,700.0,588.0500000000001,41.0,Unranked(New),Simple Menswear,996.6949152542375
835,10.0,ROMWE Street Life Men's Lucky Clover Print Drawstring Waist Shorts,2700.0,983.25,18.0,Unranked(New),Simple Menswear,1199.0853658536585
836,10.0,Manfinity Homme Men Ribbed Knit Polo Shirt,0.0,1091.55,14.0,#8 Best Seller,in Plain Men Polo Shirts,1269.2441860465117
837,7.0,Manfinity EMRG Loose Fit Men's Cross Printed Drawstring Waist Shorts,1800.0,660.25,33.0,Unranked(New),Simple Menswear,985.4477611940298
838,10.0,Manfinity Homme Men's Floral Print Round Neck Short Sleeve T-Shirt And Drawstring Waist Shorts Knitted Casual Two-Piece Set,0.0,1455.4,15.0,#1 Best Seller,in Khaki Men T-Shirt Co-ords,1712.235294117647
839,9.0,Men'S Short Sleeve Shirt With Plant Print,400.0,612.75,37.0,Unranked(New),Simple Menswear,972.6190476190476
840,5.0,Manfinity Mode Men Plaid Contrast Color Polo Shirt,0.0,1052.6,13.0,#5 Best Seller,In Plaid Men Clothing,1209.8850574712642
841,9.0,ROMWE Street Life Men Letter & Palm Tree Print Drawstring Waist Shorts,0.0,955.7,17.0,#6 Best Seller,in Boho Men Shorts,1151.44578313253
842,7.0,Manfinity Swimmode Men's Drawstring Color Block Casual Beach Shorts,1100.0,1224.55,7.0,Unranked(New),Simple Menswear,1316.720430107527
843,0.0,Men's Coconut Tree & Letter Printed T-Shirt,800.0,806.5500000000001,7.0,Unranked(New),Simple Menswear,867.258064516129
844,4.0,Men Building & Slogan Graphic Tee,2700.0,589.95,37.0,Unranked(New),Simple Menswear,936.4285714285716
845,7.0,Men's Color Block Letter Print T-Shirt,2400.0,565.25,37.0,Unranked(New),Simple Menswear,897.2222222222222
846,7.0,"Men's Anti-Lost Drawstring Waist Sports Shorts With Zippered Pocket, 3/4 Length",600.0,591.85,20.0,Unranked(New),Simple Menswear,739.8125
847,0.0,Men's Round Neck Casual Commute T-Shirt,2600.0,825.55,6.0,Unranked(New),Simple Menswear,878.2446808510638
848,7.0,Manfinity EMRG Loose-Fitting Cross Pattern Print Drawstring Waist Shorts For Men,2000.0,660.25,33.0,Unranked(New),Simple Menswear,985.4477611940298
849,12.0,Manfinity Homme Men's Solid Color Short Sleeve Shirt,600.0,1262.55,6.0,Unranked(New),Simple Menswear,1343.1382978723404
850,6.0,Manfinity Chillmode Men Letter Tropical Print Tee & Drawstring Waist Shorts,0.0,1434.5,18.0,#5 Best Seller,in Green Men T-Shirt Co-ords,1749.3902439024391
851,4.0,Manfinity Homme Men's Short Sleeve T-Shirt With Slogan Print,1100.0,787.55,12.0,Unranked(New),Simple Menswear,894.9431818181819
852,15.0,Manfinity Homme Men Bird Print Colorblock Tee,0.0,749.55,12.0,#8 Best Seller,in Animal Men Clothing,851.7613636363636
853,10.0,Manfinity Loose Fit Men's Cargo Shorts With Flap Pocket And Drawstring Waist,3100.0,1110.55,13.0,Unranked(New),Simple Menswear,1276.4942528735633
854,10.0,Manfinity Basics Men's 3pcs Round Neck Sleeveless Tank Tops,4500.0,1334.75,12.0,Unranked(New),Simple Menswear,1516.7613636363637
855,11.0,Manfinity Homme Men T-Shirts Fit V Neck Short Sleeve Henley Colorblock Casual Summer Polyester,1800.0,882.55,12.0,Unranked(New),Simple Menswear,1002.8977272727273
856,7.0,Men's Summer Earphone Printed Round Neck Short Sleeve Casual T-Shirt,200.0,711.5500000000001,12.0,Unranked(New),Simple Menswear,808.5795454545455
857,9.0,"Manfinity RSRT Men Tropical Plant Print Round Neck Short Sleeve T-Shirt And Shorts Set, Suitable For Summer",0.0,1344.25,17.0,#4 Best Seller,in Graphic Men Co-ords,1619.578313253012
858,16.0,Manfinity Homme Men's Solid Color Textured Short Sleeve T-Shirt For Summer,300.0,341.05,63.0,Unranked(New),Simple Menswear,921.7567567567568
859,7.0,Men's Anti-Lost Zippered Pocket Drawstring Waistband 3/4 Sports Shorts With Unique Features,600.0,607.05,6.0,Unranked(New),Simple Menswear,645.7978723404254
860,11.0,Manfinity Homme Men's Embroidered Short Sleeve T-Shirt For Summer,300.0,622.25,36.0,Unranked(New),Simple Menswear,972.265625
861,8.0,Manfinity RSRT Men's Floral Print Short Sleeve Shirt And Shorts Two Piece Set (random Cutting),0.0,1756.55,7.0,#7 Best Seller,in Tropical Men Shirt Co-ords,1888.763440860215
862,9.0,Manfinity Homme Men Striped Print Shirt,500.0,1063.05,7.0,Unranked(New),Simple Menswear,1143.0645161290322
863,7.0,Men's Summer Short Sleeve Casual T-Shirt With Headphone Print,0.0,508.24999999999994,37.0,#5 Best Seller,in Yellow Men T-Shirts,806.7460317460316
864,10.0,Manfinity Homme Loose Fit Men's Cargo Shorts With Flap Pocket And Drawstring Waist,1500.0,1110.55,13.0,Unranked(New),Simple Menswear,1276.4942528735633
865,4.0,Men's Casual Short Sleeve T-Shirt With Printed Text,900.0,835.05,7.0,Unranked(New),Simple Menswear,897.9032258064516
866,11.0,Manfinity Homme Loose Fit Men's Cargo Pants With Flap Pockets And Drawstring Waist,1000.0,1405.05,7.0,Unranked(New),Simple Menswear,1510.8064516129032
867,0.0,Manfinity Homme Men Plaid Print Shirt & Shorts Without Tee,2500.0,1557.05,7.0,Unranked(New),Simple Menswear,1674.247311827957
868,7.0,Manfinity Men Cartoon & Slogan Graphic Tee,400.0,637.45,21.0,Unranked(New),Simple Menswear,806.8987341772153
869,6.0,Manfinity Homme Men'S Color-Blocked Embroidery Detail Crew Neck Short Sleeve T-Shirt,0.0,958.55,13.0,#3 Best Seller,in Polyester Men Tops,1101.7816091954023
870,10.0,Manfinity EMRG Men's Fashion Printed Short Sleeve Slim Fit T-Shirt,1600.0,726.75,15.0,Unranked(New),Simple Menswear,855.0
871,0.0,ROMWE Street Life Men Car & Letter Graphic Tee,5200.0,996.5500000000001,13.0,Unranked(New),Simple Menswear,1145.4597701149426
872,5.0,Manfinity Homme Men Cotton Solid Skinny Jeans Slim Fit Long Washed Dark Wash Jean Cargo Plain Black Party Casual Friends,3700.0,1870.5500000000002,13.0,Unranked(New),Simple Menswear,2150.0574712643684
873,9.0,Manfinity Loose Fit Men Summer Cargo Shorts With Flap Pocket & Side Pockets,600.0,1281.55,14.0,Unranked(New),Simple Menswear,1490.1744186046512
874,9.0,Manfinity Mode Men Solid Color Simple Daily Outfit With Spring Summer Shorts,300.0,1142.85,25.0,Unranked(New),Simple Menswear,1523.7999999999997
875,10.0,Manfinity EMRG Men Fashionable Loose Fit Printed Casual T-Shirt For All Occasions,500.0,749.55,12.0,Unranked(New),Simple Menswear,851.7613636363636
876,6.0,Manfinity Homme Men Striped Print Colorblock Polo Shirt,1100.0,561.45,53.0,Unranked(New),Simple Menswear,1194.5744680851064
877,9.0,Manfinity Homme Men Fashion Plaid Solid Color Short Sleeve Polo Shirt,0.0,1240.7,14.0,#8 Best Seller,in All Over Print Men Polo Shirts,1442.6744186046512
878,0.0,"Manfinity Homme Men's Colorblock Round Neck Short Sleeve Casual T-Shirt And Drawstring Waist Shorts Set, Summer",100.0,1471.55,12.0,Unranked(New),Simple Menswear,1672.215909090909
879,9.0,Manfinity Homme Men's Summer Color Block Short Sleeve Casual Polo Shirt,0.0,490.2,56.0,#10 Best Seller,in Pocket Men Polo Shirts,1114.090909090909
880,11.0,Manfinity Sporsity Men Letter Graphic Drawstring Waist Shorts,0.0,863.55,12.0,#8 Best Seller,in White Men Shorts,981.3068181818181
881,9.0,Manfinity Homme Men's Contrast Color Trim Polo Shirt,0.0,495.9,56.0,#1 Best Seller,in Pocket Men Polo Shirts,1127.0454545454545
882,9.0,Manfinity Basics Men's Simple Summer Basic Solid Woven Shorts,1000.0,996.5500000000001,13.0,Unranked(New),Simple Menswear,1145.4597701149426
883,9.0,Manfinity RSRT Men's Summer Palm Tree Letter Print Short Sleeve Casual T-Shirt And Drawstring Waist Shorts Set,100.0,1386.05,13.0,Unranked(New),Simple Menswear,1593.16091954023
884,15.0,Manfinity EMRG Men Letter Graphic Contrast Trim Tee,0.0,759.0500000000001,13.0,#3 Best Seller,in Slogan Men Clothing,872.471264367816
885,6.0,Manfinity Homme Men Solid Button Up Shirt,1100.0,1424.05,7.0,Unranked(New),Simple Menswear,1531.236559139785
886,8.0,Manfinity Homme Men Solid Shirt & Drawstring Waist Shorts,0.0,1576.05,7.0,#4 Best Sellers,in Men Shirt Co-ords,1694.6774193548388
887,4.0,Men's Textured Button-down Shirt,1200.0,1319.55,7.0,Unranked(New),Simple Menswear,1418.8709677419354
888,11.0,Manfinity Homme Men's Summer Pocket Round Neck Short Sleeve Casual T-Shirt,700.0,622.25,36.0,Unranked(New),Simple Menswear,972.265625
889,9.0,Manfinity Homme Men Contrast Trim Polo Shirt,1500.0,977.55,13.0,Unranked(New),Simple Menswear,1123.6206896551723
890,12.0,Manfinity Men Horse Print Striped Trim Polo Shirt,0.0,1034.55,14.0,#4 Best Seller,in Animal Men Polo Shirts,1202.9651162790697
891,4.0,Men Tape & Slogan Graphic Tee,800.0,403.75,53.0,Unranked(New),Simple Menswear,859.0425531914893
892,10.0,Manfinity Hypemode Men's Loose Fit Drawstring Waist Shorts With Slant Pockets,0.0,778.05,13.0,#1 Best Seller,in Red Men Shorts,894.3103448275862
893,6.0,Manfinity Homme Men Striped Tape Drawstring Waist Shorts,1100.0,958.55,14.0,Unranked(New),Simple Menswear,1114.593023255814
894,7.0,Manfinity Homme Baggy Men's Drawstring Waist Cargo Shorts With Flap Pockets,0.0,1110.55,13.0,#9 Best Sellers,in Baggy Shorts,1276.4942528735633
895,9.0,Manfinity Homme Loose-Fit Men's Solid Color Waffle Knit T-Shirt,800.0,844.5500000000001,12.0,Unranked(New),Simple Menswear,959.7159090909091
896,6.0,Men's Summer New Pure Color Casual Sports Drawstring Waist Shorts,0.0,784.6999999999999,11.0,#10 Best Sellers,in Men Jogger Shorts,881.685393258427
897,11.0,Manfinity Homme Men Striped Trim Polo Shirt,300.0,635.5500000000001,44.0,Unranked(New),Simple Menswear,1134.9107142857144
898,7.0,Manfinity RSRT Men Drawstring Waist Paisley Print Shorts,2000.0,844.5500000000001,13.0,Unranked(New),Simple Menswear,970.7471264367816
899,9.0,Manfinity Homme Men's Spring/Summer Solid Textured Short Sleeve Polo Shirt,0.0,1190.35,18.0,#5 Best Seller,in Black Men Polo Shirts,1451.6463414634145
900,15.0,Manfinity Homme Men Solid Button Up Shirt,2200.0,1162.8,9.0,Unranked(New),Simple Menswear,1277.8021978021977
901,0.0,Manfinity Hypemode Men'S Star Pattern Drawstring Shorts,800.0,467.4,62.0,Unranked(New),Simple Menswear,1230.0
902,10.0,Manfinity Homme Men Color Block Striped Trim Tee,3400.0,451.25,53.0,Unranked(New),Simple Menswear,960.1063829787234
903,15.0,Manfinity Hypemode Men's Textured Short Sleeve Shirt,1100.0,1234.05,6.0,Unranked(New),Simple Menswear,1312.8191489361702
904,6.0,Manfinity Homme Men Solid Button Up Shirt,0.0,1072.55,7.0,#8 Best Seller,in Orange Men Tops,1153.279569892473
905,12.0,ROMWE Prep Men Letter Graphic Shorts,2700.0,973.75,17.0,Unranked(New),Simple Menswear,1173.1927710843374
906,12.0,Manfinity Homme Men Stylish Red And White Polo Shirt In Summer,0.0,622.25,53.0,#9 Best Seller,in Red Men Polo Shirts,1323.936170212766
907,12.0,Manfinity Sporsity Men's Color Block Panel Short Sleeve Polo Shirt,5900.0,1148.55,12.0,Unranked(New),Simple Menswear,1305.1704545454545
908,7.0,Manfinity Homme Men Simple Solid Color Daily Shorts,1600.0,1006.05,13.0,Unranked(New),Simple Menswear,1156.3793103448277
909,10.0,Manfinity Homme Men Solid Ribbed Knit Polo Shirt,2400.0,1091.55,14.0,Unranked(New),Simple Menswear,1269.2441860465117
910,5.0,Manfinity Homme Men's Solid Color Drawstring Waist Fashionable Casual Shorts,100.0,844.5500000000001,14.0,Unranked(New),Simple Menswear,982.0348837209302
911,8.0,Manfinity Mode Men's Striped Patchwork Polo Shirt With Letter Embroidery,1200.0,1034.55,13.0,Unranked(New),Simple Menswear,1189.1379310344828
912,6.0,Manfinity Homme Men's Summer Gradient Color Print Round Neck Short Sleeved Casual T-Shirt And Drawstring Waist Shorts Set,400.0,1208.4,26.0,Unranked(New),Simple Menswear,1632.9729729729731
913,0.0,Manfinity Basics Loose Men's 3pcs Drawstring Waist Athletic Shorts,5200.0,1978.85,20.0,Unranked(New),Simple Menswear,2473.5625
914,15.0,Manfinity Men Lion Print Tee,800.0,712.5,21.0,Unranked(New),Simple Menswear,901.8987341772151
915,8.0,Manfinity Homme Men Summer Leisure Solid Texture Short Sleeve T-Shirt And Shorts Set,800.0,2108.05,13.0,Unranked(New),Simple Menswear,2423.0459770114944
916,10.0,Manfinity Hypemode Men's Solid Color Rib-Knit Polo Shirt,2100.0,1136.2,18.0,Unranked(New),Simple Menswear,1385.6097560975609
917,9.0,Manfinity Loose Fit Men's Cargo Shorts With Flap Pockets On The Side,6900.0,1253.05,14.0,Unranked(New),Simple Menswear,1457.0348837209303
918,19.0,Manfinity Homme Men Solid Button Up Shirt & Drawstring Waist Shorts,0.0,1661.55,6.0,#3 Best Sellers,in Men Shirt Co-ords,1767.6063829787233
919,14.0,Men Solid Drop Shoulder Tee,2800.0,892.0500000000001,7.0,Unranked(New),Simple Menswear,959.1935483870968
920,0.0,Manfinity Homme Men Solid Shirt & Shorts,1500.0,1823.0500000000002,6.0,Unranked(New),Simple Menswear,1939.4148936170216
921,10.0,ROMWE Street Life Men's Clover Print Pocket Shorts,0.0,608.0,39.0,#10 Best Seller,in Green Men Bottoms,996.7213114754098
922,5.0,Men's Summer American Flag Printed Round Neck Casual Tank Top,0.0,629.85,20.0,#10 Best Seller,in Letter Men Tank Tops,787.3125
923,9.0,Manfinity Swimmode Men Solid Drawstring Waist Swim Trunks,0.0,991.8,11.0,#6 Best Seller,in Casual Men Swimwear,1114.3820224719102
924,11.0,Men's Color Block Short Sleeve Polo Shirt,2800.0,949.0500000000001,15.0,Unranked(New),Simple Menswear,1116.5294117647059
925,9.0,Manfinity Homme Men Drawstring Waist Slant Pocket Shorts,2300.0,1129.55,14.0,Unranked(New),Simple Menswear,1313.4302325581396
926,13.0,Manfinity Mode Men's Fashionable Casual Printed Patchwork Long Sleeve Orange Shirt,0.0,1234.05,7.0,#2 Best Seller,in Pocket Men Shirts,1326.9354838709678
927,13.0,Manfinity RSRT Men Tropical Print Tee,1000.0,759.0500000000001,11.0,Unranked(New),Simple Menswear,852.8651685393259
928,12.0,Manfinity RSRT Men's Palm Tree Print Short Sleeve Slim Fit T-Shirt,800.0,749.55,12.0,Unranked(New),Simple Menswear,851.7613636363636
929,9.0,Manfinity Loose Fit Men Summer Cargo Shorts With Flap Pocket & Side Pockets,600.0,1281.55,14.0,Unranked(New),Simple Menswear,1490.1744186046512
930,9.0,Manfinity Mode Men Solid Color Simple Daily Outfit With Spring Summer Shorts,300.0,1142.85,25.0,Unranked(New),Simple Menswear,1523.7999999999997
931,10.0,Manfinity EMRG Men Fashionable Loose Fit Printed Casual T-Shirt For All Occasions,500.0,749.55,12.0,Unranked(New),Simple Menswear,851.7613636363636
932,6.0,Manfinity Homme Men Striped Print Colorblock Polo Shirt,1100.0,561.45,53.0,Unranked(New),Simple Menswear,1194.5744680851064
933,9.0,Manfinity Homme Men Fashion Plaid Solid Color Short Sleeve Polo Shirt,0.0,1240.7,14.0,#8 Best Seller,in All Over Print Men Polo Shirts,1442.6744186046512
934,0.0,"Manfinity Homme Men's Colorblock Round Neck Short Sleeve Casual T-Shirt And Drawstring Waist Shorts Set, Summer",100.0,1471.55,12.0,Unranked(New),Simple Menswear,1672.215909090909
935,9.0,Manfinity Homme Men's Summer Color Block Short Sleeve Casual Polo Shirt,0.0,490.2,56.0,#10 Best Seller,in Pocket Men Polo Shirts,1114.090909090909
936,11.0,Manfinity Sporsity Men Letter Graphic Drawstring Waist Shorts,0.0,863.55,12.0,#8 Best Seller,in White Men Shorts,981.3068181818181
937,9.0,Manfinity Homme Men's Contrast Color Trim Polo Shirt,0.0,495.9,56.0,#1 Best Seller,in Pocket Men Polo Shirts,1127.0454545454545
938,9.0,Manfinity Basics Men's Simple Summer Basic Solid Woven Shorts,1000.0,996.5500000000001,13.0,Unranked(New),Simple Menswear,1145.4597701149426
939,10.0,Manfinity Hypemode Men's Loose Fit Drawstring Waist Shorts With Slant Pockets,3500.0,778.05,13.0,Unranked(New),Simple Menswear,894.3103448275862
940,8.0,Manfinity Mode Men's Striped Patchwork Polo Shirt With Letter Embroidery,1200.0,1034.55,13.0,Unranked(New),Simple Menswear,1189.1379310344828
941,6.0,Manfinity Homme Men's Summer Gradient Color Print Round Neck Short Sleeved Casual T-Shirt And Drawstring Waist Shorts Set,400.0,1208.4,26.0,Unranked(New),Simple Menswear,1632.9729729729731
942,0.0,Manfinity Basics Loose Men's 3pcs Drawstring Waist Athletic Shorts,5200.0,1978.85,20.0,Unranked(New),Simple Menswear,2473.5625
943,15.0,Manfinity Men Lion Print Tee,800.0,712.5,21.0,Unranked(New),Simple Menswear,901.8987341772151
944,8.0,Manfinity Homme Men Summer Leisure Solid Texture Short Sleeve T-Shirt And Shorts Set,0.0,2108.05,13.0,#5 Best Seller,in Patched Men T-Shirt Co-ords,2423.0459770114944
945,14.0,Men Solid Drop Shoulder Tee,2800.0,892.0500000000001,7.0,Unranked(New),Simple Menswear,959.1935483870968
946,0.0,Manfinity Homme Men Solid Shirt & Shorts,1500.0,1823.0500000000002,6.0,Unranked(New),Simple Menswear,1939.4148936170216
947,11.0,Men's Color Block Short Sleeve Polo Shirt,2800.0,949.0500000000001,15.0,Unranked(New),Simple Menswear,1116.5294117647059
948,9.0,Manfinity Homme Men Drawstring Waist Slant Pocket Shorts,2300.0,1129.55,14.0,Unranked(New),Simple Menswear,1313.4302325581396
949,13.0,Manfinity RSRT Men Tropical Print Tee,1000.0,759.0500000000001,11.0,Unranked(New),Simple Menswear,852.8651685393259
950,12.0,Manfinity RSRT Men's Palm Tree Print Short Sleeve Slim Fit T-Shirt,800.0,749.55,12.0,Unranked(New),Simple Menswear,851.7613636363636
951,7.0,SHEIN Manfinity Homme Men's Solid Color Notched V-Neck Short Sleeve Henley Shirt With Texture For Summer,600.0,715.35,25.0,Unranked(New),Simple Menswear,953.8
952,9.0,Manfinity Homme Men's Loose-Fit Shorts With Slant Pockets,800.0,1082.05,14.0,Unranked(New),Simple Menswear,1258.1976744186047
953,0.0,Men's Plain And Simple Daily Polo Set,0.0,1479.15,11.0,#3 Best Seller,in Mesh Fabric Men Clothing,1661.9662921348315
954,10.0,Manfinity LEGND Men Flap Pocket Drawstring Waist Cargo Shorts Plain Black Boyfriend Gift,400.0,1177.05,13.0,Unranked(New),Simple Menswear,1352.9310344827586
955,4.0,Manfinity Basics Men 4pcs Round Neck Solid Tee,1100.0,2312.3,15.0,Unranked(New),Simple Menswear,2720.3529411764707
956,6.0,Men's Slogan And Drop Sleeve T-Shirt,300.0,346.75,58.0,Unranked(New),Simple Menswear,825.5952380952381
957,11.0,Manfinity Homme Men's Solid Color Short Sleeve Polo Shirt,0.0,968.05,13.0,#2 Best Seller,in Orange Men Tops,1112.7011494252874
958,4.0,Manfinity Homme Men Anchor Printed Casual Shorts With Pockets For Summer,100.0,1101.05,14.0,Unranked(New),Simple Menswear,1280.2906976744187
959,5.0,Manfinity Homme Men Summer Casual Solid Color Crewneck Short-Sleeved T-Shirt And Drawstring Waist Shorts Set,100.0,1661.55,13.0,Unranked(New),Simple Menswear,1909.8275862068965
960,0.0,TEENAGE MUTANT NINJA TURTLES X SHEIN Men's Loose Fit Tie-Dye Knitted Short Sleeve T-Shirt With Cartoon And Letter Print,600.0,930.05,13.0,Unranked(New),Simple Menswear,1069.0229885057472
961,10.0,Men's Collar Button Down Short Sleeve Shirt For Summer Beach,4100.0,920.55,7.0,Unranked(New),Simple Menswear,989.8387096774194
962,10.0,Manfinity Hypemode Men Solid Button Up Shirt & Drawstring Waist Pants Without Tee,1500.0,2108.05,6.0,Unranked(New),Simple Menswear,2242.6063829787236
963,0.0,Manfinity RSRT Colorblock Lapel Collar Short Sleeve Shirt With Contrast Trim And Front Button Closure,300.0,873.9999999999999,17.0,Unranked(New),Simple Menswear,1053.0120481927709
964,8.0,Manfinity Hypemode Men Letter Patched Flap Pocket Cargo Pants,400.0,1208.4,26.0,Unranked(New),Simple Menswear,1632.9729729729731
965,10.0,Manfinity Basics Men Solid Waffle Knit Polo Shirt,2000.0,902.5,16.0,Unranked(New),Simple Menswear,1074.404761904762
966,16.0,Men Drawstring Waist Slant Pocket Shorts,0.0,793.25,16.0,#10 Best Seller,in Loose Men Bottoms,944.3452380952381
967,10.0,Manfinity LEGND Men's Short Sleeve Ripped Denim Shirt,0.0,2093.7999999999997,9.0,#8 Best Seller,In Ripped Men Clothing,2300.8791208791204
968,0.0,Manfinity Sporsity Men's Letter Print T-shirt And Drawstring Waist Shorts 2pcs/set,3800.0,1699.55,13.0,Unranked(New),Simple Menswear,1953.5057471264367
969,4.0,Men Summer Letter And Waves Print Round Neck Short Sleeve Casual T-Shirt,200.0,835.05,7.0,Unranked(New),Simple Menswear,897.9032258064516
970,0.0,Manfinity RSRT Men Color Block Plant Printed Short Sleeve Shirt For Summer,0.0,987.0500000000001,7.0,#9 Best Seller,in Orange Men Tops,1061.3440860215053
971,0.0,Manfinity Homme Men Solid Button Up Shirt & Drawstring Waist Shorts,0.0,2084.3,11.0,#5 Best Seller,in Red Men Co-ords,2341.910112359551
972,7.0,TOM & JERRY X SHEIN Manfinity Hypemode Men Cartoon And Letter Graphic Tee,800.0,1053.55,13.0,Unranked(New),Simple Menswear,1210.9770114942528
973,4.0,Manfinity EMRG Men's Summer Cross Printed Round Neck Short Sleeve Casual T-Shirt And Drawstring Waist Shorts Set,200.0,1042.15,37.0,Unranked(New),Simple Menswear,1654.2063492063494
974,0.0,Men Cartoon & Letter Graphic Drawstring Waist Shorts,0.0,873.9999999999999,14.0,#9 Best Seller,in Animal Men Bottoms,1016.2790697674417
975,0.0,"Men's Summer Solid Color Drawstring Waist Pocket Casual Shorts, Trendy",300.0,1870.5500000000002,7.0,Unranked(New),Simple Menswear,2011.3440860215057
976,0.0,Manfinity Homme Men's Letter Print Knit Short Sleeve T-Shirt And Shorts 2pcs/Set,100.0,1490.55,13.0,Unranked(New),Simple Menswear,1713.2758620689656
977,9.0,Manfinity Homme Men Solid Ribbed Knit Tee,300.0,593.75,31.0,Unranked(New),Simple Menswear,860.5072463768116
978,0.0,"Manfinity RSRT Men's Tropical Plant Print Short Sleeve Casual Shirt, Summer Vacation",100.0,1053.55,7.0,Unranked(New),Simple Menswear,1132.8494623655913
979,5.0,Manfinity EMRG Men's Loose Fit Denim Bermuda Shorts With Flap Pockets And Side Detail,0.0,2089.0499999999997,7.0,#10 Best Seller,in Loose Men Denim Shorts,2246.290322580645
980,0.0,Manfinity Sporsity Men's Drawstring Waist Letter Printed Casual Shorts,40.0,1091.55,14.0,Unranked(New),Simple Menswear,1269.2441860465117
981,4.0,"ROMWE Street Life Men's Number 23 Icon Printed Short Sleeve Athletic T-Shirt, Street Style Vintage",0.0,1063.05,13.0,#1 Best Seller,In Polyester Men Clothing,1221.896551724138
982,12.0,Manfinity EMRG Men Cotton Flap Pocket Cargo Loose Jeans Straight Leg Long Washed Jean Plain Maroon Going Out Y2K Friends,0.0,2535.55,13.0,#7 Best Seller,in Loose Men Jeans,2914.4252873563223
983,5.0,ROMWE Street Life Men's Palm Tree Letter Printed Drawstring Waist Casual Shorts,100.0,1044.05,13.0,Unranked(New),Simple Menswear,1200.057471264368
984,12.0,Men's Striped Short Sleeve Polo Shirt,0.0,987.0500000000001,13.0,#6 Best Seller,in Animal Men Tops,1134.5402298850574
985,0.0,Manfinity Homme Men Slogan Graphic Tee,400.0,555.75,36.0,Unranked(New),Simple Menswear,868.359375
986,0.0,Summer New Men Shorts Trendy Coconut Tree & Letter Pattern Printed Jogging Running Casual Sports Shorts Beach Shorts With Elastic Drawstring Waist,40.0,413.24999999999994,57.0,Unranked(New),Simple Menswear,961.0465116279069
987,10.0,Men Slim Fit  Button Short-Sleeved Linen Guayabera Shirt Summer Beach Top,1600.0,1015.55,7.0,Unranked(New),Simple Menswear,1091.989247311828
988,9.0,Manfinity Nomadique Men Slant Pocket Bermuda Shorts,1000.0,1329.05,14.0,Unranked(New),Simple Menswear,1545.406976744186
989,10.0,Manfinity Hypemode Men's Ribbed Short Sleeve Polo Shirt,4500.0,1136.2,18.0,Unranked(New),Simple Menswear,1385.6097560975609
990,0.0,Men's Round Neck Casual Letter & Eyes Pattern Commuting T-Shirt,3100.0,825.55,7.0,Unranked(New),Simple Menswear,887.6881720430108
991,7.0,Manfinity Homme Men Pocket Patched Shirt & Drawstring Waist Shorts Set,0.0,1849.6499999999999,11.0,#10 Best Seller,in White Men Shirt Co-ords,2078.258426966292
992,0.0,Manfinity RSRT Men's Plus Size Summer Holiday Floral Printed Round Neck Short Sleeve Casual T-Shirt And Drawstring Waist Shorts Set,30.0,851.2,64.0,Unranked(New),Simple Menswear,2364.4444444444443
993,11.0,Manfinity Homme Men Striped Trim Polo Shirt,600.0,635.5500000000001,44.0,Unranked(New),Simple Menswear,1134.9107142857144
994,5.0,Manfinity Homme Men's Crown & Letter Print Short Sleeve T-Shirt,2800.0,336.3,56.0,Unranked(New),Simple Menswear,764.3181818181819
995,0.0,Manfinity Homme Men Color Block Trimmed Casual Daily Matching Short Sleeve Shirt,1400.0,1300.55,7.0,Unranked(New),Simple Menswear,1398.4408602150538
996,0.0,Men's Short Sleeve Plus Size T-shirt With Simple Letter Print And Round Neck,500.0,949.0500000000001,12.0,Unranked(New),Simple Menswear,1078.465909090909
997,6.0,ROMWE Street Life Men Alien & Slogan Graphic Y2k T-Shirt,1900.0,939.5500000000001,13.0,Unranked(New),Simple Menswear,1079.942528735632
998,0.0,Manfinity Homme Men Random Colorful Striped Shirt & Drawstring Waist Shorts Without Tee,800.0,1633.0500000000002,7.0,Unranked(New),Simple Menswear,1755.9677419354841
999,5.0,"Men's Summer Casual Drawstring Waist Letter Printed Shorts, Black & Dark Blue & Grey",400.0,1851.55,7.0,Unranked(New),Simple Menswear,1990.9139784946237
1000,9.0,Manfinity Homme Men Striped Trim Polo Shirt & Drawstring Waist Shorts,0.0,1723.3,11.0,#4 Best Sellers,in Men Polo Co-ords,1936.2921348314608
1001,4.0,Manfinity Men's Drawstring Waist Beach Shorts With Diagonal Pockets,0.0,1015.55,7.0,#6 Best Seller,in Patched Men Beach Shorts,1091.989247311828
1002,0.0,Manfinity ZONE917 White Knitted Plus Size Men's Round-Neck Short Sleeve T-Shirt,0.0,1015.55,12.0,#3 Best Seller,in White Men Plus Size T-Shirts,1154.034090909091
1003,0.0,Men's Plus-Size Letter Print Short Sleeve T-Shirt,1000.0,949.0500000000001,12.0,Unranked(New),Simple Menswear,1078.465909090909
1004,6.0,Men's Summer Sporty Casual Letter Print Short Sleeve T-Shirt,100.0,512.05,40.0,Unranked(New),Simple Menswear,853.4166666666665
1005,0.0,Manfinity Homme Men Solid Drawstring Hooded Tee,400.0,508.24999999999994,57.0,Unranked(New),Simple Menswear,1181.9767441860463
1006,0.0,Manfinity RSRT Men Plus Size Tropical Letter Printed Oversized Drop Shoulder T-Shirt And Shorts Set For Summer,600.0,1784.1000000000001,19.0,Unranked(New),Simple Menswear,2202.5925925925926
1007,7.0,Manfinity Sporsity Men Slogan Graphic Two Tone Varsity Jacket,1700.0,1918.0500000000002,14.0,Unranked(New),Simple Menswear,2230.290697674419
1008,5.0,Manfinity Homme Men Striped Print Colorblock Polo Shirt,800.0,766.65,35.0,Unranked(New),Simple Menswear,1179.4615384615386
1009,9.0,"ROMWE Street Life Men's Vacation Alphabet & Palm Tree Print Woven Shorts, Suitable For Daily Wear In Spring And Summer",900.0,483.55,40.0,Unranked(New),Simple Menswear,805.9166666666666
1010,0.0,Manfinity NiteLyfe Men Knit Casual Straight Glitter Sequin Club Shorts Festival Baggy Reflective Rave Outfit Cool Plain Silver Party,200.0,1414.55,14.0,Unranked(New),Simple Menswear,1644.8255813953488
1011,0.0,Manfinity EMRG Men's Letter Print Drawstring Waist Shorts Sweat Plain Dark Red,0.0,930.05,13.0,#2 Best Seller,in Red Men Shorts,1069.0229885057472
1012,5.0,Men's Cartoon Print Short Sleeve T-Shirt And Shorts 2pcs/Set,5200.0,1061.15,39.0,Unranked(New),Simple Menswear,1739.5901639344265
1013,0.0,ROMWE Men Cotton Pocket Detail Stacked Jeans,2500.0,1754.6499999999999,38.0,Unranked(New),Simple Menswear,2830.0806451612902
1014,12.0,Manfinity Basics Men Summer Knitted Solid Color Casual Short Sleeve T-Shirt,600.0,1759.3999999999999,16.0,Unranked(New),Simple Menswear,2094.5238095238096
1015,0.0,"Manfinity RSRT Men's Striped Printed Round Neck Casual Tank Top, Summer",0.0,768.55,6.0,#5 Best Seller,in Blue Men Tank Tops,817.6063829787234
1016,6.0,Manfinity Bizwear Men's Solid Color Woven Shorts,400.0,1310.05,15.0,Unranked(New),Simple Menswear,1541.235294117647
1017,0.0,Manfinity RSRT Men Tropical Print Shirt & Shorts,800.0,1775.5500000000002,7.0,Unranked(New),Simple Menswear,1909.193548387097
1018,5.0,Manfinity Homme Men Allover Print Button Up Shirt,1200.0,1101.05,6.0,Unranked(New),Simple Menswear,1171.3297872340424
1019,15.0,Manfinity Swimmode Men Animal Embroidery Drawstring Waist Swim Trunks,0.0,937.65,11.0,#7 Best Seller,in Animal Men Beach Shorts,1053.5393258426966
1020,7.0,Manfinity Homme Loose Fit Men Summer Plain Color Cargo Shorts With Flap Pockets And Drawstring,800.0,1139.05,13.0,Unranked(New),Simple Menswear,1309.2528735632184
1021,0.0,Manfinity LEGND Men Camo Print Drawstring Waist Shorts,0.0,787.55,13.0,#10 Best Sellers,in Men Camo Shorts,905.2298850574713
1022,0.0,Manfinity RSRT Men's Plus Size Textured Short Sleeve Shirt Set,0.0,2583.05,7.0,#1 Best Seller,in White Men Plus Size Shirt Co-ords,2777.4731182795704
1023,0.0,ROMWE Street Life Men Vintage Washed Snowflake Frayed T-Shirt For Summer,1400.0,1443.05,14.0,Unranked(New),Simple Menswear,1677.9651162790697
1024,6.0,Manfinity KASUA Loosemen's Drawstring Waist Shorts,2200.0,1019.35,17.0,Unranked(New),Simple Menswear,1228.132530120482
1025,0.0,Men Fashion Color Block Short Sleeve Button-Down Shirt,100.0,958.55,6.0,Unranked(New),Simple Menswear,1019.7340425531914
1026,0.0,Men's Fashionable Casual Tank Top With Letter And Flag Print,0.0,702.05,6.0,#2 Best Seller,in Sleeveless Men Tops,746.8617021276596
1027,5.0,Manfinity Men's Palm Tree Cartoon Print Drawstring Waist Beach Shorts,400.0,1063.05,7.0,Unranked(New),Simple Menswear,1143.0645161290322
1028,5.0,Manfinity Homme Men's Solid Color Textured T-Shirt And Shorts Set,700.0,1538.0500000000002,12.0,Unranked(New),Simple Menswear,1747.7840909090912
1029,14.0,Manfinity Chillmode Men Coconut Tree Print Tee & Drawstring Waist Shorts,2800.0,1445.9,15.0,Unranked(New),Simple Menswear,1701.0588235294117
1030,10.0,Manfinity Hypemode Loose Men's Drawstring Waist Shorts With Slant Pockets,0.0,806.5500000000001,12.0,#7 Best Seller,in Plain Men Shorts,916.5340909090909
1031,0.0,Manfinity Homme Men Bear & Slogan Graphic Tee,700.0,650.75,23.0,Unranked(New),Simple Menswear,845.1298701298701
1032,4.0,Manfinity Homme Men's Anchor Pattern Printed Shorts With Slant Pockets Graphic Colorful Work,1400.0,1072.55,14.0,Unranked(New),Simple Menswear,1247.1511627906978
1033,0.0,Manfinity LEGND Men Ombre Print High Low Hem Tee,600.0,570.0,43.0,Unranked(New),Simple Menswear,1000.0
1034,0.0,"Manfinity Homme Loose-Fit Men's Side Pocket Cargo Shorts With Flap, Without Belt",1700.0,1234.05,13.0,Unranked(New),Simple Menswear,1418.448275862069
1035,0.0,Manfinity Homme Men's Summer Floral Print Short Sleeve Casual Shirt For Vacation,100.0,1006.05,7.0,Unranked(New),Simple Menswear,1081.774193548387
1036,6.0,"2pcs Summer Men's Solid Drawstring Sport Shorts, Quick-Drying Fitness Running Shorts",0.0,1509.55,7.0,#3 Best Seller,in Knitted Fabric Men Bottoms,1623.1720430107528
1037,11.0,Men Drawstring Waist Sweatpants,0.0,1101.05,6.0,#1 Best Seller,in Loose Men Sweatpants,1171.3297872340424
1038,5.0,Manfinity Homme Men Color Block Letter Graphic Tee,400.0,462.65000000000003,52.0,Unranked(New),Simple Menswear,963.8541666666666
1039,6.0,Men Star Print Tee,1300.0,854.0500000000001,7.0,Unranked(New),Simple Menswear,918.3333333333334
1040,8.0,Manfinity Hypemode Men Drawstring Waist Letter Patched Shorts,2100.0,1114.3500000000001,15.0,Unranked(New),Simple Menswear,1311.0000000000002
1041,0.0,Manfinity Homme Men's Plus Size Monochrome Shorts With Side Pockets Dress Plain All White Business Casual,0.0,1576.05,14.0,#3 Best Seller,in White Men Plus Size Bottoms,1832.6162790697674
1042,11.0,Manfinity RSRT Men Paisley Print Shirt & Drawstring Waist Pants Without Tee,1200.0,1756.55,7.0,Unranked(New),Simple Menswear,1888.763440860215
1043,0.0,Manfinity Homme Men's Solid Color Round Neck Ribbed Short Sleeve T-shirt,400.0,587.1,27.0,Unranked(New),Simple Menswear,804.2465753424658
1044,4.0,Men Daily Wear Pure Color Short-Sleeved Shirt For Spring And Summer,400.0,1386.05,7.0,Unranked(New),Simple Menswear,1490.3763440860216
1045,4.0,Manfinity RSRT Loose Fit Men's Solid Color Drawstring Waist Pants,400.0,1253.05,7.0,Unranked(New),Simple Menswear,1347.3655913978494
1046,10.0,Men's Creative Tassel Design Denim Jeans,4000.0,2792.05,7.0,Unranked(New),Simple Menswear,3002.2043010752686
1047,9.0,ROMWE Prep Men Star Print Denim Shorts,0.0,2003.55,7.0,#2 Best Seller,in Geometric Men Denim,2154.3548387096776
1048,5.0,Manfinity Homme Men Summer Casual Striped Trim Patchwork Short Sleeve Polo Shirt,600.0,562.4,44.0,Unranked(New),Simple Menswear,1004.2857142857143
1049,6.0,Manfinity LEGND Men Graphic Print Shirt,300.0,1015.55,6.0,Unranked(New),Simple Menswear,1080.372340425532
1050,8.0,Manfinity Homme Men Solid Shirt & Drawstring Waist Shorts,1000.0,1576.05,7.0,Unranked(New),Simple Menswear,1694.6774193548388
1051,4.0,Manfinity RSRT Men's Plus Size Striped Button-Front Short Sleeve Shirt,0.0,1291.05,6.0,#9 Best Seller,in Striped Men Plus Size Clothing,1373.4574468085107
1052,7.0,Manfinity Men Cartoon & Slogan Graphic Tee,400.0,666.9,21.0,Unranked(New),Simple Menswear,844.1772151898734
1053,5.0,Manfinity RSRT Men Coconut Tree Printed Short Sleeve Shirt And Solid Color Shorts Two-Piece Set For Summer,200.0,1205.55,35.0,Unranked(New),Simple Menswear,1854.6923076923076
1054,0.0,Manfinity Independence Day 2-Piece Men Fashionable Casual American Flag Print Short Sleeve T-Shirt And Athletic Shorts Set Family Matching Outfits Mommy And Me (4 Sets Sold Separately),2400.0,1208.4,17.0,Unranked(New),Simple Menswear,1455.9036144578315
1055,6.0,Manfinity EMRG Loose Fit Men's Hooded Sweatshirt With Letter Printing And Drawstring,1400.0,1215.05,18.0,Unranked(New),Simple Menswear,1481.7682926829268
1056,13.0,SHEIN X Virginia & ZeFelipe Men Flap Pocket Button Front Overcoat,0.0,1927.55,13.0,#2 Best Seller,in Casual Men Overcoats,2215.574712643678
1057,0.0,Men's Summer Cartoon Monkey Printed Round Neck Short Sleeve Casual T-Shirt,200.0,806.5500000000001,13.0,Unranked(New),Simple Menswear,927.0689655172414
1058,4.0,Manfinity Homme Men's Geometric Pattern Short Sleeve Shirt,1100.0,1177.05,7.0,Unranked(New),Simple Menswear,1265.6451612903227
1059,5.0,Men's Summer American Flag Printed Round Neck Casual Tank Top,80.0,455.05,40.0,Unranked(New),Simple Menswear,758.4166666666666
1060,9.0,Manfinity Homme Men Single Striped Trim Polo Shirt,1500.0,1015.55,12.0,Unranked(New),Simple Menswear,1154.034090909091
1061,0.0,ROMWE Street Life Men's Star Print Shorts Suitable For Daily Wear In Spring And Summer,500.0,451.25,48.0,Unranked(New),Simple Menswear,867.7884615384615
1062,5.0,Men Classic Car Print Round Neck Casual Commuting T-Shirt Summer,100.0,642.1999999999999,28.0,Unranked(New),Simple Menswear,891.9444444444443
1063,0.0,"Manfinity LEGND Men Solid Color Work Shorts With Pockets, Suitable For Summer",400.0,1082.05,14.0,Unranked(New),Simple Menswear,1258.1976744186047
1064,9.0,Manfinity Homme Men Contrast Trim Polo Shirt,800.0,562.4,51.0,Unranked(New),Simple Menswear,1147.7551020408164
1065,0.0,Manfinity RSRT Men's Plus Size Plant & Flower Print Shirt With Solid Color Shorts Set,200.0,1111.5,50.0,Unranked(New),Simple Menswear,2223.0
1066,9.0,"Manfinity Homme Men's Solid Color Casual Spring/Summer Polo Shirt, All-Match Style",1200.0,930.05,13.0,Unranked(New),Simple Menswear,1069.0229885057472
1067,0.0,Manfinity EMRG Men Slogan Graphic Tee & Drawstring Waist Shorts,0.0,1560.85,17.0,#6 Best Seller,in Khaki Men T-Shirt Co-ords,1880.5421686746988
1068,5.0,Manfinity Homme Men's Letter Printed Round Neck Sweatshirt,0.0,958.55,19.0,#3 Best Seller,in Loose Men Sweatshirts,1183.3950617283951
1069,19.0,Manfinity Homme Men Summer Pure Color Patchwork Collar Short Sleeve Shirt And Shorts Casual Commute Two-Piece Set,700.0,1604.55,7.0,Unranked(New),Simple Menswear,1725.3225806451612
1070,0.0,Manfinity Homme Men Button Through Tee & Drawstring Waist Pants,400.0,1551.35,50.0,Unranked(New),Simple Menswear,3102.7
1071,0.0,Men's Black+Dark Blue+ Green Drawstring Waist Loose Fit Casual Shorts With Pockets,30.0,1937.05,6.0,Unranked(New),Simple Menswear,2060.691489361702
1072,10.0,Manfinity Homme Loose Fit Men's Cargo Shorts With Flap Pockets And Drawstring Waist Plain Cream Street Wear,800.0,1110.55,13.0,Unranked(New),Simple Menswear,1276.4942528735633
1073,0.0,Manfinity Hypemode Loose Men's Drawstring Waist Waffle Knit Shorts,100.0,1158.05,12.0,Unranked(New),Simple Menswear,1315.965909090909
1074,0.0,Manfinity Homme Men Floral & Slogan Graphic Drawstring Oversize Hoodie,0.0,715.35,55.0,#9 Best Seller,in Slogan Men Hoodies,1589.6666666666667
1075,0.0,Manfinity Homme Men Bird Print Tee & Drawstring Waist Shorts,1500.0,1142.85,34.0,Unranked(New),Simple Menswear,1731.5909090909088
1076,8.0,Manfinity Swimmode Men Graphic Print Drawstring Waist Swim Trunks & Compression Liner,2800.0,1009.85,11.0,Unranked(New),Simple Menswear,1134.6629213483145
1077,0.0,Manfinity VCAY Men Lightweight Breathable Knitted Leisure Beach Vacation Textured Hollow Out Mesh Summer Wide Shoulder White Round Neck Tank Top,100.0,1272.05,7.0,Unranked(New),Simple Menswear,1367.7956989247311
1078,5.0,Manfinity RSRT Men's Solid Color Ribbed Knit Two Piece Set,0.0,2197.35,11.0,#3 Best Seller,in Fabric Men Polo Co-ords,2468.932584269663
1079,0.0,Manfinity Mode Men Single Button Blazer & Pants,0.0,3780.0499999999997,13.0,#1 Best Seller,in Plain Men Suits & Separates,4344.885057471264
1080,4.0,Manfinity Homme Men Solid Tank Top,100.0,569.0500000000001,8.0,Unranked(New),Simple Menswear,618.5326086956522
1081,5.0,Manfinity LEGND Men Eye & Slogan Graphic Drop Shoulder Tee,800.0,646.9499999999999,31.0,Unranked(New),Simple Menswear,937.6086956521738
1082,11.0,Men's Short-Sleeved Polo Shirt In Color Block Design,0.0,919.6,17.0,#9 Best Seller,in Red Men Tops,1107.9518072289156
1083,4.0,ROMWE Anime Men's Simple Printed Drawstring Casual Camo Mesh Shorts,0.0,1177.05,13.0,#10 Best Seller,in Knitted Fabric Men Bottoms,1352.9310344827586
1084,0.0,Manfinity Hypemode Men Mountain Slogan Printed T-Shirt And Solid Woven Shorts Set For Summer,100.0,1500.05,13.0,Unranked(New),Simple Menswear,1724.1954022988505
1085,0.0,Men'S Short Sleeve T-Shirt With Portrait Print,4200.0,816.05,7.0,Unranked(New),Simple Menswear,877.4731182795699
1086,0.0,Manfinity Men's Shark Printed Drawstring Beach Shorts,300.0,1053.55,7.0,Unranked(New),Simple Menswear,1132.8494623655913
1087,0.0,Manfinity Fever City Men Floral Print See Through Shirt,800.0,1139.05,7.0,Unranked(New),Simple Menswear,1224.784946236559
1088,5.0,Manfinity Hypemode Men's Cartoon Slogan Printed Drop Shoulder Loose Casual T-Shirt,700.0,901.5500000000001,16.0,Unranked(New),Simple Menswear,1073.2738095238096
1089,12.0,Manfinity Homme Men's Summer Casual Solid Color Short Sleeve Shirt,700.0,1262.55,6.0,Unranked(New),Simple Menswear,1343.1382978723404
1090,5.0,Manfinity Homme Men's Half Zipper Short Sleeve T-Shirt And Shorts Set,900.0,2174.55,12.0,Unranked(New),Simple Menswear,2471.079545454546
1091,10.0,Manfinity LEGND Men's Pattern Printed Short Sleeve T-Shirt,4400.0,664.0500000000001,11.0,Unranked(New),Simple Menswear,746.123595505618
1092,7.0,Manfinity Homme Loose Fit Men's Solid Color V-Neck Shirt & Pants Set,1800.0,2237.25,8.0,Unranked(New),Simple Menswear,2431.7934782608695
1093,0.0,Manfinity Mode Set Of 2 Men's Solid Color Suit With Belted Long Sleeve Jacket And Pants,400.0,3438.0499999999997,13.0,Unranked(New),Simple Menswear,3951.7816091954023
1094,0.0,Manfinity Homme Summer Casual Striped Printed Short Sleeve Polo Shirt And Solid Color Pocket Shorts Set,50.0,801.8,58.0,Unranked(New),Simple Menswear,1909.047619047619
1095,9.0,Manfinity RSRT Men's Summer Palm Tree Letter Print Short Sleeve Casual T-Shirt And Drawstring Waist Shorts Set,0.0,1405.05,13.0,#4 Best Seller,in Plants Men Co-ords,1615.0
1096,0.0,Manfinity RSRT Men's Summer Holiday Floral Print Short Sleeve Casual Shirt,0.0,1015.55,7.0,#10 Best Seller,in Blue Men Shirts,1091.989247311828
1097,0.0,Manfinity LEGND Men's Solid Color Drawstring Cargo Shorts With Pockets And Patched Detail Summer Leisure Plain Light Blue,300.0,1205.55,14.0,Unranked(New),Simple Menswear,1401.8023255813953
1098,0.0,Manfinity LEGND Men Slogan Graphic Tee,800.0,422.75,56.0,Unranked(New),Simple Menswear,960.7954545454545
1099,0.0,Manfinity Homme Men's Summer Casual Short Sleeve T-Shirt With Slogan Print And Round Neck,300.0,578.55,10.0,Unranked(New),Simple Menswear,642.8333333333333
1100,6.0,Manfinity Homme Men Solid Polo Shirt,0.0,930.05,13.0,#9 Best Seller,in Plain Men Polo Shirts,1069.0229885057472
1101,13.0,Manfinity Mode Men's Patchwork Floral Long Sleeve Dress Shirt,0.0,1215.05,7.0,#8 Best Seller,in Green Men Shirts,1306.505376344086
1102,5.0,Men Car Slogan Print Round Neck Casual Commute T-Shirt For Summer,100.0,499.7,43.0,Unranked(New),Simple Menswear,876.6666666666666
1103,4.0,Men Slant Pocket Jeans,1400.0,1994.05,7.0,Unranked(New),Simple Menswear,2144.1397849462364
1104,4.0,Manfinity Homme Men Patched Detail Drawstring Waist Sweatpants,0.0,1300.55,6.0,#3 Best Seller,in Patched Men Sweatpants,1383.563829787234
1105,4.0,Manfinity RSRT Men Plus Coconut Tree Print Tee & Shorts,0.0,1637.8,15.0,#2 Best Seller,in Woven Fabric Men Plus Size Clothing,1926.8235294117646
1106,11.0,Manfinity Homme Men's Crew Neck Short Sleeve T-Shirt With Patch Pocket,1300.0,622.25,36.0,Unranked(New),Simple Menswear,972.265625
1107,6.0,Manfinity RSRT Men's Color-Block Coconut Tree & Letter Print T-Shirt,800.0,489.25000000000006,52.0,Unranked(New),Simple Menswear,1019.2708333333335
1108,6.0,Manfinity Homme Men Solid Button Up Shirt,1000.0,1424.05,7.0,Unranked(New),Simple Menswear,1531.236559139785
1109,6.0,Manfinity Homme Men Solid Round Neck Tee,800.0,570.0,43.0,Unranked(New),Simple Menswear,1000.0
1110,0.0,Manfinity Homme Loose Fit Men's Solid Color T-Shirt & Drawstring Waist Shorts Set,1500.0,1386.05,12.0,Unranked(New),Simple Menswear,1575.0568181818182
1111,0.0,Manfinity RSRT Men's Coconut Tree Print Vacation Tank Top,1700.0,797.0500000000001,7.0,Unranked(New),Simple Menswear,857.0430107526881
1112,4.0,Manfinity Mode Men Single Breasted Blazer & Suit Pants,1500.0,3761.05,13.0,Unranked(New),Simple Menswear,4323.045977011494
1113,13.0,Manfinity Swimmode Men Zip Pocket Drawstring Waist Swim Trunks,7400.0,991.8,11.0,Unranked(New),Simple Menswear,1114.3820224719102
1114,0.0,"Manfinity Hypemode Men's City Letter Print Short Sleeve Shirt And Solid Color Woven Shorts, 2pcs/Set",600.0,1623.55,14.0,Unranked(New),Simple Menswear,1887.8488372093022
1115,0.0,Manfinity Homme Men Plus Letter Graphic Tee & Shorts,300.0,2155.55,13.0,Unranked(New),Simple Menswear,2477.64367816092
1116,0.0,SUMWON Flare Fit Jogger With Paint Print,0.0,1709.05,10.0,#8 Best Seller,in Pocket Men Sweatpants,1898.9444444444443
1117,0.0,Manfinity EMRG Men's Mona Lisa Printed Crew Neck Short Sleeve T-Shirt,2800.0,778.05,12.0,Unranked(New),Simple Menswear,884.1477272727273
1118,0.0,Men's Virgin Mary Print Short Sleeve T-Shirt,2500.0,787.55,13.0,Unranked(New),Simple Menswear,905.2298850574713
1119,0.0,Manfinity Basics Men's 3pcs Round-Neck Tank Tops,400.0,812.2500000000001,52.0,Unranked(New),Simple Menswear,1692.1875000000002
1120,0.0,Men's Elastic Waist Ice Silk Casual Shorts With Pockets,200.0,816.05,8.0,Unranked(New),Simple Menswear,887.0108695652174
1121,11.0,Rick and Morty | ROMWE Men Cartoon & Letter Graphic Striped Trim Drawstring Waist Shorts,0.0,1234.05,14.0,#1 Best Seller,in Striped Men Bottoms,1434.9418604651162
1122,0.0,Manfinity Hypemode Men's Checkered Bear Print Short Sleeve T-Shirt And Drawstring Waist Shorts Set,2900.0,1785.05,13.0,Unranked(New),Simple Menswear,2051.7816091954023
1123,9.0,Manfinity Homme Men Drawstring Waist Shorts,3400.0,703.0,17.0,Unranked(New),Simple Menswear,846.9879518072289
1124,9.0,Manfinity Homme Men's Casual Texture Button Front Short Sleeve Shirt And Shorts,1000.0,1633.0500000000002,11.0,Unranked(New),Simple Menswear,1834.8876404494385
1125,0.0,Manfinity Homme Men's Geometric Print Short Sleeve Button Down Shirt And Shorts Set With Collar,0.0,1766.05,7.0,#8 Best Seller,in Woven Fabric Men Shirt Co-ords,1898.978494623656
1126,0.0,Manfinity LEGND Men Plus Cross Print Tee,0.0,441.75000000000006,55.0,#1 Best Seller,in Black Men Plus Size T-Shirts,981.6666666666669
1127,8.0,"Manfinity Homme Men Solid Color Casual Daily Outfit, Short Sleeve Shirt And Shorts 2-Piece Set For Spring And Summer",0.0,1851.55,7.0,#3 Best Seller,in Blue Men Shirt Co-ords,1990.9139784946237
1128,6.0,Men Solid Round Neck Tee,200.0,635.5500000000001,12.0,Unranked(New),Simple Menswear,722.2159090909091
1129,6.0,Manfinity Homme Men Slogan Graphic Flap Pocket Drawstring Waist Loose Cargo Shorts Plain Black Street Wear,2900.0,1281.55,13.0,Unranked(New),Simple Menswear,1473.0459770114942
1130,0.0,"Manfinity VCAY Men Lightweight Breathable Knitted Leisure Beachwear With Surf Pattern, Hawaiian Palm Tree & Letter Print Grey Tank Top For Summer",700.0,806.5500000000001,7.0,Unranked(New),Simple Menswear,867.258064516129
1131,7.0,Manfinity Hypemode Loose Fit Men's Corduroy Pants With Letter Patch Detail Baggy Long Slacks Plain Going Out,3200.0,1804.05,7.0,Unranked(New),Simple Menswear,1939.8387096774193
1132,0.0,Men's Letter Printed Round Neck Casual Commuting T-Shirt,60.0,479.75,46.0,Unranked(New),Simple Menswear,888.425925925926
1133,8.0,Manfinity Loose Fit Men's Solid T-Shirt & Shorts Set,4800.0,1921.8500000000001,17.0,Unranked(New),Simple Menswear,2315.4819277108436
1134,0.0,Manfinity LEGND Men Colorblock Drawstring Waist Slant Pocket Shorts,800.0,1044.05,13.0,Unranked(New),Simple Menswear,1200.057471264368
1135,5.0,Manfinity Homme Men Solid Color Textured Short-Sleeved T-Shirt And Shorts Set For Summer,200.0,1728.0500000000002,12.0,Unranked(New),Simple Menswear,1963.6931818181822
1136,0.0,Men's Solid Color Simple Knitted Short Sleeve Top For Daily Wear,100.0,1433.55,13.0,Unranked(New),Simple Menswear,1647.7586206896551
1137,0.0,Manfinity Nomadique Men Color-Block Embroidery Detail Turn Down Collar Short Sleeve Summer Casual Polo Shirt,0.0,1148.55,14.0,#3 Best Seller,in Geometric Men Polo Shirts,1335.5232558139535
1138,5.0,Men's Vintage Letter Printed Short Sleeve T-Shirt,4000.0,721.05,13.0,Unranked(New),Simple Menswear,828.7931034482758
1139,0.0,Men Solid Color Casual Loose Fit Cargo Shorts With Pockets,100.0,958.55,12.0,Unranked(New),Simple Menswear,1089.2613636363637
1140,9.0,Manfinity RSRT Men's Summer Holiday Letter & Palm Tree Printed Short Sleeve Casual T-Shirt And Drawstring Waist Shorts Set,0.0,1334.75,17.0,#7 Best Seller,in Graphic Men Co-ords,1608.132530120482
1141,0.0,Manfinity RSRT Men Plus Contrast Tropical Print Casual T-Shirt & Shorts Summer Set,0.0,1851.55,13.0,#5 Best Seller,in Boho Men Plus Size T-Shirt Co-ords,2128.2183908045977
1142,5.0,"SHEIN Manfinity Homme Men's Solid Color Short Sleeve T-Shirt, Summer",200.0,738.15,23.0,Unranked(New),Simple Menswear,958.6363636363636
1143,15.0,Manfinity Homme Loose-Fit Men's Solid Color Short Sleeve Shirt,2600.0,1148.55,7.0,Unranked(New),Simple Menswear,1235.0
1144,0.0,Manfinity Homme Men's Plus Size Knitted Casual Straight Shorts,0.0,1348.05,13.0,#4 Best Seller,in White Men Plus Size Bottoms,1549.4827586206898
1145,6.0,Manfinity Homme Men Color Blocked Print Short Sleeve Casual T-Shirt And Drawstring Waist Shorts Set For Summer,100.0,1414.55,13.0,Unranked(New),Simple Menswear,1625.9195402298851
1146,5.0,Manfinity Men Cotton Letter Graphic Ripped Jeans,0.0,1420.25,41.0,#6 Best Seller,in Letter Men Jeans,2407.2033898305085
1147,5.0,Men's Kangaroo Pocket Drawstring Hoodie With Warm Lining And Zipper Closure,0.0,1014.6,22.0,#8 Best Seller,in Fabric Men Zip-up Hoodies,1300.7692307692307
1148,7.0,Manfinity Swimmode Men Vacation Casual Gradient Printed Swimming Trunks With Badge Detail,200.0,1148.55,7.0,Unranked(New),Simple Menswear,1235.0
1149,0.0,Manfinity LEGND Men Cotton Ripped Skinny Jeans,0.0,1790.7500000000002,25.0,#3 Best Seller,in White Men Jeans,2387.666666666667
1150,0.0,Manfinity Chillmode Men Coconut Tree Print Tee & Tropical Print Drawstring Waist Shorts,1000.0,1362.3,18.0,Unranked(New),Simple Menswear,1661.341463414634
1151,0.0,Manfinity RSRT Men Coconut Tree Printed Beach Vacation Short Sleeve Shirt And Shorts Set,200.0,1319.55,24.0,Unranked(New),Simple Menswear,1736.25
1152,0.0,Manfinity Homme Men'S Denim Pants With Diagonal Pockets And Straight Legs,100.0,714.4,68.0,Unranked(New),Simple Menswear,2232.5
1153,0.0,Men's Solid Color Quick-Dry Sports Shorts For Casual Wear,300.0,797.0500000000001,7.0,Unranked(New),Simple Menswear,857.0430107526881
1154,6.0,Manfinity LEGND Men's Geometric Printed Tank Top,0.0,721.05,6.0,#5 Best Sellers,in Men Tank Tops,767.0744680851063
1155,0.0,Manfinity Hypemode Men's Summer Letter Printed Round Neck Short Sleeve Casual T-Shirt And Drawstring Waist Shorts Set,0.0,2444.35,14.0,#6 Best Seller,in Patched Men T-Shirt Co-ords,2842.267441860465
1156,5.0,"Summer New Casual Men's Short Sleeve T-Shirt With Henley Neckline, American Style Printing For Travel/Holiday/Outdoor Camping, Regular Plus Size Clothing",100.0,892.0500000000001,7.0,Unranked(New),Simple Menswear,959.1935483870968
1157,0.0,Men's Summer Headphone Print Short Sleeve Casual T-Shirt And Drawstring Waist Shorts Set,0.0,1424.05,13.0,Unranked(New),Simple Menswear,1636.83908045977
1158,10.0,Manfinity Homme Men's Short Sleeve Shirt With Geo Pattern,3500.0,1044.05,6.0,Unranked(New),Simple Menswear,1110.6914893617022
1159,4.0,Men Casual Solid Color Rolled Cuff Daily Spring And Summer Shirt,0.0,1215.05,10.0,#8 Best Seller,in Khaki Men Shirts,1350.0555555555557
1160,6.0,Manfinity ModaGents Men Slant Pockets Bermuda Shorts Dress Plain Light Green Going Out Casual,800.0,1281.55,15.0,Unranked(New),Simple Menswear,1507.7058823529412
1161,6.0,Manfinity Homme Men's Loose Fit Drawstring Waist Shorts With Slanted Pockets,0.0,844.5500000000001,13.0,#6 Best Seller,in White Men Shorts,970.7471264367816
1162,0.0,Manfinity RSRT Men Tropical Print Shirt & Drawstring Waist Shorts Without Tee,600.0,1236.8999999999999,36.0,Unranked(New),Simple Menswear,1932.6562499999998
1163,4.0,Men Plus Size Summer Short-Sleeve Round Neck Casual T-Shirt With Letter Print,0.0,939.5500000000001,13.0,#4 Best Seller,in Loose Men Plus Size Tops,1079.942528735632
1164,7.0,Manfinity Homme Men's Solid Color Casual Elastic Waist Shorts,4100.0,1006.05,13.0,Unranked(New),Simple Menswear,1156.3793103448277
1165,0.0,Manfinity Homme Men Single-Breasted Casual Spring/Summer Short Sleeve POLO Shirt And Shorts Outfits,200.0,1824.0,8.0,Unranked(New),Simple Menswear,1982.608695652174
1166,8.0,Manfinity EMRG Loose-Fit Men's Spider Web Print Zip-Up Hoodie Without T-Shirt,1200.0,1918.0500000000002,13.0,Unranked(New),Simple Menswear,2204.6551724137935
1167,6.0,Manfinity Homme Men's Solid Color Short Sleeve Polo Shirt,900.0,1148.55,13.0,Unranked(New),Simple Menswear,1320.1724137931035
1168,0.0,Manfinity Homme Men Plus Size Loose Fit Summer Wave Printed Short Sleeve Casual Shirt And Shorts Two-Piece Set,90.0,885.4,58.0,Unranked(New),Simple Menswear,2108.095238095238
1169,0.0,Manfinity RSRT Men's Plus Size Summer Solid Color Half-Placket Short Sleeve T-Shirt And Shorts Casual Set,200.0,2102.35,17.0,Unranked(New),Simple Menswear,2532.9518072289156
1170,0.0,Men's Plus Size Summer Round Neck Short Sleeve Letter Printed Casual T-Shirt,20.0,441.75000000000006,50.0,Unranked(New),Simple Menswear,883.5000000000001
1171,0.0,Manfinity EMRG Loose Fit Men's Slogan & Figure Graphic Print Drawstring Waist Shorts,500.0,920.55,13.0,Unranked(New),Simple Menswear,1058.103448275862
1172,6.0,Manfinity Homme Men Drawstring Waist Slant Pocket Shorts,0.0,1146.65,14.0,#4 Best Sellers,in Men Linen Shorts,1333.3139534883724
1173,0.0,Men's Slogan Print T-Shirt,1400.0,730.5500000000001,13.0,Unranked(New),Simple Menswear,839.7126436781609
1174,10.0,Manfinity Swimmode Men Allover Print Letter Patched Detail Drawstring Waist Swim Trunks,900.0,766.65,36.0,Unranked(New),Simple Menswear,1197.890625
1175,0.0,Men's Summer Patchwork Checkered Printed Short Sleeve Casual Shirt,100.0,451.25,50.0,Unranked(New),Simple Menswear,902.5
1176,0.0,Manfinity CasualMax Men's Plus Size Simple Solid Color Short Sleeve Shirt And Shorts Set,0.0,877.8000000000001,65.0,#10 Best Seller,in Khaki Men Plus Size Shirt Co-ords,2508.0
1177,0.0,Manfinity Homme Men's Letter Print Drawstring Waist Shorts Sweat Plain Going Out,3100.0,1917.1,15.0,Unranked(New),Simple Menswear,2255.4117647058824
1178,13.0,Manfinity Swimmode Men Letter Graphic Drawstring Waist Swim Trunks & Compression Liner,0.0,1357.55,7.0,#8 Best Seller,in Letter Men Beach Shorts,1459.731182795699
1179,0.0,ROMWE Street Life Men's Skull & Cross Print Drop Shoulder Sweater,0.0,2193.55,13.0,#5 Best Seller,in Fabric Men Knitwear,2521.32183908046
1180,15.0,Manfinity Homme Men's Casual Short Sleeve Textured Shirt For Summer,1100.0,1148.55,7.0,Unranked(New),Simple Menswear,1235.0
1181,6.0,ROMWE Street Life Men Cartoon Bear & Letter Print T-Shirt With Drawstring Shorts Two-Piece Set,0.0,1804.05,13.0,#3 Best Seller,in Striped Men T-Shirt Co-ords,2073.6206896551726
1182,6.0,Manfinity Homme Men's Drawstring Waist Woven Trousers,1200.0,1699.55,7.0,Unranked(New),Simple Menswear,1827.47311827957
1183,4.0,"Manfinity Homme Men's Casual Pocket Shorts, Suitable For Spring And Summer",400.0,987.0500000000001,13.0,Unranked(New),Simple Menswear,1134.5402298850574
1184,11.0,Manfinity Homme Men's Loose Fit Cargo Pants With Flap Pockets And Drawstring Waist,1000.0,1405.05,7.0,Unranked(New),Simple Menswear,1510.8064516129032
1185,0.0,Manfinity Homme Men'S Gradient Print Polo Shirt,300.0,1072.55,14.0,Unranked(New),Simple Menswear,1247.1511627906978
1186,4.0,Manfinity Hypemode Loose Men Contrast Collar Shirt Without Tee,0.0,1262.55,7.0,#8 Best Seller,in Pocket Men Shirts,1357.5806451612902
1187,13.0,Manfinity Hypemode Men Letter Patched Drawstring Waist Shorts,0.0,1044.05,12.0,#7 Best Seller,in Patched Men Shorts,1186.4204545454545
1188,4.0,Manfinity Homme Men Plus Solid Button Up Shirt & Drawstring Waist Shorts,0.0,1183.7,44.0,#2 Best Seller,in Plain Men Plus Size Shirt Co-ords,2113.75
1189,0.0,"Men Summer Letter Printed Round Neck Casual Short Sleeve T-Shirt And Drawstring Waist Shorts Set, Waffle Fabric",20.0,1484.8500000000001,20.0,Unranked(New),Simple Menswear,1856.0625
1190,0.0,Manfinity StreetEZ Men's Woven Casual Shorts With Flame Letter Print Pattern Graphic Fire,1800.0,1326.2,16.0,Unranked(New),Simple Menswear,1578.8095238095239
1191,0.0,Manfinity LEGND Men Abstract Animal Print Tee,200.0,797.0500000000001,13.0,Unranked(New),Simple Menswear,916.1494252873563
1192,0.0,Manfinity Homme Men Flap Pocket Drawstring Waist Cargo Shorts Plain Khaki,1100.0,1414.55,14.0,Unranked(New),Simple Menswear,1644.8255813953488
1193,7.0,ROMWE Street Life Men Slogan & Skeleton Print Tee,1600.0,996.5500000000001,13.0,Unranked(New),Simple Menswear,1145.4597701149426
1194,4.0,Men's Summer Solid Color Short Sleeve Casual & Commute Polo Shirt,60.0,996.5500000000001,14.0,Unranked(New),Simple Menswear,1158.7790697674418
1195,7.0,Manfinity Men Ripped Frayed Flap Pocket Denim Jacket Without Tee,0.0,3219.55,7.0,#6 Best Seller,in Casual Men Denim Jackets,3461.8817204301076
1196,7.0,Manfinity Homme Men Solid Shirt & Drawstring Waist Shorts Without Tee,900.0,1823.0500000000002,7.0,Unranked(New),Simple Menswear,1960.2688172043013
1197,10.0,Manfinity Swimmode Men Vertical Striped Drawstring Waist Swim Trunks,0.0,1167.55,7.0,#6 Best Seller,in Striped Men Swimwear,1255.4301075268818
1198,5.0,Men's Summer Earphone Print Casual Round Neck Sleeveless Tank Top,0.0,340.1,55.0,#9 Best Seller,in Letter Men Tank Tops,755.7777777777778
1199,0.0,"Men's Flame Printed Drawstring Waist Casual Shorts, Versatile",0.0,892.0500000000001,7.0,Unranked(New),Simple Menswear,959.1935483870968
1200,5.0,Manfinity Homme Men Color Block Figure Graphic Shirt & Shorts Without Tee,2600.0,1211.25,33.0,Unranked(New),Simple Menswear,1807.8358208955224
1201,0.0,Men's Plus Size Summer Casual Round Neck Short Sleeve T-Shirt With Slogan Print,100.0,835.05,6.0,Unranked(New),Simple Menswear,888.3510638297872
1202,15.0,Manfinity Homme Men's Color Blocking Short Sleeve T-Shirt,2400.0,633.65,25.0,Unranked(New),Simple Menswear,844.8666666666667
1203,0.0,Manfinity Homme Men Plus Size Pocket Design Spring Summer Casual Short Sleeve T-Shirt And Pocket Design Shorts Set,0.0,2041.55,13.0,#9 Best Seller,in Colorblock Men Plus Size Co-ords,2346.609195402299
1204,6.0,Manfinity Hypemode Men 2pcs Rose Print High Low Hem Tee,0.0,1414.55,13.0,#10 Best Seller,In Floral Men Clothing,1625.9195402298851
1205,4.0,"ROMWE Prep Men's Five-Pointed Star Printed Short-Sleeved Y2k T-Shirt, Suitable For Daily Wear In Spring And Summer",0.0,1034.55,12.0,#7 Best Seller,In Graphic Men Clothing,1175.625
1206,0.0,Men Solid Tee,500.0,688.75,20.0,Unranked(New),Simple Menswear,860.9375
1207,0.0,Men's Floral Printed Drawstring Waist Loose Beach Shorts,4100.0,806.5500000000001,8.0,Unranked(New),Simple Menswear,876.6847826086956
1208,11.0,Manfinity RSRT Loose Fit Solid Color Men's Button-Front Shirt & Shorts Set,3400.0,2177.4,8.0,Unranked(New),Simple Menswear,2366.7391304347825
1209,10.0,Manfinity LEGND Men Loose-Fit Cargo Shorts With Pockets And Drawstring Waist,600.0,1158.05,13.0,Unranked(New),Simple Menswear,1331.0919540229886
1210,6.0,Manfinity RSRT Men's Summer Striped Printed Short Sleeve Casual Shirt,500.0,1129.55,7.0,Unranked(New),Simple Menswear,1214.5698924731182
1211,0.0,Manfinity Homme Men Zip Up Drawstring Thermal Lined Hoodie Without Tee,300.0,784.6999999999999,46.0,Unranked(New),Simple Menswear,1453.148148148148
1212,7.0,Manfinity Homme Men Solid Button Up Shirt & Shorts Set,600.0,1154.25,41.0,Unranked(New),Simple Menswear,1956.3559322033898
1213,0.0,SHEIN Manfinity Mode Men's Peak Lapel Double Breasted Suit Jacket And Pants Set,2100.0,3542.5499999999997,13.0,Unranked(New),Simple Menswear,4071.896551724138
1214,0.0,Manfinity Homme Men Slogan Graphic Tee,1000.0,574.75,30.0,Unranked(New),Simple Menswear,821.0714285714286
1215,4.0,Men's Cartoon Bear Pattern Printed Round Neck Short Sleeve T-Shirt,3600.0,768.55,11.0,Unranked(New),Simple Menswear,863.5393258426966
1216,11.0,Manfinity Homme Men Contrast Trim Polo Shirt,200.0,635.5500000000001,44.0,Unranked(New),Simple Menswear,1134.9107142857144
1217,7.0,Manfinity Homme Men Contrast Trim Pocket Patched Tee,0.0,911.05,17.0,#3 Best Seller,in Pocket Men Tops,1097.6506024096386
1218,4.0,Manfinity Men'S Plus Size Color Block T-Shirt,500.0,508.24999999999994,54.0,Unranked(New),Simple Menswear,1104.891304347826
1219,0.0,Manfinity Homme Men's Casual Solid Color Tapered Jeans,40.0,854.0500000000001,63.0,Unranked(New),Simple Menswear,2308.2432432432433
1220,0.0,"Men's Summer Casual Fit Casual T-Shirt With Round Neck, Drop Shoulder Sleeves And Frog Slogan Print",0.0,759.0500000000001,12.0,#8 Best Seller,in Plants Men Tops,862.5568181818181
1221,4.0,"Men Summer New Contrast Color Short Sleeve Polo Shirt With Turn-Down Collar For Casual, Sports, Tourism, Outdoor Camping And Business",0.0,949.0500000000001,7.0,#3 Best Seller,in Plain Men Polo Shirts,1020.483870967742
1222,0.0,Manfinity Homme Men Allover Print Contrast Trim Polo Shirt,0.0,812.2500000000001,35.0,#6 Best Seller,in All Over Print Men Polo Shirts,1249.6153846153848
1223,14.0,Manfinity Chillmode Men's Knitted 2pcs/Set Coconut Tree Print Short Sleeve T-Shirt And Drawstring Waist Shorts,500.0,1519.05,13.0,Unranked(New),Simple Menswear,1746.0344827586207
1224,0.0,Manfinity EMRG Men Japanese Letter And Grapes Print Tee,1600.0,582.35,37.0,Unranked(New),Simple Menswear,924.3650793650794
1225,0.0,Manfinity Mode Men's Plaid Print Buttoned Half Placket Short Sleeve Polo Shirt,300.0,1034.55,14.0,Unranked(New),Simple Menswear,1202.9651162790697
1226,0.0,Manfinity RSRT Men's Summer Casual Tropical Leaf Printed Short Sleeve Shirt And Shorts 2pcs/Set,0.0,1614.05,7.0,#5 Best Seller,in All Over Print Men Shirt Co-ords,1735.5376344086021
1227,6.0,Men Drawstring Waist 2 In 1 Beach Shorts With Phone Pocket,0.0,1063.05,7.0,#2 Best Seller,in Casual Men Beach Shorts,1143.0645161290322
1228,0.0,Manfinity RSRT Men Plus Size Gradient Color Patchwork Crew Neck Short Sleeve T-Shirt + Pocket Shorts Set For Summer,400.0,1918.0500000000002,13.0,Unranked(New),Simple Menswear,2204.6551724137935
1229,7.0,Manfinity Swimmode Men Allover Geo Print Drawstring Waist Swim Trunks,1100.0,995.6,8.0,Unranked(New),Simple Menswear,1082.1739130434783
1230,0.0,Men Letter & Cartoon Graphic Tee,1100.0,768.55,13.0,Unranked(New),Simple Menswear,883.3908045977012
1231,0.0,"Manfinity Vacaylife Men's Summer Lightweight Breathable Knit Casual Coconut Trees & Heat Print Round Neck Short-Sleeved Khaki T-Shirt, Ideal For Beach Vacation And Father's/Mother's Day And Festivals",200.0,778.05,13.0,Unranked(New),Simple Menswear,894.3103448275862
1232,9.0,Manfinity RSRT Men's Tropical Plant Printed Short Sleeve Shirt And Shorts Set,2900.0,1690.05,7.0,Unranked(New),Simple Menswear,1817.258064516129
1233,0.0,Manfinity RSRT Men Tropical Print Ombre Polo Shirt,0.0,1234.05,14.0,#2 Best Seller,in Tropical Men Polo Shirts,1434.9418604651162
1234,7.0,Manfinity Homme Men's Turn-Down Collar Casual Short Sleeve T-Shirt And Shorts 2pcs/Set,400.0,1307.2,49.0,Unranked(New),Simple Menswear,2563.1372549019607
1235,8.0,"Manfinity Men's Casual Solid Color Drop Shoulder T-Shirt & Shorts Set, Summer",2100.0,1867.7,17.0,Unranked(New),Simple Menswear,2250.240963855422
1236,4.0,Manfinity Homme Men Plus Round Neck Green Printed Short Sleeve T-Shirt And Shorts Set,0.0,2070.0499999999997,13.0,#7 Best Seller,in Letter Men Plus Size Co-ords,2379.3678160919535
1237,0.0,Manfinity Homme Men Colorblock Tee & Drawstring Waist Shorts,0.0,1614.05,14.0,#10 Best Seller,in Colorblock Men Co-ords,1876.8023255813953
1238,4.0,Manfinity Homme Men Button Front Tee,500.0,768.55,12.0,Unranked(New),Simple Menswear,873.3522727272727
1239,7.0,Manfinity RSRT Men Floral Print Ombre Shirt Without Tee,0.0,826.4999999999999,24.0,#9 Best Seller,in Boho Men Tops,1087.4999999999998
1240,4.0,ROMWE Prep Men Fashion Sporty Striped And Printed Mesh Shorts,0.0,1091.55,14.0,#1 Best Seller,in Graphic Men Clothing,1269.2441860465117
1241,9.0,Manfinity Mode Men Slant Pocket Bermuda Shorts,800.0,1310.05,14.0,Unranked(New),Simple Menswear,1523.3139534883721
1242,6.0,Summer Street Wear Mesh Shorts For Men Gym Fitness Mesh Drawstring Shorts With Lightning Print,600.0,844.5500000000001,6.0,Unranked(New),Simple Menswear,898.4574468085107
1243,7.0,Manfinity LEGND Men's Summer American Eagle Printed Round Neck Short Sleeve Casual T-Shirt,1000.0,721.05,17.0,Unranked(New),Simple Menswear,868.7349397590361
1244,0.0,Manfinity Homme Men's Pocket Jeans,200.0,1349.0,44.0,Unranked(New),Simple Menswear,2408.9285714285716
1245,5.0,Manfinity EMRG Men's Loose Fit Car & Letter Printed T-Shirt And Drawstring Waist Shorts,500.0,1315.75,31.0,Unranked(New),Simple Menswear,1906.8840579710145
1246,0.0,Manfinity Hypemode Men Spring Summer Letter Graphic Casual Tank Top,200.0,835.05,6.0,Unranked(New),Simple Menswear,888.3510638297872
1247,0.0,Manfinity Homme Men Plus Letter Graphic Tee,300.0,949.0500000000001,12.0,Unranked(New),Simple Menswear,1078.465909090909
1248,0.0,Manfinity Homme Men Plus Letter Graphic Two Tone Tee & Shorts,800.0,1842.05,13.0,Unranked(New),Simple Menswear,2117.2988505747126
1249,0.0,Manfinity Homme Men Striped Print Shirt Without Tee,1400.0,1006.05,6.0,Unranked(New),Simple Menswear,1070.2659574468084
1250,4.0,Manfinity EMRG Men's Solid Color Round Neck Tank Top,4300.0,749.55,6.0,Unranked(New),Simple Menswear,797.3936170212766
1251,0.0,Men's Plus Size Letter Printed Drawstring Waist Fleece Shorts,300.0,958.55,13.0,Unranked(New),Simple Menswear,1101.7816091954023
1252,5.0,Manfinity Homme Men Fashionable Solid Color Mesh Hollow Out Short Sleeve Knit Shirt,200.0,1120.05,6.0,Unranked(New),Simple Menswear,1191.5425531914893
1253,10.0,Manfinity Swimmode Men Vertical Striped Drawstring Waist Swim Trunks,0.0,1167.55,7.0,#6 Best Seller,in Striped Men Swimwear,1255.4301075268818
1254,5.0,Men's Summer Earphone Print Casual Round Neck Sleeveless Tank Top,0.0,340.1,55.0,#9 Best Seller,in Letter Men Tank Tops,755.7777777777778
1255,0.0,"Men's Flame Printed Drawstring Waist Casual Shorts, Versatile",0.0,892.0500000000001,7.0,Unranked(New),Simple Menswear,959.1935483870968
1256,5.0,Manfinity Homme Men Color Block Figure Graphic Shirt & Shorts Without Tee,2600.0,1211.25,33.0,Unranked(New),Simple Menswear,1807.8358208955224
1257,0.0,Men's Plus Size Summer Casual Round Neck Short Sleeve T-Shirt With Slogan Print,100.0,835.05,6.0,Unranked(New),Simple Menswear,888.3510638297872
1258,15.0,Manfinity Homme Men's Color Blocking Short Sleeve T-Shirt,2400.0,633.65,25.0,Unranked(New),Simple Menswear,844.8666666666667
1259,0.0,Manfinity Homme Men Plus Size Pocket Design Spring Summer Casual Short Sleeve T-Shirt And Pocket Design Shorts Set,0.0,2041.55,13.0,#9 Best Seller,in Colorblock Men Plus Size Co-ords,2346.609195402299
1260,6.0,Manfinity Hypemode Men 2pcs Rose Print High Low Hem Tee,0.0,1414.55,13.0,#10 Best Seller,In Floral Men Clothing,1625.9195402298851
1261,4.0,"ROMWE Prep Men's Five-Pointed Star Printed Short-Sleeved Y2k T-Shirt, Suitable For Daily Wear In Spring And Summer",0.0,1034.55,12.0,#7 Best Seller,In Graphic Men Clothing,1175.625
1262,0.0,Men Solid Tee,500.0,688.75,20.0,Unranked(New),Simple Menswear,860.9375
1263,11.0,Manfinity RSRT Loose Fit Solid Color Men's Button-Front Shirt & Shorts Set,0.0,2177.4,8.0,#7 Best Seller,in Woven Fabric Men Co-ords,2366.7391304347825
1264,0.0,Manfinity RSRT Men Tropical Print Ombre Polo Shirt,400.0,1234.05,14.0,Unranked(New),Simple Menswear,1434.9418604651162
1265,7.0,Manfinity Homme Men's Turn-Down Collar Casual Short Sleeve T-Shirt And Shorts 2pcs/Set,400.0,1307.2,49.0,Unranked(New),Simple Menswear,2563.1372549019607
1266,8.0,"Manfinity Men's Casual Solid Color Drop Shoulder T-Shirt & Shorts Set, Summer",2100.0,1867.7,17.0,Unranked(New),Simple Menswear,2250.240963855422
1267,4.0,Manfinity Homme Men Plus Round Neck Green Printed Short Sleeve T-Shirt And Shorts Set,600.0,2070.0499999999997,13.0,Unranked(New),Simple Menswear,2379.3678160919535
1268,4.0,Manfinity Homme Men Button Front Tee,500.0,768.55,12.0,Unranked(New),Simple Menswear,873.3522727272727
1269,9.0,Manfinity Mode Men Slant Pocket Bermuda Shorts,800.0,1310.05,14.0,Unranked(New),Simple Menswear,1523.3139534883721
1270,7.0,Manfinity LEGND Men's Summer American Eagle Printed Round Neck Short Sleeve Casual T-Shirt,0.0,721.05,17.0,#9 Best Seller,in Graphic Men T-Shirts,868.7349397590361
1271,0.0,Manfinity Homme Men's Pocket Jeans,200.0,1349.0,44.0,Unranked(New),Simple Menswear,2408.9285714285716
1272,5.0,Manfinity EMRG Men's Loose Fit Car & Letter Printed T-Shirt And Drawstring Waist Shorts,500.0,1315.75,31.0,Unranked(New),Simple Menswear,1906.8840579710145
1273,0.0,Manfinity Homme Men Striped Print Shirt Without Tee,1400.0,1006.05,6.0,Unranked(New),Simple Menswear,1070.2659574468084
1274,4.0,Manfinity EMRG Men's Solid Color Round Neck Tank Top,4300.0,749.55,6.0,Unranked(New),Simple Menswear,797.3936170212766
1275,5.0,Manfinity Homme Men Fashionable Solid Color Mesh Hollow Out Short Sleeve Knit Shirt,200.0,1120.05,6.0,Unranked(New),Simple Menswear,1191.5425531914893
1276,15.0,Manfinity Men's Lion Printed Round Neck T-Shirt,700.0,612.75,32.0,Unranked(New),Simple Menswear,901.1029411764706
1277,0.0,Men's Summer Plaid & Printed Round Neck Short Sleeve Casual T-Shirt And Shorts Set,40.0,1395.55,7.0,Unranked(New),Simple Menswear,1500.5913978494623
1278,5.0,Manfinity Homme Men'S Shirt & T-Shirt Casual 2pcs/Set Letter Print,900.0,1614.05,13.0,Unranked(New),Simple Menswear,1855.2298850574712
1279,6.0,Manfinity Homme Men's Solid Color Round Neck Short Sleeve T-Shirt And Work Shorts Set,2000.0,1604.55,13.0,Unranked(New),Simple Menswear,1844.3103448275863
1280,0.0,Men Coconut Tree Print Shirt Without Tee,1300.0,996.5500000000001,7.0,Unranked(New),Simple Menswear,1071.5591397849462
1281,9.0,Manfinity Basics Men Woven Drawstring Waistband Shorts With Slanted Pockets For Casual Summer,1100.0,987.0500000000001,14.0,Unranked(New),Simple Menswear,1147.7325581395348
1282,0.0,Manfinity Mode Men Allover Anchor Print Shirt,400.0,802.7499999999999,21.0,Unranked(New),Simple Menswear,1016.139240506329
1283,0.0,Manfinity Modomio Men Cotton Striped Print Drawstring Waist Shorts,2000.0,873.05,12.0,Unranked(New),Simple Menswear,992.1022727272727
1284,6.0,Manfinity Homme Men's Solid Color Simple Versatile Short Sleeve Shirt For Spring And Summer,0.0,1224.55,7.0,#9 Best Seller,in Colorblock Men Shirts,1316.720430107527
1285,0.0,Manfinity Hypemode Men'S Floral And Slogan Printed Drawstring Waist Shorts,0.0,968.05,12.0,#4 Best Seller,in Slogan Men Shorts,1100.0568181818182
1286,4.0,ROMWE Prep Men Letter Striped Drawstring Shorts,0.0,1034.55,12.0,#8 Best Seller,in Striped Men Shorts,1175.625
1287,0.0,Manfinity Basics Men's 4pcs/Set Summer Solid Color Round Neck Short Sleeve T-Shirt,1100.0,2102.35,17.0,Unranked(New),Simple Menswear,2532.9518072289156
1288,0.0,"Manfinity RSRT Men's Plus Size Round Neck Short Sleeve T-Shirt With Plant And Letter Print, Drawstring Pocket Shorts Casual Summer Two-Piece Set",0.0,1785.05,13.0,#8 Best Seller,in Slogan Men Plus Size Co-ords,2051.7816091954023
1289,0.0,Manfinity RSRT Men Tropical Print Tee & Drawstring Waist Shorts,600.0,985.15,45.0,Unranked(New),Simple Menswear,1791.1818181818182
1290,0.0,Forever 21 Men's Knitted Muscle Vest With Contrast Rib In White,40.0,730.5500000000001,7.0,Unranked(New),Simple Menswear,785.5376344086021
1291,0.0,Men'S Half-Zip Short Sleeve Casual T-Shirt And Shorts Set,200.0,1357.55,12.0,Unranked(New),Simple Menswear,1542.6704545454545
1292,0.0,Men's Short Sleeve T-Shirt With Letter Print,100.0,483.55,40.0,Unranked(New),Simple Menswear,805.9166666666666
1293,7.0,Manfinity Men's Elastic Waist Joggers With Drawstring,700.0,615.6,57.0,Unranked(New),Simple Menswear,1431.6279069767443
1294,0.0,Manfinity Swimmode Men American Flag Print Drawstring Waist Swim Trunks,0.0,1101.05,6.0,#1 Best Seller,in Fabric Men Swimwear,1171.3297872340424
1295,0.0,"Manfinity VCAY Men's Fashion Clothes, Summer Lightweight Breathable Beach Surfing Plant/Floral/USA Theme Knitted Casual Printed T-Shirt For Independence Day 4th Of July Holiday",100.0,949.0500000000001,13.0,Unranked(New),Simple Menswear,1090.8620689655172
1296,0.0,"Men's Quick Dry Sports Shorts For Summer Fitness, Basketball, And Running",0.0,873.05,7.0,#8 Best Seller,In Zipper Men Clothing,938.763440860215
1297,4.0,Manfinity Homme Men Plus Slogan Graphic Tee,500.0,882.55,12.0,Unranked(New),Simple Menswear,1002.8977272727273
1298,7.0,Manfinity Homme Men Slant Pocket Drawstring Waist Pants,300.0,1281.55,6.0,Unranked(New),Simple Menswear,1363.3510638297873
1299,4.0,Manfinity Homme Men Solid Waffle Knit Polo Shirt,2400.0,1019.35,17.0,Unranked(New),Simple Menswear,1228.132530120482
1300,0.0,Plus Size Men's Spring/Summer Casual Sports Style Baggy Cargo Shorts With Two Side Stripes And Large Pockets,0.0,1082.05,7.0,#6 Best Seller,in Street Men Plus Size Shorts,1163.494623655914
1301,0.0,Men's Summer Casual Round Neck Short Sleeve T-Shirt With Letter & Car Print,200.0,825.55,13.0,Unranked(New),Simple Menswear,948.9080459770115
1302,5.0,Manfinity Homme Men Colorblock Tee,1600.0,711.5500000000001,12.0,Unranked(New),Simple Menswear,808.5795454545455
1303,7.0,Manfinity Homme Men T-Shirts Fit Crew Neck Short Sleeve Basic Tee Casual Summer Polyester,0.0,958.55,13.0,#3 Best Seller,in Pocket Men T-Shirts,1101.7816091954023
1304,0.0,Manfinity Homme Men's Summer Solid Color Short-Sleeved Casual Daily Commute Shirt,300.0,1034.55,6.0,Unranked(New),Simple Menswear,1100.5851063829787
1305,0.0,Manfinity EMRG Men Color Block & Letter Graphic Polo Shirt,400.0,825.55,13.0,Unranked(New),Simple Menswear,948.9080459770115
1306,0.0,Manfinity Homme Men Sculpture & Floral Print Tee,1200.0,740.05,12.0,Unranked(New),Simple Menswear,840.9659090909091
1307,0.0,Manfinity LEGND Men Flag Print Tee,2200.0,529.15,41.0,Unranked(New),Simple Menswear,896.8644067796611
1308,0.0,Manfinity UrbanChill Men Cartoon And Letter Print Loose Casual T-Shirt And Drawstring Waist Shorts Set For Summer,700.0,1471.55,13.0,Unranked(New),Simple Menswear,1691.4367816091954
1309,4.0,Manfinity Homme Men Crown & Letter Graphic Tee,1300.0,582.35,39.0,Unranked(New),Simple Menswear,954.672131147541
1310,0.0,Men's Summer Casual Commute Short Sleeve T-Shirt With Slogan & Smile Face Print,10.0,768.55,6.0,Unranked(New),Simple Menswear,817.6063829787234
1311,0.0,"Manfinity Homme Men's Striped Round Neck Short Sleeve T-Shirt, Summer Casual",200.0,835.05,12.0,Unranked(New),Simple Menswear,948.9204545454545
1312,0.0,Manfinity RSRT Men's Holiday Casual Turn-Down Collar Cotton & Linen Shirt Set,300.0,2184.0499999999997,7.0,Unranked(New),Simple Menswear,2348.4408602150534
1313,0.0,Manfinity Chillmode Men Drawstring Waist Flamingo Print Shorts Baggy Board Cool Graphic Colorful Vacation Beach,1400.0,843.6,22.0,Unranked(New),Simple Menswear,1081.5384615384614
1314,11.0,Manfinity Homme Men Gradient Coconut Tree Print Crew Neck Short Sleeve Casual T-Shirt For Summer,0.0,402.8,56.0,#10 Best Seller,in Yellow Men T-Shirts,915.4545454545455
1315,0.0,Manfinity LEGND Men Cotton Slant Pocket Ripped Jeans,900.0,1215.05,44.0,Unranked(New),Simple Menswear,2169.7321428571427
1316,0.0,Men Ripped Frayed Raw Hem Denim Shorts,0.0,1519.05,6.0,#8 Best Seller,in Plain Men Denim Shorts,1616.0106382978724
1317,8.0,Manfinity Hypemode Men Letter Patched Detail Drawstring Waist Shorts,800.0,1025.05,14.0,Unranked(New),Simple Menswear,1191.9186046511627
1318,6.0,Manfinity Homme Men's Slogan Printed T-Shirt And Shorts Set,0.0,1405.05,12.0,#2 Best Seller,in Polyester Men Co-ords,1596.6477272727273
1319,5.0,Manfinity Homme Men's Solid Color Summer Casual Short Sleeve Polo Shirt,500.0,1148.55,14.0,Unranked(New),Simple Menswear,1335.5232558139535
1320,6.0,Manfinity Homme Men Funny Astronaut Printed Short Sleeve Summer T-Shirt,500.0,740.05,12.0,Unranked(New),Simple Menswear,840.9659090909091
1321,6.0,Manfinity EMRG Loose Fit Men's Drop Shoulder Cross Pattern T-Shirt,2300.0,1015.55,12.0,Unranked(New),Simple Menswear,1154.034090909091
1322,0.0,Manfinity LEGND Men Contrast Color Short Sleeve Button Up Shirt And Shorts Set With Pockets,0.0,1652.05,6.0,#3 Best Seller,in Geometric Men Co-ords,1757.5
1323,4.0,Manfinity Homme Men Ombre Button Up Shirt,400.0,688.75,40.0,Unranked(New),Simple Menswear,1147.9166666666667
1324,0.0,Manfinity Homme Men's Plus Size Textured Alphabet Print T-Shirt And Shorts Set,0.0,2222.05,13.0,#6 Best Seller,in Patched Men Plus Size Co-ords,2554.0804597701153
1325,7.0,Manfinity Homme Men's Single-Breasted Solid Color Long Sleeve Shirt And Pants Set,0.0,2288.55,7.0,#4 Best Seller,in Long Sleeve Men Shirt Co-ords,2460.8064516129034
1326,4.0,Men Simple Solid Color Casual Long Sleeve Shirt,400.0,1196.05,11.0,Unranked(New),Simple Menswear,1343.876404494382
1327,4.0,"Men's Summer Color Block Short Sleeve T-shirt And Shorts Set, Casual Pocket Drawstring Elastic Waistband Sports Outfit, 2pcs",0.0,1424.05,7.0,#10 Best Seller,in Colorblock Men T-Shirt Co-ords,1531.236559139785
1328,5.0,Manfinity Swimmode Men Striped Print Ombre Drawstring Waist Swim Trunks,0.0,911.05,11.0,#6 Best Seller,in Blue Men Beach Shorts,1023.6516853932584
1329,8.0,Manfinity Homme Men Colorblock Raglan Sleeve Patched Detail Tee,2000.0,797.0500000000001,13.0,Unranked(New),Simple Menswear,916.1494252873563
1330,4.0,"Men 4-Piece Set Sports & Casual Dark Matte Color Long Pants With Drawstring Waist And Elastic Cuff, Ideal For Outdoor Running In Spring And Autumn",100.0,4245.55,7.0,Unranked(New),Simple Menswear,4565.10752688172
1331,7.0,"Manfinity LEGND Loose-Fit Men's Cargo Shorts With Flap Pockets, Side Drawstring Waist",1100.0,1186.55,14.0,Unranked(New),Simple Menswear,1379.7093023255813
1332,0.0,Manfinity Homme Men Cotton Tropical Print Polo Shirt,0.0,949.0500000000001,13.0,#9 Best Seller,in Tropical Men Polo Shirts,1090.8620689655172
1333,8.0,Manfinity Homme Men's Loose Fit Solid Color Lapel Neck Shirt & Pants Set,2800.0,1899.05,7.0,Unranked(New),Simple Menswear,2041.989247311828
1334,6.0,Men Star Print Tee,2100.0,835.05,6.0,Unranked(New),Simple Menswear,888.3510638297872
1335,6.0,"Ultra Performance Mens 5 Pack Athletic Running Shorts, Basketball Gym Workout Shorts For Men With Zippered Pockets",700.0,3799.05,0.0,Unranked(New),Simple Menswear,3799.05
1336,0.0,FeverCity Men'S Knitted Casual Mesh Tank Top And Shorts Set,400.0,1899.05,7.0,Unranked(New),Simple Menswear,2041.989247311828
1337,9.0,Manfinity StreetEZ Men's Print Knit Casual T-Shirt,1300.0,987.0500000000001,12.0,Unranked(New),Simple Menswear,1121.6477272727273
1338,0.0,Manfinity EMRG Men's Letter And Bear Print Round Neck Short Sleeve T-Shirt,100.0,854.0500000000001,12.0,Unranked(New),Simple Menswear,970.5113636363636
1339,11.0,Manfinity Homme Loose Men's Drawstring Waist Jogger Shorts,0.0,1215.05,14.0,#7 Best Sellers,in Men Linen Shorts,1412.8488372093022
1340,4.0,Manfinity Homme Men's Patchwork Plaid Knitted Polo Shirt And Woven Shorts Set,0.0,1766.05,7.0,#8 Best Seller,In Plaid Men Clothing,1898.978494623656
1341,0.0,Manfinity RSRT Men Random Tropical Print Shirt & Shorts Without Tee,800.0,1365.1499999999999,27.0,Unranked(New),Simple Menswear,1870.0684931506848
1342,4.0,Men's Straight-Leg Casual Pants With Pockets,0.0,1671.05,6.0,#4 Best Seller,in Khaki Men Pants,1777.712765957447
1343,0.0,Men's Summer USA Flag Printed Round Neck Short Sleeve Casual T-Shirt,200.0,778.05,13.0,Unranked(New),Simple Menswear,894.3103448275862
1344,0.0,Manfinity RSRT Men's Plus Size Tropical Plant Printed Casual Short Sleeve Shirt For Vacation,0.0,1262.55,6.0,#6 Best Seller,in Orange Men Plus Size Clothing,1343.1382978723404
1345,0.0,Manfinity Homme Men's Plus Size Summer Casual Plain Short Sleeve T-Shirt And Shorts Set,50.0,2136.5499999999997,13.0,Unranked(New),Simple Menswear,2455.8045977011493
1346,0.0,ROMWE Grunge Punk Men's Summer Fashionable Short Sleeve T-Shirt With Punk Elements Print,700.0,1034.55,14.0,Unranked(New),Simple Menswear,1202.9651162790697
1347,9.0,Manfinity Homme Men Single Striped Trim Polo Shirt,400.0,1034.55,13.0,Unranked(New),Simple Menswear,1189.1379310344828
1348,6.0,Manfinity Homme Men Drawstring Waist Slant Pocket Shorts,1500.0,1148.55,14.0,Unranked(New),Simple Menswear,1335.5232558139535
1349,0.0,"2pcs Men's Casual Sportswear Elastic Waist Drawstring Solid Color Cargo Pants, Camping, Traveling, Holiday",0.0,1819.2499999999998,33.0,#8 Best Seller,in Plain Men Sweatpants,2715.2985074626863
1350,0.0,Men Spring/Summer Casual Color Block Striped Short Sleeve Knitwear,0.0,1215.05,13.0,#2 Best Seller,in Pocket Men Knitwear,1396.6091954022988
1351,0.0,Men Simple Printed Round Neck Summer Short Sleeve T-Shirt,1300.0,683.0500000000001,12.0,Unranked(New),Simple Menswear,776.1931818181819
1352,12.0,Manfinity Basics Men Solid Color Casual Short Sleeve T-Shirt For Summer,200.0,1254.95,41.0,Unranked(New),Simple Menswear,2127.0338983050847
1353,0.0,Manfinity Homme Men's Slim Fit Knitted Sweater And Woven Shorts Set,100.0,1310.05,13.0,Unranked(New),Simple Menswear,1505.8045977011495
1354,6.0,Manfinity Homme Men's Solid Loose Tee & Drawstring Waist Shorts,0.0,1651.1,17.0,#7 Best Seller,in Khaki Men T-Shirt Co-ords,1989.2771084337348
1355,12.0,Manfinity Mode Loose Fit Men's Solid Color Button-Up Shirt,1200.0,1262.55,6.0,Unranked(New),Simple Menswear,1343.1382978723404
1356,6.0,Manfinity Homme Men Plus Size Woven Casual Short Sleeve Shirt For Summer Leisure,0.0,848.35,41.0,#1 Best Seller,in Purple Men Plus Size Clothing,1437.8813559322034
1357,0.0,Men's Letter Print Short Sleeve T-Shirt,400.0,715.35,16.0,Unranked(New),Simple Menswear,851.6071428571429
1358,0.0,"Manfinity Homme Men's Casual Round Neck Short Sleeve T-Shirt With Letter Print, Summer",30.0,569.0500000000001,10.0,Unranked(New),Simple Menswear,632.2777777777778
1359,7.0,Manfinity Hypemode Men T-Shirts Fit V Neck Short Sleeve Henley Casual Urban Summer Knit Top,200.0,695.4,34.0,Unranked(New),Simple Menswear,1053.6363636363637
1360,0.0,SHEIN Manfinity Homme Men's Round Neck Long Sleeve T-Shirt With Letter Print,100.0,394.25000000000006,61.0,Unranked(New),Simple Menswear,1010.8974358974361
1361,0.0,Manfinity Homme Men Random Colorful Striped Shirt & Drawstring Waist Shorts Without Tee,1300.0,1114.3500000000001,37.0,Unranked(New),Simple Menswear,1768.809523809524
1362,0.0,Manfinity Modomio Men Woven Vertical Striped Casual Shorts For Summer,100.0,930.05,14.0,Unranked(New),Simple Menswear,1081.453488372093
1363,10.0,Manfinity Basics Men Solid Waffle Knit Polo Shirt,500.0,911.05,13.0,Unranked(New),Simple Menswear,1047.183908045977
1364,0.0,Manfinity LEGND Men's Nautical Ship Print Round Neck Short Sleeve T-Shirt,1400.0,403.75,53.0,Unranked(New),Simple Menswear,859.0425531914893
1365,0.0,Round Neck Rabbit Printed Short Sleeve T-Shirt,3200.0,730.5500000000001,6.0,Unranked(New),Simple Menswear,777.1808510638298
1366,0.0,Men's Solid Color Simple Casual Pants For Everyday Wear,10.0,1927.55,6.0,Unranked(New),Simple Menswear,2050.5851063829787
1367,4.0,Men Fashion Solid Color Sleeveless Tank Top,0.0,308.75,58.0,#4 Best Seller,in Pocket Men Tank Tops,735.1190476190476
1368,0.0,Manfinity Homme Men's Solid-Colored Simple Shirt And Shorts Set,0.0,1731.8500000000001,11.0,#2 Best Seller,in Khaki Men Shirt Co-ords,1945.8988764044943
1369,12.0,"Manfinity Hypemode Loose Fit Men's Cargo Pants With Flap Pockets, Side Drawstring Waist",4600.0,1964.6,8.0,Unranked(New),Simple Menswear,2135.4347826086955
1370,5.0,Manfinity Mode Men Summer Striped Short Sleeve Casual Commuting Polo Shirt,1600.0,1009.85,17.0,Unranked(New),Simple Menswear,1216.686746987952
1371,7.0,Manfinity Swimmode Men Hawaiian Style Coconut Tree Printed Swimming Trunks (Tailored Fit),400.0,646.9499999999999,42.0,Unranked(New),Simple Menswear,1115.4310344827586
1372,4.0,Manfinity Mode Men's Solid Color Single Button Long Sleeve Suit Jacket And Pants Suit Set,0.0,3542.5499999999997,13.0,#1 Best Seller,in Woven Fabric Men Suits,4071.896551724138
1373,5.0,"3D Digital Print Breathable And Soft Casual Hawaiian Beach Vacation Casual Men's Shorts For Daily Wear, Summer",0.0,854.0500000000001,6.0,#4 Best Seller,in Green Men Plus Size Swimwear,908.563829787234
1374,4.0,ROMWE Goth Men Cotton Solid Skinny Jeans,2900.0,1273.95,47.0,Unranked(New),Simple Menswear,2403.6792452830186
1375,6.0,Manfinity Basics Men Solid Drawstring Waist Sweatpants,700.0,852.1500000000001,42.0,Unranked(New),Simple Menswear,1469.2241379310346
1376,10.0,Manfinity Homme Men's Short Sleeve Ribbed Knit Polo Shirt,1000.0,1091.55,14.0,Unranked(New),Simple Menswear,1269.2441860465117
1377,0.0,Manfinity Hypemode Loose Fit Men's Sweatpants With Flap Pockets And Drawstring Waistband Straight Leg Long Cargo Plain Light Grey Going Out Casual,800.0,1652.05,7.0,Unranked(New),Simple Menswear,1776.3978494623657
1378,0.0,Manfinity Homme Men's Color Block Simple Casual Shorts Daily Wear Basketball Letter Gym,200.0,930.05,13.0,Unranked(New),Simple Menswear,1069.0229885057472
1379,0.0,Men Flag Print Tee,0.0,825.55,14.0,#3 Best Seller,in Black Men T-Shirts,959.9418604651163
1380,7.0,Manfinity Men Cartoon & Slogan Graphic Tee,400.0,660.25,22.0,Unranked(New),Simple Menswear,846.474358974359
1381,5.0,Manfinity Homme Men's Plus Size Solid Color Simple Style Casual Shorts,0.0,1281.55,13.0,#3 Best Seller,in Blue Men Plus Size Bottoms,1473.0459770114942
1382,6.0,Manfinity Homme Men Solid Slant Pocket Shorts,800.0,1262.55,15.0,Unranked(New),Simple Menswear,1485.3529411764705
1383,0.0,Manfinity Homme Men Casual Patch Detail Cargo Shorts For Summer,300.0,1082.05,14.0,Unranked(New),Simple Menswear,1258.1976744186047
1384,0.0,"Manfinity EMRG Men's Solid Color Cargo Shorts With Pockets And Drawstring, Casual Fit Casual Style",80.0,968.05,13.0,Unranked(New),Simple Menswear,1112.7011494252874
1385,4.0,Manfinity RSRT Men's Leaf Printed Casual Vacation Short Sleeve Shirt And Shorts Set,0.0,1899.05,7.0,#2 Best Seller,in Blue Men Plus Size Co-ords,2041.989247311828
1386,0.0,Manfinity Men's Random Printed Simple Style Casual Beach Shorts,200.0,1234.05,6.0,Unranked(New),Simple Menswear,1312.8191489361702
1387,4.0,Manfinity Homme Men Solid Color Simple Daily Casual Shorts,300.0,1462.05,13.0,Unranked(New),Simple Menswear,1680.5172413793102
1388,5.0,ROMWE Street Life Men Letter Graphic Drop Shoulder Tee,2700.0,1443.05,14.0,Unranked(New),Simple Menswear,1677.9651162790697
1389,0.0,Manfinity RSRT Men's Plus Size Striped Printed Shirt And Plain Shorts Two Piece Set,0.0,1908.55,7.0,#8 Best Seller,in Casual Men Plus Size Shirt Co-ords,2052.2043010752686
1390,0.0,Manfinity Basics Men 3pcs Solid Raglan Sleeve Tee,0.0,1908.55,12.0,#9 Best Seller,in Long Sleeve Men T-Shirts,2168.806818181818
1391,0.0,ROMWE Prep Men Street Style Drawstring Waistband Letter And Camouflage Print Shorts For Summer,0.0,1148.55,13.0,#9 Best Sellers,in Back to school clothes,1320.1724137931035
1392,0.0,Manfinity LEGND Men's Plus Size Floral And Slogan Printed T-Shirt,900.0,873.05,12.0,Unranked(New),Simple Menswear,992.1022727272727
1393,0.0,Men Floral Print Shirt Without Tee,0.0,987.0500000000001,7.0,#2 Best Seller,in Figure Men Shirts,1061.3440860215053
1394,7.0,Men's Plant Print Vacation Style Short Sleeve Button-Down Shirt,300.0,1072.55,7.0,Unranked(New),Simple Menswear,1153.279569892473
1395,4.0,Manfinity Homme Men's Plus Size Solid Color Shirt And Shorts Set,1000.0,1991.2,16.0,Unranked(New),Simple Menswear,2370.4761904761904
1396,6.0,Manfinity Homme Men's Solid Color Turn-Down Collar Short Sleeve Shirt With Front Button Closure,800.0,1310.05,7.0,Unranked(New),Simple Menswear,1408.6559139784947
1397,0.0,"Summer New Polyester Digital Printed Anti-Embarrassment Quick-Drying Plus Size Boxer Swim Trunks, Suitable For Hot Springs. Men's Beach Shorts, Swimming Trunks With Milk Silk Lining",100.0,1158.05,6.0,Unranked(New),Simple Menswear,1231.968085106383
1398,5.0,Men's Solid Color Drawstring Waist Joggers With Slant Pockets,800.0,702.05,45.0,Unranked(New),Simple Menswear,1276.4545454545455
1399,0.0,Manfinity Basics Men's 3pcs/Set Solid Color Round Neck Casual Tank Top,400.0,1414.55,7.0,Unranked(New),Simple Menswear,1521.021505376344
1400,4.0,Manfinity Homme Men's Color Block Patch Detail Polo Shirt,0.0,1072.55,14.0,#9 Best Seller,in Pocket Men Polo Shirts,1247.1511627906978
1401,8.0,Manfinity Swimmode Men Drawstring Waist Slant Pocket Swim Trunks,0.0,811.3,12.0,#2 Best Seller,in Black Men Beach Shorts,921.9318181818181
1402,7.0,Men's Cat Print Japanese Words Pullover Sweatshirt,1000.0,911.05,19.0,Unranked(New),Simple Menswear,1124.7530864197531
1403,0.0,Men's Letter Print Pullover Sweatshirt,300.0,717.25,39.0,Unranked(New),Simple Menswear,1175.8196721311476
1404,11.0,Manfinity Homme Men's Solid Short-Sleeved Polo Shirt,0.0,949.0500000000001,15.0,#3 Best Seller,in Khaki Men Polo Shirts,1116.5294117647059
1405,5.0,Manfinity Homme Men Plus Letter Graphic Drop Shoulder Tee & Shorts,200.0,1946.55,13.0,Unranked(New),Simple Menswear,2237.4137931034484
1406,8.0,Manfinity Hypemode Men Mountain Print Tee,1900.0,783.75,17.0,Unranked(New),Simple Menswear,944.277108433735
1407,0.0,Rick and Morty X SHEIN Men Cartoon And Letter Graphic Drop Shoulder Tee,500.0,1044.05,14.0,Unranked(New),Simple Menswear,1214.0116279069769
1408,0.0,Manfinity Hypemode Plus Size Men Skinny Denim Shorts With Ripped Details And Pockets Jorts Plain All White Work Basic,0.0,2159.35,8.0,#5 Best Sellers,in Men Plus Size Denim,2347.1195652173915
1409,0.0,Manfinity CozeMod 2pcs/Set Men Plus Size Short Sleeve T-Shirt Set,0.0,1661.55,13.0,#4 Best Seller,in Street Men Plus Size T-Shirt Co-ords,1909.8275862068965
1410,0.0,Manfinity RSRT Men Solid Button Up Shirt & Shorts,0.0,2290.45,26.0,#10 Best Seller,in Khaki Men Shirt Co-ords,3095.2027027027025
1411,0.0,Manfinity RSRT Men's Summer Colorblocking Stripe Shirt And Solid Color Shorts Set,700.0,1823.0500000000002,7.0,Unranked(New),Simple Menswear,1960.2688172043013
1412,4.0,Manfinity RSRT Men's Knitted Coconut Tree Pattern Print Short Sleeve Round Neck T-Shirt And Drawstring Waist Shorts Set For Casual Wear,800.0,1272.05,18.0,Unranked(New),Simple Menswear,1551.280487804878
1413,11.0,Manfinity Homme Men Striped Trim Polo Shirt,200.0,635.5500000000001,44.0,Unranked(New),Simple Menswear,1134.9107142857144
1414,0.0,Men Plus Slogan Graphic Tee,500.0,787.55,7.0,Unranked(New),Simple Menswear,846.8279569892474
1415,4.0,Men's Plaid Notched Lapel Long Sleeve Casual Blazer,0.0,2811.05,13.0,#8 Best Sellers,in Men Blazers,3231.0919540229884
1416,4.0,Manfinity Homme Men Summer Cartoon Animal Printed Short Sleeve Casual Daily Polo Shirt For Work Commutes,300.0,1053.55,13.0,Unranked(New),Simple Menswear,1210.9770114942528
1417,0.0,Manfinity Solid Color Men's Lapel Single Breasted Suit Jacket,200.0,1547.55,13.0,Unranked(New),Simple Menswear,1778.7931034482758
1418,0.0,Manfinity Homme Men's Plus Size Summer Striped Printed Round Neck Short Sleeve Casual T-Shirt And Drawstring Waist Shorts Set,30.0,2241.05,13.0,Unranked(New),Simple Menswear,2575.9195402298856
1419,0.0,Manfinity Homme Men Knitted Casual Short Sleeve T-Shirt Set,800.0,1329.05,14.0,Unranked(New),Simple Menswear,1545.406976744186
1420,10.0,Manfinity Homme Men Solid Ribbed Knit Button Front Shirt,1400.0,1272.05,6.0,Unranked(New),Simple Menswear,1353.2446808510638
1421,9.0,Men Striped Print Shirt,0.0,911.05,6.0,#2 Best Seller,in Yellow Men Shirts,969.2021276595744
1422,0.0,Manfinity Men Cotton Ripped Frayed Roll Hem Denim Shorts,800.0,1519.05,6.0,Unranked(New),Simple Menswear,1616.0106382978724
1423,9.0,Manfinity Swimmode Men Coconut Tree Print Drawstring Waist Swim Trunks,1500.0,1101.05,6.0,Unranked(New),Simple Menswear,1171.3297872340424
1424,0.0,Manfinity Hypemode Loose Fit Men's Letter Patch Decor Flap Pocket Cargo Pants,100.0,1462.05,7.0,Unranked(New),Simple Menswear,1572.0967741935483
1425,6.0,Manfinity Homme Men Plus Size Fashionable Solid Color Short-Sleeve Top And Shorts Two Piece Set With Twisted Knit Pattern,0.0,2247.7,15.0,#9 Best Seller,in Plain Men Plus Size T-Shirt Co-ords,2644.3529411764703
1426,0.0,Men's Plus Size Mountain And Letter Print Short Sleeve T-Shirt,0.0,882.55,7.0,#3 Best Seller,in Graphic Men Plus Size Tops,948.9784946236559
1427,0.0,Manfinity Hypemode Men Random Geo Print Shirt Without Tee,700.0,1110.55,7.0,Unranked(New),Simple Menswear,1194.1397849462367
1428,9.0,"ROMWE Street Life Men's Holiday Printed Woven Shorts, Suitable For Daily Wear During Spring And Summer",300.0,535.8,43.0,Unranked(New),Simple Menswear,939.9999999999999
1429,0.0,Manfinity ResortEase Men Plus Plant Printed T-Shirt And Solid Color Shorts Set,200.0,1671.05,13.0,Unranked(New),Simple Menswear,1920.7471264367816
1430,0.0,Men Summer Slim Fit Solid Color Tank Top With Stand Neck,0.0,740.05,6.0,#7 Best Seller,in Plain Men Tank Tops,787.2872340425532
1431,4.0,Manfinity Mode Men's White Casual Shorts With Pockets Dress Holographic Plain Work,700.0,1462.05,13.0,Unranked(New),Simple Menswear,1680.5172413793102
1432,9.0,Manfinity Homme Men Floral Jacquard Shirt,1300.0,1129.55,6.0,Unranked(New),Simple Menswear,1201.6489361702127
1433,0.0,Men Playing Card Print Tee,500.0,638.4,21.0,Unranked(New),Simple Menswear,808.1012658227849
1434,0.0,SHEIN X Care Bears Men's Summer Cartoon Dreamy Fun Dopamine Rainbow Care Bear Pattern Casual Loose Short-Sleeved T-Shirt,100.0,968.05,14.0,Unranked(New),Simple Menswear,1125.639534883721
1435,9.0,Manfinity Swimmode Men Drawstring Waist Slant Pocket Swim Trunks,0.0,973.75,12.0,#9 Best Seller,in Pocket Men Swimwear,1106.534090909091
1436,4.0,Manfinity Swimmode Men 2 In 1 Drawstring Waist Swim Trunks,0.0,1199.8500000000001,11.0,#2 Best Seller,in Khaki Men Beach Shorts,1348.1460674157306
1437,0.0,Manfinity Basics Men's 3pcs Solid Color Round Neck Casual Tank Top,300.0,1557.05,7.0,Unranked(New),Simple Menswear,1674.247311827957
1438,0.0,Manfinity Homme Men Cotton Bleach Wash Straight Leg Jeans,600.0,2079.55,12.0,Unranked(New),Simple Menswear,2363.1250000000005
1439,6.0,"Manfinity RSRT Men's Floral Printed Short Sleeve Shirt, Perfect For Summer And Beach",4000.0,987.0500000000001,6.0,Unranked(New),Simple Menswear,1050.0531914893618
1440,0.0,Manfinity Homme Men's Colorblock Striped Casual Tank Top,100.0,711.5500000000001,6.0,Unranked(New),Simple Menswear,756.968085106383
1441,0.0,Manfinity Homme Men's Plus Size Letter Printed Round Neck Short Sleeve T-Shirt And Drawstring Shorts Set,0.0,1984.55,13.0,#6 Best Seller,in Striped Men Plus Size T-Shirt Co-ords,2281.0919540229884
1442,5.0,Men Paisley Scarf Print Drawstring Waist Swim Trunks,0.0,778.05,7.0,#1 Best Seller,in Woven Fabric Men Beach Shorts,836.6129032258065
1443,0.0,Manfinity Men's Slim Fit Casual Cartoon Print Long Sleeve Surfing T-Shirt With Heat Transfer Pattern,0.0,844.5500000000001,6.0,#6 Best Seller,in White Men Swimwear,898.4574468085107
1444,6.0,Manfinity Homme Men Solid Button Up Shirt,4500.0,1019.35,11.0,Unranked(New),Simple Menswear,1145.3370786516855
1445,0.0,Manfinity ResortEase Men's Plus Size Summer Casual Vacation Button-Front Short Sleeve Shirt,0.0,1946.55,7.0,#10 Best Seller,in Fabric Men Plus Size Shirts,2093.064516129032
1446,4.0,Manfinity Homme Men's Fashionable 3D Textured Casual Shirt Set,0.0,2227.75,8.0,#5 Best Seller,in Loose Men Co-ords,2421.467391304348
1447,0.0,Manfinity LEGND Men's Plus Size Fashionable Tiger Printed T-Shirt Set,600.0,1899.05,14.0,Unranked(New),Simple Menswear,2208.1976744186045
1448,4.0,Manfinity LEGND Men Plus Flap Pocket Side Drawstring Waist Cargo Shorts,1600.0,1376.55,14.0,Unranked(New),Simple Menswear,1600.639534883721
1449,0.0,Manfinity EMRG Men Figure & Letter Graphic Tee,4400.0,513.95,40.0,Unranked(New),Simple Menswear,856.5833333333335
1450,8.0,Manfinity Mode Men's Plain And Simple Daily Polo Shirt,200.0,1034.55,13.0,Unranked(New),Simple Menswear,1189.1379310344828
1451,0.0,Manfinity RSRT Men's Summer Vacation Floral Print Short Sleeve Casual Shirt,100.0,1091.55,7.0,Unranked(New),Simple Menswear,1173.7096774193549
1452,0.0,Manfinity Homme Loose Fit Men's Half Button Shirt & Pants,1700.0,1983.6,8.0,Unranked(New),Simple Menswear,2156.086956521739
1453,0.0,Manfinity Mode Men Zipper Fly Pocket Shorts,400.0,1139.05,14.0,Unranked(New),Simple Menswear,1324.4767441860465
1454,0.0,Manfinity EMRG Men's Fitted Street-Style Fun Bear Print T-Shirt And Shorts Set,300.0,1338.55,13.0,Unranked(New),Simple Menswear,1538.5632183908046
1455,0.0,"Manfinity LEGND Men's American Flag Printed Round Neck Casual Tank Top, Summer",700.0,757.15,12.0,Unranked(New),Simple Menswear,860.3977272727273
1456,0.0,Manfinity Homme Men Fashionable Solid Color Loose Fit Casual Pants For Any Occasion,10.0,766.65,61.0,Unranked(New),Simple Menswear,1965.7692307692307
1457,0.0,Forever 21 Men's 90s Loose Cargo Denim Shorts,90.0,1889.55,13.0,Unranked(New),Simple Menswear,2171.896551724138
1458,0.0,Manfinity Homme Plus Size Men Summer Fashion Three-Color Splice T-Shirt Set,700.0,2079.55,12.0,Unranked(New),Simple Menswear,2363.1250000000005
1459,6.0,Manfinity Hypemode Men Holiday Loose Weave Casual Shorts With Paisley Print And Drawstring Waist,900.0,939.5500000000001,12.0,Unranked(New),Simple Menswear,1067.6704545454545
1460,11.0,Manfinity Homme Men's Solid Short-Sleeved Polo Shirt,0.0,949.0500000000001,15.0,#3 Best Seller,in Khaki Men Polo Shirts,1116.5294117647059
1461,5.0,Manfinity Homme Men Plus Letter Graphic Drop Shoulder Tee & Shorts,200.0,1946.55,13.0,Unranked(New),Simple Menswear,2237.4137931034484
1462,8.0,Manfinity Hypemode Men Mountain Print Tee,1900.0,783.75,17.0,Unranked(New),Simple Menswear,944.277108433735
1463,0.0,Rick and Morty X SHEIN Men Cartoon And Letter Graphic Drop Shoulder Tee,500.0,1044.05,14.0,Unranked(New),Simple Menswear,1214.0116279069769
1464,0.0,Manfinity Hypemode Plus Size Men Skinny Denim Shorts With Ripped Details And Pockets Jorts Plain All White Work Basic,0.0,2159.35,8.0,#5 Best Sellers,in Men Plus Size Denim,2347.1195652173915
1465,0.0,Manfinity CozeMod 2pcs/Set Men Plus Size Short Sleeve T-Shirt Set,0.0,1661.55,13.0,#4 Best Seller,in Street Men Plus Size T-Shirt Co-ords,1909.8275862068965
1466,0.0,Manfinity RSRT Men Solid Button Up Shirt & Shorts,0.0,2290.45,26.0,#10 Best Seller,in Khaki Men Shirt Co-ords,3095.2027027027025
1467,0.0,Manfinity RSRT Men's Summer Colorblocking Stripe Shirt And Solid Color Shorts Set,700.0,1823.0500000000002,7.0,Unranked(New),Simple Menswear,1960.2688172043013
1468,4.0,Manfinity RSRT Men's Knitted Coconut Tree Pattern Print Short Sleeve Round Neck T-Shirt And Drawstring Waist Shorts Set For Casual Wear,800.0,1272.05,18.0,Unranked(New),Simple Menswear,1551.280487804878
1469,11.0,Manfinity Homme Men Striped Trim Polo Shirt,200.0,635.5500000000001,44.0,Unranked(New),Simple Menswear,1134.9107142857144
1470,0.0,Manfinity Solid Color Men's Lapel Single Breasted Suit Jacket,0.0,1547.55,13.0,#4 Best Seller,in Woven Fabric Men Blazers,1778.7931034482758
1471,0.0,Manfinity Homme Men's Plus Size Summer Striped Printed Round Neck Short Sleeve Casual T-Shirt And Drawstring Waist Shorts Set,0.0,2241.05,13.0,#7 Best Seller,in Green Men Plus Size Co-ords,2575.9195402298856
1472,0.0,Men Summer Slim Fit Solid Color Tank Top With Stand Neck,1000.0,740.05,6.0,Unranked(New),Simple Menswear,787.2872340425532
1473,0.0,Manfinity Men's Slim Fit Casual Cartoon Print Long Sleeve Surfing T-Shirt With Heat Transfer Pattern,1000.0,844.5500000000001,6.0,Unranked(New),Simple Menswear,898.4574468085107
1474,6.0,Manfinity Homme Men Solid Button Up Shirt,4500.0,1019.35,11.0,Unranked(New),Simple Menswear,1145.3370786516855
1475,0.0,Manfinity LEGND Men's Plus Size Fashionable Tiger Printed T-Shirt Set,0.0,1899.05,14.0,#1 Best Seller,in Animal Men Plus Size T-Shirt Co-ords,2208.1976744186045
1476,4.0,Manfinity LEGND Men Plus Flap Pocket Side Drawstring Waist Cargo Shorts,0.0,1376.55,14.0,#2 Best Seller,in Pocket Men Plus Size Shorts,1600.639534883721
1477,0.0,Manfinity EMRG Men Figure & Letter Graphic Tee,0.0,513.95,40.0,#7 Best Seller,in Figure Men T-Shirts,856.5833333333335
1478,8.0,Manfinity Mode Men's Plain And Simple Daily Polo Shirt,200.0,1034.55,13.0,Unranked(New),Simple Menswear,1189.1379310344828
1479,0.0,Manfinity Homme Loose Fit Men's Half Button Shirt & Pants,1700.0,1983.6,8.0,Unranked(New),Simple Menswear,2156.086956521739
1480,0.0,Manfinity Mode Men Zipper Fly Pocket Shorts,400.0,1139.05,14.0,Unranked(New),Simple Menswear,1324.4767441860465
1481,6.0,Manfinity Hypemode Men Holiday Loose Weave Casual Shorts With Paisley Print And Drawstring Waist,900.0,939.5500000000001,12.0,Unranked(New),Simple Menswear,1067.6704545454545
1482,4.0,Manfinity EMRG Men's Knitted Short Sleeve Bear & Letter Printed T-Shirt And Woven Shorts 2pcs/Set,5700.0,1461.1000000000001,18.0,Unranked(New),Simple Menswear,1781.8292682926829
1483,0.0,Manfinity Homme Men's Summer Plaid Simple All-Match Casual Polo Shirt,60.0,684.0,50.0,Unranked(New),Simple Menswear,1368.0
1484,10.0,Manfinity Homme Men Color-Block Striped Short Sleeve Shirt For Summer,2000.0,1044.05,6.0,Unranked(New),Simple Menswear,1110.6914893617022
1485,10.0,Manfinity Homme Men Summer Solid Color Stand Collar Short Sleeve Woven Casual Shirt,4600.0,949.0500000000001,7.0,Unranked(New),Simple Menswear,1020.483870967742
1486,0.0,Manfinity RSRT Men Random Tropical Print Shirt & Drawstring Waist Shorts Without Tee,0.0,1766.05,7.0,#5 Best Seller,in Tropical Men Shirt Co-ords,1898.978494623656
1487,0.0,Manfinity NiteLyfe Men's Glitter Contrast Color Round Neck Short Sleeve T-Shirt,100.0,1595.05,13.0,Unranked(New),Simple Menswear,1833.3908045977012
1488,0.0,Manfinity Chillmode Men Coconut Tree Print Tank Top & Drawstring Waist Shorts,400.0,1519.05,6.0,Unranked(New),Simple Menswear,1616.0106382978724
1489,13.0,Manfinity Swimmode Men Coconut Tree & Bird Print Drawstring Waist Swim Trunks,700.0,646.9499999999999,30.0,Unranked(New),Simple Menswear,924.2142857142857
1490,0.0,Manfinity Mode Men's Anchor Pattern Printed Summer Casual Short-Sleeved Polo Shirt,0.0,1129.55,13.0,#2 Best Seller,in All Over Print Men Polo Shirts,1298.3333333333333
1491,9.0,Manfinity Loose Fit Men's Flap Pocket Side Cargo Shorts,0.0,1281.55,14.0,#9 Best Seller,in Woven Fabric Men Clothing,1490.1744186046512
1492,5.0,"ROMWE Street Life Men's Printed Short Sleeve T-Shirt, Suitable For Daily Wear In Spring And Summer",3400.0,977.55,12.0,Unranked(New),Simple Menswear,1110.8522727272727
1493,4.0,SUMWON Crop Fit Tee With Number Print,0.0,711.5500000000001,25.0,#10 Best Sellers,in Cotton T Shirt,948.7333333333333
1494,6.0,Men's Summer Casual Fun Teeth Printed Drop-Shoulder T-Shirt,1800.0,1006.05,7.0,Unranked(New),Simple Menswear,1081.774193548387
1495,0.0,Manfinity Homme Men's Checkered Short Sleeve Polo Shirt,100.0,1006.05,13.0,Unranked(New),Simple Menswear,1156.3793103448277
1496,5.0,Manfinity Mode Men's Solid Color Button Open Long Sleeve Shirt,4500.0,1127.6499999999999,8.0,Unranked(New),Simple Menswear,1225.7065217391303
1497,19.0,Men Solid Drawstring Thermal Lined Hoodie,1500.0,1072.55,13.0,Unranked(New),Simple Menswear,1232.816091954023
1498,0.0,Manfinity Homme Men's Summer Solid Color Round Neck Short Sleeve Casual T-Shirt,20.0,920.55,13.0,Unranked(New),Simple Menswear,1058.103448275862
1499,6.0,Manfinity RSRT Men Tropical Print Shirt Without Tee,300.0,637.45,46.0,Unranked(New),Simple Menswear,1180.462962962963
1500,4.0,Men's Casual Casual Fit Drawstring Waist Shorts With Pockets,30.0,825.55,6.0,Unranked(New),Simple Menswear,878.2446808510638
1501,5.0,Men's Drop Shoulder T-shirt With Printed Character,1100.0,513.95,44.0,Unranked(New),Simple Menswear,917.7678571428572
1502,11.0,Manfinity Homme Loose Fit Men's Drawstring Waist Shorts Dress Linen Cool Plain Khaki Tropical Boho,0.0,1118.1499999999999,18.0,#1 Best Sellers,in Men Linen Shorts,1363.5975609756097
1503,14.0,Manfinity EMRG Men Graphic Pattern Sweater,1000.0,1452.55,14.0,Unranked(New),Simple Menswear,1689.0116279069769
1504,5.0,Manfinity Homme Loose Fit Men's Solid Color Button-Up Shirt,2400.0,1055.45,11.0,Unranked(New),Simple Menswear,1185.8988764044943
1505,0.0,Men's Black + Grey Drawstring Waist Casual Fit Casual Shorts,200.0,1300.55,7.0,Unranked(New),Simple Menswear,1398.4408602150538
1506,0.0,Rick and Morty X SHEIN Men 1pc Cartoon Character & Letter Printed Drop Shoulder Loose Casual Summer T-Shirt,100.0,892.0500000000001,12.0,Unranked(New),Simple Menswear,1013.6931818181819
1507,0.0,Manfinity RSRT Men's Plus Size Solid Color Drawstring Shorts With Pockets Summer Casual Linen Knee Plain,0.0,1462.05,13.0,#10 Best Seller,in Khaki Men Plus Size Shorts,1680.5172413793102
1508,0.0,Manfinity Mode Men Color Block Short Sleeve Polo Shirt For Summer,0.0,996.5500000000001,13.0,#8 Best Seller,in Polyester Men Polo Shirts,1145.4597701149426
1509,0.0,ROMWE Academia Men Corduroy Drawstring Shorts,1700.0,535.8,44.0,Unranked(New),Simple Menswear,956.7857142857141
1510,0.0,SHEIN Men Floral Print Straight Leg Jeans Baggy Long Washed Light Jean Cargo Graphic Plain Blue Party Funny Couple Matching,800.0,2288.55,13.0,Unranked(New),Simple Menswear,2630.5172413793107
1511,0.0,Men Summer Printed Slogan Tank Top,40.0,455.05,40.0,Unranked(New),Simple Menswear,758.4166666666666
1512,0.0,Manfinity Homme Men Solid Shirt & Shorts,0.0,1880.05,7.0,#10 Best Seller,in Pocket Men Shirt Co-ords,2021.5591397849462
1513,6.0,Men Drawstring Waist Flap Pocket Side Swim Trunks,1300.0,1063.05,7.0,Unranked(New),Simple Menswear,1143.0645161290322
1514,9.0,Men's Solid Color Breathable Tank Top,500.0,645.05,7.0,Unranked(New),Simple Menswear,693.6021505376343
1515,0.0,Manfinity Vacaylife Men's Short Sleeve Woven Shirt With Plant Print,400.0,1120.05,6.0,Unranked(New),Simple Menswear,1191.5425531914893
1516,0.0,"Manfinity LEGND Men's Plus Size Geometric Printed Round Neck Short Sleeve Casual T-Shirt, Summer",0.0,987.0500000000001,13.0,#10 Best Seller,in Colorblock Men Plus Size T-Shirts,1134.5402298850574
1517,0.0,Manfinity Homme Loose-Fitting Men's Notched Neckline Drop Shoulder T-Shirt,900.0,1187.5,15.0,Unranked(New),Simple Menswear,1397.0588235294117
1518,0.0,Manfinity Basics Men's Solid Color Round Neck Casual Tank Top For Summer,100.0,937.65,47.0,Unranked(New),Simple Menswear,1769.1509433962265
1519,0.0,Manfinity RSRT Men's Summer Geometric Print Short Sleeve Casual Loose Shirt With Pocket,20.0,1082.05,7.0,Unranked(New),Simple Menswear,1163.494623655914
1520,4.0,"Digital Printed Gradient Men's Polo Shirt With Short Sleeve, Chest Pocket Design, Leisure Wear For Summer",100.0,603.25,47.0,Unranked(New),Simple Menswear,1138.2075471698113
1521,0.0,Manfinity Nomadique Men Solid Color Drawstring Waist Pockets Straight Leg Loose Fit Casual Pants,500.0,1357.55,7.0,Unranked(New),Simple Menswear,1459.731182795699
1522,8.0,SHEIN X Hangout Fest Manfinity Swimmode Men Solid Swim Trunks,1800.0,901.5500000000001,8.0,Unranked(New),Simple Menswear,979.945652173913
1523,0.0,Manfinity EMRG Men's Summer Casual Oil Painting Print Short Sleeve T-Shirt And Shorts Set,100.0,1367.05,13.0,Unranked(New),Simple Menswear,1571.3218390804598
1524,8.0,Men Solid Round Neck Tee,200.0,287.84999999999997,63.0,Unranked(New),Simple Menswear,777.9729729729729
1525,4.0,Manfinity Homme Men's Plus Size Summer Solid Color Textured Round Neck Short Sleeve Casual T-Shirt And Shorts Set,0.0,2241.05,13.0,#4 Best Seller,in White Men Plus Size Co-ords,2575.9195402298856
1526,0.0,DAZY Men's Solid Color Drop Shoulder Loose Fit T-Shirt And Drawstring Waist Shorts Summer Outfit,100.0,899.6500000000001,60.0,Unranked(New),Simple Menswear,2249.1250000000005
1527,9.0,DAZY Men Polo Neck Ribbed Knit Sweater,0.0,1042.15,56.0,#5 Best Seller,in Plain Men Sweaters,2368.5227272727275
1528,0.0,Men's Letter Printed Short Sleeve T-Shirt,100.0,403.75,54.0,Unranked(New),Simple Menswear,877.7173913043479
1529,11.0,Manfinity Homme Men's Moon Printed T-shirt,500.0,635.5500000000001,12.0,Unranked(New),Simple Menswear,722.2159090909091
1530,0.0,Men's Printed Casual Hawaiian Shirt,500.0,863.55,6.0,Unranked(New),Simple Menswear,918.6702127659574
1531,10.0,Manfinity Homme Men's Short-Sleeved Polo Shirt,0.0,1005.1,14.0,#9 Best Seller,in Pocket Men Tops,1168.7209302325582
1532,0.0,Manfinity Homme Men's Solid Color Half Button Loose Fit Shirt & Shorts Set,1000.0,1859.15,11.0,Unranked(New),Simple Menswear,2088.932584269663
1533,8.0,Manfinity Swimmode Men Color Block Striped Print Flap Detail Swim Trunks,800.0,852.1500000000001,34.0,Unranked(New),Simple Menswear,1291.136363636364
1534,0.0,Manfinity RSRT Flamingo Print Collared Button-Front Short Sleeve Shirt,300.0,835.05,19.0,Unranked(New),Simple Menswear,1030.9259259259259
1535,5.0,Men's Solid Color Drawstring Hooded Sleeveless Casual Tank Top,0.0,683.0500000000001,7.0,#6 Best Seller,in Drawstring Men Tank Tops,734.4623655913979
1536,0.0,Manfinity Homme Men Plus Striped Shirt & Drawstring Waist Shorts Without Tee,0.0,1154.25,44.0,#5 Best Sellers,in Men Plus Size Shirt Co-ords,2061.160714285714
1537,10.0,"Men's Slim-Fit Guayabera Button Down Short Sleeve Linen Beach Shirt, Summer",0.0,1015.55,7.0,#1 Best Seller,in Khaki Men Shirts,1091.989247311828
1538,0.0,Manfinity Homme Men Striped & Letter Graphic Tee,400.0,835.05,12.0,Unranked(New),Simple Menswear,948.9204545454545
1539,0.0,Men Playing Card Print Tee,700.0,339.15,60.0,Unranked(New),Simple Menswear,847.875
1540,0.0,Men Summer Casual Letter Print Short Sleeve T-Shirt And Shorts Set,0.0,866.4,43.0,#2 Best Seller,in Figure Men T-Shirt Co-ords,1520.0
1541,0.0,Manfinity Chillmode Men's Letter Printed T-Shirt And Shorts Set For Summer,100.0,1471.55,13.0,Unranked(New),Simple Menswear,1691.4367816091954
1542,7.0,Manfinity Swimmode Men's Striped Printed Drawstring Wide-Leg Beach Shorts For Vacation,400.0,1224.55,7.0,Unranked(New),Simple Menswear,1316.720430107527
1543,4.0,Manfinity Basics Men's Summer 3pcs Solid Color Knitted Casual Short Sleeve T-Shirt With Round Collar,200.0,1547.55,15.0,Unranked(New),Simple Menswear,1820.6470588235295
1544,6.0,Manfinity RSRT Men T-Shirts Fit Crew Neck Short Sleeve Graphic Tee Palm Tree Casual Summer Polyester,700.0,356.25,59.0,Unranked(New),Simple Menswear,868.9024390243902
1545,5.0,Manfinity Hypemode Men Summer Cartoon Printed Round Neck Short Sleeve Casual T-Shirt With Slogan,0.0,844.5500000000001,12.0,#3 Best Seller,in Green Men T-Shirts,959.7159090909091
1546,4.0,Manfinity Homme Men Color Block Quarter Zipper Polo Shirt,0.0,912.0,26.0,#6 Best Seller,in Long Sleeve Men Polo Shirts,1232.4324324324325
1547,7.0,Manfinity RSRT Men's Plus Size Fashionable Contrast Color Short Sleeve Shirt,50.0,1177.05,7.0,Unranked(New),Simple Menswear,1265.6451612903227
1548,9.0,"Manfinity Basics Men Summer Solid Color Drawstring Waistband Shorts With Pockets, Casual Woven Shorts",0.0,996.5500000000001,13.0,#2 Best Seller,in Blue Men Shorts,1145.4597701149426
1549,0.0,Manfinity Homme Men Solid Color Minimalist Short Sleeve Polo Set,0.0,2237.25,11.0,#9 Best Seller,in Short Sleeve Men Polo Co-ords,2513.7640449438204
1550,6.0,Manfinity Nomadique Men's Summer Solid Color Casual Mesh Texture Camp Collar Short Sleeve Shirt,90.0,1291.05,7.0,Unranked(New),Simple Menswear,1388.225806451613
1551,6.0,Manfinity Homme Men Playing Card Print Tee & Drawstring Waist Shorts,700.0,878.75,48.0,Unranked(New),Simple Menswear,1689.9038461538462
1552,5.0,Manfinity Chillmode Men's Cartoon Print Wide Shoulder Tank Top For Summer,200.0,683.0500000000001,7.0,Unranked(New),Simple Menswear,734.4623655913979
1553,0.0,Manfinity Homme Men Water Washed Straight Leg Jeans With Diagonal Pockets Fashionable Casual Streetwear All Match Baggy Long Light Jean Cargo Plain Teal Going Out Hip Hop Rapper,100.0,2146.05,12.0,Unranked(New),Simple Menswear,2438.693181818182
1554,0.0,Manfinity RSRT Men Random Floral Print Shirt Without Tee,700.0,1091.55,7.0,Unranked(New),Simple Menswear,1173.7096774193549
1555,0.0,Manfinity Homme Men Textured Button-Up Short Sleeve Casual Shirt For Summer,500.0,1006.05,7.0,Unranked(New),Simple Menswear,1081.774193548387
1556,6.0,Manfinity RSRT Solid Color Button-Front Suit Collar Short-Sleeve Shirt For Summer Casual Wear,100.0,662.15,47.0,Unranked(New),Simple Menswear,1249.3396226415093
1557,10.0,Manfinity Swimmode Men Letter Patched Detail Drawstring Waist Swim Trunks,0.0,1110.55,7.0,#7 Best Seller,in Drawstring Men Swimwear,1194.1397849462367
1558,4.0,Manfinity RSRT Men Plus Size Fashionable Summer Holiday Style Printed Shirt And Shorts Two-Piece Set,100.0,1899.05,7.0,Unranked(New),Simple Menswear,2041.989247311828
1559,0.0,Manfinity RSRT Men Geo Print Shirt & Shorts,400.0,1680.5500000000002,14.0,Unranked(New),Simple Menswear,1954.1279069767445
1560,0.0,Rick and Morty | ROMWE Men Tie Dye Letter & Figure Graphic Tee,1900.0,1281.55,14.0,Unranked(New),Simple Menswear,1490.1744186046512
1561,5.0,Manfinity Homme Loose Fit Men's Solid Color Elastic Waist Drawstring Running Shorts,1300.0,835.05,13.0,Unranked(New),Simple Menswear,959.8275862068965
1562,9.0,Manfinity Basics Men's Summer Casual Drawstring Waist Woven Shorts,800.0,987.0500000000001,14.0,Unranked(New),Simple Menswear,1147.7325581395348
1563,0.0,ROMWE Prep Men Solid Kangaroo Pocket Drawstring Hoodie,0.0,677.35,42.0,#6 Best Seller,in Plain Men Hoodies,1167.844827586207
1564,0.0,"Men's Star & Letter Printed Short Sleeve T-Shirt, Suitable For Summer Casual Wear",300.0,681.15,19.0,Unranked(New),Simple Menswear,840.925925925926
1565,0.0,Men Summer Casual T-Shirt With Round Neckline And Slogan Print,0.0,575.6999999999999,29.0,#6 Best Seller,in Yellow Men T-Shirts,810.8450704225351
1566,7.0,Manfinity Men'S Color Block Drawstring Waist Banana Print Two-In-One Beach Shorts,2100.0,1215.05,7.0,Unranked(New),Simple Menswear,1306.505376344086
1567,0.0,ROMWE Prep Men Striped Drawstring Shorts,1600.0,1146.65,14.0,Unranked(New),Simple Menswear,1333.3139534883724
1568,10.0,SHEIN X Hangout Fest Manfinity Swimmode Men Vertical Striped Drawstring Waist Swim Trunks,2500.0,1167.55,7.0,Unranked(New),Simple Menswear,1255.4301075268818
1569,0.0,Manfinity Swimmode Men Random Flamingo Print Drawstring Waist Swim Trunks,700.0,542.45,46.0,Unranked(New),Simple Menswear,1004.5370370370372
1570,6.0,Manfinity Hypemode Men's Palm Tree Letter Print Summer Round Neck Short Sleeve Casual T-Shirt And Drawstring Waist Shorts Set,0.0,1560.85,17.0,#6 Best Seller,in Woven Fabric Men T-Shirt Co-ords,1880.5421686746988
1571,0.0,Manfinity Hypemode Loose Fit Men's Denim Shorts With Flap Pockets And Side Design Baggy Distressed Jorts Plain Black Work Basic Friends,400.0,2364.55,7.0,Unranked(New),Simple Menswear,2542.5268817204305
1572,0.0,Manfinity Men's Flag Print Drawstring Waist Beach Shorts,0.0,1072.55,7.0,#4 Best Seller,in Woven Fabric Men Beach Shorts,1153.279569892473
1573,0.0,Manfinity Homme Men Plus Slogan Printed Short Sleeve T-Shirt,0.0,939.5500000000001,12.0,#10 Best Seller,in Black Men Plus Size T-Shirts,1067.6704545454545
1574,8.0,Manfinity Homme Men's Solid Color Letter Print Round Neck T-Shirt,1100.0,780.9000000000001,14.0,Unranked(New),Simple Menswear,908.0232558139537
1575,0.0,Manfinity Homme Men's Plus Size Monochrome Shirt And Shorts Outfit,0.0,2010.2,28.0,#6 Best Seller,in Woven Fabric Men Plus Size T-Shirt Co-ords,2791.9444444444443
1576,7.0,Men's Seagull Print Round Neck Tank Top,0.0,623.1999999999999,9.0,#2 Best Seller,in Animal Men Tank Tops,684.8351648351647
1577,0.0,Manfinity Homme Men's Plus Size Summer Casual Solid Color Short Sleeve Shirt And Shorts Set,0.0,2615.35,9.0,#6 Best Seller,in White Men Plus Size Shirt Co-ords,2874.010989010989
1578,0.0,"Plus Size Men's Axe Skull Printed T-Shirt, Casual Comfortable Top",20.0,854.0500000000001,6.0,Unranked(New),Simple Menswear,908.563829787234
1579,0.0,Manfinity Swimmode Men Random Paisley Print Drawstring Waist Swim Trunks,2000.0,930.05,7.0,Unranked(New),Simple Menswear,1000.0537634408602
1580,0.0,Manfinity Homme Men's Ribbed Knit Casual Short Sleeve T-Shirt,400.0,2735.0499999999997,12.0,Unranked(New),Simple Menswear,3108.0113636363635
1581,7.0,Men's Plus Size Short Sleeve T-Shirt,0.0,2450.0499999999997,13.0,#2 Best Seller,in Plain Men Plus Size T-Shirts,2816.149425287356
1582,0.0,Men's Graffiti Printed Denim Shorts,300.0,1399.3500000000001,23.0,Unranked(New),Simple Menswear,1817.3376623376623
1583,0.0,MkngProject Men Slogan Graphic Tee,1300.0,1015.55,13.0,Unranked(New),Simple Menswear,1167.2988505747126
1584,0.0,Men Solid V Neck Tee,100.0,480.7,40.0,Unranked(New),Simple Menswear,801.1666666666666
1585,6.0,Manfinity Homme Men Drawstring Waist Shorts,0.0,1137.15,14.0,#3 Best Sellers,in Men Linen Shorts,1322.2674418604654
1586,0.0,"Men's All-Over Allover Print Button Front Short Sleeve Shirt And Drawstring Pocket Shorts Set, Summer Vacation Style",0.0,1405.05,7.0,#7 Best Seller,in Polyester Men Shirt Co-ords,1510.8064516129032
1587,15.0,Manfinity Homme Men Plain Casual Daily Wear Short Sleeve Shirt For Spring And Summer Outfit,1400.0,1063.05,7.0,Unranked(New),Simple Menswear,1143.0645161290322
1588,4.0,Manfinity Basics Men Drop Shoulder Solid Tee,1200.0,740.05,12.0,Unranked(New),Simple Menswear,840.9659090909091
1589,4.0,"Men's Jeans, Traceable , Sold On Us E-commerce Platform",1100.0,1965.5500000000002,7.0,Unranked(New),Simple Menswear,2113.4946236559144
1590,10.0,Manfinity Homme Men Solid Button Front Shirt,1700.0,1017.45,20.0,Unranked(New),Simple Menswear,1271.8125
1591,0.0,Manfinity Homme Men Summer Cartoon Cat Printed Loose Casual Short Sleeve Shirt,400.0,1044.05,7.0,Unranked(New),Simple Menswear,1122.6344086021506
1592,0.0,Manfinity Homme Men's Summer Striped Short-Sleeved Casual Polo Shirt,800.0,842.65,20.0,Unranked(New),Simple Menswear,1053.3125
1593,0.0,DAZY Men Cotton Ripped Frayed Raw Hem Bermuda Denim Shorts,1600.0,1759.3999999999999,12.0,Unranked(New),Simple Menswear,1999.3181818181818
1594,6.0,Manfinity Mode Men Solid Color Long Sleeve Casual Daily Shirt For Spring/Summer Commute,200.0,1281.55,7.0,Unranked(New),Simple Menswear,1378.010752688172
1595,19.0,Manfinity Homme Men Solid Button Up Shirt & Shorts,1300.0,1604.55,7.0,Unranked(New),Simple Menswear,1725.3225806451612
1596,0.0,Manfinity Homme Men's Plus Size Woven Casual Overall Shorts With Slant Pockets,0.0,2744.55,7.0,#1 Best Sellers,in Men Plus Size Jumpsuits & Overalls,2951.1290322580644
1597,19.0,Manfinity Homme Men Solid Button Up Shirt & Shorts,700.0,1604.55,7.0,Unranked(New),Simple Menswear,1725.3225806451612
1598,0.0,Manfinity RSRT Men's Summer Tropical Plant Printed Short Sleeve Casual Shirt,0.0,1001.3,11.0,#7 Best Seller,in Blue Men Shirts,1125.056179775281
1599,5.0,Manfinity LEGND Men Floral & Slogan Graphic Tee,1600.0,835.05,13.0,Unranked(New),Simple Menswear,959.8275862068965
1600,9.0,Men Tropical Print Shirt,400.0,612.75,37.0,Unranked(New),Simple Menswear,972.6190476190476
1601,0.0,"3pcs/Set Summer New Solid Color Men's Shorts With Regular & Plus Size, Casual Sports Fitness Running Drawstring Shorts, Versatile Bottoms With Elastic Waistband",70.0,2193.55,7.0,Unranked(New),Simple Menswear,2358.655913978495
1602,6.0,Manfinity Mode Men Houndstooth Blazer & Suit Pants,900.0,3941.55,13.0,Unranked(New),Simple Menswear,4530.517241379311
1603,0.0,Rick and Morty X SHEIN Men Cartoon Graphic Drop Shoulder Tee,600.0,1091.55,13.0,Unranked(New),Simple Menswear,1254.655172413793
1604,4.0,Men Solid Color Loose Fit Straight-Leg Casual Pants With Pockets,0.0,1182.75,39.0,#5 Best Seller,in Striped Men Pants,1938.9344262295083
1605,0.0,Manfinity Homme Men Plus Size Color Block Short Sleeve Polo Shirt And Shorts Set,0.0,2355.0499999999997,7.0,#3 Best Seller,in Casual Men Plus Size Polo Co-ords,2532.311827956989
1606,4.0,"ROMWE Prep Men's Stars And Slogan Printed Woven Shorts For Casual Wear, Spring And Summer",1600.0,1063.05,13.0,Unranked(New),Simple Menswear,1221.896551724138
1607,4.0,Men's Loose Fit Sweatpants With Letter Print And Color Blocking,0.0,1509.55,7.0,#3 Best Seller,in Letter Men Sweatpants,1623.1720430107528
1608,0.0,Men's Flamingo Pattern Short Sleeve Shirt,600.0,863.55,7.0,Unranked(New),Simple Menswear,928.5483870967741
1609,0.0,Manfinity Modomio Men Woven Casual Half Button Short Sleeve Shirt & Shorts Summer Set,0.0,2081.45,10.0,#8 Best Seller,in Blue Men Shirt Co-ords,2312.7222222222217
1610,0.0,"Manfinity Modomio Men's Knitted Jacquard Solid Color Round Neck Slim Fit Regular Style Short Sleeve Casual T-Shirt, Suitable For Daily Wear In Spring And Summer",40.0,768.55,12.0,Unranked(New),Simple Menswear,873.3522727272727
1611,5.0,Manfinity Hypemode Loose Fit Men's Straight Leg Jeans With Slant Pockets Baggy Oversize Long Washed Skater Jean Cargo Plain Light Blue Going Out Y2K Friends,0.0,2383.55,13.0,#2 Best Seller,in Loose Men Jeans,2739.7126436781614
1612,0.0,Manfinity Homme Men Plus Solid Tee & Shorts,0.0,1885.7500000000002,17.0,#4 Best Seller,in Short Sleeve Men Plus Size T-Shirt Co-ords,2271.9879518072294
1613,5.0,Manfinity Chillmode Men Crewneck Letter Printed Short Sleeve T-Shirt + Shorts With Pockets Set For Summer,300.0,1557.05,14.0,Unranked(New),Simple Menswear,1810.5232558139535
1614,0.0,Manfinity Homme Men's Fashionable King Printed Short Sleeve T-Shirt And Shorts Combo Set,200.0,1244.5,17.0,Unranked(New),Simple Menswear,1499.3975903614457
1615,0.0,Men's Floral Print Button Front Shirt,1800.0,911.05,6.0,Unranked(New),Simple Menswear,969.2021276595744
1616,0.0,Manfinity Vacaylife Men's Spring / Summer Plant Print Casual Round Neck Short Sleeve T-Shirt For Beach Vacation,200.0,778.05,13.0,Unranked(New),Simple Menswear,894.3103448275862
1617,0.0,"Manfinity EMRG Men's Loose-Fitting Retro Style Blue And White Los Angeles Street Racing Pattern Knitted T-Shirt And Shorts Set, Suitable For Summer.",100.0,1357.55,13.0,Unranked(New),Simple Menswear,1560.4022988505747
1618,8.0,Manfinity EMRG Loose Men's Cargo Pants With Drawstring Waist Baggy Long Plain Black Going Out,4500.0,1729.95,8.0,Unranked(New),Simple Menswear,1880.3804347826087
1619,0.0,The Powerpuff Girls | ROMWE Men's Cartoon Letter Print T-shirt,1800.0,1623.55,14.0,Unranked(New),Simple Menswear,1887.8488372093022
1620,4.0,Manfinity Hypemode Loose Fit Men's Letter Applique Design Drawstring Waist Shorts,1100.0,683.0500000000001,12.0,Unranked(New),Simple Menswear,776.1931818181819
1621,4.0,Men's Solid Color Short Sleeve Shirt,700.0,1367.05,6.0,Unranked(New),Simple Menswear,1454.3085106382978
1622,11.0,Manfinity Homme Men Vertical Striped Button Up Shirt,1800.0,1044.05,7.0,Unranked(New),Simple Menswear,1122.6344086021506
1623,0.0,Manfinity LEGND Men's Black Denim Pants With Frayed Hem,1900.0,2497.5499999999997,6.0,Unranked(New),Simple Menswear,2656.9680851063827
1624,13.0,Manfinity Homme Men Solid Button Up Lapel Neck Shirt,1500.0,1139.05,7.0,Unranked(New),Simple Menswear,1224.784946236559
1625,17.0,Manfinity Homme Men Flap Pocket Button Up Shirt,700.0,1177.05,7.0,Unranked(New),Simple Menswear,1265.6451612903227
1626,4.0,Manfinity RSRT Men's Tropical Plant Print Short Sleeve Shirt,1400.0,1091.55,12.0,Unranked(New),Simple Menswear,1240.3977272727273
1627,0.0,Men Solid Slant Pocket Suit Pants Dress Pants,3000.0,1272.05,14.0,Unranked(New),Simple Menswear,1479.1279069767443
1628,0.0,Men's Casual Short Sleeve T-Shirt With Letter Print For Summer,0.0,873.05,13.0,#8 Best Seller,in White Men T-Shirts,1003.5057471264367
1629,10.0,Men's Round Neck Short Sleeve T-shirt,7400.0,2070.0499999999997,13.0,Unranked(New),Simple Menswear,2379.3678160919535
1630,10.0,Manfinity Homme Men's Summer Holiday Printed Short-Sleeve Shirt,700.0,1091.55,7.0,Unranked(New),Simple Menswear,1173.7096774193549
1631,0.0,"Men's Letter And Embroidered Pattern Toweling Casual Shorts, Summer",1500.0,1671.05,6.0,Unranked(New),Simple Menswear,1777.712765957447
1632,4.0,Manfinity Homme Men's Plus Size Striped Trim Short Sleeve Polo Shirt,0.0,1186.55,13.0,#2 Best Seller,in Short Sleeve Men Plus Size Polo Shirts,1363.8505747126437
1633,0.0,Manfinity Homme Men Plus Solid Hooded Tank Top,0.0,594.6999999999999,41.0,#2 Best Seller,in White Men Plus Size Tank Tops,1007.9661016949151
1634,0.0,Men Flamingo Print Half Zip Casual Polo Shirt For Holiday,100.0,741.9499999999999,26.0,Unranked(New),Simple Menswear,1002.6351351351351
1635,0.0,Manfinity EMRG Men's Plus Size Slogan Print Crew Neck T-Shirt,0.0,958.55,13.0,#3 Best Seller,in Street Men Plus Size T-Shirts,1101.7816091954023
1636,15.0,Manfinity Homme Loose Men's Solid Color Button Up Shirt,0.0,1139.05,7.0,#1 Best Seller,in Loose Men Shirts,1224.784946236559
1637,0.0,Manfinity EMRG Men Cartoon & Letter Graphic Drop Shoulder Oversized Tee,2200.0,1158.05,14.0,Unranked(New),Simple Menswear,1346.5697674418604
1638,12.0,Manfinity Homme Men Solid Button Front Shirt & Drawstring Waist Shorts Without Tee,1800.0,1585.5500000000002,7.0,Unranked(New),Simple Menswear,1704.89247311828
1639,4.0,3-Pack Mens Flex Stretch Cotton Chino Shorts,50.0,1899.05,87.0,Unranked(New),Simple Menswear,14608.076923076924
1640,0.0,Manfinity LEGND Men's Solid Color Simple Casual Shorts,100.0,1196.05,14.0,Unranked(New),Simple Menswear,1390.7558139534883
1641,9.0,Manfinity Homme Men Striped Trim Polo Shirt & Drawstring Waist Shorts,1100.0,1747.05,7.0,Unranked(New),Simple Menswear,1878.5483870967741
1642,10.0,Manfinity Mode Men Zip Up Bomber Jacket,4700.0,1595.05,13.0,Unranked(New),Simple Menswear,1833.3908045977012
1643,6.0,Manfinity RSRT Men Cotton Coconut Tree & Slogan Graphic Tee,2400.0,865.4499999999999,16.0,Unranked(New),Simple Menswear,1030.297619047619
1644,4.0,Stevenrhodes Guys Cotton Figure & Slogan Graphic Tee,1700.0,949.0500000000001,9.0,Unranked(New),Simple Menswear,1042.9120879120878
1645,4.0,Manfinity RSRT Men Random Paisley Scarf Print Shirt & Shorts Without Tee,1100.0,1414.55,24.0,Unranked(New),Simple Menswear,1861.25
1646,4.0,ROMWE Street Life Men Letter & Skull Print Drawstring Waist Shorts,2400.0,717.25,24.0,Unranked(New),Simple Menswear,943.75
1647,0.0,Manfinity Homme Men Letter Patched Drawstring Waist Sweatpants,0.0,615.6,52.0,#2 Best Seller,in Patched Men Sweatpants,1282.5
1648,0.0,Manfinity Homme Solid Color Button-Front Casual Long-Sleeve Shirt With Point Collar (Unisex),20.0,463.59999999999997,63.0,Unranked(New),Simple Menswear,1252.972972972973
1649,0.0,Manfinity Homme Men Plaid Print Polo Shirt,800.0,941.45,26.0,Unranked(New),Simple Menswear,1272.2297297297298
1650,0.0,Manfinity EMRG Men Summer Short Sleeve Casual T-Shirt With Slogan Print,0.0,787.55,13.0,#7 Best Seller,in Striped Men Tops,905.2298850574713
1651,0.0,Men  Collar Short Sleeve Button-Up Shirt Beach Casual Summer Shirt,0.0,1034.55,7.0,#3 Best Seller,In Linen Men Clothing,1112.4193548387098
1652,7.0,ROMWE Street Life Men's Skull & Slogan Print T-shirt,0.0,1120.05,13.0,#8 Best Seller,In Cartoon Men Clothing,1287.4137931034484
1653,0.0,"Manfinity RSRT Men Coconut Tree Print Short Sleeve Button-Up Shirt, Vacation Style",200.0,1034.55,6.0,Unranked(New),Simple Menswear,1100.5851063829787
1654,6.0,Manfinity Homme Men's Summer Green Woven Drawstring Waist Shorts,0.0,1139.05,14.0,#5 Best Sellers,in Men Linen Shorts,1324.4767441860465
1655,0.0,Men's American Flag Printed Drawstring Waist Loose Beach Shorts For Vacation,0.0,856.9,11.0,#3 Best Seller,in Woven Fabric Men Swimwear,962.8089887640449
1656,0.0,"DAZY Men Solid Color Denim Shorts For Summer,  Casual Daily",500.0,1777.45,9.0,Unranked(New),Simple Menswear,1953.2417582417581
1657,4.0,Manfinity Homme Men's Plus Size Summer Solid Color Short Sleeve Shirt And Drawstring Waist Shorts Casual Two Piece Set,80.0,2022.55,7.0,Unranked(New),Simple Menswear,2174.7849462365593
1658,5.0,SHEIN Manfinity Homme Men Notched Collar Waffle Knit Long Sleeve T-Shirt,100.0,1053.55,13.0,Unranked(New),Simple Menswear,1210.9770114942528
1659,0.0,Manfinity Homme Men's Solid Color Half Button Front Polo Shirt,300.0,854.0500000000001,13.0,Unranked(New),Simple Menswear,981.6666666666666
1660,0.0,Manfinity Homme Men's Camouflage Print Knit Short Sleeve T-Shirt And Shorts Set,0.0,1562.75,15.0,#10 Best Seller,in All Over Print Men T-Shirt Co-ords,1838.5294117647059
1661,5.0,Men Summer Sports Round Neck Short Sleeve Casual Commuting T-Shirt With Car And Letter Prints,200.0,499.7,44.0,Unranked(New),Simple Menswear,892.3214285714286
1662,5.0,Manfinity Homme Men's Short Sleeve Knitted Casual Shirt,2000.0,1224.55,7.0,Unranked(New),Simple Menswear,1316.720430107527
1663,14.0,Manfinity VCAY Men Coconut Tree Print Tee & Drawstring Waist Shorts,0.0,1749.9,16.0,#8 Best Seller,in Green Men Co-ords,2083.214285714286
1664,15.0,Manfinity Homme Men's Solid Color Stand Collar Short Sleeve Shirt,1100.0,1063.05,7.0,Unranked(New),Simple Menswear,1143.0645161290322
1665,4.0,Men's Galaxy Printed Short Sleeve T-Shirt,200.0,327.75,60.0,Unranked(New),Simple Menswear,819.375
1666,5.0,SHEIN X Hangout Fest Manfinity Swimmode Men Drawstring Waist Swim Trunks,0.0,1015.55,7.0,#5 Best Seller,in White Men Beach Shorts,1091.989247311828
1667,0.0,Men's Marble Print Short Sleeve Shirt,100.0,863.55,7.0,Unranked(New),Simple Menswear,928.5483870967741
1668,6.0,Men Solid Color Casual Daily Wear All-Match Short Sleeve Polo Shirt For Spring And Summer,300.0,517.75,49.0,Unranked(New),Simple Menswear,1015.1960784313726
1669,5.0,Manfinity Swimmode Men Slant Pockets Drawstring Waist Swim Trunks,0.0,987.0500000000001,6.0,#2 Best Seller,in Orange Men Swimwear,1050.0531914893618
1670,0.0,Manfinity Homme Men's Loose Fitting Drop Shoulder Sleeve T-Shirt And Pants Set With Letter Print,1300.0,1899.05,12.0,Unranked(New),Simple Menswear,2158.0113636363635
1671,0.0,Manfinity Homme Letter Print Drawstring Shorts,700.0,569.0500000000001,41.0,Unranked(New),Simple Menswear,964.491525423729
1672,0.0,Manfinity RSRT Men's Floral Printed Short Sleeve Shirt,100.0,593.75,53.0,Unranked(New),Simple Menswear,1263.2978723404256
1673,0.0,Manfinity Homme Men's Casual Solid Color Vest And Shorts Set,200.0,1262.55,13.0,Unranked(New),Simple Menswear,1451.2068965517242
1674,0.0,Manfinity Homme Men's Solid Color Button Design Casual Short Sleeve Polo Shirt For Spring/Summer,200.0,728.65,40.0,Unranked(New),Simple Menswear,1214.4166666666667
1675,0.0,Manfinity UrbanChill Woven Drawstring Casual Shorts For Daily Wear In Spring And Summer,100.0,918.65,25.0,Unranked(New),Simple Menswear,1224.8666666666666
1676,0.0,Manfinity Homme Men Solid Button Up Shirt & Drawstring Waist Shorts,4500.0,1926.6000000000001,9.0,Unranked(New),Simple Menswear,2117.1428571428573
1677,0.0,Men's Striped Color Block Button-Down Shirt And Solid Color Shorts Set,100.0,1020.3000000000001,41.0,Unranked(New),Simple Menswear,1729.322033898305
1678,10.0,Manfinity Homme Men Solid Round Neck Tee,1300.0,968.05,12.0,Unranked(New),Simple Menswear,1100.0568181818182
1679,6.0,Manfinity Homme Men's Solid Drop Shoulder Short Sleeve T-Shirt And Shorts 2pcs/Set,0.0,1604.55,13.0,#2 Best Seller,in Plain Men T-Shirt Co-ords,1844.3103448275863
1680,7.0,Manfinity Homme Men Solid Button Up Shirt,700.0,1063.05,7.0,Unranked(New),Simple Menswear,1143.0645161290322
1681,0.0,Manfinity Homme Men Solid Drawstring Waist Pants,1600.0,1824.0,8.0,Unranked(New),Simple Menswear,1982.608695652174
1682,5.0,Manfinity Hypemode Men Solid Button Up Shirt Without Tee,800.0,1177.05,7.0,Unranked(New),Simple Menswear,1265.6451612903227
1683,5.0,Manfinity Homme Men Floral & Slogan Graphic Tee,0.0,681.15,22.0,#9 Best Seller,in Floral Men T-Shirts,873.2692307692307
1684,0.0,"Men Fashionable And Casual Loose-Fit T-Shirt With Game Controller Print, Perfect For Any Occasion",500.0,436.05,48.0,Unranked(New),Simple Menswear,838.5576923076923
1685,14.0,Manfinity Homme Men Button Up Curved Hem Shirt,0.0,728.65,41.0,#4 Best Seller,in Yellow Men Shirts,1235.0
1686,6.0,Manfinity Homme Men's Beach Holiday Casual Allover Print Short Sleeve Shirt,0.0,1034.55,6.0,#7 Best Seller,in Colorblock Men Shirts,1100.5851063829787
1687,0.0,Men's Summer Solid Color V-Neck Short Sleeve T-Shirt And Pocketed Pants Daily Casual Outfit,40.0,964.25,64.0,Unranked(New),Simple Menswear,2678.472222222222
1688,4.0,Manfinity Homme Men's Color-Block Short-Sleeved Polo Shirt,600.0,1234.05,13.0,Unranked(New),Simple Menswear,1418.448275862069
1689,13.0,Manfinity Swimmode Men Slant Pockets Drawstring Waist Swim Trunks,0.0,797.0500000000001,7.0,#4 Best Seller,in Plain Men Beach Shorts,857.0430107526881
1690,0.0,Men'S Short Sleeve T-Shirt With Slogan Prints,800.0,527.25,31.0,Unranked(New),Simple Menswear,764.1304347826087
1691,8.0,Manfinity Swimmode Men Solid Swim Trunks,0.0,445.55,53.0,#7 Best Seller,in Orange Men Beach Shorts,947.9787234042553
1692,0.0,ROMWE Street Life Men Paisley Print Shorts,1100.0,1120.05,13.0,Unranked(New),Simple Menswear,1287.4137931034484
1693,4.0,Manfinity RSRT Men Coconut Tree Print Shirt & Shorts,5800.0,1690.05,7.0,Unranked(New),Simple Menswear,1817.258064516129
1694,0.0,Men's Summer Letter Printed Round Neck Short Sleeve Casual T-Shirt,50.0,711.5500000000001,6.0,Unranked(New),Simple Menswear,756.968085106383
1695,8.0,Manfinity Homme Men Sun & Tree Print Tee,100.0,749.55,12.0,Unranked(New),Simple Menswear,851.7613636363636
1696,0.0,Manfinity EMRG Loose Fit Men's Letter & Wings Print Drawstring Track Shorts,0.0,672.6,48.0,#3 Best Seller,in Orange Men Shorts,1293.4615384615386
1697,11.0,Manfinity Swimmode Men Tropical Print Drawstring Waist Swim Trunks,2000.0,955.7,12.0,Unranked(New),Simple Menswear,1086.0227272727273
1698,0.0,Manfinity RSRT Men Geo Print Shirt & Drawstring Waist Shorts Without Tee,100.0,1101.05,40.0,Unranked(New),Simple Menswear,1835.0833333333333
1699,0.0,Men's Plus Size American Flag Printed T-Shirt,0.0,489.25000000000006,56.0,#4 Best Seller,in Knitted Fabric Men Plus Size Tops,1111.9318181818182
1700,7.0,Manfinity Men's Striped Drawstring Waist Swimming Trunks,1500.0,1148.55,7.0,Unranked(New),Simple Menswear,1235.0
1701,6.0,Men Simple Printed Round Neck Short Sleeve T-Shirt,400.0,555.75,36.0,Unranked(New),Simple Menswear,868.359375
1702,0.0,Manfinity UrbanChill Men's Casual Washed Denim Shorts Light Blue Baggy Jorts Plain Navy Going Out Basic Friends,1800.0,1710.95,8.0,Unranked(New),Simple Menswear,1859.7282608695652
1703,7.0,"Manfinity RSRT Men's Printed Woven Casual Shirt And Shorts Set With Botanical Pattern, Summer",20.0,1804.05,6.0,Unranked(New),Simple Menswear,1919.2021276595744
1704,6.0,Manfinity Hypemode Men Solid Color Button Down Short Sleeve Shirt (Random Cut Printed),300.0,1414.55,7.0,Unranked(New),Simple Menswear,1521.021505376344
1705,0.0,Men's Summer Cartoon Bear Printed Short Sleeve Crewneck Casual Work T-Shirt,100.0,825.55,6.0,Unranked(New),Simple Menswear,878.2446808510638
1706,0.0,"Men's Plus Size Casual Striped Trimmed Short Sleeve Polo Shirt With Patchwork Design, Summer",0.0,854.0500000000001,12.0,#4 Best Seller,in Red Men Plus Size Clothing,970.5113636363636
1707,9.0,Manfinity Hypemode Men Cotton Solid Button Front Shirt,400.0,1224.55,7.0,Unranked(New),Simple Menswear,1316.720430107527
1708,4.0,Manfinity Vacaylife Men's Lapel Short Sleeve Top & Shorts Knitted Casual 2pcs/Set,100.0,2660.9500000000003,14.0,Unranked(New),Simple Menswear,3094.1279069767443
1709,10.0,Manfinity KASUA Men Solid Waffle Knit Polo Shirt,1000.0,911.05,13.0,Unranked(New),Simple Menswear,1047.183908045977
1710,0.0,Manfinity LEGND Men's Colorblock Printed Round Neck T-Shirt,1100.0,656.45,24.0,Unranked(New),Simple Menswear,863.75
1711,10.0,Manfinity Swimmode Men Geo Print Drawstring Waist Swim Trunks,1100.0,958.55,6.0,Unranked(New),Simple Menswear,1019.7340425531914
1712,5.0,Manfinity Mode Men Solid Button Front Shirt,6100.0,1165.6499999999999,7.0,Unranked(New),Simple Menswear,1253.3870967741934
1713,0.0,Manfinity Homme Men's Summer Round Neck Short Sleeve Casual T-Shirt With Letter Print,90.0,569.0500000000001,10.0,Unranked(New),Simple Menswear,632.2777777777778
1714,0.0,Men's Cat Print Short Sleeve Shirt,0.0,576.65,46.0,#7 Best Seller,in Pocket Men Shirts,1067.8703703703704
1715,11.0,Manfinity LEGND Men Allover Print Zipper Fly Cargo Jeans,0.0,2355.0499999999997,13.0,#1 Best Seller,in Plants Men Denim,2706.9540229885056
1716,4.0,Manfinity Homme Men's Solid Color Drawstring Waist Casual Pants Tapered Long Slacks Plain Khaki Going Out,700.0,1300.55,6.0,Unranked(New),Simple Menswear,1383.563829787234
1717,6.0,Manfinity Hypemode Men's Solid Color Half-zipper Stand Collar Sweater,0.0,1334.75,31.0,#9 Best Seller,in Fabric Men Sweaters,1934.4202898550725
1718,9.0,Manfinity Homme Men Single Striped Trim Polo Shirt,2700.0,1005.1,13.0,Unranked(New),Simple Menswear,1155.287356321839
1719,0.0,Manfinity RSRT Men Tropical Plant Print Short Sleeve Shirt And Shorts Casual Set For Summer Vacation Style,80.0,969.95,63.0,Unranked(New),Simple Menswear,2621.4864864864867
1720,0.0,ROMWE Street Life Men Car & Letter Graphic Drop Shoulder Tee,900.0,515.85,36.0,Unranked(New),Simple Menswear,806.015625
1721,5.0,"Men's Palm Tree Printed Beach Shorts With Pockets And Drawstring Waist For Vacation, Brown",200.0,1101.05,6.0,Unranked(New),Simple Menswear,1171.3297872340424
1722,0.0,Manfinity UrbanChill Men's Summer American Flag Print Short Sleeve Woven Casual Shirt,100.0,1148.55,7.0,Unranked(New),Simple Menswear,1235.0
1723,6.0,ROMWE Street Life Men'S Denim Baggy Jeans With Star-Shaped Patches,0.0,2849.0499999999997,13.0,#8 Best Seller,in Loose Men Denim,3274.770114942529
1724,10.0,Manfinity Homme Men's Solid Color Polo Shirt With Pocket And Short Sleeve,0.0,1015.55,13.0,#9 Best Seller,in Letter Men Polo Shirts,1167.2988505747126
1725,0.0,"Men's Striped Printed Round Neck Short Sleeve Casual T-Shirt And Drawstring Waist Shorts Set, Summer",30.0,1395.55,7.0,Unranked(New),Simple Menswear,1500.5913978494623
1726,6.0,"Ultra Performance Mens 5 Pack Athletic Running Shorts, Basketball Gym Workout Shorts For Men With Zippered Pockets",500.0,3799.05,0.0,Unranked(New),Simple Menswear,3799.05
1727,0.0,Manfinity EMRG Men Raw Hem Ripped Jeans Baggy Long Distressed Dark Jean Cargo Plain Light Blue Going Out Street Wear Rapper,200.0,1820.2,31.0,Unranked(New),Simple Menswear,2637.9710144927535
1728,11.0,Men'S Color Block Striped Letter Printed Polo Shirt,400.0,404.7,59.0,Unranked(New),Simple Menswear,987.0731707317074
1729,4.0,Men Spider & Letter Graphic Drop Shoulder Tee,1600.0,806.5500000000001,6.0,Unranked(New),Simple Menswear,858.031914893617
1730,4.0,Men Figure Graphic Raglan Sleeve Jacket,0.0,2003.55,13.0,#8 Best Seller,in Woven Fabric Men Outerwear,2302.9310344827586
1731,0.0,"Manfinity Homme Men's Contrast Color Trim Oversized Short Sleeve Polo Shirt, Summer",10.0,372.4,67.0,Unranked(New),Simple Menswear,1128.4848484848485
1732,0.0,"2pcs Men's Summer Casual Outfit, Colorblock Short Sleeve Round Neck T-Shirt & Drawstring Shorts Set, Beach Wear, Sports Outfit, Plus Size",0.0,1538.0500000000002,7.0,Unranked(New),Simple Menswear,1653.8172043010757
1733,0.0,Manfinity Homme Loose Fit Men's Drawstring Waist Sweatpants With Flap Pocket,1000.0,1299.6,16.0,Unranked(New),Simple Menswear,1547.1428571428569
1734,8.0,Manfinity EMRG Loose-Fit Men's Cargo Pants With Drawstring Waist,1400.0,1747.05,7.0,Unranked(New),Simple Menswear,1878.5483870967741
1735,0.0,Manfinity Homme Men Summer Casual Solid Color Zipper Fly Cargo Shorts,30.0,1348.05,14.0,Unranked(New),Simple Menswear,1567.5
1736,0.0,Manfinity EMRG Black Streetwear Contrast Color Spliced Skull Flame Printed Pants,0.0,1405.05,7.0,#5 Best Seller,in Figure Men Bottoms,1510.8064516129032
1737,0.0,Men's Plus Size Letter Printed Short Sleeve T-shirt,200.0,470.25,51.0,Unranked(New),Simple Menswear,959.6938775510204
1738,12.0,"Manfinity Basics Men Summer Solid Color Round Neck Knitted Casual Short Sleeve T-Shirt, 3pcs",500.0,1804.05,12.0,Unranked(New),Simple Menswear,2050.056818181818
1739,0.0,Men Summer Holiday Casual Coconut Tree And Letter Printed Short Sleeve T-Shirt,300.0,702.05,13.0,Unranked(New),Simple Menswear,806.9540229885057
1740,0.0,Manfinity RSRT Men's Plus Size Palm Tree Print Short Sleeve Shirt And Shorts Two Piece Set,500.0,1880.05,7.0,Unranked(New),Simple Menswear,2021.5591397849462
1741,9.0,Men's Plant Printed Short Sleeve Shirt,700.0,612.75,37.0,Unranked(New),Simple Menswear,972.6190476190476
1742,0.0,Men Summer Color-Block Short Sleeve Casual Shirt With Stripes And Geometric Pattern Print,300.0,1072.55,7.0,Unranked(New),Simple Menswear,1153.279569892473
1743,4.0,Men's Eagle And Letter Printed Short Sleeve T-Shirt,0.0,293.55,64.0,#9 Best Seller,in Street Men Tops,815.4166666666666
1744,5.0,SUMWON Heavyweight Crop Fit Tank Top,0.0,474.05,0.0,#7 Best Seller,in Khaki Men Tank Tops,474.05
1745,0.0,Manfinity Homme Men Solid Color Simple Daily Short Sleeve Shirt,200.0,1040.25,24.0,Unranked(New),Simple Menswear,1368.75
1746,0.0,ROMWE Street Life Men's Summer Casual Short-Sleeved T-Shirt With Letter And Car Print Round Neck,300.0,1034.55,14.0,Unranked(New),Simple Menswear,1202.9651162790697
1747,6.0,Manfinity Homme Men Casual Solid Color Shorts For Spring And Summer,300.0,987.0500000000001,13.0,Unranked(New),Simple Menswear,1134.5402298850574
1748,0.0,Manfinity Hypemode Men's Loose Drawstring Waist Sweatpants With Slant Pockets,1200.0,1273.95,22.0,Unranked(New),Simple Menswear,1633.2692307692307
1749,7.0,Men Drawstring Waist Zipper Pocket Shorts,0.0,882.55,7.0,#4 Best Seller,in Blue Men Shorts,948.9784946236559
1750,0.0,Manfinity Homme Men's Plus Size Summer Casual Solid Color Texture Short Sleeve Shirt And Shorts Set,0.0,2896.5499999999997,7.0,#5 Best Seller,in White Men Plus Size Shirt Co-ords,3114.569892473118
1751,0.0,Men's Short-Sleeved T-Shirt With Heart Pattern,900.0,873.05,13.0,Unranked(New),Simple Menswear,1003.5057471264367
1752,0.0,Men's Digit Printed Round Neck Short-Sleeved T-Shirt,1000.0,422.75,48.0,Unranked(New),Simple Menswear,812.9807692307693
1753,7.0,Manfinity Homme Loose Fit Men's Solid Color V-Neck Shirt & Pants,400.0,1633.0500000000002,33.0,Unranked(New),Simple Menswear,2437.388059701493
1754,0.0,Manfinity Men Plus 3pcs Solid Tank Top,0.0,873.9999999999999,53.0,#1 Best Sellers,in Men Plus Size Tank Tops,1859.574468085106
1755,0.0,Manfinity LEGND Men Cotton Ripped Frayed Slant Pocket Denim Shorts,1700.0,1395.55,31.0,Unranked(New),Simple Menswear,2022.536231884058
1756,0.0,Men's Loose-Fit Drawstring Cuffed 3/4 Length Casual Pants,100.0,1291.05,11.0,Unranked(New),Simple Menswear,1450.6179775280898
1757,0.0,Manfinity LEGND Men Mouth And Slogan Graphic Tee & Drawstring Waist Shorts,0.0,1490.55,13.0,#1 Best Seller,in Street Men Co-ords,1713.2758620689656
1758,0.0,Manfinity RSRT Men's Solid Color Fringed Cardigan Drop Shoulder Oversize Long Plain Khaki Vacation Boho Boyfriend Gift,0.0,1338.55,13.0,#6 Best Seller,in Sleeveless Men Knitwear,1538.5632183908046
1759,12.0,Manfinity Mode Men Button Up Blazer Vest & Pants Without Shirt,1000.0,3314.55,13.0,Unranked(New),Simple Menswear,3809.8275862068967
1760,4.0,Manfinity Homme Men's Cartoon Printed T-shirt And Shorts,2400.0,1405.05,12.0,Unranked(New),Simple Menswear,1596.6477272727273
1761,0.0,Manfinity Swimmode Men Tropical Print Drawstring Waist Swim Trunks,1000.0,1414.55,7.0,Unranked(New),Simple Menswear,1521.021505376344
1762,0.0,Manfinity RSRT Men's Plus Size Palm Tree Print Short Sleeve Shirt And Shorts Set,200.0,1975.05,7.0,Unranked(New),Simple Menswear,2123.7096774193546
1763,4.0,Men Simple Solid Color Casual Long Sleeve Shirt,500.0,1215.05,10.0,Unranked(New),Simple Menswear,1350.0555555555557
1764,0.0,Manfinity Homme Men Letter Patched Half Zip Oversize Teddy Sweatshirt,0.0,1137.15,36.0,#8 Best Seller,in Patched Men Hoodies,1776.7968750000002
1765,7.0,Manfinity Homme Men Argyle Print Shirt,500.0,1044.05,6.0,Unranked(New),Simple Menswear,1110.6914893617022
1766,4.0,Manfinity EMRG Men's Camouflage Print Straight Leg Jeans Baggy Long Washed Camo Jean Cargo Plain Going Out Fashion Friends,0.0,1984.55,13.0,#4 Best Seller,in Graphic Men Jeans,2281.0919540229884
1767,9.0,Manfinity Mode Men Solid Color Simple Daily Style Buttoned Long Sleeve Shirt,300.0,969.95,30.0,Unranked(New),Simple Menswear,1385.642857142857
1768,6.0,Manfinity Streetrush Men\ Cross Printed Wide Shoulder Tank Top For Summer,500.0,576.65,25.0,Unranked(New),Simple Menswear,768.8666666666667
1769,0.0,Manfinity Hypemode Men Solid Tank Top,200.0,702.05,8.0,Unranked(New),Simple Menswear,763.0978260869565
1770,4.0,Men's Letter Printed Striped Baseball Jacket,0.0,1614.05,13.0,#1 Best Seller,in Black Men Jackets & Coats,1855.2298850574712
1771,4.0,Manfinity RSRT Men's Plus Size Tropical Plant Printed Short Sleeve Shirt And Shorts 2 Pcs Set,0.0,1899.05,7.0,#2 Best Seller,in Polyester Men Plus Size Shirt Co-ords,2041.989247311828
1772,0.0,Manfinity Homme Men Solid Button Front Shirt Without Tee,600.0,1443.05,7.0,Unranked(New),Simple Menswear,1551.6666666666667
1773,9.0,Manfinity Homme Men's Solid Color Knitted Short Sleeve T-Shirt,300.0,593.75,26.0,Unranked(New),Simple Menswear,802.3648648648649
1774,0.0,Manfinity Homme Men's Plus Size Summer Casual Color Block Short Sleeve Polo Shirt And Shorts Set,30.0,2127.05,7.0,Unranked(New),Simple Menswear,2287.150537634409
1775,0.0,Manfinity Homme Men'S Printed Short Sleeve Shirt And Shorts Set,1300.0,1576.05,7.0,Unranked(New),Simple Menswear,1694.6774193548388
1776,7.0,Men I Love My Girlfriend Slogan Printed Short Sleeve Tee,10000.0,844.5500000000001,6.0,Unranked(New),Simple Menswear,898.4574468085107
1777,4.0,Men's Short Sleeve Polo Shirt,600.0,1063.05,13.0,Unranked(New),Simple Menswear,1221.896551724138
1778,0.0,ROMWE Anime Guys Sakura Print Shorts,600.0,608.95,40.0,Unranked(New),Simple Menswear,1014.9166666666667
1779,0.0,Manfinity EMRG Men's Letter Print Round Neck Short Sleeve T-Shirt,1600.0,873.05,12.0,Unranked(New),Simple Menswear,992.1022727272727
1780,0.0,Manfinity UrbanChill Men's Color Block Knit Leisure Tank Top,100.0,873.05,6.0,Unranked(New),Simple Menswear,928.7765957446809
1781,0.0,Men's Solid Color Deep V-Neck Casual T-Shirt,100.0,595.65,27.0,Unranked(New),Simple Menswear,815.9589041095891
1782,4.0,Men's Spring And Summer Loose Fit Long Sleeve Poker Printed Round Neck Casual T-Shirt,50.0,287.84999999999997,70.0,Unranked(New),Simple Menswear,959.4999999999999
1783,18.0,Manfinity Homme Men's Solid Short Sleeve Button-Front Shirt,300.0,1129.55,7.0,Unranked(New),Simple Menswear,1214.5698924731182
1784,11.0,Men'S Color Block Striped Letter Printed Polo Shirt,400.0,404.7,59.0,Unranked(New),Simple Menswear,987.0731707317074
1785,4.0,Men Spider & Letter Graphic Drop Shoulder Tee,1600.0,806.5500000000001,6.0,Unranked(New),Simple Menswear,858.031914893617
1786,4.0,Men Figure Graphic Raglan Sleeve Jacket,0.0,2003.55,13.0,#8 Best Seller,in Woven Fabric Men Outerwear,2302.9310344827586
1787,0.0,"Manfinity Homme Men's Contrast Color Trim Oversized Short Sleeve Polo Shirt, Summer",10.0,372.4,67.0,Unranked(New),Simple Menswear,1128.4848484848485
1788,0.0,"2pcs Men's Summer Casual Outfit, Colorblock Short Sleeve Round Neck T-Shirt & Drawstring Shorts Set, Beach Wear, Sports Outfit, Plus Size",0.0,1538.0500000000002,7.0,Unranked(New),Simple Menswear,1653.8172043010757
1789,0.0,Manfinity Basics Men's 3pcs Knitted Leisure Short Sleeve T-Shirt,0.0,1604.55,13.0,#7 Best Seller,in Green Men T-Shirts,1844.3103448275863
1790,9.0,"ROMWE Street Life Men's Holiday Palm Tree Printed Shorts, Suitable For Daily Wear In Spring And Summer",900.0,492.09999999999997,39.0,Unranked(New),Simple Menswear,806.7213114754098
1791,0.0,Men's Plus Size Letter Printed T-shirt,0.0,901.5500000000001,6.0,#2 Best Seller,in Purple Men Plus Size Clothing,959.0957446808511
1792,19.0,DAZY Men's Solid Color Slim Fit Tank Top,900.0,1053.55,6.0,Unranked(New),Simple Menswear,1120.7978723404256
1793,0.0,"Manfinity Vacaylife Men's Summer Beach Outfits - Lightweight, Breathable Hawaiian Palm Tree Patterned Knitted Casual Tank Top And Ombre Shorts 2pcs Beachwear Set",0.0,1851.55,7.0,#9 Best Seller,in Plants Men Tank Top Co-ords,1990.9139784946237
1794,6.0,Manfinity Swimmode Men Ombre Flap Pocket Drawstring Waist Swim Trunks,1500.0,1262.55,7.0,Unranked(New),Simple Menswear,1357.5806451612902
1795,0.0,Manfinity EMRG Men T-Shirts Fit Crew Neck Short Sleeve Graphic Tee Street Summer Polyester,1000.0,750.5,26.0,Unranked(New),Simple Menswear,1014.1891891891892
1796,7.0,"3D Digital Printed Breathable And Soft Casual Men Shorts For Summer Beach Holiday Daily, Hawaii Style",0.0,635.5500000000001,24.0,#2 Best Seller,in Blue Men Plus Size Swimwear,836.2500000000001
1797,4.0,Men Building & Slogan Graphic Tee,800.0,589.95,35.0,Unranked(New),Simple Menswear,907.6153846153848
1798,0.0,Manfinity Mode Men 1pc Plaid Single Breasted Blazer & 1pc Suit Pants,400.0,5822.55,13.0,Unranked(New),Simple Menswear,6692.586206896552
1799,0.0,Manfinity EMRG Men Figure & Slogan Graphic Tee,0.0,787.55,13.0,#2 Best Seller,in Figure Men Tops,905.2298850574713
1800,0.0,Manfinity Hypemode Men's Drawstring Knit Shorts,500.0,2159.35,15.0,Unranked(New),Simple Menswear,2540.4117647058824
1801,4.0,Manfinity Homme Men T-Shirts Fit V Neck Short Sleeve Henley Yes Daddy Casual Simple Husband Summer Knit Top,800.0,768.55,12.0,Unranked(New),Simple Menswear,873.3522727272727
1802,0.0,Manfinity Basics 4pcs Knitted Men's Plus Size Arc Hem T-Shirt Set,100.0,2118.5,15.0,Unranked(New),Simple Menswear,2492.3529411764707
1803,6.0,Men Solid Pocket Patched Drawstring Waist Shorts,1100.0,759.0500000000001,7.0,Unranked(New),Simple Menswear,816.1827956989247
1804,0.0,Manfinity Homme Loose-Fit Men's Letter Graphic Two-Tone Drop Shoulder T-Shirt & Shorts Set,400.0,954.7500000000001,47.0,Unranked(New),Simple Menswear,1801.415094339623
1805,0.0,DAZY Men Summer Letter Print Summer T-Shirt & Shorts Set,100.0,2089.0499999999997,13.0,Unranked(New),Simple Menswear,2401.2068965517237
1806,0.0,Men's Letter Print Drawstring Hooded Fleece Sweatshirt,1000.0,708.7,46.0,Unranked(New),Simple Menswear,1312.4074074074074
1807,0.0,Manfinity RSRT Men T-Shirts Fit Crew Neck Short Sleeve Graphic Tee Palm Tree Casual Fashion Men Clothes Summer,700.0,825.55,12.0,Unranked(New),Simple Menswear,938.125
1808,4.0,Men Daily Outfit Solid Color Short Sleeve Shirt For Spring/Summer,100.0,1367.05,6.0,Unranked(New),Simple Menswear,1454.3085106382978
1809,6.0,Men Headphone Print Tee,0.0,711.5500000000001,12.0,#10 Best Seller,in Graphic Men T-Shirts,808.5795454545455
1810,0.0,Manfinity Hypemode Men's Drawstring Waist Wide Leg Loose Fit Sweatpants,0.0,1490.55,7.0,#3 Best Seller,in Pocket Men Sweatpants,1602.741935483871
1811,4.0,Manfinity Homme Men's Contrast Color Striped & Checkerboard Splice T-Shirt And Shorts Two Piece Set,700.0,1690.05,7.0,Unranked(New),Simple Menswear,1817.258064516129
1812,5.0,Manfinity Homme Men T-Shirts Fit Crew Neck Long Sleeve Slogan Tee Casual Spring,300.0,734.35,26.0,Unranked(New),Simple Menswear,992.3648648648649
1813,14.0,Men Solid Drop Shoulder Tee,2400.0,844.5500000000001,6.0,Unranked(New),Simple Menswear,898.4574468085107
1814,0.0,Manfinity RSRT Men's Button Down Short Sleeve Shirt With Dinosaur Print,0.0,805.6,16.0,#10 Best Seller,in Animal Men Shirts,959.047619047619
1815,0.0,Manfinity RSRT Men Coconut Tree Printed Short Sleeve Casual Shirt For Summer,0.0,1025.05,7.0,#5 Best Seller,in All Over Print Men Shirts,1102.2043010752689
1816,4.0,"Manfinity EMRG Men's Summer Casual T-Shirt With Slogan Print, Round Neckline And Dropped Shoulder Sleeves",100.0,559.55,37.0,Unranked(New),Simple Menswear,888.174603174603
1817,6.0,Manfinity Swimmode Men O-ring Detail Solid Swim Brief,0.0,569.0500000000001,8.0,#1 Best Seller,in Plain Men Swim Shorts,618.5326086956522
1818,5.0,Manfinity Hypemode Loose-Fit Men's Solid Color Wide Leg Denim Jeans Baggy Jeans,1600.0,2302.7999999999997,16.0,Unranked(New),Simple Menswear,2741.428571428571
1819,9.0,Manfinity Homme Men's Summer Casual Striped Colorblock Short Sleeve Polo Shirt And Shorts Set,0.0,1659.6499999999999,12.0,#8 Best Seller,in Striped Men Polo Co-ords,1885.965909090909
1820,0.0,Manfinity NiteLyfe Men's Festival Clothing Knitted Leisure Snake Skin Print Pu Leather Broad Shoulder Black Tank Top,300.0,740.05,7.0,Unranked(New),Simple Menswear,795.752688172043
1821,11.0,Manfinity Homme Men's Solid Color Button-front Long Sleeve Shirt,1800.0,1310.05,7.0,Unranked(New),Simple Menswear,1408.6559139784947
1822,0.0,ROMWE Grunge Punk Men Skeleton Print Tee,2100.0,1025.05,12.0,Unranked(New),Simple Menswear,1164.8295454545455
1823,10.0,Manfinity Swimmode Men Striped Drawstring Waist Swim Trunks,1400.0,911.05,6.0,Unranked(New),Simple Menswear,969.2021276595744
1824,0.0,Men Striped Print Shirt,300.0,852.1500000000001,33.0,Unranked(New),Simple Menswear,1271.8656716417913
1825,0.0,Men Summer Sport Casual American Flag Print Short Sleeve T-Shirt,100.0,546.25,35.0,Unranked(New),Simple Menswear,840.3846153846154
1826,0.0,Manfinity Homme Men's Loose Fit Corduroy Jacket With Letter Patchwork Detail And Teddy Lining,0.0,2079.55,39.0,#3 Best Seller,in Khaki Men Outerwear,3409.0983606557384
1827,0.0,Manfinity EMRG Men's Deep Gray Drop Shoulder T-Shirt,1500.0,863.55,12.0,Unranked(New),Simple Menswear,981.3068181818181
1828,0.0,Manfinity Homme Men Zip Up Sleeveless Hooded Puffer Coat,0.0,1652.05,13.0,#1 Best Seller,in Black Men Winter Coats,1898.9080459770114
1829,0.0,Manfinity NiteLyfe Men's Printed Knit Casual Bell Bottom Sweatpants Straight Leg Long Plain Silver Party Husband,400.0,1671.05,7.0,Unranked(New),Simple Menswear,1796.8279569892472
1830,4.0,Manfinity Homme Men's Summer Solid Color Short Sleeve Shirt And Pants Two-Piece Set,100.0,2119.45,16.0,Unranked(New),Simple Menswear,2523.1547619047615
1831,7.0,Men Mountain & Letter Graphic Tee,3900.0,778.05,7.0,Unranked(New),Simple Menswear,836.6129032258065
1832,5.0,"Manfinity Hypemode Loose Fit Men's Drawstring Waist Pants With Letter Patchwork, Contrast Piping Detail",0.0,1691.9499999999998,8.0,#6 Best Seller,in Casual Men Pants,1839.0760869565215
1833,0.0,Men Floral & Slogan Graphic Jacket,0.0,1899.05,13.0,#7 Best Seller,in Pocket Men Jackets & Coats,2182.816091954023
1834,6.0,Manfinity Homme Men Cotton Ribbed Knit Polo Shirt,500.0,1025.05,14.0,Unranked(New),Simple Menswear,1191.9186046511627
1835,4.0,Manfinity Swimmode Men Random Watermelon Print Drawstring Waist Swim Trunks,700.0,1101.05,6.0,Unranked(New),Simple Menswear,1171.3297872340424
1836,8.0,Manfinity Hypemode Loosemen's Green Pocketed Pants,500.0,1002.2500000000001,29.0,Unranked(New),Simple Menswear,1411.6197183098593
1837,0.0,Manfinity Swimmode Men Ditsy Floral Print Letter Patched Detail Drawstring Waist Swim Trunks,0.0,1129.55,6.0,#10 Best Seller,in Blue Men Swimwear,1201.6489361702127
1838,9.0,Manfinity Homme Men Contrast Trim Polo Shirt,500.0,564.3000000000001,54.0,Unranked(New),Simple Menswear,1226.7391304347827
1839,0.0,Elvis Presley X SHEIN Unisex 1pc Letter & Character Printed T-Shirt,100.0,892.0500000000001,12.0,Unranked(New),Simple Menswear,1013.6931818181819
1840,0.0,Manfinity RSRT Men's Summer Solid Color Casual Daily Commute Short Sleeve Shirt,10.0,1395.55,6.0,Unranked(New),Simple Menswear,1484.627659574468
1841,0.0,Manfinity RSRT Loose-Fit Tropical Printed Men's Shirt (Without Inner Tee),1800.0,1073.5,11.0,Unranked(New),Simple Menswear,1206.1797752808989
1842,5.0,"Men's Polo Shirt With Collar And Long Sleeves, Spring & Autumn New Arrival, Classic & Vintage Polo Shirt, Simple Style, Business & Fashionable Solid Color Top, Loose Fit For Sports, Leisure & Vacation, Anti-wrinkle & Breathable",0.0,1110.55,6.0,#3 Best Seller,in Striped Men Polo Shirts,1181.436170212766
1843,0.0,FeverCity Men Rhinestone Hot Drilling Fishnet Hollow Out Sexy Fashion Tank Top Suitable For Nightclubs,0.0,1053.55,8.0,#10 Best Seller,in All Over Print Men Tank Tops,1145.1630434782608
1844,0.0,"Manfinity ZONE917 Men's Street Retro Style Loose Short-Sleeve T-Shirt With Creative Pattern Of Jesus Portrait, Suitable For Summer.",600.0,1262.55,14.0,Unranked(New),Simple Menswear,1468.0813953488373
1845,0.0,Manfinity Mode Men's Plus Size Color Block Striped Double Breasted Blazer,0.0,2687.5499999999997,13.0,#6 Best Seller,in Long Sleeve Men Plus Size Blazers,3089.137931034483
1846,0.0,"Spring And Autumn New Men's Casual Sports Pants, Solid Light Board, Elastic Waist Drawstring Jogging Pants, Simple And Comfortable Pants",300.0,1021.25,19.0,Unranked(New),Simple Menswear,1260.8024691358025
1847,5.0,Manfinity Men Cotton Splash Ink Ripped Slim Jeans,0.0,2279.0499999999997,13.0,#5 Best Seller,in Graphic Men Denim,2619.597701149425
1848,0.0,Manfinity Men Flamingo Print Swim Brief,0.0,289.75,48.0,#3 Best Seller,in Fabric Men Swim Shorts,557.2115384615385
1849,0.0,DAZY Men Cotton Contrast Trim Drop Shoulder Tee & Shorts,100.0,2146.05,14.0,Unranked(New),Simple Menswear,2495.4069767441865
1850,0.0,Manfinity ZONE917 Men Plus Size Knitted Loose Short Sleeve T-Shirt,0.0,1443.05,14.0,#8 Best Seller,in Patched Men Plus Size Tops,1677.9651162790697
1851,0.0,Men's Hooded Knitted Fleece Sweatshirt For Outdoor Activities,0.0,1462.05,13.0,#5 Best Seller,in Animal Men Hoodies,1680.5172413793102
1852,0.0,DAZY Men Summer Letter Print T-Shirt,80.0,1224.55,13.0,Unranked(New),Simple Menswear,1407.528735632184
1853,0.0,Manfinity Mode Men's Plus Size Woven Casual Short Sleeve Shirt,300.0,1196.05,7.0,Unranked(New),Simple Menswear,1286.0752688172042
1854,4.0,Manfinity Homme Men's Loose Allover Printed Shorts With Drawstring Waist,1400.0,902.5,14.0,Unranked(New),Simple Menswear,1049.4186046511627
1855,0.0,FeverCity Men Summer Loose Short Sleeve Shirt With Character Print,0.0,1120.05,8.0,#8 Best Seller,in Figure Men Shirts,1217.445652173913
1856,0.0,Manfinity Mode Men Single Button Blazer & Pants,0.0,3780.0499999999997,13.0,#9 Best Seller,in Fabric Men Suits,4344.885057471264
1857,8.0,Manfinity Hypemode Men Wide Leg Loose Casual Pants With Letter Print And Color-Block Pockets,200.0,1576.05,7.0,Unranked(New),Simple Menswear,1694.6774193548388
1858,0.0,ROMWE Street Life Men Summer Casual Frayed Hem Denim Shorts With Star Patch,100.0,2070.0499999999997,7.0,Unranked(New),Simple Menswear,2225.860215053763
1859,0.0,Men Colorblock Sleeveless Fashion Pointelle Knit Top For Holiday Outfit,0.0,1025.05,14.0,#8 Best Sellers,in Men Knit Tops,1191.9186046511627
1860,0.0,Men's Plus Size Summer Cartoon Gorilla Printed Round Neck Short Sleeve Casual T-Shirt,0.0,949.0500000000001,12.0,Unranked(New),Simple Menswear,1078.465909090909
1861,4.0,"Manfinity Homme Men's Plus Size Fashionable Casual Plaid Casual Straight Pants, Versatile",0.0,1509.55,6.0,#9 Best Seller,in Street Men Plus Size Pants,1605.904255319149
1862,0.0,Manfinity Homme Men's Spring/Summer Casual Button-Down Long-Sleeved Shirt,600.0,1023.15,23.0,Unranked(New),Simple Menswear,1328.7662337662337
1863,4.0,Manfinity AFTRDRK Men Solid Color Lapel Collar Suit With Chain Decoration,0.0,2185.0,50.0,#3 Best Seller,in Plain Men Plus Size Suits & Separates,4370.0
1864,0.0,Manfinity Homme Men's Contrast Wing Print Polo Shirt,400.0,570.0,53.0,Unranked(New),Simple Menswear,1212.7659574468084
1865,6.0,DAZY Men Half Button Ribbed Knit Sweater,0.0,2127.05,14.0,#9 Best Seller,in White Men Sweaters,2473.3139534883726
1866,6.0,Men Letter Graphic Tee,900.0,778.05,7.0,Unranked(New),Simple Menswear,836.6129032258065
1867,0.0,Manfinity Sporsity Men's Plus Size Knitted Leisure Short Sleeve T-Shirt With Letter Print,0.0,1053.55,12.0,#7 Best Seller,in Green Men Plus Size T-Shirts,1197.215909090909
1868,0.0,ROMWE Street Life Men Summer Vacation Drawstring Printed Shorts,700.0,1091.55,14.0,Unranked(New),Simple Menswear,1269.2441860465117
1869,0.0,GAWX Men's Summer Casual Cartoon Printed Short Sleeve T-Shirt,20.0,1243.55,14.0,Unranked(New),Simple Menswear,1445.9883720930231
1870,0.0,SUMWON Denim Short With Back Applique,0.0,2017.8,15.0,#8 Best Seller,in Blue Men Denim Shorts,2373.8823529411766
1871,8.0,Manfinity Swimmode Men Solid Drawstring Waist Swim Trunks,1000.0,502.55,47.0,Unranked(New),Simple Menswear,948.2075471698113
1872,0.0,FeverCity Men Cotton Letter Graphic Tank Top,700.0,1148.55,6.0,Unranked(New),Simple Menswear,1221.8617021276596
1873,7.0,Manfinity Homme Men Plus Solid Patched Pocket Shirt,300.0,1300.55,6.0,Unranked(New),Simple Menswear,1383.563829787234
1874,0.0,Manfinity Hypemode Men's Loose Straight Leg Jeans Oversize Long Washed Skater Jean Cargo Plain Light Blue Going Out Y2K Friends,1100.0,2374.0499999999997,13.0,Unranked(New),Simple Menswear,2728.7931034482754
1875,0.0,FeverCity Men's Summer Contrast Mesh Round Neck Short Sleeve Slim Fit T-Shirt With Raglan Sleeve,100.0,635.5500000000001,15.0,Unranked(New),Simple Menswear,747.7058823529412
1876,5.0,DAZY Men Cotton Drop Shoulder Solid Tee,1200.0,669.75,52.0,Unranked(New),Simple Menswear,1395.3125
1877,10.0,DAZY Men Ribbed Knit Top,300.0,1528.55,14.0,Unranked(New),Simple Menswear,1777.3837209302326
1878,0.0,"Manfinity CozeMod 2pcs Men's Plus-Size Knitted Loose Fit Drop-Shoulder Printed Short Sleeve T-Shirt And Waist Drawstring Straight-Cut Shorts, Suitable For Summer",60.0,2744.55,13.0,Unranked(New),Simple Menswear,3154.655172413793
1879,11.0,DAZY Men Solid Button Front Corduroy Shirt,1200.0,2174.55,7.0,Unranked(New),Simple Menswear,2338.225806451613
1880,4.0,Manfinity Swimmode Men Cow Print Drawstring Waist Swim Trunks,0.0,462.65000000000003,51.0,#9 Best Seller,in Animal Men Beach Shorts,944.1836734693877
1881,0.0,Men's Striped T-Shirt With Letter Print,2200.0,892.0500000000001,12.0,Unranked(New),Simple Menswear,1013.6931818181819
1882,0.0,Manfinity Men's Floral Print Beach Shorts,0.0,911.05,11.0,#7 Best Seller,in All Over Print Men Beach Shorts,1023.6516853932584
1883,6.0,Manfinity Men Half Button Solid Tee,200.0,884.45,23.0,Unranked(New),Simple Menswear,1148.6363636363637
1884,0.0,Manfinity Men's Vacation Zebra-Print Drawstring Wide-Leg Beach Shorts (Random Cut Print),0.0,1082.05,7.0,#9 Best Seller,in Graphic Men Swimwear,1163.494623655914
1885,0.0,"GAWX Men's Casual Color-Block Slogan Printed T-Shirt, Summer",10.0,1243.55,14.0,Unranked(New),Simple Menswear,1445.9883720930231
1886,0.0,Manfinity Hypemode Men Pocket Front Drawstring Hooded Corduroy Shirt Without Tee,0.0,1357.55,23.0,#8 Best Seller,in Drawstring Men Shirts,1763.051948051948
1887,0.0,DAZY Men Patched Pocket Denim Shirt,0.0,2412.05,7.0,#6 Best Seller,in Long Sleeve Men Denim Shirts,2593.6021505376348
1888,4.0,Manfinity Hypemode Men's Loose Fit Pleated Fold & Slant Pocket Pants,600.0,1918.0500000000002,7.0,Unranked(New),Simple Menswear,2062.41935483871
