id,city,amount,card_type,status,time
98,tehran,1427657.0,visa,success,2025-09-07 10:48:00
52,tehran,1578078.0,mastercard,success,2025-09-20 13:10:00
20,tehran,250000.0,visa,fail,2025-09-29 03:27:00
59,tehran,1782689.0,visa,success,2025-09-11 11:11:00
77,tehran,1050805.0,discover,fail,2025-09-08 21:21:00
14,tabriz,1387769.0,visa,success,2025-09-29 22:27:00
44,tehran,1502601.0,mastercard,fail,2025-09-21 03:00:00
48,tehran,200000.0,visa,success,2025-09-19 12:12:00
94,shiraz,914282.0,amex,fail,2025-09-23 19:19:00
43,tehran,774681.0,visa,fail,2025-09-11 07:32:00
16,isfahan,1305967.0,visa,fail,2025-09-11 14:30:00
35,karaj,177050.0,visa,fail,2025-09-24 11:11:00
53,tehran,650000.0,mastercard,fail,2025-09-21 11:11:00
34,ahvaz,12345.0,amex,success,2025-09-04 10:05:00
68,karaj,50200.0,discover,success,2025-09-24 03:00:00
5,tehran,1305967.0,mastercard,fail,2025-09-03 17:17:00
10,ahvaz,471227.0,discover,fail,2025-09-22 00:00:00
52,karaj,250000.0,unknown,fail,2025-09-21 11:11:00
29,qom,177050.0,visa,fail,2025-09-02 11:11:00
97,tabriz,471227.0,discover,fail,2025-09-24 13:10:00
66,isfahan,976246.0,visa,success,2025-09-30 16:40:00
76,tehran,120000.0,visa,fail,2025-09-06 01:01:00
92,mashhad,1050805.0,visa,success,2025-09-02 16:40:00
37,tehran,1158713.0,discover,fail,2025-09-21 21:10:00
27,shiraz,450000.0,mastercard,success,2025-09-01 14:30:00
68,isfahan,100.5,discover,success,2025-09-22 02:54:00
89,isfahan,99999.0,discover,success,2025-09-17 14:02:00
44,tehran,1578078.0,mastercard,success,2025-09-27 02:24:00
96,tehran,63489.0,amex,fail,2025-09-27 11:11:00
89,tabriz,450000.0,mastercard,fail,2025-09-10 19:29:00
49,tehran,177050.0,discover,success,2025-09-28 19:40:00
53,tehran,1050805.0,amex,fail,2025-09-28 12:12:00
49,isfahan,1578078.0,mastercard,fail,2025-09-15 11:11:00
66,tehran,343679.0,visa,success,2025-09-30 21:23:00
96,qom,555555.0,discover,success,2025-09-30 09:09:00
63,shiraz,471227.0,mastercard,fail,2025-09-15 05:23:00
25,isfahan,976246.0,mastercard,success,2025-09-30 01:01:00
4,karaj,343679.0,amex,success,2025-09-19 14:00:00
51,karaj,1463119.0,visa,fail,2025-09-12 21:23:00
11,ahvaz,200000.0,visa,fail,2025-09-23 08:08:00
17,mashhad,976246.0,mastercard,success,2025-09-20 02:24:00
70,tehran,774681.0,amex,success,2025-09-03 18:12:00
73,karaj,1578078.0,visa,success,2025-09-05 02:30:00
69,tabriz,205000.0,visa,fail,2025-09-19 02:24:00
84,tabriz,1000.0,mastercard,fail,2025-09-07 02:30:00
85,tehran,419089.0,mastercard,success,2025-09-09 14:02:00
27,qom,100.5,discover,fail,2025-09-14 13:10:00
8,isfahan,1578078.0,visa,success,2025-09-18 03:27:00
85,shiraz,1427657.0,amex,success,2025-09-26 16:40:00
70,qom,1768588.0,visa,fail,2025-09-02 06:30:00
3,tabriz,555555.0,visa,success,2025-09-20 11:11:00
73,shiraz,205000.0,discover,success,2025-09-15 07:07:00
7,isfahan,419089.0,mastercard,fail,2025-09-28 13:10:00
60,tabriz,914465.0,mastercard,fail,2025-09-07 06:06:00
4,shiraz,545116.0,visa,success,2025-09-12 23:59:00
5,tehran,976246.0,visa,fail,2025-09-29 21:23:00
64,qom,585954.0,mastercard,success,2025-09-03 05:23:00
99,mashhad,583952.0,visa,fail,2025-09-14 07:08:00
13,tehran,1883871.0,visa,fail,2025-09-17 01:51:00
7,qom,100.5,visa,fail,2025-09-04 05:23:00
56,mashhad,583952.0,mastercard,fail,2025-09-08 14:00:00
50,karaj,1578078.0,mastercard,success,2025-09-02 17:07:00
30,tehran,99999.0,mastercard,fail,2025-09-30 04:04:00
25,tehran,1000.0,mastercard,success,2025-09-22 02:54:00
84,mashhad,1387769.0,amex,success,2025-09-04 03:27:00
67,tehran,1782689.0,visa,fail,2025-09-29 16:16:00
65,ahvaz,1472823.0,visa,fail,2025-09-26 14:11:00
15,karaj,1578078.0,discover,success,2025-09-12 09:45:00
91,karaj,100.5,mastercard,success,2025-09-02 16:40:00
67,tehran,585954.0,mastercard,success,2025-09-10 02:20:00
40,tabriz,177050.0,visa,fail,2025-09-30 09:09:00
99,tehran,1578078.0,mastercard,fail,2025-09-04 14:00:00
69,shiraz,1427657.0,amex,success,2025-09-14 23:59:00
77,tabriz,585954.0,unknown,fail,2025-09-15 22:27:00
43,tabriz,99999.0,discover,fail,2025-09-08 23:17:00
22,tehran,1427657.0,visa,success,2025-09-23 19:29:00
62,karaj,343679.0,discover,success,2025-09-28 02:37:00
79,karaj,1782689.0,mastercard,fail,2025-09-25 19:40:00
26,isfahan,1782689.0,visa,success,2025-09-30 13:10:00
18,karaj,555555.0,amex,fail,2025-09-08 11:11:00
48,ahvaz,12345.0,visa,fail,2025-09-21 03:27:00
9,ahvaz,333333.0,visa,fail,2025-09-16 07:08:00
1,karaj,200000.0,mastercard,success,2025-09-13 10:48:00
9,tehran,914465.0,mastercard,fail,2025-09-18 02:24:00
23,shiraz,250000.0,visa,success,2025-09-15 09:45:00
45,mashhad,471227.0,unknown,success,2025-09-21 13:10:00
2,tehran,1463119.0,visa,success,2025-09-24 15:45:00
14,shiraz,1427657.0,visa,success,2025-09-26 07:07:00
38,shiraz,100000.0,visa,success,2025-09-25 21:23:00
40,unknown,100.5,visa,success,2025-09-28 04:40:00
63,tehran,583952.0,visa,fail,2025-09-28 23:59:00
16,shiraz,333333.0,mastercard,success,2025-09-13 00:00:00
6,tehran,555555.0,discover,fail,2025-09-15 11:11:00
3,qom,452545.0,visa,fail,2025-09-13 06:06:00
14,tehran,100.5,discover,fail,2025-09-01 16:40:00
97,tehran,205000.0,mastercard,fail,2025-09-07 18:12:00
75,tehran,343679.0,mastercard,fail,2025-09-24 08:08:00
87,tehran,177050.0,mastercard,fail,2025-09-01 09:09:00
31,tehran,774681.0,mastercard,success,2025-09-08 16:40:00
33,tabriz,100.5,visa,success,2025-09-24 16:40:00
89,shiraz,1000.0,visa,fail,2025-09-11 23:17:00
1,isfahan,120000.0,mastercard,fail,2025-09-19 02:37:00
44,mashhad,850000.0,visa,fail,2025-09-17 16:40:00
15,tehran,412308.0,visa,fail,2025-09-08 22:27:00
37,isfahan,5000.0,mastercard,success,2025-09-03 02:37:00
27,isfahan,545116.0,discover,success,2025-09-03 03:27:00
48,karaj,419089.0,mastercard,fail,2025-09-01 02:37:00
12,tehran,100000.0,visa,success,2025-09-05 16:40:00
67,tehran,1305967.0,mastercard,fail,2025-09-10 02:20:00
88,tabriz,419089.0,amex,fail,2025-09-09 21:21:00
66,qom,976246.0,mastercard,fail,2025-09-28 00:00:00
34,shiraz,1158713.0,mastercard,success,2025-09-09 10:48:00
39,tehran,914465.0,discover,fail,2025-09-12 19:51:00
97,karaj,1768588.0,mastercard,success,2025-09-02 10:48:00
43,tabriz,452545.0,discover,success,2025-09-01 04:15:00
43,tehran,300000.0,visa,fail,2025-09-16 12:34:00
3,ahvaz,1768588.0,mastercard,success,2025-09-23 22:27:00
46,karaj,1427657.0,amex,success,2025-09-30 18:00:00
32,tehran,120000.0,visa,fail,2025-09-24 00:00:00
43,mashhad,200000.0,visa,fail,2025-09-05 07:32:00
3,tehran,914282.0,amex,fail,2025-09-12 02:30:00
40,qom,471227.0,amex,fail,2025-09-27 07:32:00
18,tehran,177050.0,discover,success,2025-09-03 12:12:00
67,isfahan,850000.0,amex,fail,2025-09-01 09:09:00
62,tehran,914465.0,mastercard,success,2025-09-03 23:59:00
10,isfahan,250000.0,amex,success,2025-09-05 02:37:00
52,shiraz,250000.0,visa,success,2025-09-15 23:59:00
73,isfahan,976246.0,visa,success,2025-09-14 02:30:00
46,isfahan,900000.0,mastercard,success,2025-09-03 21:10:00
46,karaj,250000.0,amex,fail,2025-09-05 05:56:00
75,mashhad,12345.0,amex,fail,2025-09-26 19:19:00
60,qom,1883871.0,visa,fail,2025-09-23 21:21:00
98,shiraz,850000.0,visa,success,2025-09-14 07:08:00
26,tehran,250000.0,mastercard,success,2025-09-07 02:37:00
27,tehran,300000.0,amex,success,2025-09-27 01:51:00
38,shiraz,585954.0,visa,success,2025-09-09 12:44:00
22,isfahan,914282.0,discover,fail,2025-09-15 19:51:00
26,tehran,1502601.0,mastercard,fail,2025-09-15 00:00:00
87,tabriz,1578078.0,amex,fail,2025-09-26 02:37:00
69,tehran,1578078.0,mastercard,success,2025-09-10 22:27:00
35,tehran,200000.0,visa,fail,2025-09-28 00:00:00
100,tehran,914282.0,discover,success,2025-09-19 21:23:00
73,shiraz,1000.0,visa,success,2025-09-07 20:33:00
51,mashhad,1782689.0,amex,fail,2025-09-17 10:48:00
18,qom,419089.0,discover,fail,2025-09-20 20:33:00
12,mashhad,1158713.0,discover,success,2025-09-04 21:23:00
3,ahvaz,443463.0,mastercard,fail,2025-09-30 10:48:00
82,tabriz,120000.0,visa,fail,2025-09-05 10:05:00
98,tehran,1472823.0,mastercard,fail,2025-09-07 12:34:00
6,tehran,419089.0,amex,success,2025-09-13 23:17:00
45,tehran,650000.0,amex,success,2025-09-11 09:00:00
51,tehran,1578078.0,mastercard,fail,2025-09-13 18:45:00
9,tehran,585954.0,discover,fail,2025-09-07 11:11:00
100,isfahan,200000.0,visa,fail,2025-09-27 02:54:00
23,tehran,583952.0,mastercard,success,2025-09-19 12:44:00
12,ahvaz,1463119.0,visa,success,2025-09-22 11:11:00
89,ahvaz,177050.0,visa,fail,2025-09-28 07:32:00
81,karaj,100.5,visa,fail,2025-09-21 23:59:00
7,tehran,1502601.0,discover,success,2025-09-06 19:40:00
50,karaj,200000.0,visa,success,2025-09-28 14:11:00
24,karaj,419089.0,discover,fail,2025-09-12 22:27:00
2,tabriz,200000.0,mastercard,fail,2025-09-12 00:00:00
93,tehran,914465.0,visa,success,2025-09-30 02:30:00
83,tehran,50200.0,mastercard,success,2025-09-30 10:05:00
33,tehran,976246.0,visa,fail,2025-09-11 21:21:00
21,qom,200000.0,discover,success,2025-09-26 03:27:00
74,shiraz,177050.0,mastercard,fail,2025-09-23 21:23:00
45,tabriz,850000.0,visa,success,2025-09-07 14:02:00
9,tehran,443463.0,visa,success,2025-09-30 14:11:00
6,tehran,99999.0,mastercard,fail,2025-09-01 02:30:00
82,tehran,1463119.0,mastercard,success,2025-09-27 04:04:00
53,mashhad,976246.0,visa,success,2025-09-30 10:05:00
19,tabriz,63489.0,mastercard,success,2025-09-25 02:30:00
69,tehran,177050.0,visa,success,2025-09-20 10:05:00
25,ahvaz,650000.0,visa,success,2025-09-13 19:29:00
11,mashhad,120000.0,amex,fail,2025-09-09 11:11:00
74,tabriz,650000.0,mastercard,fail,2025-09-03 14:11:00
36,mashhad,471227.0,visa,success,2025-09-06 05:23:00
96,tehran,412308.0,mastercard,fail,2025-09-27 10:48:00
97,tabriz,1305967.0,discover,success,2025-09-09 05:56:00
21,karaj,914282.0,visa,success,2025-09-30 10:05:00
18,karaj,583952.0,visa,fail,2025-09-05 14:11:00
60,tehran,900000.0,visa,success,2025-09-01 00:00:00
18,mashhad,1768588.0,mastercard,success,2025-09-19 03:00:00
1,tehran,419089.0,discover,success,2025-09-10 12:12:00
14,isfahan,1578078.0,visa,fail,2025-09-12 19:19:00
8,karaj,177050.0,visa,fail,2025-09-24 03:27:00
66,tabriz,343679.0,amex,fail,2025-09-15 02:30:00
51,tehran,443463.0,mastercard,fail,2025-09-27 05:23:00
79,mashhad,850000.0,visa,success,2025-09-22 02:37:00
36,ahvaz,1768588.0,mastercard,success,2025-09-20 12:12:00
62,karaj,443463.0,visa,fail,2025-09-17 08:08:00
1,karaj,200000.0,mastercard,success,2025-09-30 14:30:00
42,qom,200000.0,visa,success,2025-09-26 13:13:00
1,isfahan,123456.0,amex,fail,2025-09-20 14:11:00
97,tehran,976246.0,amex,fail,2025-09-12 20:33:00
54,tehran,1502601.0,mastercard,success,2025-09-07 14:00:00
47,ahvaz,452545.0,unknown,success,2025-09-02 14:30:00
30,mashhad,343679.0,visa,fail,2025-09-17 05:56:00
7,isfahan,471227.0,visa,success,2025-09-05 09:09:00
22,mashhad,50200.0,visa,success,2025-09-17 12:12:00
50,tabriz,1472823.0,amex,fail,2025-09-24 20:20:00
45,tehran,250000.0,mastercard,fail,2025-09-17 18:12:00
74,ahvaz,914282.0,visa,success,2025-09-27 02:20:00
72,ahvaz,333333.0,mastercard,fail,2025-09-17 21:21:00
92,isfahan,5000.0,visa,success,2025-09-02 20:20:00
10,tehran,914465.0,mastercard,fail,2025-09-02 12:12:00
14,karaj,471227.0,discover,success,2025-09-28 11:11:00
46,isfahan,120000.0,mastercard,success,2025-09-22 07:08:00
75,tehran,250000.0,visa,success,2025-09-23 23:59:00
6,ahvaz,850000.0,visa,fail,2025-09-05 10:05:00
21,tehran,450000.0,amex,fail,2025-09-01 10:48:00
62,qom,585954.0,visa,fail,2025-09-01 14:02:00
89,mashhad,300000.0,discover,fail,2025-09-02 19:51:00
82,tabriz,123456.0,visa,fail,2025-09-21 10:48:00
100,tabriz,774681.0,mastercard,success,2025-09-12 20:20:00
62,ahvaz,1768588.0,mastercard,fail,2025-09-26 21:21:00
83,tehran,471227.0,visa,success,2025-09-06 23:59:00
53,ahvaz,343679.0,mastercard,success,2025-09-23 01:01:00
56,tehran,976246.0,mastercard,fail,2025-09-23 14:11:00
62,unknown,343679.0,mastercard,success,2025-09-11 02:37:00
34,shiraz,250000.0,mastercard,success,2025-09-24 07:32:00
22,isfahan,545116.0,amex,fail,2025-09-27 05:56:00
68,mashhad,1463119.0,amex,fail,2025-09-17 10:05:00
57,tabriz,250000.0,visa,fail,2025-09-06 19:40:00
10,tehran,100000.0,mastercard,success,2025-09-24 15:45:00
66,qom,63489.0,visa,fail,2025-09-05 14:11:00
8,ahvaz,1578078.0,mastercard,success,2025-09-20 12:34:00
98,tabriz,177050.0,visa,fail,2025-09-02 11:11:00
38,isfahan,976246.0,discover,success,2025-09-06 06:30:00
28,tehran,1782689.0,visa,success,2025-09-11 14:55:00
10,tehran,333333.0,discover,success,2025-09-16 21:21:00
65,tehran,1782689.0,visa,fail,2025-09-01 11:11:00
99,tehran,650000.0,amex,fail,2025-09-09 02:54:00
67,shiraz,177050.0,visa,fail,2025-09-28 09:00:00
9,shiraz,412308.0,visa,fail,2025-09-27 21:23:00
5,isfahan,452545.0,visa,success,2025-09-06 06:06:00
10,mashhad,1427657.0,discover,fail,2025-09-16 00:00:00
12,tehran,100000.0,visa,fail,2025-09-29 23:59:00
58,tabriz,914282.0,visa,success,2025-09-20 12:44:00
21,mashhad,914465.0,visa,fail,2025-09-28 19:29:00
65,qom,1472823.0,visa,fail,2025-09-04 14:11:00
90,tabriz,419089.0,mastercard,success,2025-09-03 03:27:00
64,tabriz,12345.0,visa,fail,2025-09-19 14:55:00
49,tehran,555555.0,visa,success,2025-09-20 19:51:00
72,tehran,471227.0,mastercard,fail,2025-09-07 07:08:00
73,mashhad,200000.0,mastercard,fail,2025-09-09 03:00:00
70,mashhad,100.5,mastercard,success,2025-09-08 19:51:00
21,tehran,63489.0,visa,fail,2025-09-07 17:17:00
7,isfahan,914282.0,visa,fail,2025-09-18 10:48:00
7,shiraz,443463.0,visa,success,2025-09-08 11:11:00
27,karaj,850000.0,visa,success,2025-09-01 02:37:00
8,shiraz,123456.0,mastercard,fail,2025-09-11 13:10:00
73,tehran,100.5,discover,success,2025-09-28 02:30:00
28,tabriz,1578078.0,visa,fail,2025-09-25 11:11:00
71,tehran,976246.0,mastercard,fail,2025-09-23 11:11:00
87,qom,1768588.0,mastercard,success,2025-09-03 18:12:00
10,tehran,1463119.0,visa,fail,2025-09-07 01:01:00
33,qom,914282.0,visa,fail,2025-09-28 21:10:00
7,tehran,900000.0,visa,success,2025-09-16 13:13:00
3,shiraz,99999.0,visa,success,2025-09-26 10:48:00
44,karaj,1158713.0,discover,fail,2025-09-25 04:40:00
61,isfahan,1578078.0,visa,fail,2025-09-28 20:33:00
13,mashhad,100.5,amex,fail,2025-09-02 07:08:00
16,tehran,100000.0,discover,success,2025-09-01 20:33:00
80,tabriz,1578078.0,mastercard,fail,2025-09-16 19:51:00
5,tehran,471227.0,amex,success,2025-09-30 21:10:00
50,isfahan,1883871.0,visa,fail,2025-09-05 19:40:00
38,mashhad,585954.0,amex,fail,2025-09-27 04:15:00
63,mashhad,419089.0,visa,fail,2025-09-09 19:51:00
48,mashhad,914465.0,visa,success,2025-09-09 23:17:00
91,qom,1050805.0,amex,fail,2025-09-03 16:16:00
59,tehran,583952.0,discover,success,2025-09-19 14:11:00
44,tehran,1782689.0,mastercard,fail,2025-09-16 12:44:00
91,ahvaz,200000.0,visa,success,2025-09-03 13:13:00
55,karaj,343679.0,discover,fail,2025-09-24 07:08:00
8,isfahan,1502601.0,mastercard,success,2025-09-24 03:00:00
87,tehran,343679.0,visa,fail,2025-09-20 12:44:00
53,tabriz,900000.0,mastercard,success,2025-09-11 03:27:00
58,tehran,914465.0,visa,fail,2025-09-17 09:00:00
37,karaj,99999.0,discover,fail,2025-09-08 07:07:00
67,mashhad,343679.0,discover,success,2025-09-06 01:01:00
19,karaj,914465.0,discover,fail,2025-09-08 16:40:00
29,tehran,120000.0,visa,fail,2025-09-30 12:44:00
88,tehran,1463119.0,unknown,success,2025-09-03 14:11:00
33,mashhad,1463119.0,visa,success,2025-09-16 12:34:00
52,karaj,914465.0,discover,success,2025-09-30 10:05:00
41,tabriz,555555.0,visa,success,2025-09-25 09:45:00
23,tabriz,1387769.0,discover,fail,2025-09-03 08:59:00
5,isfahan,450000.0,visa,success,2025-09-25 07:08:00
57,mashhad,5000.0,visa,success,2025-09-18 10:48:00
6,mashhad,100.5,mastercard,fail,2025-09-14 08:59:00
22,tabriz,774681.0,mastercard,success,2025-09-02 19:51:00
77,tehran,471227.0,visa,fail,2025-09-22 23:17:00
76,tabriz,177050.0,amex,fail,2025-09-03 07:08:00
4,qom,914282.0,mastercard,success,2025-09-16 02:24:00
72,tehran,450000.0,discover,fail,2025-09-29 12:44:00
37,tehran,63489.0,amex,fail,2025-09-04 07:32:00
31,unknown,555555.0,mastercard,success,2025-09-01 23:59:00
45,tehran,200000.0,unknown,success,2025-09-01 04:15:00
91,tabriz,1578078.0,discover,success,2025-09-14 08:08:00
8,tabriz,583952.0,mastercard,success,2025-09-21 14:00:00
40,shiraz,63489.0,amex,success,2025-09-16 10:05:00
98,mashhad,250000.0,mastercard,fail,2025-09-20 10:05:00
94,ahvaz,583952.0,amex,fail,2025-09-24 13:13:00
5,karaj,1768588.0,visa,success,2025-09-08 03:27:00
28,tabriz,5000.0,visa,success,2025-09-07 15:45:00
81,ahvaz,1472823.0,visa,fail,2025-09-03 04:15:00
88,karaj,1000.0,visa,fail,2025-09-17 10:48:00
9,qom,1463119.0,mastercard,fail,2025-09-01 23:59:00
63,ahvaz,1782689.0,discover,fail,2025-09-12 13:13:00
97,qom,250000.0,visa,success,2025-09-27 15:45:00
51,tehran,1782689.0,mastercard,success,2025-09-19 09:09:00
31,qom,1502601.0,mastercard,fail,2025-09-22 07:07:00
7,mashhad,200000.0,mastercard,fail,2025-09-23 04:40:00
30,isfahan,452545.0,amex,success,2025-09-22 04:15:00
3,tehran,1768588.0,visa,fail,2025-09-30 07:32:00
10,shiraz,333333.0,visa,fail,2025-09-19 16:16:00
61,mashhad,452545.0,visa,fail,2025-09-22 02:54:00
50,tabriz,1883871.0,visa,success,2025-09-08 02:30:00
57,shiraz,1502601.0,mastercard,fail,2025-09-30 21:23:00
38,karaj,650000.0,discover,success,2025-09-01 08:59:00
62,isfahan,1578078.0,unknown,fail,2025-09-28 19:51:00
79,karaj,914465.0,discover,success,2025-09-15 21:21:00
90,tehran,443463.0,amex,fail,2025-09-01 14:30:00
70,qom,123456.0,discover,success,2025-09-05 17:17:00
82,shiraz,1305967.0,amex,success,2025-09-28 21:23:00
62,shiraz,120000.0,unknown,fail,2025-09-16 09:45:00
56,tehran,200000.0,visa,fail,2025-09-19 16:40:00
67,karaj,99999.0,visa,success,2025-09-04 02:20:00
17,isfahan,100000.0,mastercard,fail,2025-09-03 04:15:00
60,tabriz,900000.0,visa,fail,2025-09-17 04:40:00
40,mashhad,177050.0,mastercard,fail,2025-09-12 09:45:00
90,karaj,976246.0,visa,fail,2025-09-30 05:56:00
62,mashhad,343679.0,discover,fail,2025-09-29 16:40:00
41,tabriz,333333.0,visa,fail,2025-09-14 04:40:00
12,mashhad,1387769.0,mastercard,success,2025-09-21 00:00:00
94,karaj,471227.0,visa,fail,2025-09-06 20:33:00
90,qom,333333.0,visa,fail,2025-09-09 13:13:00
94,tabriz,450000.0,visa,success,2025-09-05 20:33:00
78,tehran,1387769.0,discover,success,2025-09-14 10:48:00
46,qom,900000.0,discover,success,2025-09-21 12:44:00
61,isfahan,5000.0,amex,fail,2025-09-28 04:15:00
17,tabriz,1782689.0,discover,fail,2025-09-01 14:55:00
66,shiraz,583952.0,discover,fail,2025-09-20 10:48:00
72,tehran,1883871.0,mastercard,success,2025-09-29 12:12:00
36,shiraz,914282.0,discover,fail,2025-09-21 09:45:00
7,shiraz,1472823.0,amex,fail,2025-09-01 09:00:00
14,tehran,123456.0,mastercard,fail,2025-09-18 12:12:00
80,tehran,1463119.0,discover,success,2025-09-25 11:11:00
25,tehran,177050.0,discover,fail,2025-09-10 19:51:00
29,mashhad,1578078.0,discover,fail,2025-09-26 19:29:00
56,tehran,471227.0,discover,fail,2025-09-03 17:07:00
6,tehran,545116.0,amex,success,2025-09-08 14:00:00
1,tehran,850000.0,visa,fail,2025-09-14 14:02:00
39,tehran,1782689.0,mastercard,fail,2025-09-24 19:40:00
1,tehran,123456.0,mastercard,fail,2025-09-18 19:51:00
63,tehran,100.5,visa,fail,2025-09-15 05:56:00
57,ahvaz,419089.0,visa,success,2025-09-22 02:54:00
67,tehran,100000.0,mastercard,fail,2025-09-23 20:20:00
65,mashhad,5000.0,amex,fail,2025-09-02 04:40:00
65,ahvaz,100.5,amex,success,2025-09-27 13:13:00
30,tehran,1463119.0,mastercard,fail,2025-09-02 19:40:00
97,tehran,419089.0,amex,success,2025-09-26 08:08:00
33,tehran,177050.0,mastercard,fail,2025-09-17 02:37:00
54,tehran,1782689.0,mastercard,fail,2025-09-11 02:20:00
4,tehran,471227.0,mastercard,success,2025-09-22 19:19:00
44,tehran,333333.0,visa,fail,2025-09-29 05:56:00
90,mashhad,471227.0,visa,success,2025-09-10 21:23:00
12,unknown,1782689.0,unknown,fail,2025-09-23 06:06:00
81,tehran,452545.0,discover,success,2025-09-26 02:24:00
74,isfahan,1158713.0,visa,fail,2025-09-18 02:37:00
52,karaj,1463119.0,mastercard,success,2025-09-24 20:33:00
94,isfahan,99999.0,amex,success,2025-09-13 13:13:00
76,tehran,900000.0,mastercard,success,2025-09-28 02:30:00
65,mashhad,120000.0,amex,success,2025-09-07 20:33:00
10,tehran,774681.0,discover,success,2025-09-25 12:34:00
47,qom,99999.0,visa,fail,2025-09-13 06:06:00
49,shiraz,471227.0,visa,fail,2025-09-01 19:51:00
72,mashhad,200000.0,amex,success,2025-09-08 00:00:00
87,tehran,650000.0,discover,success,2025-09-16 13:13:00
26,shiraz,774681.0,mastercard,fail,2025-09-14 12:34:00
91,shiraz,200000.0,amex,success,2025-09-12 23:17:00
9,shiraz,914282.0,visa,fail,2025-09-19 22:27:00
96,tehran,900000.0,mastercard,success,2025-09-15 07:08:00
63,isfahan,250000.0,mastercard,fail,2025-09-28 14:55:00
14,isfahan,120000.0,visa,success,2025-09-02 10:05:00
33,isfahan,900000.0,discover,success,2025-09-23 19:19:00
71,ahvaz,555555.0,visa,success,2025-09-22 18:12:00
24,tehran,471227.0,discover,success,2025-09-19 19:51:00
73,karaj,63489.0,mastercard,success,2025-09-25 09:09:00
75,mashhad,1000.0,discover,fail,2025-09-26 06:06:00
88,isfahan,412308.0,discover,fail,2025-09-30 23:59:00
35,isfahan,177050.0,amex,fail,2025-09-26 11:11:00
36,isfahan,1387769.0,amex,success,2025-09-22 21:23:00
93,shiraz,1387769.0,visa,fail,2025-09-17 20:33:00
39,mashhad,976246.0,mastercard,fail,2025-09-20 00:00:00
64,shiraz,914282.0,mastercard,success,2025-09-06 14:02:00
74,tehran,1502601.0,discover,success,2025-09-15 01:01:00
57,tehran,1305967.0,visa,success,2025-09-11 19:29:00
30,tehran,914465.0,visa,success,2025-09-28 13:10:00
100,tehran,419089.0,mastercard,success,2025-09-05 18:45:00
74,tehran,1578078.0,amex,success,2025-09-01 23:17:00
67,tehran,976246.0,mastercard,fail,2025-09-21 22:27:00
15,mashhad,177050.0,mastercard,success,2025-09-12 09:00:00
17,tabriz,1387769.0,mastercard,fail,2025-09-12 04:15:00
18,karaj,200000.0,visa,success,2025-09-07 03:27:00
89,tehran,100.5,mastercard,success,2025-09-13 05:23:00
69,tehran,123456.0,amex,success,2025-09-20 21:23:00
92,tehran,100.5,amex,success,2025-09-15 19:51:00
48,tehran,976246.0,amex,fail,2025-09-03 11:11:00
30,qom,200000.0,discover,success,2025-09-23 08:08:00
44,tehran,1883871.0,amex,fail,2025-09-16 14:30:00
99,tehran,343679.0,mastercard,fail,2025-09-13 02:37:00
27,karaj,1387769.0,mastercard,fail,2025-09-18 07:08:00
97,tabriz,471227.0,mastercard,success,2025-09-19 07:07:00
68,tehran,1578078.0,discover,fail,2025-09-17 04:40:00
5,qom,443463.0,visa,fail,2025-09-24 20:20:00
53,tehran,1472823.0,visa,fail,2025-09-19 14:00:00
8,mashhad,914465.0,mastercard,success,2025-09-28 18:12:00
22,mashhad,555555.0,mastercard,fail,2025-09-26 07:08:00
7,tabriz,850000.0,mastercard,success,2025-09-23 01:01:00
22,isfahan,300000.0,unknown,fail,2025-09-26 14:55:00
46,qom,471227.0,discover,success,2025-09-05 14:11:00
30,tehran,471227.0,amex,fail,2025-09-26 08:59:00
16,qom,100.5,amex,fail,2025-09-21 18:00:00
79,tehran,343679.0,visa,fail,2025-09-30 12:12:00
5,tehran,1502601.0,discover,success,2025-09-23 17:07:00
67,tehran,1000.0,mastercard,success,2025-09-09 10:05:00
23,isfahan,1158713.0,visa,success,2025-09-12 23:59:00
61,tabriz,1782689.0,mastercard,fail,2025-09-21 14:02:00
5,tehran,177050.0,visa,success,2025-09-26 01:51:00
23,ahvaz,419089.0,visa,fail,2025-09-26 06:30:00
82,isfahan,63489.0,visa,success,2025-09-15 00:00:00
25,ahvaz,471227.0,amex,success,2025-09-02 02:37:00
8,tehran,585954.0,amex,fail,2025-09-30 17:17:00
2,karaj,1463119.0,visa,fail,2025-09-25 11:11:00
22,tehran,585954.0,visa,fail,2025-09-08 21:10:00
72,tabriz,100.5,visa,fail,2025-09-13 18:12:00
88,isfahan,177050.0,visa,success,2025-09-21 07:08:00
72,tehran,583952.0,visa,fail,2025-09-16 22:27:00
68,tabriz,50200.0,mastercard,fail,2025-09-29 12:12:00
95,tabriz,205000.0,discover,fail,2025-09-05 12:12:00
19,tabriz,200000.0,amex,fail,2025-09-22 02:20:00
88,karaj,1463119.0,visa,fail,2025-09-29 05:56:00
82,karaj,1305967.0,visa,fail,2025-09-23 19:51:00
53,mashhad,976246.0,visa,success,2025-09-03 23:17:00
94,tehran,123456.0,mastercard,fail,2025-09-12 03:27:00
88,tabriz,900000.0,mastercard,fail,2025-09-26 06:06:00
52,ahvaz,1387769.0,visa,fail,2025-09-19 16:40:00
47,isfahan,1578078.0,visa,fail,2025-09-05 23:59:00
54,tehran,412308.0,visa,fail,2025-09-25 16:16:00
44,tehran,419089.0,visa,fail,2025-09-29 03:27:00
7,tehran,1463119.0,visa,fail,2025-09-28 06:30:00
1,isfahan,1463119.0,mastercard,success,2025-09-15 02:30:00
63,tehran,650000.0,mastercard,success,2025-09-17 22:27:00
39,tehran,555555.0,discover,fail,2025-09-14 04:15:00
19,mashhad,300000.0,visa,fail,2025-09-30 23:59:00
31,isfahan,123456.0,visa,success,2025-09-20 02:30:00
77,qom,850000.0,visa,success,2025-09-05 17:07:00
24,tabriz,1427657.0,visa,fail,2025-09-12 09:00:00
69,tabriz,412308.0,mastercard,fail,2025-09-16 05:56:00
88,tehran,120000.0,amex,fail,2025-09-26 01:01:00
65,shiraz,12345.0,amex,fail,2025-09-16 19:29:00
33,tehran,1578078.0,mastercard,fail,2025-09-21 14:11:00
59,karaj,343679.0,visa,success,2025-09-07 03:27:00
32,tabriz,200000.0,mastercard,fail,2025-09-01 14:30:00
12,tehran,123456.0,mastercard,fail,2025-09-23 03:27:00
73,qom,583952.0,discover,success,2025-09-26 07:08:00
11,shiraz,5000.0,mastercard,fail,2025-09-10 10:48:00
19,unknown,914465.0,discover,fail,2025-09-05 12:12:00
54,tabriz,850000.0,mastercard,fail,2025-09-04 03:27:00
57,tabriz,1782689.0,mastercard,success,2025-09-02 17:07:00
42,mashhad,63489.0,visa,success,2025-09-20 07:07:00
99,tabriz,419089.0,mastercard,success,2025-09-10 02:24:00
71,tehran,100.5,amex,fail,2025-09-26 08:59:00
31,isfahan,100.5,mastercard,fail,2025-09-19 18:00:00
52,isfahan,900000.0,amex,fail,2025-09-26 05:56:00
2,shiraz,900000.0,amex,success,2025-09-01 05:56:00
38,ahvaz,177050.0,mastercard,success,2025-09-05 16:16:00
32,ahvaz,63489.0,mastercard,fail,2025-09-13 18:12:00
10,mashhad,850000.0,visa,success,2025-09-04 12:12:00
91,qom,555555.0,mastercard,fail,2025-09-24 15:45:00
20,shiraz,1768588.0,visa,fail,2025-09-02 12:44:00
9,tehran,1158713.0,visa,success,2025-09-28 02:24:00
72,karaj,100.5,amex,success,2025-09-27 02:24:00
15,tehran,1768588.0,visa,fail,2025-09-20 18:00:00
99,mashhad,452545.0,visa,fail,2025-09-24 14:55:00
89,isfahan,976246.0,discover,fail,2025-09-12 10:48:00
98,mashhad,585954.0,mastercard,fail,2025-09-18 10:48:00
63,karaj,200000.0,mastercard,success,2025-09-03 02:37:00
92,tehran,471227.0,visa,success,2025-09-28 23:59:00
21,tehran,976246.0,visa,success,2025-09-01 08:08:00
5,tehran,1578078.0,amex,success,2025-09-01 13:13:00
35,qom,976246.0,visa,fail,2025-09-29 03:27:00
85,tehran,583952.0,discover,fail,2025-09-19 20:33:00
68,shiraz,1782689.0,visa,success,2025-09-11 11:11:00
48,tehran,177050.0,mastercard,success,2025-09-05 17:07:00
80,mashhad,1427657.0,visa,fail,2025-09-12 11:11:00
96,tehran,583952.0,mastercard,fail,2025-09-03 13:13:00
91,qom,177050.0,visa,success,2025-09-01 03:00:00
70,ahvaz,850000.0,discover,fail,2025-09-10 23:17:00
98,unknown,774681.0,unknown,fail,2025-09-11 17:07:00
21,tabriz,1883871.0,amex,success,2025-09-12 04:15:00
6,qom,1782689.0,visa,success,2025-09-02 02:37:00
89,tehran,555555.0,discover,success,2025-09-19 06:30:00
49,mashhad,1782689.0,mastercard,fail,2025-09-03 18:00:00
93,tabriz,12345.0,mastercard,fail,2025-09-23 07:08:00
1,tehran,123456.0,visa,fail,2025-09-17 14:11:00
65,tehran,914465.0,discover,success,2025-09-26 13:13:00
28,tabriz,100.5,mastercard,success,2025-09-08 06:30:00
20,tehran,1502601.0,mastercard,fail,2025-09-29 21:23:00
48,tehran,177050.0,discover,fail,2025-09-26 23:17:00
65,tabriz,976246.0,discover,success,2025-09-26 10:48:00
91,karaj,555555.0,mastercard,fail,2025-09-30 01:01:00
51,isfahan,900000.0,visa,fail,2025-09-02 18:00:00
49,tehran,900000.0,mastercard,success,2025-09-09 08:08:00
25,karaj,976246.0,visa,fail,2025-09-07 07:32:00
76,karaj,177050.0,mastercard,fail,2025-09-26 19:29:00
71,isfahan,850000.0,visa,success,2025-09-18 18:00:00
61,tehran,650000.0,mastercard,success,2025-09-11 22:27:00
81,ahvaz,1387769.0,visa,fail,2025-09-24 14:02:00
69,tabriz,12345.0,mastercard,success,2025-09-04 19:19:00
14,isfahan,452545.0,visa,success,2025-09-25 13:10:00
34,tehran,1578078.0,visa,fail,2025-09-21 14:30:00
48,qom,5000.0,mastercard,success,2025-09-29 08:08:00
61,tehran,976246.0,amex,fail,2025-09-25 12:34:00
81,mashhad,583952.0,mastercard,success,2025-09-04 09:00:00
35,ahvaz,585954.0,mastercard,fail,2025-09-10 05:56:00
65,mashhad,177050.0,amex,fail,2025-09-05 09:09:00
59,tehran,914282.0,mastercard,fail,2025-09-09 14:55:00
36,mashhad,205000.0,mastercard,success,2025-09-24 05:56:00
79,tehran,1000.0,visa,success,2025-09-03 04:40:00
42,karaj,1502601.0,amex,fail,2025-09-03 02:30:00
39,qom,205000.0,discover,fail,2025-09-18 14:02:00
69,isfahan,583952.0,visa,success,2025-09-17 16:16:00
12,tabriz,63489.0,discover,fail,2025-09-24 13:13:00
83,ahvaz,177050.0,visa,success,2025-09-23 11:11:00
47,tehran,1502601.0,mastercard,fail,2025-09-30 04:04:00
63,tehran,774681.0,discover,fail,2025-09-17 06:30:00
82,ahvaz,443463.0,discover,fail,2025-09-13 00:00:00
51,tehran,12345.0,unknown,success,2025-09-23 18:00:00
34,karaj,1305967.0,visa,success,2025-09-03 02:37:00
98,qom,471227.0,visa,success,2025-09-09 10:05:00
49,karaj,583952.0,visa,fail,2025-09-30 12:12:00
18,tabriz,63489.0,mastercard,fail,2025-09-17 03:00:00
61,ahvaz,1768588.0,visa,success,2025-09-17 11:11:00
57,mashhad,850000.0,mastercard,fail,2025-09-30 02:37:00
94,shiraz,12345.0,mastercard,success,2025-09-20 02:37:00
90,tabriz,5000.0,amex,success,2025-09-25 16:40:00
24,ahvaz,1578078.0,visa,fail,2025-09-22 16:40:00
94,tabriz,63489.0,visa,fail,2025-09-13 21:21:00
64,tehran,585954.0,discover,success,2025-09-27 21:10:00
59,qom,555555.0,amex,fail,2025-09-19 19:40:00
38,qom,177050.0,mastercard,fail,2025-09-17 22:27:00
33,shiraz,1578078.0,amex,success,2025-09-04 18:45:00
10,shiraz,900000.0,visa,success,2025-09-12 13:13:00
37,mashhad,12345.0,mastercard,success,2025-09-29 21:23:00
98,mashhad,200000.0,mastercard,fail,2025-09-09 21:21:00
88,tehran,50200.0,visa,fail,2025-09-19 18:12:00
11,mashhad,471227.0,visa,fail,2025-09-12 14:11:00
24,shiraz,976246.0,unknown,fail,2025-09-09 02:24:00
89,tabriz,250000.0,mastercard,fail,2025-09-07 18:12:00
71,tehran,205000.0,amex,success,2025-09-28 03:27:00
21,tehran,471227.0,mastercard,success,2025-09-14 16:40:00
20,qom,250000.0,mastercard,success,2025-09-20 09:00:00
10,isfahan,1305967.0,mastercard,fail,2025-09-19 14:11:00
90,qom,914282.0,mastercard,fail,2025-09-26 05:23:00
47,isfahan,443463.0,visa,success,2025-09-15 06:30:00
47,karaj,1502601.0,mastercard,fail,2025-09-16 03:27:00
66,tehran,250000.0,mastercard,success,2025-09-25 06:30:00
76,mashhad,471227.0,mastercard,success,2025-09-20 02:30:00
4,tehran,583952.0,mastercard,success,2025-09-27 20:33:00
23,tehran,900000.0,amex,fail,2025-09-21 00:00:00
13,tehran,1782689.0,discover,fail,2025-09-04 04:15:00
31,tabriz,1000.0,visa,fail,2025-09-23 23:17:00
16,isfahan,120000.0,visa,fail,2025-09-16 19:29:00
41,karaj,343679.0,discover,fail,2025-09-25 14:30:00
93,karaj,1427657.0,discover,success,2025-09-13 02:20:00
12,tehran,650000.0,amex,fail,2025-09-10 22:27:00
50,mashhad,12345.0,visa,fail,2025-09-07 18:12:00
20,qom,412308.0,mastercard,fail,2025-09-14 08:08:00
36,tabriz,100.5,visa,fail,2025-09-05 17:07:00
79,tabriz,914282.0,amex,success,2025-09-03 09:45:00
38,tehran,205000.0,visa,success,2025-09-23 08:59:00
22,isfahan,1387769.0,visa,fail,2025-09-29 09:09:00
59,tehran,774681.0,visa,success,2025-09-15 07:32:00
20,tehran,1050805.0,visa,success,2025-09-12 23:59:00
36,tabriz,452545.0,mastercard,fail,2025-09-09 07:08:00
98,tehran,914465.0,mastercard,success,2025-09-10 19:51:00
62,tabriz,333333.0,visa,success,2025-09-12 19:40:00
94,isfahan,471227.0,mastercard,success,2025-09-29 21:21:00
92,shiraz,99999.0,mastercard,success,2025-09-06 19:19:00
5,isfahan,200000.0,visa,fail,2025-09-07 14:00:00
56,mashhad,585954.0,discover,success,2025-09-14 17:17:00
87,tehran,99999.0,mastercard,fail,2025-09-08 16:40:00
35,tehran,177050.0,visa,fail,2025-09-10 11:11:00
70,tehran,300000.0,mastercard,fail,2025-09-18 19:40:00
83,tabriz,343679.0,visa,fail,2025-09-02 23:17:00
7,isfahan,583952.0,discover,fail,2025-09-05 13:13:00
36,isfahan,850000.0,visa,success,2025-09-29 14:30:00
76,isfahan,177050.0,mastercard,success,2025-09-05 03:00:00
95,ahvaz,545116.0,visa,success,2025-09-16 01:51:00
59,karaj,1158713.0,mastercard,fail,2025-09-13 19:29:00
29,shiraz,585954.0,mastercard,success,2025-09-22 12:12:00
96,tabriz,1768588.0,visa,fail,2025-09-20 14:00:00
18,tabriz,333333.0,mastercard,success,2025-09-17 02:20:00
41,tabriz,452545.0,visa,fail,2025-09-07 17:07:00
4,tabriz,1578078.0,mastercard,fail,2025-09-13 16:40:00
65,qom,1782689.0,visa,success,2025-09-04 02:24:00
15,tabriz,452545.0,visa,fail,2025-09-06 14:02:00
54,tabriz,412308.0,mastercard,success,2025-09-28 13:13:00
72,mashhad,443463.0,visa,fail,2025-09-29 12:34:00
15,karaj,100.5,mastercard,fail,2025-09-12 19:29:00
79,tabriz,177050.0,discover,fail,2025-09-22 23:59:00
50,tehran,545116.0,mastercard,success,2025-09-07 03:27:00
22,karaj,1427657.0,mastercard,success,2025-09-27 19:19:00
18,tehran,205000.0,visa,fail,2025-09-10 09:45:00
36,karaj,177050.0,mastercard,fail,2025-09-07 14:55:00
20,shiraz,343679.0,amex,fail,2025-09-30 05:56:00
16,tehran,177050.0,mastercard,success,2025-09-03 14:11:00
30,karaj,419089.0,visa,success,2025-09-13 03:27:00
55,isfahan,1387769.0,mastercard,success,2025-09-18 12:34:00
66,tabriz,100000.0,mastercard,fail,2025-09-28 03:27:00
100,karaj,63489.0,mastercard,success,2025-09-30 02:37:00
69,shiraz,300000.0,visa,fail,2025-09-28 02:54:00
2,mashhad,100000.0,mastercard,success,2025-09-08 03:27:00
56,ahvaz,419089.0,amex,success,2025-09-29 03:27:00
84,tehran,1427657.0,visa,success,2025-09-09 11:11:00
62,tabriz,99999.0,mastercard,success,2025-09-07 14:30:00
34,qom,850000.0,amex,fail,2025-09-01 13:10:00
99,mashhad,333333.0,discover,fail,2025-09-03 07:07:00
55,karaj,200000.0,amex,success,2025-09-28 02:37:00
50,karaj,177050.0,mastercard,success,2025-09-25 07:07:00
84,karaj,900000.0,visa,success,2025-09-17 09:00:00
25,mashhad,250000.0,mastercard,fail,2025-09-25 02:37:00
53,tehran,850000.0,visa,fail,2025-09-24 21:10:00
14,tabriz,412308.0,visa,fail,2025-09-01 10:05:00
62,tabriz,343679.0,mastercard,fail,2025-09-06 08:59:00
76,tehran,1768588.0,mastercard,fail,2025-09-26 17:07:00
69,tehran,100.5,visa,success,2025-09-12 19:19:00
63,karaj,412308.0,discover,fail,2025-09-13 04:40:00
54,ahvaz,545116.0,visa,success,2025-09-29 01:01:00
16,tabriz,419089.0,visa,fail,2025-09-15 10:48:00
55,qom,471227.0,visa,fail,2025-09-21 18:00:00
95,isfahan,300000.0,discover,success,2025-09-16 13:10:00
43,tehran,976246.0,mastercard,success,2025-09-22 07:07:00
61,tehran,443463.0,visa,success,2025-09-21 05:23:00
45,tehran,1472823.0,mastercard,success,2025-09-28 07:07:00
51,karaj,1305967.0,visa,fail,2025-09-05 01:01:00
42,tehran,583952.0,amex,fail,2025-09-04 02:30:00
30,mashhad,650000.0,mastercard,success,2025-09-19 07:32:00
37,karaj,63489.0,discover,success,2025-09-20 02:37:00
53,tabriz,774681.0,mastercard,success,2025-09-25 21:23:00
63,tehran,443463.0,amex,fail,2025-09-18 21:23:00
78,tehran,900000.0,discover,success,2025-09-09 15:45:00
23,tehran,250000.0,discover,fail,2025-09-17 02:37:00
50,tehran,1502601.0,visa,success,2025-09-15 00:00:00
85,isfahan,100.5,visa,success,2025-09-01 01:51:00
55,tehran,250000.0,amex,success,2025-09-21 19:19:00
55,shiraz,419089.0,visa,success,2025-09-22 18:12:00
98,tehran,1050805.0,amex,fail,2025-09-03 09:45:00
54,ahvaz,914282.0,amex,success,2025-09-16 01:01:00
61,shiraz,555555.0,visa,success,2025-09-23 20:20:00
83,karaj,1000.0,visa,fail,2025-09-11 04:40:00
5,tabriz,452545.0,visa,fail,2025-09-12 16:40:00
96,tehran,914282.0,visa,success,2025-09-10 11:11:00
18,mashhad,343679.0,amex,fail,2025-09-16 15:45:00
44,mashhad,914282.0,mastercard,success,2025-09-08 02:30:00
95,tehran,1578078.0,amex,fail,2025-09-12 02:20:00
47,mashhad,1463119.0,discover,success,2025-09-28 18:45:00
55,tabriz,450000.0,discover,success,2025-09-08 03:27:00
69,mashhad,555555.0,discover,success,2025-09-28 13:13:00
41,tehran,1768588.0,amex,success,2025-09-04 04:04:00
45,shiraz,177050.0,discover,fail,2025-09-26 01:51:00
74,tabriz,850000.0,amex,fail,2025-09-08 09:45:00
92,tehran,63489.0,mastercard,fail,2025-09-26 23:17:00
30,isfahan,976246.0,mastercard,fail,2025-09-18 11:11:00
77,isfahan,123456.0,amex,success,2025-09-28 21:23:00
85,tehran,419089.0,amex,fail,2025-09-28 02:30:00
45,tehran,412308.0,amex,fail,2025-09-09 23:17:00
79,shiraz,343679.0,visa,fail,2025-09-04 07:08:00
84,tehran,900000.0,discover,fail,2025-09-27 02:30:00
59,mashhad,1883871.0,amex,success,2025-09-01 11:11:00
5,qom,583952.0,mastercard,fail,2025-09-21 01:01:00
32,qom,914465.0,visa,fail,2025-09-20 19:51:00
95,karaj,471227.0,amex,fail,2025-09-28 19:40:00
26,tehran,123456.0,discover,success,2025-09-16 10:48:00
37,karaj,200000.0,discover,fail,2025-09-29 09:00:00
13,tehran,1782689.0,amex,success,2025-09-13 06:30:00
69,tehran,585954.0,mastercard,fail,2025-09-03 14:00:00
13,mashhad,63489.0,discover,fail,2025-09-06 14:55:00
96,ahvaz,471227.0,discover,fail,2025-09-19 07:32:00
20,tehran,120000.0,mastercard,success,2025-09-05 02:54:00
72,shiraz,100000.0,discover,fail,2025-09-15 16:16:00
60,shiraz,5000.0,visa,success,2025-09-25 05:56:00
61,karaj,914282.0,mastercard,success,2025-09-24 03:27:00
84,tehran,850000.0,discover,fail,2025-09-30 02:30:00
79,shiraz,774681.0,mastercard,success,2025-09-18 21:21:00
26,ahvaz,419089.0,visa,fail,2025-09-27 14:55:00
54,isfahan,1387769.0,visa,success,2025-09-13 21:23:00
11,karaj,914282.0,visa,success,2025-09-23 02:37:00
11,isfahan,1427657.0,amex,success,2025-09-01 17:17:00
27,karaj,583952.0,amex,success,2025-09-22 07:07:00
95,karaj,100000.0,amex,success,2025-09-01 07:08:00
83,tehran,471227.0,mastercard,fail,2025-09-18 03:00:00
38,mashhad,1387769.0,visa,fail,2025-09-17 08:08:00
88,qom,99999.0,amex,fail,2025-09-21 21:23:00
53,qom,250000.0,mastercard,fail,2025-09-26 17:17:00
65,isfahan,12345.0,discover,success,2025-09-25 00:00:00
3,isfahan,100.5,visa,fail,2025-09-22 07:08:00
67,mashhad,976246.0,amex,fail,2025-09-27 13:13:00
14,isfahan,200000.0,discover,fail,2025-09-17 21:23:00
52,unknown,1502601.0,amex,fail,2025-09-13 23:17:00
30,isfahan,1000.0,visa,success,2025-09-01 04:40:00
58,tabriz,1000.0,visa,success,2025-09-02 03:27:00
54,isfahan,120000.0,visa,fail,2025-09-09 18:00:00
15,tehran,1578078.0,visa,success,2025-09-01 23:59:00
38,ahvaz,471227.0,mastercard,fail,2025-09-21 12:12:00
78,karaj,205000.0,visa,success,2025-09-16 07:07:00
14,tehran,1578078.0,mastercard,fail,2025-09-23 17:17:00
57,tehran,583952.0,mastercard,fail,2025-09-06 06:06:00
8,mashhad,343679.0,amex,fail,2025-09-17 12:44:00
72,isfahan,1578078.0,visa,success,2025-09-05 13:13:00
19,isfahan,1463119.0,discover,success,2025-09-05 20:33:00
32,shiraz,120000.0,discover,success,2025-09-06 14:02:00
96,isfahan,419089.0,visa,success,2025-09-03 23:17:00
29,shiraz,5000.0,amex,success,2025-09-21 01:01:00
41,isfahan,177050.0,visa,fail,2025-09-23 14:11:00
75,tabriz,343679.0,mastercard,success,2025-09-05 19:19:00
45,isfahan,914282.0,amex,success,2025-09-21 03:27:00
26,karaj,583952.0,amex,fail,2025-09-19 05:23:00
53,mashhad,5000.0,mastercard,fail,2025-09-17 07:07:00
51,tabriz,343679.0,discover,success,2025-09-21 21:10:00
37,shiraz,471227.0,mastercard,success,2025-09-14 22:27:00
9,karaj,63489.0,mastercard,success,2025-09-09 23:59:00
93,mashhad,99999.0,unknown,success,2025-09-14 08:59:00
97,tabriz,63489.0,discover,fail,2025-09-01 16:16:00
54,tabriz,900000.0,discover,fail,2025-09-13 23:59:00
3,tehran,452545.0,visa,success,2025-09-13 08:08:00
97,shiraz,650000.0,visa,success,2025-09-04 02:54:00
69,tabriz,976246.0,mastercard,success,2025-09-30 05:23:00
14,karaj,1782689.0,visa,success,2025-09-17 09:00:00
24,qom,1768588.0,mastercard,fail,2025-09-02 00:00:00
13,shiraz,100000.0,visa,success,2025-09-28 03:27:00
29,isfahan,774681.0,mastercard,success,2025-09-07 10:48:00
72,tehran,63489.0,visa,success,2025-09-26 03:27:00
51,mashhad,585954.0,mastercard,success,2025-09-26 05:23:00
31,isfahan,250000.0,discover,fail,2025-09-22 14:00:00
63,tehran,850000.0,visa,fail,2025-09-22 23:59:00
26,isfahan,914282.0,discover,success,2025-09-03 20:20:00
57,tehran,452545.0,discover,fail,2025-09-12 02:20:00
7,shiraz,443463.0,visa,success,2025-09-01 02:30:00
48,tabriz,1050805.0,mastercard,fail,2025-09-22 19:29:00
80,tabriz,1768588.0,amex,success,2025-09-12 21:10:00
60,mashhad,419089.0,amex,success,2025-09-05 14:11:00
33,tabriz,774681.0,discover,fail,2025-09-30 02:54:00
4,isfahan,1000.0,discover,success,2025-09-25 09:45:00
42,tehran,914282.0,amex,success,2025-09-17 20:33:00
9,tehran,452545.0,mastercard,success,2025-09-16 20:33:00
51,tehran,412308.0,discover,fail,2025-09-15 21:23:00
17,tabriz,177050.0,mastercard,fail,2025-09-23 07:07:00
98,tehran,1578078.0,mastercard,success,2025-09-05 07:32:00
20,tehran,200000.0,visa,fail,2025-09-21 23:17:00
14,karaj,1502601.0,mastercard,success,2025-09-14 01:01:00
52,tehran,177050.0,visa,success,2025-09-11 00:00:00
27,qom,5000.0,visa,success,2025-09-19 01:51:00
43,tehran,1578078.0,visa,fail,2025-09-07 07:32:00
3,isfahan,419089.0,visa,fail,2025-09-06 10:48:00
89,tabriz,177050.0,unknown,success,2025-09-28 04:15:00
95,tabriz,333333.0,visa,success,2025-09-02 00:00:00
8,tehran,419089.0,unknown,success,2025-09-06 17:07:00
87,tehran,300000.0,amex,success,2025-09-18 02:20:00
90,mashhad,177050.0,visa,fail,2025-09-02 19:19:00
29,shiraz,1000.0,discover,fail,2025-09-30 12:12:00
40,ahvaz,177050.0,discover,success,2025-09-15 09:09:00
65,shiraz,343679.0,mastercard,success,2025-09-27 21:21:00
21,ahvaz,976246.0,mastercard,fail,2025-09-19 12:12:00
73,isfahan,585954.0,visa,fail,2025-09-20 19:29:00
60,karaj,419089.0,discover,success,2025-09-25 19:40:00
26,tehran,1578078.0,unknown,success,2025-09-06 13:13:00
9,tehran,12345.0,unknown,success,2025-09-01 14:11:00
20,qom,583952.0,visa,fail,2025-09-24 14:55:00
56,karaj,471227.0,visa,fail,2025-09-15 19:51:00
100,tehran,300000.0,mastercard,fail,2025-09-28 03:00:00
36,tehran,177050.0,amex,success,2025-09-30 02:24:00
36,mashhad,583952.0,discover,success,2025-09-23 06:30:00
73,shiraz,585954.0,discover,fail,2025-09-10 19:51:00
22,tehran,1883871.0,mastercard,success,2025-09-19 07:07:00
1,tabriz,1463119.0,amex,fail,2025-09-17 02:20:00
69,tehran,450000.0,visa,fail,2025-09-05 02:37:00
73,tabriz,1578078.0,mastercard,fail,2025-09-29 14:02:00
37,mashhad,1578078.0,mastercard,fail,2025-09-04 11:11:00
83,karaj,123456.0,discover,fail,2025-09-10 04:04:00
72,mashhad,850000.0,mastercard,fail,2025-09-24 19:19:00
97,tabriz,200000.0,visa,success,2025-09-17 16:16:00
84,shiraz,555555.0,visa,success,2025-09-17 02:20:00
43,isfahan,1782689.0,visa,fail,2025-09-28 14:55:00
37,tehran,1427657.0,discover,fail,2025-09-20 02:37:00
95,ahvaz,1158713.0,visa,fail,2025-09-24 09:00:00
25,ahvaz,1578078.0,visa,success,2025-09-06 13:13:00
94,tehran,583952.0,visa,fail,2025-09-21 04:15:00
89,qom,1305967.0,visa,fail,2025-09-02 12:12:00
73,tehran,555555.0,mastercard,fail,2025-09-11 06:06:00
42,tehran,545116.0,visa,fail,2025-09-16 06:30:00
2,tehran,100.5,mastercard,fail,2025-09-11 16:40:00
8,tehran,1782689.0,mastercard,fail,2025-09-15 14:30:00
97,ahvaz,177050.0,discover,fail,2025-09-25 07:32:00
61,mashhad,774681.0,visa,fail,2025-09-23 02:30:00
21,tehran,545116.0,visa,fail,2025-09-11 12:12:00
50,isfahan,976246.0,visa,fail,2025-09-16 06:30:00
82,karaj,900000.0,mastercard,fail,2025-09-08 07:07:00
45,karaj,100.5,amex,success,2025-09-04 11:11:00
64,qom,1782689.0,mastercard,fail,2025-09-08 01:51:00
26,tabriz,205000.0,mastercard,success,2025-09-24 01:51:00
32,mashhad,1050805.0,amex,fail,2025-09-25 21:23:00
53,qom,50200.0,visa,fail,2025-09-03 12:34:00
33,tabriz,177050.0,mastercard,fail,2025-09-27 02:30:00
52,tabriz,555555.0,discover,fail,2025-09-29 21:10:00
96,ahvaz,545116.0,discover,success,2025-09-18 21:21:00
18,tehran,177050.0,mastercard,success,2025-09-29 03:00:00
35,tehran,177050.0,visa,success,2025-09-26 07:08:00
12,tehran,1427657.0,visa,fail,2025-09-19 18:00:00
90,qom,177050.0,mastercard,success,2025-09-21 21:23:00
96,qom,585954.0,mastercard,fail,2025-09-05 00:00:00
10,mashhad,1768588.0,mastercard,fail,2025-09-18 16:40:00
52,tehran,200000.0,discover,fail,2025-09-28 19:51:00
67,ahvaz,1050805.0,mastercard,fail,2025-09-29 14:11:00
39,tehran,1463119.0,visa,fail,2025-09-22 19:51:00
8,tehran,250000.0,amex,success,2025-09-21 19:51:00
97,tehran,250000.0,visa,success,2025-09-06 13:13:00
29,tehran,177050.0,visa,fail,2025-09-01 05:56:00
22,shiraz,774681.0,mastercard,success,2025-09-05 23:17:00
70,ahvaz,200000.0,amex,success,2025-09-12 15:45:00
61,tehran,200000.0,mastercard,success,2025-09-26 11:11:00
43,isfahan,419089.0,mastercard,fail,2025-09-14 14:55:00
29,tehran,343679.0,mastercard,fail,2025-09-17 14:00:00
81,tehran,1463119.0,amex,success,2025-09-14 22:27:00
34,tehran,1768588.0,mastercard,success,2025-09-27 04:15:00
38,karaj,914282.0,mastercard,fail,2025-09-09 20:33:00
57,tehran,123456.0,visa,success,2025-09-26 09:09:00
4,tehran,1158713.0,mastercard,success,2025-09-25 00:00:00
35,tehran,200000.0,unknown,success,2025-09-22 05:56:00
70,tabriz,1768588.0,visa,success,2025-09-15 09:00:00
61,tehran,300000.0,discover,fail,2025-09-11 04:15:00
35,tehran,471227.0,amex,fail,2025-09-16 16:40:00
15,tabriz,585954.0,visa,success,2025-09-17 11:11:00
71,mashhad,850000.0,mastercard,success,2025-09-26 02:37:00
6,shiraz,419089.0,mastercard,fail,2025-09-01 14:55:00
81,tehran,99999.0,mastercard,fail,2025-09-08 04:15:00
22,tehran,774681.0,mastercard,success,2025-09-03 00:00:00
32,tehran,120000.0,mastercard,fail,2025-09-29 06:30:00
22,tabriz,583952.0,discover,fail,2025-09-20 06:30:00
44,tehran,1768588.0,visa,success,2025-09-24 08:59:00
87,tehran,100000.0,mastercard,success,2025-09-22 12:44:00
93,tehran,1502601.0,visa,fail,2025-09-14 21:23:00
9,karaj,177050.0,visa,success,2025-09-26 05:56:00
34,tehran,250000.0,visa,success,2025-09-28 09:45:00
73,shiraz,1305967.0,amex,fail,2025-09-23 06:30:00
62,mashhad,250000.0,visa,success,2025-09-24 19:29:00
45,tehran,976246.0,mastercard,success,2025-09-02 02:54:00
84,mashhad,1578078.0,visa,success,2025-09-13 19:40:00
93,tehran,100.5,visa,success,2025-09-27 00:00:00
19,karaj,200000.0,visa,fail,2025-09-24 12:34:00
16,karaj,471227.0,mastercard,fail,2025-09-19 14:02:00
8,qom,5000.0,visa,fail,2025-09-03 05:56:00
33,isfahan,419089.0,mastercard,fail,2025-09-15 19:29:00
74,tabriz,100.5,mastercard,fail,2025-09-23 18:45:00
18,tehran,914465.0,visa,fail,2025-09-14 21:21:00
43,tabriz,585954.0,discover,success,2025-09-15 06:06:00
3,tehran,100.5,visa,success,2025-09-13 02:20:00
92,karaj,1463119.0,discover,success,2025-09-18 15:45:00
59,shiraz,900000.0,visa,fail,2025-09-26 13:13:00
46,karaj,450000.0,amex,success,2025-09-03 12:34:00
64,karaj,1463119.0,mastercard,success,2025-09-19 13:10:00
70,tabriz,774681.0,amex,fail,2025-09-15 02:24:00
47,mashhad,100.5,mastercard,success,2025-09-25 14:55:00
14,tehran,585954.0,amex,fail,2025-09-23 04:40:00
7,tehran,555555.0,visa,fail,2025-09-05 10:05:00
74,ahvaz,1427657.0,mastercard,fail,2025-09-28 12:44:00
94,tabriz,583952.0,amex,success,2025-09-25 21:10:00
51,unknown,333333.0,visa,fail,2025-09-07 16:16:00
15,mashhad,200000.0,discover,fail,2025-09-26 04:40:00
91,karaj,1578078.0,discover,fail,2025-09-30 04:40:00
25,karaj,205000.0,visa,success,2025-09-25 23:59:00
69,mashhad,450000.0,discover,fail,2025-09-20 07:07:00
4,shiraz,343679.0,mastercard,fail,2025-09-25 16:40:00
57,tehran,5000.0,visa,fail,2025-09-04 16:40:00
31,karaj,1782689.0,discover,success,2025-09-10 09:00:00
3,tehran,914282.0,visa,success,2025-09-03 12:44:00
67,karaj,471227.0,visa,success,2025-09-09 18:00:00
91,qom,1050805.0,mastercard,success,2025-09-13 08:59:00
50,tehran,1768588.0,visa,success,2025-09-18 12:12:00
17,isfahan,1883871.0,discover,fail,2025-09-15 14:55:00
60,isfahan,5000.0,visa,fail,2025-09-04 17:07:00
74,ahvaz,471227.0,discover,success,2025-09-15 23:59:00
100,tehran,63489.0,amex,fail,2025-09-08 12:12:00
88,tehran,177050.0,amex,success,2025-09-17 02:30:00
32,mashhad,1883871.0,mastercard,success,2025-09-12 14:02:00
99,karaj,1578078.0,mastercard,fail,2025-09-10 02:20:00
19,mashhad,300000.0,amex,fail,2025-09-09 14:55:00
66,tehran,100000.0,mastercard,fail,2025-09-05 14:11:00
60,karaj,545116.0,discover,success,2025-09-06 23:59:00
66,karaj,100.5,discover,fail,2025-09-20 12:12:00
85,karaj,914465.0,amex,fail,2025-09-02 13:10:00
35,shiraz,100.5,discover,fail,2025-09-27 17:17:00
69,tabriz,120000.0,mastercard,fail,2025-09-24 02:30:00
27,shiraz,1387769.0,mastercard,success,2025-09-27 04:15:00
7,tabriz,343679.0,visa,fail,2025-09-06 02:20:00
6,karaj,1427657.0,amex,fail,2025-09-05 13:13:00
33,tehran,1305967.0,amex,fail,2025-09-25 15:45:00
58,tabriz,300000.0,discover,fail,2025-09-01 02:37:00
49,tehran,100.5,mastercard,fail,2025-09-21 12:34:00
17,tabriz,200000.0,visa,success,2025-09-22 18:00:00
42,tehran,583952.0,discover,success,2025-09-21 07:08:00
95,tehran,343679.0,mastercard,success,2025-09-06 20:20:00
72,tabriz,450000.0,mastercard,success,2025-09-06 01:51:00
40,isfahan,1000.0,amex,fail,2025-09-23 16:40:00
46,tehran,914282.0,visa,success,2025-09-16 14:55:00
70,isfahan,343679.0,mastercard,success,2025-09-30 10:48:00
68,karaj,850000.0,visa,success,2025-09-11 02:24:00
1,tabriz,50200.0,discover,fail,2025-09-30 00:00:00
79,karaj,100.5,visa,fail,2025-09-30 03:27:00
96,isfahan,914465.0,discover,success,2025-09-30 00:00:00
90,tehran,343679.0,amex,fail,2025-09-24 07:08:00
98,karaj,774681.0,visa,fail,2025-09-23 02:30:00
35,tabriz,1472823.0,mastercard,success,2025-09-23 04:04:00
69,isfahan,471227.0,mastercard,success,2025-09-03 22:27:00
5,mashhad,1883871.0,discover,success,2025-09-19 18:12:00
53,mashhad,419089.0,visa,fail,2025-09-05 17:07:00
52,qom,1578078.0,discover,fail,2025-09-04 02:30:00
29,isfahan,583952.0,mastercard,fail,2025-09-06 17:17:00
8,tehran,585954.0,discover,fail,2025-09-02 19:40:00
99,tehran,300000.0,amex,success,2025-09-20 00:00:00
1,qom,545116.0,mastercard,success,2025-09-28 13:13:00
29,tehran,443463.0,visa,fail,2025-09-11 14:00:00
36,mashhad,1578078.0,mastercard,success,2025-09-04 08:08:00
94,tehran,850000.0,mastercard,fail,2025-09-22 22:27:00
69,karaj,333333.0,discover,fail,2025-09-17 23:59:00
53,tehran,583952.0,amex,success,2025-09-30 04:40:00
89,shiraz,900000.0,visa,fail,2025-09-19 19:29:00
83,tehran,1427657.0,visa,fail,2025-09-30 01:51:00
12,tabriz,333333.0,discover,success,2025-09-25 18:00:00
52,tehran,976246.0,discover,success,2025-09-02 10:48:00
1,isfahan,471227.0,mastercard,success,2025-09-15 07:07:00
7,tehran,914465.0,visa,fail,2025-09-11 19:40:00
99,tehran,1578078.0,discover,fail,2025-09-26 14:55:00
43,karaj,850000.0,visa,fail,2025-09-19 11:11:00
71,tehran,914282.0,unknown,success,2025-09-13 19:40:00
17,tabriz,1768588.0,discover,success,2025-09-12 13:13:00
59,tehran,1768588.0,visa,success,2025-09-05 14:55:00
3,tehran,120000.0,discover,fail,2025-09-06 17:07:00
29,shiraz,63489.0,discover,success,2025-09-26 01:51:00
22,mashhad,1883871.0,visa,success,2025-09-22 00:00:00
38,ahvaz,545116.0,mastercard,success,2025-09-04 19:19:00
94,tehran,976246.0,mastercard,success,2025-09-20 17:07:00
50,tehran,585954.0,visa,fail,2025-09-01 14:11:00
69,tehran,1158713.0,discover,fail,2025-09-20 14:02:00
30,karaj,914282.0,amex,success,2025-09-17 02:37:00
23,tehran,100.5,amex,success,2025-09-12 02:20:00
85,ahvaz,100.5,amex,fail,2025-09-15 11:11:00
91,mashhad,12345.0,visa,success,2025-09-01 14:11:00
47,tabriz,205000.0,mastercard,success,2025-09-26 08:08:00
21,tehran,976246.0,unknown,success,2025-09-14 07:08:00
20,mashhad,585954.0,mastercard,fail,2025-09-06 13:13:00
23,mashhad,250000.0,mastercard,fail,2025-09-05 06:06:00
68,isfahan,419089.0,unknown,fail,2025-09-30 16:40:00
21,karaj,99999.0,mastercard,fail,2025-09-04 10:48:00
1,karaj,555555.0,mastercard,success,2025-09-13 18:00:00
15,tabriz,419089.0,discover,success,2025-09-11 13:13:00
51,tehran,250000.0,visa,success,2025-09-01 10:05:00
63,tehran,200000.0,discover,success,2025-09-06 18:12:00
14,ahvaz,1578078.0,mastercard,fail,2025-09-18 20:33:00
83,ahvaz,914465.0,mastercard,success,2025-09-10 00:00:00
50,tehran,1578078.0,amex,success,2025-09-05 00:00:00
6,tehran,1387769.0,visa,success,2025-09-10 04:04:00
49,tehran,1427657.0,mastercard,fail,2025-09-12 04:40:00
6,isfahan,12345.0,mastercard,success,2025-09-02 06:06:00
69,tehran,1000.0,mastercard,fail,2025-09-13 12:12:00
98,tehran,100.5,visa,fail,2025-09-02 07:08:00
77,mashhad,471227.0,visa,success,2025-09-20 02:37:00
51,tehran,545116.0,mastercard,fail,2025-09-01 19:19:00
13,shiraz,250000.0,visa,success,2025-09-09 02:54:00
43,tehran,343679.0,amex,fail,2025-09-17 17:07:00
27,shiraz,1578078.0,unknown,fail,2025-09-09 06:06:00
3,unknown,1782689.0,visa,fail,2025-09-15 18:45:00
90,mashhad,100.5,amex,success,2025-09-06 11:11:00
98,ahvaz,555555.0,mastercard,fail,2025-09-23 08:59:00
17,tehran,850000.0,visa,success,2025-09-03 23:59:00
45,karaj,555555.0,visa,fail,2025-09-30 12:12:00
56,tabriz,1387769.0,mastercard,fail,2025-09-30 18:45:00
88,tehran,333333.0,visa,fail,2025-09-12 04:15:00
29,tehran,1463119.0,visa,success,2025-09-14 14:11:00
54,isfahan,452545.0,amex,success,2025-09-21 04:40:00
27,qom,1782689.0,visa,success,2025-09-24 20:20:00
45,tehran,205000.0,discover,success,2025-09-11 02:37:00
88,tehran,333333.0,discover,success,2025-09-09 05:56:00
31,ahvaz,450000.0,visa,success,2025-09-02 11:11:00
36,qom,1578078.0,mastercard,fail,2025-09-12 14:30:00
67,qom,1158713.0,mastercard,success,2025-09-08 21:23:00
36,karaj,200000.0,mastercard,fail,2025-09-22 07:08:00
46,tehran,343679.0,visa,fail,2025-09-29 11:11:00
79,isfahan,177050.0,mastercard,success,2025-09-08 02:20:00
49,ahvaz,850000.0,mastercard,fail,2025-09-09 02:30:00
97,mashhad,555555.0,visa,success,2025-09-28 14:30:00
23,isfahan,774681.0,visa,fail,2025-09-30 05:56:00
17,isfahan,1158713.0,visa,success,2025-09-03 04:15:00
84,qom,100.5,unknown,fail,2025-09-21 03:00:00
44,mashhad,1578078.0,visa,fail,2025-09-05 05:56:00
41,shiraz,914282.0,unknown,fail,2025-09-05 08:59:00
15,qom,914465.0,amex,success,2025-09-19 23:59:00
87,karaj,343679.0,visa,fail,2025-09-26 19:29:00
50,shiraz,914282.0,visa,success,2025-09-30 14:30:00
52,mashhad,471227.0,discover,success,2025-09-04 01:01:00
70,tehran,1158713.0,visa,fail,2025-09-25 07:07:00
68,tehran,545116.0,mastercard,success,2025-09-13 21:23:00
63,tabriz,1768588.0,mastercard,fail,2025-09-10 10:48:00
58,tehran,471227.0,mastercard,fail,2025-09-25 02:54:00
23,mashhad,250000.0,mastercard,fail,2025-09-18 07:07:00
44,karaj,1050805.0,mastercard,fail,2025-09-08 01:51:00
83,tabriz,900000.0,amex,fail,2025-09-08 10:05:00
96,karaj,583952.0,amex,fail,2025-09-07 18:12:00
44,karaj,419089.0,mastercard,fail,2025-09-08 23:59:00
52,tehran,555555.0,mastercard,success,2025-09-14 03:27:00
67,shiraz,850000.0,visa,fail,2025-09-19 19:51:00
28,tehran,419089.0,visa,fail,2025-09-29 06:30:00
67,shiraz,976246.0,visa,success,2025-09-06 20:20:00
78,tehran,774681.0,discover,fail,2025-09-01 07:07:00
18,isfahan,850000.0,mastercard,success,2025-09-23 02:24:00
27,qom,774681.0,amex,success,2025-09-15 04:40:00
51,tehran,1050805.0,mastercard,success,2025-09-01 12:34:00
60,tehran,343679.0,discover,fail,2025-09-25 13:10:00
49,mashhad,123456.0,mastercard,fail,2025-09-01 07:07:00
15,tehran,99999.0,visa,success,2025-09-15 23:59:00
83,tehran,200000.0,amex,fail,2025-09-23 07:32:00
73,isfahan,450000.0,visa,success,2025-09-02 01:01:00
15,tabriz,1050805.0,mastercard,fail,2025-09-21 02:37:00
51,shiraz,100.5,visa,success,2025-09-08 10:48:00
72,ahvaz,850000.0,amex,success,2025-09-19 11:11:00
1,mashhad,177050.0,visa,fail,2025-09-07 01:01:00
7,tehran,1472823.0,mastercard,fail,2025-09-19 00:00:00
31,qom,205000.0,unknown,fail,2025-09-06 20:33:00
18,isfahan,412308.0,discover,success,2025-09-03 09:00:00
12,tehran,1502601.0,mastercard,success,2025-09-07 07:08:00
48,tehran,555555.0,mastercard,fail,2025-09-19 22:27:00
30,isfahan,914465.0,mastercard,success,2025-09-08 23:17:00
98,tehran,419089.0,visa,fail,2025-09-10 19:51:00
7,qom,63489.0,mastercard,success,2025-09-20 19:19:00
93,karaj,1000.0,visa,fail,2025-09-15 13:10:00
3,tehran,200000.0,mastercard,fail,2025-09-15 16:16:00
6,karaj,200000.0,mastercard,success,2025-09-01 14:00:00
96,shiraz,1782689.0,mastercard,fail,2025-09-20 14:30:00
15,tehran,914282.0,visa,success,2025-09-30 14:55:00
71,tabriz,63489.0,discover,success,2025-09-07 21:21:00
95,tehran,63489.0,mastercard,success,2025-09-04 14:02:00
92,mashhad,1782689.0,visa,success,2025-09-29 13:10:00
81,tehran,200000.0,visa,fail,2025-09-06 02:37:00
18,tabriz,1305967.0,mastercard,success,2025-09-25 03:27:00
22,mashhad,333333.0,visa,success,2025-09-01 11:11:00
61,tehran,583952.0,mastercard,fail,2025-09-29 20:20:00
53,karaj,1050805.0,mastercard,fail,2025-09-27 12:12:00
26,isfahan,585954.0,mastercard,fail,2025-09-23 05:23:00
92,tehran,99999.0,discover,success,2025-09-01 02:37:00
89,tehran,177050.0,visa,success,2025-09-04 08:08:00
8,shiraz,200000.0,discover,success,2025-09-22 21:23:00
21,tehran,585954.0,discover,fail,2025-09-02 22:27:00
94,tehran,1578078.0,discover,fail,2025-09-10 14:30:00
21,tehran,1387769.0,mastercard,fail,2025-09-27 12:12:00
27,tehran,583952.0,visa,success,2025-09-22 22:27:00
27,tehran,471227.0,discover,success,2025-09-06 00:00:00
57,tehran,471227.0,discover,fail,2025-09-15 13:10:00
91,tehran,200000.0,discover,fail,2025-09-24 05:56:00
93,mashhad,177050.0,unknown,fail,2025-09-20 19:40:00
44,shiraz,774681.0,discover,success,2025-09-24 19:19:00
43,tabriz,914282.0,mastercard,fail,2025-09-15 14:11:00
31,mashhad,177050.0,discover,fail,2025-09-29 11:11:00
65,tabriz,1305967.0,discover,fail,2025-09-08 07:08:00
15,tehran,412308.0,mastercard,fail,2025-09-04 14:30:00
34,mashhad,343679.0,mastercard,success,2025-09-12 03:27:00
80,qom,419089.0,mastercard,success,2025-09-13 11:11:00
4,shiraz,1387769.0,mastercard,success,2025-09-02 14:02:00
72,tehran,343679.0,discover,fail,2025-09-27 14:30:00
90,tehran,1782689.0,discover,fail,2025-09-19 23:59:00
28,isfahan,100000.0,visa,fail,2025-09-04 06:06:00
73,karaj,1387769.0,visa,fail,2025-09-26 10:05:00
2,tabriz,200000.0,discover,fail,2025-09-11 04:04:00
58,mashhad,1463119.0,discover,fail,2025-09-05 01:51:00
9,tabriz,200000.0,visa,success,2025-09-11 04:04:00
31,tabriz,250000.0,discover,fail,2025-09-30 05:56:00
66,karaj,585954.0,visa,fail,2025-09-10 20:20:00
19,ahvaz,177050.0,mastercard,success,2025-09-06 00:00:00
81,shiraz,1578078.0,discover,success,2025-09-08 10:05:00
74,isfahan,650000.0,discover,success,2025-09-23 13:13:00
55,tabriz,123456.0,visa,success,2025-09-15 23:59:00
28,ahvaz,1782689.0,visa,fail,2025-09-26 07:32:00
93,tehran,583952.0,discover,success,2025-09-14 10:05:00
50,tehran,177050.0,visa,success,2025-09-11 12:12:00
65,tehran,583952.0,visa,success,2025-09-12 10:05:00
3,ahvaz,1782689.0,visa,fail,2025-09-26 06:30:00
79,isfahan,177050.0,amex,success,2025-09-13 03:00:00
10,isfahan,900000.0,visa,success,2025-09-30 19:19:00
37,tehran,1578078.0,visa,fail,2025-09-25 13:10:00
15,tabriz,1472823.0,mastercard,fail,2025-09-01 09:09:00
78,tehran,443463.0,amex,fail,2025-09-08 13:13:00
79,tehran,1387769.0,visa,fail,2025-09-28 10:48:00
39,tehran,1387769.0,visa,fail,2025-09-04 19:51:00
5,tehran,1472823.0,mastercard,success,2025-09-16 23:59:00
56,tehran,914282.0,mastercard,success,2025-09-05 05:23:00
91,isfahan,343679.0,visa,fail,2025-09-24 03:27:00
64,karaj,1768588.0,visa,success,2025-09-05 08:08:00
72,isfahan,1472823.0,discover,success,2025-09-08 16:40:00
87,tabriz,774681.0,visa,success,2025-09-10 16:40:00
52,tehran,1782689.0,mastercard,success,2025-09-17 02:54:00
90,tehran,1782689.0,visa,success,2025-09-28 02:24:00
76,tehran,976246.0,discover,fail,2025-09-26 18:12:00
9,tehran,343679.0,mastercard,fail,2025-09-09 19:51:00
10,tehran,177050.0,mastercard,fail,2025-09-22 03:00:00
10,karaj,1463119.0,mastercard,success,2025-09-19 06:30:00
73,ahvaz,343679.0,visa,fail,2025-09-29 22:27:00
100,shiraz,850000.0,discover,fail,2025-09-09 19:29:00
92,mashhad,50200.0,discover,success,2025-09-22 04:15:00
96,tehran,50200.0,mastercard,fail,2025-09-23 04:40:00
38,shiraz,205000.0,amex,fail,2025-09-14 06:06:00
6,tehran,1768588.0,visa,fail,2025-09-05 20:33:00
94,mashhad,177050.0,visa,fail,2025-09-26 06:06:00
47,ahvaz,650000.0,mastercard,success,2025-09-14 05:23:00
45,shiraz,5000.0,visa,fail,2025-09-04 12:12:00
5,mashhad,471227.0,discover,success,2025-09-22 21:10:00
53,tehran,650000.0,visa,success,2025-09-25 03:27:00
66,ahvaz,123456.0,discover,success,2025-09-01 09:09:00
62,tabriz,1158713.0,visa,fail,2025-09-22 02:37:00
23,shiraz,412308.0,mastercard,success,2025-09-23 14:02:00
44,tehran,1782689.0,amex,fail,2025-09-19 03:00:00
52,tehran,914465.0,amex,fail,2025-09-08 02:20:00
46,tehran,50200.0,discover,fail,2025-09-15 18:00:00
19,tehran,900000.0,visa,fail,2025-09-21 00:00:00
89,qom,1782689.0,visa,fail,2025-09-15 22:27:00
47,ahvaz,1768588.0,discover,fail,2025-09-21 14:00:00
92,shiraz,1158713.0,mastercard,fail,2025-09-09 13:13:00
52,shiraz,1305967.0,discover,fail,2025-09-10 02:30:00
24,mashhad,177050.0,visa,success,2025-09-20 07:08:00
46,tehran,177050.0,visa,success,2025-09-26 18:45:00
64,shiraz,1305967.0,discover,success,2025-09-09 19:51:00
96,tabriz,1463119.0,unknown,fail,2025-09-03 13:13:00
28,mashhad,976246.0,mastercard,fail,2025-09-20 21:21:00
64,tehran,12345.0,discover,fail,2025-09-26 02:20:00
87,tehran,63489.0,unknown,fail,2025-09-06 00:00:00
56,tehran,443463.0,amex,success,2025-09-02 11:11:00
59,karaj,5000.0,visa,fail,2025-09-07 21:21:00
5,mashhad,1782689.0,mastercard,fail,2025-09-18 08:08:00
54,ahvaz,100.5,unknown,success,2025-09-27 17:17:00
44,tehran,583952.0,mastercard,fail,2025-09-02 03:27:00
42,tehran,99999.0,visa,fail,2025-09-27 21:23:00
72,tehran,1883871.0,mastercard,fail,2025-09-17 14:11:00
93,tehran,914465.0,visa,fail,2025-09-11 16:16:00
47,tehran,177050.0,visa,fail,2025-09-12 18:12:00
44,tabriz,1768588.0,visa,success,2025-09-22 19:51:00
51,ahvaz,545116.0,visa,fail,2025-09-25 22:27:00
53,tehran,333333.0,unknown,success,2025-09-07 14:02:00
34,qom,585954.0,mastercard,success,2025-09-20 13:13:00
77,shiraz,100.5,visa,success,2025-09-06 11:11:00
8,karaj,1463119.0,discover,success,2025-09-21 13:10:00
77,tabriz,774681.0,discover,success,2025-09-24 06:30:00
70,isfahan,177050.0,visa,success,2025-09-01 05:23:00
21,qom,5000.0,mastercard,success,2025-09-29 09:09:00
7,tehran,200000.0,visa,success,2025-09-11 19:29:00
91,tabriz,452545.0,unknown,fail,2025-09-22 07:32:00
79,mashhad,443463.0,visa,success,2025-09-26 02:20:00
56,ahvaz,100.5,amex,success,2025-09-28 07:08:00
49,tehran,471227.0,visa,success,2025-09-18 19:19:00
42,mashhad,976246.0,visa,fail,2025-09-21 04:04:00
23,tehran,1578078.0,visa,success,2025-09-17 16:40:00
52,qom,471227.0,amex,fail,2025-09-07 11:11:00
79,ahvaz,100000.0,amex,fail,2025-09-17 19:29:00
53,tabriz,585954.0,visa,fail,2025-09-20 07:32:00
16,tehran,914282.0,discover,success,2025-09-09 02:37:00
97,isfahan,177050.0,mastercard,fail,2025-09-17 05:56:00
37,tehran,343679.0,visa,success,2025-09-20 08:08:00
20,tehran,1578078.0,mastercard,fail,2025-09-22 14:00:00
46,tehran,1387769.0,visa,fail,2025-09-28 17:07:00
2,tabriz,976246.0,discover,success,2025-09-29 23:59:00
88,shiraz,650000.0,visa,fail,2025-09-08 13:13:00
95,isfahan,1463119.0,discover,success,2025-09-17 18:00:00
63,tehran,177050.0,discover,fail,2025-09-07 21:23:00
3,tabriz,976246.0,visa,fail,2025-09-01 06:06:00
49,tehran,1000.0,discover,fail,2025-09-30 01:01:00
1,tehran,99999.0,amex,success,2025-09-23 18:45:00
22,qom,1387769.0,visa,fail,2025-09-19 01:51:00
94,tehran,545116.0,discover,success,2025-09-27 08:59:00
93,tehran,1782689.0,mastercard,fail,2025-09-19 19:29:00
6,tabriz,123456.0,visa,fail,2025-09-17 00:00:00
65,tehran,1050805.0,mastercard,fail,2025-09-13 05:23:00
21,tehran,1387769.0,discover,success,2025-09-29 15:45:00
4,tehran,100000.0,mastercard,success,2025-09-30 23:17:00
3,qom,100000.0,visa,success,2025-09-16 09:00:00
31,mashhad,1782689.0,visa,success,2025-09-19 08:08:00
83,ahvaz,5000.0,mastercard,fail,2025-09-01 01:01:00
20,ahvaz,12345.0,mastercard,fail,2025-09-14 02:20:00
88,tabriz,583952.0,visa,fail,2025-09-19 17:17:00
54,isfahan,1000.0,mastercard,success,2025-09-15 09:09:00
23,tehran,343679.0,visa,fail,2025-09-28 13:13:00
66,tabriz,419089.0,amex,success,2025-09-18 07:32:00
57,tabriz,1768588.0,mastercard,success,2025-09-30 19:51:00
57,tabriz,585954.0,visa,fail,2025-09-06 02:20:00
79,mashhad,976246.0,mastercard,fail,2025-09-19 00:00:00
52,mashhad,1427657.0,mastercard,success,2025-09-04 06:30:00
74,tehran,585954.0,mastercard,success,2025-09-08 23:17:00
92,ahvaz,471227.0,mastercard,fail,2025-09-23 02:37:00
100,tehran,200000.0,discover,fail,2025-09-03 07:08:00
33,isfahan,177050.0,visa,fail,2025-09-10 10:05:00
52,isfahan,1578078.0,visa,success,2025-09-10 03:27:00
1,isfahan,555555.0,visa,fail,2025-09-19 04:15:00
19,karaj,1387769.0,discover,fail,2025-09-02 12:12:00
24,tehran,976246.0,mastercard,fail,2025-09-28 15:45:00
4,unknown,585954.0,mastercard,fail,2025-09-01 08:08:00
77,qom,1578078.0,mastercard,success,2025-09-23 09:00:00
58,tehran,5000.0,mastercard,success,2025-09-28 12:34:00
32,mashhad,1472823.0,mastercard,fail,2025-09-18 18:00:00
9,tabriz,50200.0,visa,fail,2025-09-07 15:45:00
80,tabriz,1000.0,visa,fail,2025-09-29 08:08:00
20,isfahan,250000.0,visa,fail,2025-09-01 09:09:00
62,karaj,452545.0,visa,fail,2025-09-23 09:45:00
58,tehran,545116.0,visa,success,2025-09-03 06:06:00
22,qom,583952.0,amex,fail,2025-09-24 10:48:00
67,qom,900000.0,visa,fail,2025-09-23 08:08:00
75,isfahan,100.5,discover,fail,2025-09-27 05:23:00
90,karaj,1782689.0,visa,success,2025-09-29 23:17:00
48,tehran,123456.0,visa,fail,2025-09-08 05:23:00
8,mashhad,200000.0,visa,fail,2025-09-22 07:07:00
15,mashhad,412308.0,mastercard,fail,2025-09-15 01:01:00
53,shiraz,1387769.0,mastercard,success,2025-09-03 23:59:00
30,tehran,850000.0,amex,fail,2025-09-28 12:12:00
13,tabriz,343679.0,visa,fail,2025-09-15 05:56:00
41,karaj,300000.0,amex,success,2025-09-02 05:23:00
19,tabriz,250000.0,unknown,success,2025-09-03 01:01:00
48,shiraz,914465.0,discover,fail,2025-09-24 03:27:00
87,tehran,177050.0,visa,success,2025-09-14 20:20:00
63,tehran,5000.0,amex,success,2025-09-24 02:30:00
20,tehran,200000.0,visa,success,2025-09-14 10:05:00
64,isfahan,12345.0,visa,success,2025-09-11 23:17:00
37,qom,250000.0,mastercard,fail,2025-09-16 20:33:00
31,ahvaz,471227.0,visa,fail,2025-09-04 18:45:00
74,tehran,177050.0,visa,fail,2025-09-20 19:29:00
18,isfahan,545116.0,amex,success,2025-09-05 12:12:00
82,tabriz,50200.0,amex,success,2025-09-21 07:08:00
11,ahvaz,1158713.0,visa,success,2025-09-14 16:40:00
87,tehran,976246.0,mastercard,success,2025-09-23 14:11:00
44,ahvaz,1768588.0,visa,success,2025-09-16 14:30:00
82,karaj,1502601.0,visa,success,2025-09-18 02:37:00
64,tehran,100000.0,visa,success,2025-09-07 07:08:00
34,shiraz,177050.0,visa,fail,2025-09-10 19:51:00
88,isfahan,250000.0,discover,success,2025-09-07 10:05:00
65,isfahan,12345.0,amex,success,2025-09-01 04:04:00
55,tehran,205000.0,visa,success,2025-09-23 14:11:00
1,mashhad,100.5,visa,fail,2025-09-19 19:51:00
38,tehran,1472823.0,discover,success,2025-09-16 18:45:00
9,karaj,177050.0,visa,success,2025-09-29 02:30:00
96,tehran,1427657.0,mastercard,fail,2025-09-19 02:24:00
71,karaj,976246.0,discover,success,2025-09-04 20:33:00
17,tehran,1463119.0,amex,fail,2025-09-29 02:37:00
100,tehran,100.5,discover,success,2025-09-28 04:40:00
52,tehran,177050.0,mastercard,success,2025-09-18 09:45:00
18,tehran,100.5,discover,success,2025-09-02 23:17:00
63,isfahan,1782689.0,visa,success,2025-09-01 02:30:00
33,isfahan,450000.0,unknown,success,2025-09-15 21:23:00
4,ahvaz,471227.0,mastercard,fail,2025-09-05 13:10:00
88,shiraz,585954.0,mastercard,fail,2025-09-20 23:59:00
75,tehran,1472823.0,mastercard,fail,2025-09-11 21:23:00
52,isfahan,343679.0,visa,success,2025-09-10 13:10:00
9,isfahan,250000.0,mastercard,fail,2025-09-02 11:11:00
64,tehran,177050.0,amex,fail,2025-09-03 20:33:00
30,mashhad,1578078.0,mastercard,success,2025-09-23 11:11:00
8,karaj,250000.0,visa,success,2025-09-23 10:05:00
76,mashhad,200000.0,mastercard,success,2025-09-20 14:00:00
63,tabriz,1000.0,discover,success,2025-09-05 09:09:00
15,tehran,200000.0,unknown,success,2025-09-06 03:27:00
90,karaj,1050805.0,unknown,success,2025-09-30 14:11:00
82,isfahan,914282.0,mastercard,success,2025-09-09 20:20:00
38,tehran,555555.0,visa,success,2025-09-02 19:40:00
26,karaj,1578078.0,visa,fail,2025-09-20 14:11:00
54,ahvaz,333333.0,mastercard,success,2025-09-12 08:08:00
22,qom,1427657.0,discover,fail,2025-09-24 06:30:00
26,isfahan,650000.0,visa,fail,2025-09-17 14:55:00
83,tabriz,419089.0,mastercard,fail,2025-09-10 04:15:00
60,tehran,471227.0,mastercard,success,2025-09-30 17:07:00
39,tehran,343679.0,visa,success,2025-09-24 14:11:00
36,isfahan,1782689.0,visa,success,2025-09-27 02:20:00
21,tehran,1768588.0,visa,fail,2025-09-14 09:09:00
41,tabriz,1472823.0,mastercard,success,2025-09-23 13:10:00
48,shiraz,471227.0,visa,success,2025-09-17 15:45:00
26,tehran,1305967.0,amex,success,2025-09-18 14:11:00
77,tehran,1782689.0,visa,fail,2025-09-17 20:20:00
36,tehran,1463119.0,discover,success,2025-09-14 15:45:00
18,tehran,1305967.0,discover,success,2025-09-13 13:10:00
15,isfahan,774681.0,mastercard,fail,2025-09-25 14:55:00
79,karaj,1158713.0,visa,success,2025-09-07 21:23:00
6,tehran,976246.0,mastercard,success,2025-09-09 03:27:00
43,tehran,1782689.0,visa,fail,2025-09-22 13:10:00
31,tehran,914282.0,mastercard,success,2025-09-22 02:30:00
28,mashhad,471227.0,discover,fail,2025-09-11 11:11:00
8,tehran,471227.0,visa,fail,2025-09-14 04:40:00
21,tabriz,343679.0,visa,fail,2025-09-26 16:16:00
89,tehran,1768588.0,unknown,fail,2025-09-29 10:48:00
60,tehran,450000.0,unknown,fail,2025-09-02 07:07:00
34,tehran,443463.0,unknown,success,2025-09-06 12:44:00
2,karaj,545116.0,mastercard,fail,2025-09-18 21:23:00
95,tehran,343679.0,mastercard,fail,2025-09-10 14:02:00
72,tehran,419089.0,discover,success,2025-09-04 07:32:00
52,tehran,123456.0,mastercard,success,2025-09-09 17:17:00
7,tehran,1768588.0,mastercard,success,2025-09-06 02:24:00
76,mashhad,250000.0,discover,success,2025-09-02 02:54:00
19,tehran,471227.0,mastercard,success,2025-09-17 12:34:00
91,karaj,914465.0,visa,fail,2025-09-05 04:40:00
93,tehran,5000.0,mastercard,success,2025-09-25 18:45:00
15,shiraz,1782689.0,visa,fail,2025-09-06 21:23:00
78,tabriz,177050.0,discover,fail,2025-09-26 07:08:00
48,tehran,443463.0,discover,fail,2025-09-12 18:00:00
14,tabriz,5000.0,visa,fail,2025-09-23 11:11:00
3,shiraz,63489.0,visa,success,2025-09-21 13:13:00
50,tehran,1883871.0,visa,fail,2025-09-10 11:11:00
54,tehran,914465.0,mastercard,success,2025-09-21 21:23:00
6,isfahan,250000.0,discover,success,2025-09-27 02:30:00
23,mashhad,914465.0,mastercard,fail,2025-09-06 02:30:00
78,tehran,120000.0,mastercard,success,2025-09-08 09:09:00
20,tabriz,343679.0,visa,success,2025-09-12 01:01:00
77,karaj,177050.0,amex,fail,2025-09-13 04:40:00
60,shiraz,976246.0,mastercard,success,2025-09-21 11:11:00
45,tabriz,12345.0,visa,success,2025-09-10 06:30:00
61,tehran,1050805.0,discover,fail,2025-09-13 19:40:00
56,tehran,471227.0,mastercard,success,2025-09-17 13:10:00
2,tehran,1387769.0,mastercard,fail,2025-09-26 08:59:00
45,tehran,177050.0,mastercard,fail,2025-09-21 11:11:00
40,mashhad,120000.0,discover,fail,2025-09-28 03:27:00
24,karaj,850000.0,mastercard,fail,2025-09-30 21:21:00
29,tehran,914465.0,discover,fail,2025-09-26 17:17:00
67,tehran,419089.0,visa,fail,2025-09-14 06:30:00
68,isfahan,250000.0,amex,fail,2025-09-02 02:20:00
66,tabriz,1768588.0,amex,fail,2025-09-28 02:30:00
54,tabriz,471227.0,visa,success,2025-09-11 21:21:00
79,tehran,250000.0,visa,success,2025-09-19 11:11:00
32,tehran,120000.0,amex,success,2025-09-04 14:02:00
61,tehran,1050805.0,mastercard,fail,2025-09-19 20:33:00
1,tehran,900000.0,discover,fail,2025-09-29 21:10:00
63,tehran,250000.0,visa,success,2025-09-21 07:08:00
71,tehran,1768588.0,visa,success,2025-09-11 10:05:00
77,ahvaz,205000.0,mastercard,success,2025-09-17 03:00:00
65,unknown,471227.0,amex,fail,2025-09-27 14:11:00
94,tehran,774681.0,mastercard,success,2025-09-08 13:10:00
3,tabriz,1387769.0,mastercard,fail,2025-09-03 14:00:00
65,tehran,1427657.0,visa,success,2025-09-02 23:59:00
48,ahvaz,1472823.0,unknown,fail,2025-09-23 01:51:00
13,tehran,343679.0,mastercard,success,2025-09-24 19:51:00
73,qom,1387769.0,amex,fail,2025-09-22 09:00:00
14,mashhad,177050.0,mastercard,fail,2025-09-22 14:55:00
10,tehran,177050.0,visa,fail,2025-09-05 07:32:00
40,tehran,1387769.0,amex,success,2025-09-24 14:30:00
23,tehran,650000.0,visa,success,2025-09-01 14:00:00
100,unknown,914282.0,visa,success,2025-09-26 02:54:00
55,isfahan,555555.0,amex,fail,2025-09-04 14:02:00
63,karaj,850000.0,visa,fail,2025-09-15 10:48:00
71,shiraz,5000.0,discover,fail,2025-09-20 11:11:00
42,tehran,1463119.0,mastercard,fail,2025-09-19 12:34:00
66,qom,1305967.0,mastercard,fail,2025-09-20 21:21:00
79,isfahan,1782689.0,visa,fail,2025-09-11 11:11:00
73,qom,1463119.0,visa,success,2025-09-17 20:20:00
18,tehran,1578078.0,mastercard,fail,2025-09-11 23:59:00
79,karaj,774681.0,amex,fail,2025-09-02 12:34:00
18,karaj,63489.0,mastercard,success,2025-09-09 21:23:00
24,tehran,1578078.0,visa,fail,2025-09-26 21:23:00
23,isfahan,452545.0,mastercard,success,2025-09-02 22:27:00
23,mashhad,1463119.0,mastercard,fail,2025-09-09 05:23:00
91,tehran,177050.0,visa,success,2025-09-17 02:30:00
72,isfahan,976246.0,mastercard,success,2025-09-01 04:40:00
34,tehran,1305967.0,visa,fail,2025-09-29 11:11:00
2,tehran,343679.0,mastercard,success,2025-09-11 07:32:00
69,unknown,177050.0,mastercard,fail,2025-09-08 11:11:00
31,qom,177050.0,visa,fail,2025-09-10 17:07:00
98,tabriz,100.5,mastercard,fail,2025-09-25 09:09:00
68,tehran,50200.0,discover,fail,2025-09-07 02:37:00
70,tehran,976246.0,visa,fail,2025-09-03 23:59:00
65,tehran,177050.0,visa,success,2025-09-12 10:48:00
27,tabriz,1387769.0,mastercard,success,2025-09-06 22:27:00
79,shiraz,419089.0,discover,fail,2025-09-02 02:37:00
52,ahvaz,1502601.0,visa,fail,2025-09-12 07:32:00
99,karaj,976246.0,amex,fail,2025-09-19 09:09:00
88,shiraz,1050805.0,mastercard,fail,2025-09-05 07:32:00
48,tabriz,120000.0,visa,fail,2025-09-12 14:00:00
79,karaj,1578078.0,amex,fail,2025-09-27 05:23:00
100,ahvaz,200000.0,mastercard,success,2025-09-17 03:00:00
68,tehran,555555.0,amex,success,2025-09-29 09:09:00
44,tehran,412308.0,amex,fail,2025-09-17 19:51:00
96,isfahan,1463119.0,mastercard,success,2025-09-25 07:08:00
38,qom,443463.0,mastercard,success,2025-09-23 18:45:00
10,shiraz,177050.0,visa,fail,2025-09-17 01:01:00
54,ahvaz,452545.0,mastercard,fail,2025-09-15 21:10:00
6,tabriz,177050.0,mastercard,success,2025-09-30 12:12:00
6,qom,99999.0,discover,fail,2025-09-16 21:10:00
52,tehran,850000.0,discover,fail,2025-09-24 12:44:00
68,karaj,914282.0,discover,fail,2025-09-08 05:56:00
57,tabriz,450000.0,mastercard,success,2025-09-21 12:44:00
56,tehran,914282.0,mastercard,fail,2025-09-17 04:15:00
7,tehran,419089.0,discover,success,2025-09-23 05:23:00
51,qom,450000.0,discover,fail,2025-09-05 22:27:00
58,tehran,850000.0,visa,success,2025-09-22 12:44:00
64,karaj,1768588.0,mastercard,success,2025-09-16 12:12:00
26,karaj,100.5,mastercard,success,2025-09-06 09:45:00
58,shiraz,12345.0,visa,fail,2025-09-08 17:07:00
31,tehran,1782689.0,discover,fail,2025-09-25 23:59:00
66,isfahan,471227.0,visa,fail,2025-09-18 12:12:00
13,tehran,200000.0,visa,fail,2025-09-12 02:37:00
18,tehran,1782689.0,visa,fail,2025-09-15 03:00:00
13,tehran,471227.0,mastercard,fail,2025-09-09 10:05:00
24,qom,177050.0,visa,fail,2025-09-13 12:44:00
29,tehran,914465.0,discover,fail,2025-09-15 19:29:00
54,qom,200000.0,mastercard,success,2025-09-16 09:45:00
5,tehran,200000.0,visa,fail,2025-09-07 14:11:00
35,ahvaz,250000.0,discover,success,2025-09-17 07:32:00
19,isfahan,419089.0,mastercard,fail,2025-09-23 19:51:00
55,mashhad,1000.0,visa,success,2025-09-26 23:59:00
77,shiraz,471227.0,unknown,success,2025-09-21 10:48:00
69,tehran,545116.0,mastercard,fail,2025-09-22 10:48:00
44,tehran,99999.0,visa,fail,2025-09-26 16:40:00
78,tabriz,900000.0,mastercard,success,2025-09-07 09:45:00
22,tehran,1387769.0,mastercard,fail,2025-09-21 21:10:00
40,karaj,300000.0,visa,fail,2025-09-09 14:00:00
26,shiraz,412308.0,visa,success,2025-09-19 03:00:00
5,karaj,419089.0,discover,fail,2025-09-16 15:45:00
94,tabriz,774681.0,visa,success,2025-09-08 13:10:00
49,mashhad,333333.0,visa,fail,2025-09-23 17:17:00
93,tehran,419089.0,discover,fail,2025-09-18 19:19:00
38,shiraz,419089.0,amex,fail,2025-09-30 06:06:00
14,tehran,250000.0,visa,fail,2025-09-20 14:00:00
47,qom,1387769.0,visa,fail,2025-09-07 12:12:00
14,tabriz,583952.0,amex,success,2025-09-03 12:12:00
73,qom,1463119.0,mastercard,fail,2025-09-27 10:48:00
38,qom,900000.0,discover,success,2025-09-10 02:54:00
64,isfahan,1000.0,discover,success,2025-09-07 10:48:00
44,tehran,100000.0,mastercard,fail,2025-09-17 19:29:00
70,isfahan,343679.0,unknown,success,2025-09-14 19:51:00
65,tabriz,1768588.0,mastercard,success,2025-09-24 13:10:00
16,tehran,343679.0,amex,fail,2025-09-12 14:00:00
15,karaj,471227.0,visa,fail,2025-09-28 14:11:00
99,shiraz,343679.0,discover,fail,2025-09-13 07:32:00
81,karaj,1463119.0,mastercard,fail,2025-09-02 14:00:00
3,karaj,650000.0,amex,fail,2025-09-03 00:00:00
67,tehran,5000.0,visa,success,2025-09-05 08:59:00
37,isfahan,177050.0,visa,success,2025-09-11 14:55:00
81,qom,443463.0,discover,success,2025-09-08 14:11:00
55,tehran,1427657.0,discover,fail,2025-09-26 14:55:00
38,tehran,850000.0,discover,success,2025-09-23 02:30:00
63,tehran,900000.0,discover,success,2025-09-23 10:05:00
1,ahvaz,50200.0,mastercard,fail,2025-09-12 21:23:00
19,isfahan,5000.0,visa,success,2025-09-24 02:30:00
52,tabriz,1305967.0,mastercard,fail,2025-09-17 10:48:00
30,mashhad,1472823.0,mastercard,success,2025-09-04 22:27:00
55,tehran,583952.0,amex,fail,2025-09-29 04:04:00
14,unknown,63489.0,mastercard,success,2025-09-22 18:12:00
13,isfahan,1883871.0,mastercard,fail,2025-09-25 14:55:00
84,tehran,1502601.0,amex,success,2025-09-13 04:40:00
91,karaj,471227.0,unknown,fail,2025-09-18 05:23:00
27,tabriz,5000.0,mastercard,fail,2025-09-01 11:11:00
90,tabriz,250000.0,discover,success,2025-09-16 02:30:00
9,unknown,914282.0,discover,fail,2025-09-13 14:55:00
41,ahvaz,50200.0,mastercard,fail,2025-09-10 02:30:00
48,tabriz,450000.0,mastercard,success,2025-09-12 06:06:00
12,tehran,914465.0,mastercard,success,2025-09-30 11:11:00
10,karaj,1883871.0,visa,fail,2025-09-02 04:15:00
34,tabriz,1472823.0,visa,fail,2025-09-03 04:40:00
52,karaj,100000.0,mastercard,success,2025-09-10 18:45:00
41,karaj,1578078.0,mastercard,success,2025-09-02 00:00:00
6,tehran,300000.0,mastercard,success,2025-09-27 11:11:00
2,karaj,471227.0,visa,fail,2025-09-23 07:08:00
15,tehran,1883871.0,visa,success,2025-09-13 18:12:00
17,tehran,1427657.0,visa,fail,2025-09-13 23:59:00
16,tabriz,555555.0,mastercard,success,2025-09-18 15:45:00
28,tehran,419089.0,visa,fail,2025-09-03 07:32:00
85,tabriz,63489.0,visa,fail,2025-09-27 11:11:00
72,tehran,177050.0,visa,success,2025-09-07 09:45:00
10,tehran,471227.0,discover,fail,2025-09-14 18:45:00
10,mashhad,471227.0,visa,success,2025-09-29 16:16:00
73,ahvaz,100000.0,mastercard,success,2025-09-30 08:59:00
28,qom,914282.0,visa,fail,2025-09-17 07:32:00
19,mashhad,452545.0,visa,fail,2025-09-30 08:08:00
98,qom,343679.0,mastercard,success,2025-09-21 18:45:00
68,tabriz,1387769.0,mastercard,fail,2025-09-12 18:00:00
56,tabriz,250000.0,mastercard,success,2025-09-25 19:51:00
12,tehran,63489.0,visa,success,2025-09-12 19:51:00
84,isfahan,1768588.0,visa,fail,2025-09-10 02:54:00
6,ahvaz,471227.0,visa,success,2025-09-30 12:44:00
99,isfahan,419089.0,mastercard,fail,2025-09-07 02:24:00
66,isfahan,1768588.0,discover,success,2025-09-05 05:56:00
30,tehran,412308.0,discover,fail,2025-09-01 10:48:00
92,tabriz,555555.0,visa,success,2025-09-17 21:23:00
34,tabriz,205000.0,unknown,fail,2025-09-13 08:08:00
89,tehran,100.5,mastercard,fail,2025-09-24 07:08:00
17,tabriz,1463119.0,amex,fail,2025-09-30 16:40:00
29,karaj,1578078.0,mastercard,fail,2025-09-18 02:54:00
50,karaj,914465.0,amex,fail,2025-09-04 02:37:00
96,tabriz,583952.0,visa,fail,2025-09-30 21:23:00
49,shiraz,914465.0,amex,success,2025-09-05 17:07:00
73,tabriz,1305967.0,amex,fail,2025-09-25 21:10:00
61,shiraz,177050.0,unknown,success,2025-09-16 07:32:00
83,tehran,123456.0,unknown,success,2025-09-01 16:40:00
46,tehran,177050.0,visa,success,2025-09-14 11:11:00
66,ahvaz,200000.0,mastercard,success,2025-09-09 19:51:00
54,ahvaz,120000.0,visa,success,2025-09-17 17:07:00
16,unknown,123456.0,visa,success,2025-09-25 23:59:00
81,ahvaz,100000.0,amex,success,2025-09-24 04:40:00
92,isfahan,1387769.0,amex,success,2025-09-04 12:12:00
7,shiraz,914465.0,discover,fail,2025-09-12 06:06:00
88,tehran,471227.0,unknown,success,2025-09-05 11:11:00
38,tehran,976246.0,amex,fail,2025-09-11 11:11:00
54,tabriz,900000.0,visa,success,2025-09-28 10:48:00
76,qom,200000.0,visa,fail,2025-09-06 21:10:00
15,mashhad,343679.0,mastercard,fail,2025-09-07 06:30:00
50,isfahan,100.5,visa,fail,2025-09-14 16:16:00
96,isfahan,471227.0,amex,success,2025-09-11 10:48:00
9,tehran,1502601.0,visa,success,2025-09-30 07:07:00
8,tehran,1472823.0,amex,success,2025-09-13 19:19:00
19,tehran,100.5,visa,success,2025-09-02 11:11:00
51,tehran,100.5,visa,fail,2025-09-25 11:11:00
72,mashhad,1000.0,mastercard,fail,2025-09-07 11:11:00
99,shiraz,1578078.0,visa,fail,2025-09-20 04:40:00
68,shiraz,914282.0,visa,success,2025-09-27 05:56:00
31,qom,585954.0,visa,success,2025-09-08 19:40:00
3,tehran,585954.0,visa,fail,2025-09-20 04:04:00
83,ahvaz,585954.0,mastercard,success,2025-09-22 07:32:00
10,unknown,50200.0,visa,fail,2025-09-13 07:07:00
12,karaj,63489.0,discover,fail,2025-09-14 08:59:00
46,mashhad,976246.0,amex,fail,2025-09-10 19:51:00
30,shiraz,205000.0,mastercard,fail,2025-09-11 11:11:00
95,karaj,471227.0,visa,fail,2025-09-02 11:11:00
82,karaj,650000.0,discover,success,2025-09-25 08:08:00
89,tabriz,1463119.0,visa,fail,2025-09-26 16:16:00
32,mashhad,583952.0,visa,success,2025-09-09 05:23:00
73,shiraz,412308.0,mastercard,fail,2025-09-17 00:00:00
47,tehran,250000.0,mastercard,fail,2025-09-26 03:27:00
89,tehran,1782689.0,visa,success,2025-09-03 17:17:00
3,tehran,177050.0,visa,fail,2025-09-05 06:06:00
74,karaj,200000.0,mastercard,success,2025-09-15 09:09:00
50,isfahan,976246.0,discover,success,2025-09-23 23:59:00
13,tehran,583952.0,mastercard,success,2025-09-09 03:27:00
29,isfahan,412308.0,unknown,fail,2025-09-03 15:45:00
38,tabriz,1427657.0,mastercard,success,2025-09-20 23:17:00
77,karaj,1000.0,amex,success,2025-09-26 03:27:00
91,tabriz,471227.0,visa,fail,2025-09-17 21:21:00
84,mashhad,343679.0,visa,fail,2025-09-29 21:21:00
14,isfahan,419089.0,visa,fail,2025-09-18 11:11:00
8,qom,1158713.0,visa,fail,2025-09-18 19:51:00
48,karaj,123456.0,discover,success,2025-09-30 18:45:00
13,tehran,1578078.0,unknown,fail,2025-09-17 01:51:00
51,karaj,976246.0,visa,fail,2025-09-24 19:51:00
78,mashhad,1578078.0,visa,fail,2025-09-25 05:23:00
58,shiraz,177050.0,mastercard,fail,2025-09-09 14:30:00
72,tehran,333333.0,mastercard,fail,2025-09-04 08:59:00
55,qom,1768588.0,visa,fail,2025-09-14 19:19:00
80,mashhad,177050.0,mastercard,fail,2025-09-05 05:23:00
42,tehran,120000.0,visa,success,2025-09-02 14:55:00
21,tehran,205000.0,mastercard,fail,2025-09-11 19:51:00
57,tehran,583952.0,mastercard,fail,2025-09-24 08:08:00
25,isfahan,555555.0,mastercard,success,2025-09-03 10:48:00
56,karaj,200000.0,visa,success,2025-09-27 17:17:00
54,tehran,177050.0,amex,success,2025-09-25 08:59:00
46,qom,976246.0,visa,success,2025-09-02 11:11:00
68,tehran,177050.0,discover,fail,2025-09-12 21:23:00
4,karaj,1427657.0,mastercard,success,2025-09-10 04:15:00
95,tehran,419089.0,mastercard,fail,2025-09-09 07:32:00
66,ahvaz,120000.0,discover,success,2025-09-15 04:40:00
94,isfahan,419089.0,discover,fail,2025-09-08 12:12:00
43,tehran,177050.0,visa,success,2025-09-25 23:59:00
62,isfahan,900000.0,visa,success,2025-09-05 12:44:00
85,karaj,100.5,visa,success,2025-09-02 01:51:00
65,isfahan,1472823.0,visa,success,2025-09-28 13:10:00
62,mashhad,1387769.0,discover,fail,2025-09-15 05:56:00
9,ahvaz,583952.0,discover,fail,2025-09-27 21:10:00
57,mashhad,583952.0,mastercard,success,2025-09-05 19:51:00
45,isfahan,1883871.0,visa,success,2025-09-16 14:55:00
48,isfahan,1578078.0,mastercard,success,2025-09-18 03:00:00
42,ahvaz,412308.0,discover,success,2025-09-06 12:12:00
75,mashhad,850000.0,mastercard,success,2025-09-28 23:59:00
90,karaj,471227.0,visa,fail,2025-09-16 03:27:00
91,karaj,471227.0,visa,success,2025-09-13 20:20:00
58,tabriz,50200.0,visa,fail,2025-09-28 11:11:00
42,qom,545116.0,mastercard,success,2025-09-05 23:59:00
35,shiraz,774681.0,mastercard,fail,2025-09-13 12:34:00
38,tehran,1463119.0,amex,success,2025-09-17 04:15:00
41,unknown,250000.0,discover,fail,2025-09-08 14:02:00
100,shiraz,450000.0,discover,fail,2025-09-13 11:11:00
50,isfahan,583952.0,discover,success,2025-09-30 04:40:00
87,tabriz,583952.0,amex,success,2025-09-29 11:11:00
72,tabriz,1782689.0,visa,success,2025-09-19 05:23:00
45,tehran,583952.0,amex,success,2025-09-03 02:54:00
71,tehran,250000.0,discover,success,2025-09-24 09:45:00
17,shiraz,5000.0,visa,success,2025-09-02 03:00:00
65,tehran,850000.0,visa,success,2025-09-08 07:07:00
94,tehran,177050.0,visa,fail,2025-09-27 04:40:00
77,tehran,1782689.0,mastercard,fail,2025-09-13 07:32:00
56,tabriz,900000.0,amex,fail,2025-09-13 07:07:00
94,tehran,100.5,visa,success,2025-09-01 10:48:00
41,qom,1463119.0,unknown,success,2025-09-06 02:37:00
42,mashhad,1463119.0,amex,fail,2025-09-24 08:08:00
69,karaj,1387769.0,discover,fail,2025-09-16 09:09:00
75,tehran,1463119.0,discover,success,2025-09-28 15:45:00
73,tabriz,419089.0,discover,fail,2025-09-01 02:20:00
41,tehran,100.5,visa,fail,2025-09-27 18:00:00
8,tehran,177050.0,mastercard,success,2025-09-09 07:08:00
44,mashhad,123456.0,visa,success,2025-09-13 20:33:00
58,mashhad,1578078.0,mastercard,fail,2025-09-11 09:45:00
67,isfahan,1000.0,mastercard,success,2025-09-13 07:07:00
13,mashhad,123456.0,visa,success,2025-09-25 12:12:00
49,tehran,555555.0,visa,fail,2025-09-27 19:51:00
80,tehran,1472823.0,mastercard,fail,2025-09-06 12:44:00
82,karaj,343679.0,mastercard,fail,2025-09-28 03:27:00
78,isfahan,555555.0,visa,fail,2025-09-07 23:17:00
66,tehran,343679.0,visa,fail,2025-09-11 22:27:00
92,qom,1387769.0,mastercard,success,2025-09-26 02:24:00
59,isfahan,1883871.0,visa,success,2025-09-25 14:30:00
52,qom,583952.0,amex,fail,2025-09-23 11:11:00
81,isfahan,1768588.0,mastercard,fail,2025-09-10 20:20:00
15,qom,1472823.0,mastercard,fail,2025-09-11 14:11:00
20,tehran,471227.0,mastercard,fail,2025-09-21 04:04:00
5,tabriz,250000.0,visa,success,2025-09-30 04:40:00
7,ahvaz,419089.0,mastercard,success,2025-09-07 19:40:00
18,tehran,177050.0,visa,success,2025-09-18 21:23:00
56,shiraz,1768588.0,visa,success,2025-09-04 19:51:00
75,tehran,1472823.0,visa,success,2025-09-02 02:30:00
97,tehran,200000.0,visa,success,2025-09-14 04:15:00
92,isfahan,177050.0,mastercard,success,2025-09-13 19:29:00
91,qom,1387769.0,mastercard,fail,2025-09-29 16:16:00
45,mashhad,177050.0,mastercard,fail,2025-09-12 12:12:00
50,isfahan,452545.0,visa,fail,2025-09-02 12:44:00
2,tehran,123456.0,unknown,success,2025-09-13 02:37:00
84,tehran,1883871.0,mastercard,fail,2025-09-14 18:00:00
68,karaj,100.5,mastercard,fail,2025-09-27 19:51:00
77,tabriz,914465.0,mastercard,fail,2025-09-17 02:24:00
24,karaj,545116.0,visa,fail,2025-09-09 02:24:00
45,tehran,443463.0,visa,success,2025-09-08 08:59:00
94,tehran,100.5,discover,fail,2025-09-02 21:21:00
58,tabriz,343679.0,discover,success,2025-09-28 06:30:00
36,qom,100.5,visa,success,2025-09-24 02:20:00
18,tehran,585954.0,mastercard,fail,2025-09-03 11:11:00
49,tabriz,1768588.0,amex,success,2025-09-16 19:19:00
58,tehran,5000.0,discover,fail,2025-09-19 02:24:00
15,qom,976246.0,visa,fail,2025-09-30 11:11:00
23,tabriz,1472823.0,unknown,fail,2025-09-10 06:06:00
66,mashhad,1387769.0,visa,fail,2025-09-09 00:00:00
94,isfahan,177050.0,visa,fail,2025-09-28 21:23:00
27,tabriz,100.5,amex,success,2025-09-28 02:24:00
37,qom,300000.0,visa,fail,2025-09-15 19:29:00
49,isfahan,1578078.0,amex,fail,2025-09-30 22:27:00
64,tehran,250000.0,mastercard,fail,2025-09-05 19:51:00
34,tehran,205000.0,visa,success,2025-09-29 21:10:00
18,tehran,914465.0,unknown,fail,2025-09-22 02:24:00
74,isfahan,914465.0,visa,fail,2025-09-20 16:16:00
17,isfahan,419089.0,visa,fail,2025-09-18 20:33:00
13,qom,63489.0,amex,fail,2025-09-27 11:11:00
92,tehran,200000.0,amex,success,2025-09-17 07:08:00
64,tabriz,774681.0,visa,fail,2025-09-10 03:00:00
66,isfahan,1502601.0,mastercard,success,2025-09-22 21:21:00
34,tehran,583952.0,visa,success,2025-09-01 12:12:00
96,tabriz,1578078.0,mastercard,fail,2025-09-22 19:51:00
88,tehran,471227.0,mastercard,fail,2025-09-26 18:45:00
71,tehran,1000.0,amex,success,2025-09-24 14:30:00
64,tehran,200000.0,discover,success,2025-09-27 20:33:00
33,tehran,250000.0,mastercard,success,2025-09-18 14:11:00
12,karaj,471227.0,mastercard,success,2025-09-18 06:06:00
76,tehran,200000.0,mastercard,fail,2025-09-14 21:10:00
19,tehran,914282.0,amex,success,2025-09-15 21:10:00
9,tehran,412308.0,visa,fail,2025-09-29 14:02:00
74,tehran,250000.0,amex,success,2025-09-12 07:08:00
17,tehran,63489.0,amex,fail,2025-09-04 01:01:00
50,tabriz,914282.0,mastercard,fail,2025-09-27 09:00:00
39,karaj,120000.0,mastercard,fail,2025-09-03 06:06:00
41,tabriz,585954.0,visa,fail,2025-09-20 10:05:00
12,shiraz,1000.0,discover,fail,2025-09-12 02:37:00
96,isfahan,333333.0,visa,fail,2025-09-29 00:00:00
15,tabriz,419089.0,mastercard,fail,2025-09-11 01:01:00
28,karaj,300000.0,amex,fail,2025-09-01 13:10:00
4,mashhad,443463.0,amex,fail,2025-09-06 02:37:00
36,shiraz,1883871.0,visa,fail,2025-09-15 01:01:00
99,tehran,12345.0,mastercard,fail,2025-09-19 12:44:00
47,tabriz,1387769.0,visa,fail,2025-09-11 07:08:00
81,karaj,200000.0,visa,success,2025-09-26 13:13:00
38,mashhad,1578078.0,amex,success,2025-09-26 08:08:00
44,mashhad,1050805.0,mastercard,fail,2025-09-02 22:27:00
51,tehran,100000.0,discover,fail,2025-09-14 02:37:00
98,isfahan,343679.0,discover,success,2025-09-02 03:27:00
85,tehran,471227.0,visa,fail,2025-09-29 20:33:00
98,isfahan,555555.0,visa,fail,2025-09-13 06:30:00
53,tehran,300000.0,visa,success,2025-09-07 14:30:00
6,tabriz,200000.0,mastercard,fail,2025-09-15 02:20:00
2,isfahan,205000.0,mastercard,fail,2025-09-29 11:11:00
91,isfahan,5000.0,visa,fail,2025-09-11 17:07:00
47,karaj,1768588.0,discover,fail,2025-09-15 12:34:00
13,qom,1768588.0,discover,fail,2025-09-14 14:00:00
76,isfahan,250000.0,amex,fail,2025-09-20 23:17:00
69,tehran,850000.0,visa,success,2025-09-22 21:21:00
59,qom,1050805.0,visa,fail,2025-09-17 02:30:00
10,isfahan,250000.0,mastercard,success,2025-09-12 11:11:00
13,tehran,450000.0,discover,fail,2025-09-24 11:11:00
2,unknown,1782689.0,visa,fail,2025-09-28 09:00:00
91,tehran,914465.0,visa,fail,2025-09-29 18:45:00
15,tabriz,123456.0,visa,success,2025-09-21 21:21:00
46,tehran,205000.0,mastercard,success,2025-09-15 21:23:00
57,isfahan,774681.0,discover,fail,2025-09-16 12:12:00
10,tabriz,914465.0,visa,success,2025-09-05 21:21:00
22,qom,471227.0,unknown,success,2025-09-27 12:12:00
79,tehran,50200.0,visa,fail,2025-09-06 14:00:00
77,ahvaz,412308.0,mastercard,success,2025-09-19 21:10:00
8,tehran,976246.0,discover,fail,2025-09-25 19:29:00
21,tehran,1050805.0,discover,success,2025-09-05 08:59:00
85,shiraz,5000.0,visa,fail,2025-09-03 12:44:00
45,isfahan,850000.0,discover,fail,2025-09-26 09:09:00
92,tehran,545116.0,unknown,fail,2025-09-28 19:51:00
40,tehran,1578078.0,visa,success,2025-09-06 06:06:00
22,tabriz,443463.0,visa,success,2025-09-15 18:00:00
30,mashhad,976246.0,amex,success,2025-09-02 09:00:00
62,tehran,120000.0,mastercard,fail,2025-09-29 11:11:00
73,qom,120000.0,mastercard,fail,2025-09-03 02:30:00
82,mashhad,100.5,visa,success,2025-09-24 02:54:00
42,qom,177050.0,unknown,success,2025-09-12 02:37:00
27,unknown,850000.0,amex,success,2025-09-15 23:59:00
70,tabriz,177050.0,amex,success,2025-09-12 00:00:00
62,ahvaz,5000.0,mastercard,fail,2025-09-16 13:10:00
8,tabriz,585954.0,visa,fail,2025-09-08 21:23:00
85,tehran,200000.0,amex,success,2025-09-28 11:11:00
18,qom,333333.0,visa,success,2025-09-14 11:11:00
78,tabriz,100.5,mastercard,fail,2025-09-25 06:30:00
15,tehran,850000.0,visa,success,2025-09-17 19:29:00
26,tabriz,120000.0,discover,fail,2025-09-29 09:00:00
53,tabriz,585954.0,discover,success,2025-09-21 02:20:00
44,mashhad,200000.0,mastercard,fail,2025-09-08 19:51:00
32,isfahan,200000.0,mastercard,success,2025-09-15 11:11:00
28,tehran,100.5,amex,fail,2025-09-27 07:08:00
32,ahvaz,1387769.0,mastercard,success,2025-09-18 02:20:00
77,qom,200000.0,visa,fail,2025-09-20 17:17:00
79,tehran,1305967.0,visa,fail,2025-09-07 20:33:00
70,karaj,1472823.0,amex,success,2025-09-29 13:13:00
11,mashhad,1578078.0,visa,fail,2025-09-12 04:04:00
32,mashhad,914465.0,visa,success,2025-09-21 10:05:00
20,mashhad,100.5,amex,success,2025-09-24 08:08:00
98,tabriz,100000.0,visa,success,2025-09-28 02:30:00
40,tabriz,1768588.0,visa,success,2025-09-26 21:23:00
8,shiraz,976246.0,mastercard,success,2025-09-03 10:05:00
69,qom,123456.0,visa,fail,2025-09-14 13:13:00
78,isfahan,120000.0,mastercard,success,2025-09-25 08:08:00
21,tabriz,914465.0,discover,fail,2025-09-30 19:51:00
24,tabriz,850000.0,discover,fail,2025-09-14 15:45:00
17,tehran,914282.0,amex,fail,2025-09-07 04:04:00
99,tehran,1427657.0,visa,success,2025-09-30 17:17:00
16,tabriz,100.5,visa,success,2025-09-20 02:37:00
4,tabriz,250000.0,amex,success,2025-09-04 02:37:00
90,unknown,1782689.0,mastercard,success,2025-09-09 23:59:00
34,unknown,200000.0,visa,fail,2025-09-06 17:07:00
93,tehran,5000.0,visa,fail,2025-09-16 07:32:00
46,tabriz,900000.0,visa,fail,2025-09-25 03:00:00
77,tehran,900000.0,visa,fail,2025-09-22 14:11:00
31,mashhad,555555.0,discover,success,2025-09-22 12:44:00
25,isfahan,205000.0,mastercard,fail,2025-09-21 03:27:00
74,tabriz,774681.0,amex,success,2025-09-21 12:34:00
24,karaj,450000.0,mastercard,success,2025-09-02 13:13:00
65,karaj,1050805.0,unknown,fail,2025-09-24 19:19:00
25,tehran,333333.0,visa,success,2025-09-08 11:11:00
36,tehran,1387769.0,mastercard,fail,2025-09-13 08:59:00
82,qom,914465.0,visa,success,2025-09-17 14:30:00
6,qom,1502601.0,mastercard,fail,2025-09-08 07:08:00
66,tehran,914282.0,visa,fail,2025-09-21 17:17:00
67,tehran,1578078.0,visa,success,2025-09-18 14:30:00
72,karaj,976246.0,visa,success,2025-09-30 23:59:00
48,mashhad,100.5,unknown,fail,2025-09-14 11:11:00
83,shiraz,583952.0,discover,success,2025-09-15 00:00:00
70,karaj,177050.0,discover,fail,2025-09-06 06:30:00
78,shiraz,914282.0,visa,success,2025-09-11 02:30:00
48,isfahan,1000.0,visa,fail,2025-09-25 19:29:00
44,tehran,585954.0,discover,success,2025-09-28 13:13:00
95,tehran,343679.0,discover,fail,2025-09-06 19:51:00
64,ahvaz,1578078.0,mastercard,success,2025-09-22 14:11:00
83,ahvaz,914465.0,mastercard,success,2025-09-19 14:55:00
73,tehran,650000.0,discover,success,2025-09-24 22:27:00
71,isfahan,1387769.0,visa,fail,2025-09-09 03:27:00
63,isfahan,99999.0,visa,fail,2025-09-12 11:11:00
41,qom,12345.0,visa,success,2025-09-25 18:12:00
7,qom,200000.0,amex,success,2025-09-14 12:34:00
9,tehran,1578078.0,discover,fail,2025-09-15 10:48:00
4,isfahan,914282.0,visa,success,2025-09-16 09:45:00
90,tehran,12345.0,visa,success,2025-09-22 08:08:00
49,tehran,419089.0,discover,fail,2025-09-22 15:45:00
76,mashhad,1463119.0,mastercard,fail,2025-09-28 20:33:00
82,tehran,650000.0,visa,success,2025-09-01 03:27:00
21,ahvaz,177050.0,mastercard,success,2025-09-10 01:51:00
67,tehran,343679.0,mastercard,success,2025-09-18 05:23:00
66,isfahan,177050.0,mastercard,success,2025-09-28 21:21:00
32,qom,1000.0,mastercard,success,2025-09-01 03:27:00
29,isfahan,177050.0,mastercard,success,2025-09-09 19:40:00
66,tehran,419089.0,visa,fail,2025-09-13 01:01:00
27,tehran,177050.0,mastercard,fail,2025-09-01 14:11:00
60,mashhad,343679.0,unknown,success,2025-09-13 11:11:00
44,ahvaz,900000.0,amex,fail,2025-09-26 02:37:00
82,tehran,1050805.0,visa,success,2025-09-22 04:15:00
36,tehran,419089.0,mastercard,success,2025-09-07 07:32:00
92,tehran,177050.0,mastercard,success,2025-09-06 22:27:00
45,ahvaz,177050.0,mastercard,success,2025-09-07 22:27:00
84,tabriz,900000.0,visa,fail,2025-09-26 02:37:00
21,tabriz,100.5,discover,fail,2025-09-14 13:13:00
23,tehran,120000.0,visa,fail,2025-09-26 10:05:00
95,mashhad,1472823.0,visa,success,2025-09-18 23:17:00
90,tehran,1578078.0,mastercard,success,2025-09-15 05:23:00
96,ahvaz,177050.0,mastercard,fail,2025-09-02 23:59:00
27,mashhad,900000.0,mastercard,success,2025-09-10 14:11:00
72,tehran,100.5,visa,success,2025-09-12 02:37:00
19,karaj,177050.0,amex,fail,2025-09-17 20:33:00
41,mashhad,1883871.0,visa,fail,2025-09-08 23:59:00
26,isfahan,585954.0,amex,success,2025-09-11 19:40:00
28,ahvaz,177050.0,mastercard,success,2025-09-29 04:15:00
96,qom,205000.0,mastercard,fail,2025-09-06 12:44:00
80,mashhad,177050.0,mastercard,success,2025-09-09 23:17:00
51,tehran,443463.0,amex,success,2025-09-06 07:08:00
74,tabriz,177050.0,mastercard,fail,2025-09-09 11:11:00
48,tabriz,1578078.0,amex,success,2025-09-07 12:12:00
73,tabriz,120000.0,visa,success,2025-09-18 16:16:00
39,tabriz,976246.0,visa,fail,2025-09-12 02:24:00
19,karaj,585954.0,discover,success,2025-09-08 08:08:00
64,isfahan,471227.0,visa,fail,2025-09-08 00:00:00
19,isfahan,1387769.0,mastercard,fail,2025-09-18 02:37:00
76,qom,1502601.0,discover,success,2025-09-28 07:08:00
62,qom,1768588.0,mastercard,success,2025-09-30 14:55:00
13,qom,177050.0,mastercard,fail,2025-09-20 22:27:00
90,karaj,850000.0,mastercard,fail,2025-09-15 14:55:00
93,tehran,123456.0,visa,success,2025-09-27 00:00:00
42,tabriz,100.5,unknown,success,2025-09-07 16:16:00
39,tehran,1782689.0,discover,success,2025-09-11 06:30:00
30,ahvaz,450000.0,amex,fail,2025-09-20 17:07:00
5,qom,177050.0,visa,fail,2025-09-16 13:13:00
81,ahvaz,1782689.0,discover,success,2025-09-04 19:40:00
21,tehran,177050.0,mastercard,fail,2025-09-26 18:12:00
87,tabriz,205000.0,visa,success,2025-09-22 11:11:00
50,mashhad,100.5,mastercard,fail,2025-09-26 09:09:00
6,tabriz,1000.0,visa,fail,2025-09-03 01:51:00
50,tabriz,1883871.0,visa,success,2025-09-09 14:11:00
80,tehran,555555.0,mastercard,fail,2025-09-28 01:01:00
1,isfahan,545116.0,visa,success,2025-09-14 22:27:00
57,ahvaz,850000.0,amex,fail,2025-09-11 12:12:00
30,shiraz,914282.0,mastercard,success,2025-09-18 11:11:00
58,tehran,976246.0,visa,fail,2025-09-22 08:08:00
52,isfahan,177050.0,discover,success,2025-09-12 16:40:00
48,tabriz,471227.0,visa,success,2025-09-12 14:00:00
88,tabriz,1883871.0,visa,fail,2025-09-13 10:48:00
67,tabriz,50200.0,discover,fail,2025-09-26 01:01:00
2,tehran,12345.0,visa,success,2025-09-19 19:51:00
56,tehran,914465.0,amex,success,2025-09-23 09:00:00
93,tehran,914465.0,mastercard,fail,2025-09-04 14:11:00
82,tehran,177050.0,mastercard,success,2025-09-13 03:00:00
98,tehran,976246.0,amex,fail,2025-09-08 05:56:00
79,isfahan,650000.0,discover,fail,2025-09-29 07:08:00
22,tehran,200000.0,mastercard,success,2025-09-23 01:51:00
27,karaj,419089.0,discover,fail,2025-09-21 13:10:00
60,tehran,120000.0,mastercard,fail,2025-09-12 12:44:00
83,karaj,412308.0,visa,success,2025-09-18 16:16:00
28,tehran,177050.0,discover,success,2025-09-18 13:13:00
74,isfahan,333333.0,visa,fail,2025-09-19 08:08:00
84,tabriz,774681.0,mastercard,fail,2025-09-22 01:01:00
87,isfahan,471227.0,discover,fail,2025-09-27 00:00:00
26,tehran,452545.0,amex,fail,2025-09-03 23:17:00
75,tehran,1305967.0,mastercard,success,2025-09-28 03:27:00
71,tabriz,1768588.0,mastercard,fail,2025-09-10 07:08:00
17,tabriz,976246.0,mastercard,success,2025-09-19 10:48:00
82,shiraz,1387769.0,mastercard,fail,2025-09-03 02:24:00
56,tehran,419089.0,visa,fail,2025-09-29 14:55:00
64,tehran,1768588.0,visa,fail,2025-09-22 01:01:00
20,tehran,1883871.0,visa,fail,2025-09-15 19:19:00
38,isfahan,1387769.0,mastercard,success,2025-09-01 13:10:00
75,tehran,412308.0,visa,fail,2025-09-07 07:08:00
58,qom,1502601.0,discover,fail,2025-09-12 11:11:00
16,tehran,200000.0,amex,success,2025-09-17 09:00:00
51,tehran,100.5,mastercard,success,2025-09-30 12:12:00
27,tehran,1463119.0,unknown,fail,2025-09-21 20:20:00
51,tehran,555555.0,visa,success,2025-09-26 19:29:00
75,mashhad,555555.0,visa,success,2025-09-29 05:56:00
16,isfahan,914282.0,mastercard,success,2025-09-24 12:34:00
88,isfahan,1472823.0,visa,success,2025-09-20 19:40:00
60,karaj,1782689.0,mastercard,fail,2025-09-05 18:12:00
76,shiraz,1387769.0,visa,success,2025-09-04 09:45:00
40,tehran,1463119.0,amex,success,2025-09-28 00:00:00
2,tabriz,99999.0,visa,fail,2025-09-30 19:19:00
48,tehran,914465.0,amex,success,2025-09-20 19:29:00
52,shiraz,452545.0,visa,success,2025-09-28 03:27:00
24,karaj,471227.0,mastercard,success,2025-09-24 16:40:00
84,mashhad,1782689.0,visa,fail,2025-09-19 12:12:00
82,tehran,1883871.0,amex,success,2025-09-09 14:55:00
78,shiraz,1000.0,mastercard,success,2025-09-04 13:13:00
82,mashhad,205000.0,mastercard,fail,2025-09-26 19:29:00
20,ahvaz,1502601.0,amex,fail,2025-09-04 14:11:00
41,tabriz,850000.0,mastercard,fail,2025-09-15 22:27:00
41,tehran,343679.0,mastercard,fail,2025-09-02 11:11:00
92,tabriz,63489.0,discover,success,2025-09-06 19:51:00
23,isfahan,545116.0,mastercard,success,2025-09-07 08:08:00
38,tehran,545116.0,visa,success,2025-09-10 06:06:00
62,tehran,583952.0,mastercard,fail,2025-09-26 19:51:00
12,ahvaz,443463.0,visa,fail,2025-09-22 20:33:00
30,tehran,100.5,mastercard,fail,2025-09-29 01:01:00
96,ahvaz,99999.0,discover,fail,2025-09-12 19:29:00
41,tabriz,650000.0,discover,success,2025-09-18 13:13:00
20,karaj,976246.0,amex,fail,2025-09-08 21:23:00
6,tabriz,100000.0,visa,success,2025-09-21 13:13:00
75,tabriz,1387769.0,visa,success,2025-09-15 12:12:00
100,karaj,1427657.0,visa,fail,2025-09-01 19:40:00
4,tehran,450000.0,visa,success,2025-09-03 14:30:00
10,mashhad,583952.0,discover,fail,2025-09-08 10:48:00
51,shiraz,443463.0,visa,fail,2025-09-04 19:29:00
94,shiraz,200000.0,mastercard,fail,2025-09-16 12:12:00
38,unknown,1305967.0,mastercard,success,2025-09-30 00:00:00
8,shiraz,471227.0,discover,success,2025-09-10 02:30:00
81,tehran,12345.0,mastercard,success,2025-09-12 02:30:00
63,tehran,177050.0,visa,success,2025-09-14 07:32:00
15,isfahan,1463119.0,mastercard,fail,2025-09-23 21:10:00
31,tehran,1472823.0,visa,fail,2025-09-05 12:44:00
3,shiraz,914465.0,mastercard,fail,2025-09-06 14:11:00
66,tehran,1768588.0,mastercard,success,2025-09-13 12:12:00
35,tehran,177050.0,visa,success,2025-09-09 04:15:00
41,qom,1427657.0,visa,success,2025-09-30 14:00:00
59,tabriz,914282.0,visa,fail,2025-09-22 01:51:00
16,shiraz,450000.0,discover,success,2025-09-28 14:30:00
56,qom,177050.0,discover,success,2025-09-29 08:08:00
45,tehran,774681.0,visa,success,2025-09-15 11:11:00
59,tehran,1768588.0,visa,success,2025-09-14 07:08:00
85,tehran,774681.0,discover,success,2025-09-07 00:00:00
12,qom,343679.0,mastercard,fail,2025-09-25 10:48:00
33,isfahan,300000.0,mastercard,fail,2025-09-07 19:51:00
84,karaj,177050.0,discover,fail,2025-09-06 13:13:00
49,tabriz,976246.0,visa,fail,2025-09-17 19:40:00
21,tehran,585954.0,discover,fail,2025-09-27 02:30:00
60,tehran,1782689.0,mastercard,fail,2025-09-25 14:00:00
52,tehran,100.5,mastercard,success,2025-09-25 23:59:00
39,isfahan,976246.0,visa,fail,2025-09-02 06:06:00
49,isfahan,774681.0,visa,success,2025-09-03 01:01:00
64,tehran,100.5,discover,success,2025-09-05 13:13:00
87,karaj,333333.0,visa,fail,2025-09-05 02:30:00
26,isfahan,1578078.0,visa,fail,2025-09-01 20:20:00
71,mashhad,452545.0,discover,success,2025-09-08 01:01:00
7,tabriz,1050805.0,mastercard,success,2025-09-12 13:10:00
72,mashhad,545116.0,mastercard,success,2025-09-24 20:33:00
62,ahvaz,583952.0,visa,success,2025-09-04 06:30:00
91,tehran,914282.0,visa,fail,2025-09-13 10:48:00
89,tehran,300000.0,visa,success,2025-09-23 03:00:00
40,unknown,177050.0,unknown,success,2025-09-11 03:27:00
76,tabriz,63489.0,mastercard,fail,2025-09-10 19:19:00
47,tehran,100.5,visa,fail,2025-09-03 00:00:00
9,tehran,900000.0,unknown,success,2025-09-16 02:24:00
3,tehran,976246.0,discover,success,2025-09-10 21:10:00
48,karaj,1578078.0,visa,fail,2025-09-30 03:00:00
47,tehran,12345.0,visa,success,2025-09-09 06:06:00
89,qom,123456.0,amex,success,2025-09-01 10:48:00
68,karaj,100.5,discover,fail,2025-09-05 14:11:00
84,ahvaz,1782689.0,mastercard,fail,2025-09-20 16:16:00
16,shiraz,1305967.0,visa,success,2025-09-11 23:17:00
74,qom,1883871.0,visa,fail,2025-09-12 03:27:00
94,unknown,333333.0,discover,fail,2025-09-25 18:12:00
5,isfahan,250000.0,discover,fail,2025-09-22 14:55:00
11,tehran,63489.0,amex,fail,2025-09-20 05:56:00
29,ahvaz,99999.0,visa,success,2025-09-28 13:13:00
79,tabriz,200000.0,mastercard,success,2025-09-25 04:15:00
70,mashhad,471227.0,visa,fail,2025-09-11 18:12:00
48,tehran,333333.0,mastercard,success,2025-09-05 02:37:00
84,tehran,545116.0,discover,success,2025-09-05 23:59:00
60,tabriz,100.5,unknown,fail,2025-09-05 13:13:00
62,tehran,450000.0,mastercard,fail,2025-09-17 19:29:00
2,tabriz,1782689.0,mastercard,fail,2025-09-17 14:00:00
80,isfahan,1387769.0,visa,fail,2025-09-24 14:11:00
99,unknown,450000.0,visa,fail,2025-09-24 17:17:00
49,tehran,585954.0,mastercard,success,2025-09-28 04:40:00
89,isfahan,976246.0,unknown,fail,2025-09-15 17:17:00
28,tehran,471227.0,mastercard,fail,2025-09-06 20:20:00
97,qom,585954.0,mastercard,fail,2025-09-27 05:23:00
74,tabriz,443463.0,amex,success,2025-09-20 00:00:00
49,ahvaz,120000.0,discover,fail,2025-09-18 12:34:00
48,karaj,1050805.0,visa,success,2025-09-14 17:17:00
89,qom,419089.0,mastercard,success,2025-09-09 16:40:00
29,tehran,343679.0,visa,success,2025-09-05 02:30:00
60,karaj,100.5,visa,success,2025-09-20 19:40:00
29,mashhad,1578078.0,amex,success,2025-09-26 02:20:00
58,shiraz,1883871.0,visa,fail,2025-09-29 17:17:00
48,ahvaz,1472823.0,mastercard,success,2025-09-01 04:04:00
23,tehran,850000.0,visa,fail,2025-09-23 05:56:00
27,qom,99999.0,visa,success,2025-09-03 11:11:00
96,tehran,583952.0,mastercard,success,2025-09-06 03:27:00
49,karaj,650000.0,visa,success,2025-09-21 12:34:00
54,tehran,100.5,discover,fail,2025-09-27 21:10:00
68,unknown,1387769.0,mastercard,success,2025-09-05 04:04:00
42,tabriz,914465.0,visa,success,2025-09-17 04:40:00
74,shiraz,12345.0,visa,success,2025-09-19 14:30:00
59,tehran,1472823.0,discover,fail,2025-09-14 01:51:00
44,tehran,450000.0,mastercard,success,2025-09-12 20:33:00
99,tehran,1782689.0,visa,fail,2025-09-10 01:51:00
26,tehran,555555.0,amex,fail,2025-09-20 20:20:00
23,tehran,1578078.0,discover,success,2025-09-21 06:06:00
73,tehran,100000.0,visa,success,2025-09-18 23:17:00
8,tehran,250000.0,mastercard,fail,2025-09-24 13:13:00
53,tehran,1000.0,amex,fail,2025-09-27 20:33:00
71,isfahan,850000.0,visa,success,2025-09-30 03:27:00
7,isfahan,12345.0,visa,success,2025-09-02 13:13:00
9,ahvaz,200000.0,visa,fail,2025-09-25 04:15:00
3,isfahan,200000.0,discover,fail,2025-09-18 13:13:00
44,tabriz,5000.0,mastercard,fail,2025-09-07 07:08:00
87,mashhad,1158713.0,visa,fail,2025-09-24 05:23:00
46,qom,900000.0,amex,fail,2025-09-15 14:55:00
91,qom,1472823.0,amex,fail,2025-09-11 20:20:00
58,isfahan,1472823.0,visa,fail,2025-09-18 12:12:00
28,tehran,343679.0,mastercard,fail,2025-09-23 01:01:00
14,tehran,100.5,visa,success,2025-09-12 17:17:00
9,tehran,205000.0,mastercard,fail,2025-09-06 01:01:00
2,tabriz,914282.0,unknown,success,2025-09-23 14:11:00
75,tehran,471227.0,amex,fail,2025-09-30 02:30:00
19,tehran,650000.0,visa,fail,2025-09-16 20:33:00
39,shiraz,50200.0,mastercard,fail,2025-09-18 08:08:00
82,qom,1000.0,visa,success,2025-09-10 13:13:00
5,mashhad,583952.0,mastercard,success,2025-09-23 04:04:00
23,qom,545116.0,discover,success,2025-09-18 07:32:00
89,karaj,450000.0,visa,fail,2025-09-21 07:08:00
29,tabriz,1768588.0,amex,fail,2025-09-01 07:07:00
72,isfahan,200000.0,visa,success,2025-09-23 14:11:00
26,ahvaz,12345.0,visa,success,2025-09-08 03:27:00
79,tehran,1578078.0,visa,fail,2025-09-29 08:59:00
28,mashhad,900000.0,amex,success,2025-09-15 19:51:00
47,tehran,914282.0,discover,success,2025-09-15 08:08:00
78,karaj,177050.0,visa,fail,2025-09-02 22:27:00
59,tehran,412308.0,mastercard,success,2025-09-23 02:37:00
70,tabriz,177050.0,unknown,fail,2025-09-26 19:19:00
49,tehran,555555.0,visa,success,2025-09-11 22:27:00
5,tabriz,471227.0,mastercard,success,2025-09-10 12:44:00
37,tehran,333333.0,visa,success,2025-09-18 07:32:00
79,tehran,250000.0,visa,success,2025-09-18 04:04:00
15,tabriz,205000.0,mastercard,fail,2025-09-17 04:15:00
52,isfahan,545116.0,amex,success,2025-09-26 14:00:00
69,qom,585954.0,mastercard,fail,2025-09-08 23:59:00
93,tabriz,1578078.0,visa,fail,2025-09-15 21:10:00
11,tehran,583952.0,discover,success,2025-09-17 16:40:00
43,qom,5000.0,visa,fail,2025-09-12 17:17:00
70,isfahan,471227.0,mastercard,fail,2025-09-27 14:55:00
23,tehran,583952.0,discover,success,2025-09-08 09:45:00
40,isfahan,443463.0,mastercard,success,2025-09-25 21:21:00
63,isfahan,900000.0,mastercard,fail,2025-09-14 19:19:00
2,qom,1502601.0,visa,success,2025-09-04 08:08:00
73,tabriz,914465.0,mastercard,fail,2025-09-16 21:23:00
47,karaj,650000.0,visa,fail,2025-09-14 06:06:00
30,tehran,250000.0,discover,fail,2025-09-21 19:51:00
16,karaj,585954.0,unknown,success,2025-09-16 12:12:00
47,isfahan,1883871.0,visa,fail,2025-09-09 11:11:00
30,mashhad,585954.0,visa,success,2025-09-26 23:59:00
59,tehran,585954.0,visa,fail,2025-09-02 08:08:00
64,shiraz,650000.0,mastercard,fail,2025-09-18 09:09:00
52,isfahan,100.5,amex,fail,2025-09-09 07:08:00
18,tabriz,914465.0,mastercard,fail,2025-09-01 09:45:00
58,qom,850000.0,visa,success,2025-09-13 10:05:00
49,tabriz,1050805.0,mastercard,success,2025-09-09 21:21:00
32,tabriz,1883871.0,visa,success,2025-09-21 12:34:00
54,shiraz,177050.0,discover,fail,2025-09-11 08:08:00
85,ahvaz,100000.0,visa,fail,2025-09-04 02:20:00
97,karaj,555555.0,visa,success,2025-09-29 02:30:00
46,qom,585954.0,visa,success,2025-09-06 23:59:00
78,tabriz,50200.0,visa,success,2025-09-06 00:00:00
89,tabriz,100.5,amex,success,2025-09-02 20:33:00
90,tehran,250000.0,amex,fail,2025-09-18 07:07:00
61,karaj,850000.0,discover,fail,2025-09-13 11:11:00
51,isfahan,900000.0,mastercard,success,2025-09-23 14:00:00
62,tehran,419089.0,discover,fail,2025-09-19 15:45:00
35,qom,443463.0,visa,success,2025-09-13 01:51:00
81,tehran,471227.0,amex,fail,2025-09-11 17:17:00
42,ahvaz,1000.0,visa,success,2025-09-01 19:19:00
68,qom,1050805.0,mastercard,fail,2025-09-30 07:08:00
47,tabriz,1463119.0,discover,success,2025-09-07 16:16:00
66,tabriz,976246.0,visa,success,2025-09-01 18:45:00
43,unknown,100.5,visa,success,2025-09-12 02:24:00
34,isfahan,555555.0,mastercard,fail,2025-09-26 08:08:00
37,tehran,12345.0,visa,fail,2025-09-19 10:48:00
13,tabriz,1768588.0,amex,fail,2025-09-28 06:06:00
98,mashhad,1782689.0,visa,fail,2025-09-29 02:24:00
97,tehran,200000.0,mastercard,fail,2025-09-01 02:37:00
7,mashhad,774681.0,mastercard,fail,2025-09-17 20:20:00
42,tehran,914465.0,visa,success,2025-09-17 14:30:00
38,mashhad,914282.0,visa,fail,2025-09-03 03:27:00
52,shiraz,63489.0,amex,fail,2025-09-12 08:08:00
44,karaj,976246.0,visa,success,2025-09-06 18:12:00
64,tehran,1782689.0,discover,fail,2025-09-26 00:00:00
13,tehran,250000.0,visa,fail,2025-09-11 13:10:00
28,unknown,333333.0,visa,success,2025-09-08 11:11:00
97,isfahan,99999.0,amex,fail,2025-09-14 02:20:00
82,isfahan,976246.0,visa,fail,2025-09-14 11:11:00
99,isfahan,1427657.0,visa,fail,2025-09-10 14:00:00
99,tehran,200000.0,mastercard,success,2025-09-02 18:12:00
43,tabriz,1768588.0,mastercard,fail,2025-09-09 14:02:00
42,karaj,1502601.0,amex,fail,2025-09-03 19:51:00
50,shiraz,850000.0,visa,fail,2025-09-26 00:00:00
51,tabriz,1883871.0,visa,fail,2025-09-02 03:00:00
16,shiraz,1387769.0,discover,success,2025-09-06 02:30:00
39,ahvaz,100000.0,mastercard,success,2025-09-28 07:08:00
33,isfahan,50200.0,mastercard,fail,2025-09-29 17:17:00
88,tehran,1578078.0,mastercard,success,2025-09-26 04:40:00
99,tehran,1472823.0,mastercard,success,2025-09-12 12:12:00
17,tehran,850000.0,visa,fail,2025-09-05 03:27:00
90,isfahan,1782689.0,visa,success,2025-09-02 22:27:00
6,tehran,850000.0,discover,fail,2025-09-16 11:11:00
69,tabriz,205000.0,discover,success,2025-09-15 03:27:00
40,tehran,452545.0,discover,fail,2025-09-12 20:20:00
30,tehran,914465.0,discover,fail,2025-09-04 11:11:00
69,ahvaz,471227.0,visa,fail,2025-09-15 09:09:00
7,tabriz,5000.0,mastercard,fail,2025-09-16 02:30:00
13,shiraz,650000.0,visa,success,2025-09-23 23:17:00
4,isfahan,419089.0,mastercard,fail,2025-09-06 07:08:00
50,karaj,545116.0,visa,success,2025-09-14 21:21:00
3,mashhad,419089.0,discover,success,2025-09-18 04:40:00
12,shiraz,200000.0,discover,fail,2025-09-12 01:51:00
27,shiraz,100000.0,mastercard,success,2025-09-11 05:56:00
50,tabriz,850000.0,mastercard,success,2025-09-13 21:21:00
77,isfahan,99999.0,amex,fail,2025-09-21 20:33:00
17,tehran,914465.0,visa,success,2025-09-23 02:20:00
72,qom,1578078.0,mastercard,fail,2025-09-11 05:23:00
51,tabriz,471227.0,discover,success,2025-09-15 05:56:00
17,isfahan,1463119.0,discover,fail,2025-09-21 21:23:00
34,tehran,1578078.0,visa,fail,2025-09-28 20:33:00
100,karaj,443463.0,discover,fail,2025-09-25 01:51:00
24,ahvaz,343679.0,amex,fail,2025-09-04 02:30:00
18,tehran,1578078.0,visa,fail,2025-09-19 01:01:00
48,tabriz,1782689.0,mastercard,success,2025-09-21 01:51:00
27,tehran,1427657.0,discover,fail,2025-09-02 04:04:00
1,tehran,471227.0,visa,fail,2025-09-14 20:20:00
85,isfahan,123456.0,mastercard,fail,2025-09-29 04:15:00
59,karaj,177050.0,mastercard,success,2025-09-04 02:37:00
10,ahvaz,1782689.0,mastercard,fail,2025-09-16 05:56:00
96,karaj,1472823.0,visa,fail,2025-09-21 20:33:00
84,karaj,100.5,visa,fail,2025-09-14 14:11:00
57,shiraz,5000.0,discover,success,2025-09-27 10:48:00
66,isfahan,100.5,visa,fail,2025-09-29 02:37:00
15,shiraz,583952.0,visa,fail,2025-09-15 21:10:00
28,karaj,1502601.0,amex,fail,2025-09-28 10:05:00
13,isfahan,1305967.0,mastercard,success,2025-09-03 16:40:00
14,tabriz,100.5,mastercard,fail,2025-09-08 09:45:00
66,isfahan,900000.0,amex,fail,2025-09-16 13:10:00
34,qom,976246.0,mastercard,success,2025-09-10 02:37:00
100,tehran,1883871.0,mastercard,fail,2025-09-04 14:30:00
25,ahvaz,63489.0,mastercard,success,2025-09-30 03:27:00
79,tehran,850000.0,visa,success,2025-09-02 03:27:00
9,qom,471227.0,discover,fail,2025-09-13 02:24:00
78,isfahan,99999.0,visa,success,2025-09-26 14:00:00
53,karaj,914282.0,visa,fail,2025-09-30 19:51:00
43,tehran,1463119.0,discover,success,2025-09-11 03:27:00
38,qom,343679.0,visa,success,2025-09-07 06:06:00
42,tehran,450000.0,mastercard,fail,2025-09-12 03:27:00
67,tehran,1387769.0,mastercard,success,2025-09-13 19:19:00
95,qom,300000.0,mastercard,success,2025-09-10 04:40:00
16,isfahan,1578078.0,visa,success,2025-09-29 01:01:00
31,mashhad,343679.0,mastercard,fail,2025-09-10 13:13:00
58,karaj,200000.0,mastercard,fail,2025-09-24 18:45:00
28,tehran,100.5,visa,fail,2025-09-04 03:00:00
4,karaj,177050.0,mastercard,success,2025-09-20 15:45:00
10,ahvaz,976246.0,mastercard,fail,2025-09-04 10:48:00
51,tabriz,1463119.0,visa,fail,2025-09-22 02:30:00
18,mashhad,50200.0,mastercard,fail,2025-09-07 08:59:00
30,karaj,443463.0,visa,fail,2025-09-12 11:11:00
36,tehran,583952.0,visa,success,2025-09-24 14:11:00
9,tehran,343679.0,discover,success,2025-09-13 04:04:00
36,tehran,914465.0,discover,success,2025-09-10 21:21:00
29,qom,250000.0,visa,success,2025-09-15 14:00:00
93,tehran,250000.0,amex,fail,2025-09-13 12:12:00
21,karaj,177050.0,visa,fail,2025-09-23 09:00:00
64,tabriz,1578078.0,discover,fail,2025-09-22 01:01:00
66,tehran,50200.0,mastercard,fail,2025-09-22 14:00:00
59,tehran,5000.0,discover,fail,2025-09-21 20:33:00
100,mashhad,1578078.0,mastercard,fail,2025-09-22 05:23:00
55,qom,1578078.0,mastercard,fail,2025-09-09 21:23:00
31,tehran,1463119.0,visa,success,2025-09-26 12:12:00
33,tehran,850000.0,mastercard,fail,2025-09-09 02:54:00
88,isfahan,1578078.0,mastercard,success,2025-09-15 10:48:00
60,isfahan,1578078.0,discover,success,2025-09-10 23:59:00
41,shiraz,900000.0,mastercard,success,2025-09-24 21:23:00
81,shiraz,1463119.0,mastercard,success,2025-09-26 14:55:00
46,tehran,585954.0,amex,fail,2025-09-25 02:20:00
65,mashhad,471227.0,visa,success,2025-09-10 13:10:00
23,shiraz,419089.0,visa,fail,2025-09-24 04:40:00
27,tehran,200000.0,visa,fail,2025-09-16 05:23:00
90,unknown,976246.0,mastercard,fail,2025-09-17 17:07:00
32,mashhad,205000.0,visa,fail,2025-09-26 11:11:00
89,tehran,583952.0,amex,success,2025-09-05 23:17:00
3,qom,443463.0,discover,fail,2025-09-04 21:23:00
76,qom,1387769.0,amex,success,2025-09-24 14:11:00
100,qom,177050.0,visa,fail,2025-09-19 07:08:00
79,ahvaz,100000.0,mastercard,success,2025-09-04 09:45:00
17,tehran,774681.0,visa,fail,2025-09-28 19:40:00
7,tehran,177050.0,visa,success,2025-09-10 20:20:00
83,unknown,100.5,visa,success,2025-09-25 02:24:00
69,tehran,177050.0,visa,success,2025-09-19 03:27:00
58,tehran,850000.0,mastercard,fail,2025-09-04 22:27:00
40,karaj,205000.0,unknown,fail,2025-09-10 19:29:00
48,tehran,1782689.0,mastercard,fail,2025-09-23 06:06:00
51,karaj,419089.0,visa,success,2025-09-18 16:16:00
57,isfahan,333333.0,visa,success,2025-09-05 06:06:00
71,tabriz,1782689.0,mastercard,success,2025-09-15 13:13:00
37,tabriz,1578078.0,visa,fail,2025-09-17 12:44:00
88,karaj,50200.0,discover,success,2025-09-03 14:11:00
75,tehran,1387769.0,visa,fail,2025-09-12 13:13:00
74,ahvaz,1768588.0,discover,success,2025-09-02 05:56:00
85,karaj,1578078.0,discover,fail,2025-09-01 16:16:00
55,ahvaz,419089.0,mastercard,success,2025-09-23 12:44:00
98,ahvaz,976246.0,mastercard,success,2025-09-17 14:11:00
20,tabriz,1387769.0,mastercard,success,2025-09-22 14:11:00
33,ahvaz,774681.0,mastercard,fail,2025-09-16 04:40:00
100,unknown,585954.0,mastercard,fail,2025-09-15 18:45:00
34,isfahan,1502601.0,discover,success,2025-09-03 16:16:00
62,tabriz,1782689.0,discover,success,2025-09-28 12:34:00
92,tabriz,1050805.0,mastercard,fail,2025-09-07 10:48:00
19,shiraz,583952.0,visa,fail,2025-09-11 05:23:00
69,tehran,300000.0,mastercard,fail,2025-09-09 02:37:00
63,tabriz,63489.0,discover,fail,2025-09-14 12:12:00
10,tehran,50200.0,discover,success,2025-09-29 23:59:00
94,isfahan,583952.0,visa,success,2025-09-30 12:12:00
5,isfahan,1463119.0,mastercard,success,2025-09-25 12:12:00
58,tabriz,1768588.0,visa,success,2025-09-02 04:40:00
76,tabriz,1782689.0,mastercard,success,2025-09-07 20:33:00
59,ahvaz,1000.0,mastercard,fail,2025-09-21 12:12:00
77,isfahan,583952.0,visa,fail,2025-09-18 20:33:00
15,tabriz,300000.0,visa,success,2025-09-10 14:55:00
77,qom,1502601.0,mastercard,success,2025-09-22 18:45:00
1,tabriz,471227.0,mastercard,fail,2025-09-29 21:10:00
53,tehran,300000.0,visa,success,2025-09-09 23:59:00
1,tehran,976246.0,visa,fail,2025-09-11 08:59:00
11,tehran,300000.0,visa,success,2025-09-07 03:27:00
100,tehran,1883871.0,visa,fail,2025-09-19 23:59:00
60,tehran,177050.0,visa,fail,2025-09-04 19:29:00
44,isfahan,123456.0,amex,fail,2025-09-26 08:08:00
6,ahvaz,343679.0,mastercard,success,2025-09-06 08:08:00
5,tehran,123456.0,mastercard,fail,2025-09-14 12:12:00
54,ahvaz,914282.0,visa,fail,2025-09-04 07:08:00
17,tehran,1387769.0,mastercard,fail,2025-09-08 02:24:00
38,mashhad,419089.0,visa,fail,2025-09-05 00:00:00
9,karaj,419089.0,mastercard,success,2025-09-01 05:23:00
84,tehran,1578078.0,visa,fail,2025-09-03 18:45:00
78,tehran,1000.0,visa,success,2025-09-09 16:16:00
26,karaj,976246.0,visa,success,2025-09-01 09:00:00
62,karaj,1768588.0,mastercard,success,2025-09-06 14:02:00
92,karaj,1883871.0,visa,fail,2025-09-09 19:19:00
25,unknown,914282.0,amex,fail,2025-09-07 08:08:00
36,tehran,99999.0,amex,success,2025-09-13 04:04:00
99,mashhad,1578078.0,visa,success,2025-09-17 18:12:00
80,tehran,200000.0,visa,fail,2025-09-28 07:08:00
33,tehran,1768588.0,visa,fail,2025-09-02 09:09:00
3,tehran,900000.0,discover,fail,2025-09-28 14:30:00
88,tehran,5000.0,discover,success,2025-09-05 07:07:00
11,karaj,1463119.0,discover,success,2025-09-12 08:08:00
58,tabriz,1768588.0,mastercard,fail,2025-09-27 01:51:00
18,isfahan,5000.0,mastercard,fail,2025-09-08 20:33:00
47,tehran,585954.0,visa,success,2025-09-06 19:40:00
44,tehran,585954.0,visa,fail,2025-09-08 02:37:00
59,qom,1768588.0,visa,fail,2025-09-03 09:09:00
89,tehran,200000.0,mastercard,success,2025-09-29 03:27:00
29,tehran,123456.0,mastercard,fail,2025-09-26 04:40:00
94,shiraz,1158713.0,visa,success,2025-09-03 17:17:00
67,tehran,1463119.0,discover,fail,2025-09-06 18:00:00
2,tabriz,650000.0,unknown,success,2025-09-02 03:27:00
25,qom,976246.0,discover,success,2025-09-23 02:20:00
19,mashhad,5000.0,visa,success,2025-09-12 05:56:00
40,mashhad,914465.0,mastercard,fail,2025-09-02 19:51:00
2,qom,177050.0,visa,success,2025-09-06 07:07:00
83,tehran,1463119.0,visa,fail,2025-09-17 10:05:00
65,tehran,200000.0,mastercard,fail,2025-09-03 11:11:00
62,ahvaz,200000.0,visa,fail,2025-09-02 21:10:00
54,isfahan,914465.0,discover,fail,2025-09-30 01:01:00
45,tehran,205000.0,mastercard,fail,2025-09-20 09:45:00
49,mashhad,412308.0,mastercard,fail,2025-09-08 11:11:00
100,ahvaz,471227.0,visa,success,2025-09-22 04:40:00
69,tehran,99999.0,amex,fail,2025-09-12 10:05:00
85,ahvaz,123456.0,mastercard,fail,2025-09-29 01:01:00
53,karaj,123456.0,mastercard,fail,2025-09-15 14:55:00
11,tabriz,1050805.0,visa,fail,2025-09-16 04:15:00
34,shiraz,976246.0,mastercard,success,2025-09-10 02:20:00
15,mashhad,976246.0,mastercard,fail,2025-09-30 11:11:00
97,tehran,412308.0,discover,success,2025-09-25 14:11:00
53,tehran,900000.0,mastercard,fail,2025-09-23 08:08:00
48,isfahan,450000.0,visa,fail,2025-09-16 04:04:00
31,isfahan,100.5,mastercard,success,2025-09-12 01:01:00
37,tehran,1387769.0,mastercard,success,2025-09-17 14:02:00
28,karaj,12345.0,mastercard,success,2025-09-16 21:23:00
31,karaj,471227.0,visa,success,2025-09-12 04:40:00
14,karaj,120000.0,mastercard,success,2025-09-20 18:45:00
16,mashhad,200000.0,visa,fail,2025-09-16 12:44:00
25,tehran,100000.0,amex,success,2025-09-30 19:40:00
66,shiraz,1768588.0,unknown,fail,2025-09-23 19:19:00
38,mashhad,583952.0,mastercard,success,2025-09-28 02:30:00
41,qom,177050.0,discover,success,2025-09-19 18:00:00
99,tehran,914465.0,amex,fail,2025-09-08 06:06:00
40,mashhad,1768588.0,mastercard,fail,2025-09-22 16:16:00
64,qom,123456.0,mastercard,success,2025-09-05 19:40:00
16,karaj,63489.0,visa,success,2025-09-08 02:54:00
82,tabriz,333333.0,discover,success,2025-09-24 21:23:00
77,tehran,471227.0,mastercard,fail,2025-09-12 14:02:00
92,karaj,177050.0,mastercard,fail,2025-09-25 08:08:00
11,tehran,976246.0,amex,success,2025-09-21 09:09:00
1,ahvaz,419089.0,mastercard,fail,2025-09-20 11:11:00
13,tehran,914282.0,mastercard,fail,2025-09-06 08:08:00
30,tehran,205000.0,mastercard,success,2025-09-22 02:30:00
69,tehran,443463.0,amex,fail,2025-09-18 02:30:00
18,tehran,1050805.0,visa,success,2025-09-08 23:59:00
78,mashhad,1158713.0,mastercard,success,2025-09-07 11:11:00
13,qom,583952.0,discover,fail,2025-09-01 04:40:00
71,isfahan,200000.0,discover,fail,2025-09-16 17:17:00
72,tehran,1578078.0,visa,success,2025-09-12 02:30:00
50,mashhad,555555.0,amex,success,2025-09-06 08:59:00
71,qom,1768588.0,mastercard,success,2025-09-20 12:12:00
80,karaj,471227.0,visa,success,2025-09-02 09:09:00
31,tehran,63489.0,visa,success,2025-09-29 01:01:00
51,mashhad,300000.0,visa,success,2025-09-14 12:12:00
27,tabriz,914465.0,mastercard,fail,2025-09-04 20:20:00
60,isfahan,5000.0,visa,success,2025-09-01 04:40:00
33,karaj,177050.0,mastercard,fail,2025-09-23 02:20:00
53,tehran,850000.0,discover,fail,2025-09-18 21:21:00
94,shiraz,123456.0,visa,fail,2025-09-13 07:32:00
72,tehran,343679.0,mastercard,fail,2025-09-02 19:29:00
33,tabriz,177050.0,discover,fail,2025-09-09 08:59:00
41,qom,1158713.0,visa,fail,2025-09-21 14:00:00
19,mashhad,5000.0,visa,fail,2025-09-02 14:55:00
85,mashhad,419089.0,visa,fail,2025-09-27 22:27:00
41,shiraz,1578078.0,discover,fail,2025-09-25 05:56:00
85,tabriz,850000.0,mastercard,success,2025-09-09 04:15:00
23,qom,123456.0,amex,fail,2025-09-03 07:07:00
75,tehran,1050805.0,mastercard,fail,2025-09-20 15:45:00
33,shiraz,976246.0,mastercard,fail,2025-09-30 14:55:00
91,ahvaz,1782689.0,visa,success,2025-09-04 08:08:00
12,tabriz,300000.0,visa,fail,2025-09-23 01:01:00
32,qom,976246.0,mastercard,fail,2025-09-06 19:51:00
33,qom,914465.0,amex,fail,2025-09-03 02:37:00
74,tehran,1768588.0,mastercard,fail,2025-09-22 12:12:00
68,karaj,545116.0,mastercard,fail,2025-09-11 11:11:00
15,tabriz,200000.0,mastercard,fail,2025-09-15 00:00:00
51,tehran,1578078.0,visa,fail,2025-09-22 01:01:00
6,tehran,100.5,amex,success,2025-09-28 16:16:00
92,karaj,1463119.0,visa,fail,2025-09-05 02:20:00
69,tehran,1502601.0,mastercard,success,2025-09-20 18:12:00
69,tehran,900000.0,amex,fail,2025-09-10 02:54:00
82,karaj,419089.0,discover,fail,2025-09-12 14:55:00
93,karaj,1305967.0,visa,fail,2025-09-15 10:05:00
34,tabriz,343679.0,visa,fail,2025-09-06 02:54:00
18,mashhad,1305967.0,visa,fail,2025-09-03 12:44:00
26,ahvaz,976246.0,amex,success,2025-09-30 15:45:00
87,mashhad,1000.0,visa,fail,2025-09-24 02:54:00
74,ahvaz,650000.0,amex,fail,2025-09-03 03:27:00
89,tabriz,555555.0,visa,fail,2025-09-16 06:06:00
85,tehran,471227.0,discover,success,2025-09-07 00:00:00
48,tehran,650000.0,amex,fail,2025-09-20 02:24:00
72,qom,914282.0,discover,success,2025-09-14 10:48:00
97,tehran,12345.0,mastercard,fail,2025-09-09 07:07:00
31,tehran,585954.0,mastercard,success,2025-09-15 07:07:00
34,isfahan,1472823.0,visa,success,2025-09-21 08:08:00
7,shiraz,1578078.0,visa,success,2025-09-27 19:40:00
7,tehran,100.5,discover,success,2025-09-03 18:00:00
53,tehran,914282.0,visa,fail,2025-09-02 00:00:00
93,tabriz,200000.0,visa,success,2025-09-25 21:23:00
38,shiraz,1578078.0,visa,fail,2025-09-29 09:00:00
51,tehran,50200.0,unknown,fail,2025-09-22 06:30:00
15,karaj,545116.0,visa,success,2025-09-01 14:55:00
67,shiraz,1427657.0,discover,success,2025-09-04 08:59:00
91,shiraz,900000.0,mastercard,fail,2025-09-16 03:27:00
90,shiraz,914465.0,mastercard,fail,2025-09-22 02:30:00
10,tehran,100.5,mastercard,success,2025-09-14 08:08:00
12,tabriz,1502601.0,visa,success,2025-09-20 17:17:00
64,isfahan,914282.0,mastercard,success,2025-09-03 01:01:00
50,isfahan,976246.0,visa,fail,2025-09-25 09:00:00
23,tabriz,177050.0,mastercard,success,2025-09-13 01:01:00
40,isfahan,1768588.0,amex,success,2025-09-21 18:45:00
98,tehran,1782689.0,mastercard,fail,2025-09-02 20:20:00
96,tehran,100.5,visa,fail,2025-09-02 10:48:00
77,shiraz,1463119.0,amex,success,2025-09-04 02:30:00
76,shiraz,177050.0,mastercard,success,2025-09-25 10:05:00
100,mashhad,412308.0,amex,success,2025-09-15 08:08:00
18,tabriz,419089.0,visa,fail,2025-09-04 19:19:00
21,tehran,1502601.0,mastercard,success,2025-09-13 02:37:00
1,tabriz,471227.0,mastercard,fail,2025-09-28 13:10:00
41,ahvaz,545116.0,visa,success,2025-09-28 11:11:00
23,ahvaz,471227.0,visa,fail,2025-09-20 18:12:00
78,unknown,914465.0,discover,success,2025-09-18 19:19:00
31,tehran,850000.0,discover,success,2025-09-06 20:20:00
89,isfahan,100000.0,visa,fail,2025-09-29 04:40:00
26,tehran,419089.0,discover,success,2025-09-11 22:27:00
30,tehran,343679.0,visa,fail,2025-09-30 18:12:00
46,ahvaz,583952.0,unknown,fail,2025-09-28 09:09:00
69,karaj,914282.0,discover,success,2025-09-23 10:05:00
5,isfahan,1387769.0,discover,fail,2025-09-19 08:08:00
61,qom,1768588.0,mastercard,fail,2025-09-19 01:51:00
83,qom,1050805.0,discover,fail,2025-09-05 08:08:00
28,tehran,1782689.0,discover,success,2025-09-02 04:04:00
26,qom,412308.0,visa,fail,2025-09-10 12:44:00
61,tehran,850000.0,mastercard,fail,2025-09-25 02:30:00
46,tehran,100.5,visa,fail,2025-09-30 18:00:00
30,karaj,12345.0,mastercard,fail,2025-09-11 14:30:00
93,qom,177050.0,mastercard,fail,2025-09-29 16:40:00
33,isfahan,1768588.0,discover,success,2025-09-24 01:51:00
3,unknown,1305967.0,amex,fail,2025-09-15 14:02:00
83,tabriz,343679.0,amex,fail,2025-09-23 21:10:00
42,tabriz,177050.0,amex,success,2025-09-19 06:30:00
62,isfahan,177050.0,unknown,success,2025-09-09 18:12:00
57,tabriz,1578078.0,visa,fail,2025-09-21 07:07:00
1,tabriz,250000.0,discover,fail,2025-09-09 00:00:00
73,mashhad,5000.0,mastercard,success,2025-09-28 05:56:00
60,isfahan,123456.0,amex,success,2025-09-30 15:45:00
69,shiraz,5000.0,visa,fail,2025-09-14 14:11:00
59,mashhad,976246.0,mastercard,success,2025-09-19 16:16:00
34,karaj,177050.0,mastercard,fail,2025-09-16 04:40:00
98,mashhad,650000.0,mastercard,fail,2025-09-16 05:23:00
25,tehran,1472823.0,visa,fail,2025-09-28 23:59:00
42,tehran,419089.0,visa,fail,2025-09-01 15:45:00
29,ahvaz,200000.0,visa,fail,2025-09-04 12:34:00
25,karaj,850000.0,mastercard,fail,2025-09-04 00:00:00
54,mashhad,914465.0,visa,fail,2025-09-07 09:09:00
73,tabriz,177050.0,mastercard,fail,2025-09-08 19:40:00
67,mashhad,1502601.0,discover,success,2025-09-17 02:20:00
15,shiraz,100.5,discover,fail,2025-09-05 21:23:00
4,tehran,650000.0,unknown,success,2025-09-07 08:08:00
38,qom,250000.0,visa,fail,2025-09-28 11:11:00
20,tabriz,1782689.0,visa,success,2025-09-20 15:45:00
23,tehran,100.5,mastercard,fail,2025-09-29 11:11:00
62,shiraz,471227.0,amex,success,2025-09-04 21:10:00
8,tehran,585954.0,mastercard,success,2025-09-28 03:27:00
37,mashhad,443463.0,mastercard,fail,2025-09-06 14:11:00
45,karaj,1578078.0,visa,success,2025-09-07 03:00:00
98,tabriz,914282.0,mastercard,success,2025-09-18 02:37:00
33,shiraz,1768588.0,mastercard,fail,2025-09-05 10:48:00
7,qom,583952.0,amex,success,2025-09-20 04:40:00
22,isfahan,471227.0,mastercard,fail,2025-09-30 06:06:00
15,karaj,450000.0,visa,fail,2025-09-03 19:40:00
21,isfahan,1578078.0,visa,fail,2025-09-07 02:30:00
90,ahvaz,1768588.0,discover,success,2025-09-27 02:37:00
17,karaj,545116.0,visa,fail,2025-09-28 16:16:00
56,ahvaz,205000.0,mastercard,fail,2025-09-22 23:17:00
50,shiraz,583952.0,visa,fail,2025-09-14 23:59:00
7,isfahan,1427657.0,visa,success,2025-09-07 21:23:00
50,isfahan,585954.0,mastercard,fail,2025-09-05 10:48:00
60,shiraz,50200.0,discover,fail,2025-09-29 00:00:00
7,karaj,1158713.0,mastercard,success,2025-09-05 05:56:00
40,isfahan,1578078.0,mastercard,fail,2025-09-30 14:02:00
59,mashhad,333333.0,visa,success,2025-09-02 12:12:00
75,karaj,650000.0,mastercard,success,2025-09-27 23:59:00
64,tabriz,250000.0,visa,fail,2025-09-22 19:51:00
65,tehran,1578078.0,visa,fail,2025-09-06 06:30:00
54,karaj,177050.0,discover,fail,2025-09-15 00:00:00
97,tehran,1578078.0,mastercard,success,2025-09-21 08:59:00
40,tehran,100000.0,visa,success,2025-09-10 00:00:00
2,tabriz,343679.0,visa,success,2025-09-07 05:56:00
79,tehran,200000.0,discover,fail,2025-09-05 03:00:00
89,karaj,177050.0,mastercard,fail,2025-09-13 02:30:00
50,tehran,177050.0,visa,fail,2025-09-21 07:08:00
81,isfahan,333333.0,mastercard,fail,2025-09-26 01:51:00
20,tehran,976246.0,discover,success,2025-09-21 06:30:00
18,tehran,471227.0,amex,fail,2025-09-05 11:11:00
84,tehran,555555.0,visa,fail,2025-09-13 21:23:00
30,mashhad,177050.0,mastercard,fail,2025-09-04 01:01:00
65,tabriz,5000.0,discover,success,2025-09-17 21:23:00
89,tehran,1768588.0,visa,fail,2025-09-17 13:13:00
47,tabriz,1387769.0,visa,fail,2025-09-28 17:07:00
95,tehran,1502601.0,visa,success,2025-09-21 02:24:00
44,tehran,583952.0,visa,fail,2025-09-23 13:10:00
68,ahvaz,419089.0,visa,fail,2025-09-30 20:33:00
17,shiraz,850000.0,mastercard,fail,2025-09-04 20:20:00
98,tehran,1502601.0,discover,success,2025-09-02 08:08:00
89,tehran,443463.0,mastercard,fail,2025-09-28 02:20:00
81,tehran,63489.0,visa,fail,2025-09-18 23:17:00
50,mashhad,471227.0,visa,fail,2025-09-08 10:48:00
46,isfahan,1050805.0,discover,fail,2025-09-09 02:37:00
51,tehran,976246.0,mastercard,fail,2025-09-29 13:13:00
11,karaj,1578078.0,discover,success,2025-09-20 07:08:00
12,tabriz,412308.0,visa,success,2025-09-29 13:13:00
13,isfahan,914465.0,visa,success,2025-09-06 21:23:00
64,isfahan,177050.0,discover,success,2025-09-10 21:21:00
8,tehran,585954.0,visa,fail,2025-09-21 21:21:00
93,tehran,343679.0,discover,fail,2025-09-17 16:16:00
2,qom,177050.0,mastercard,success,2025-09-09 09:00:00
78,isfahan,333333.0,mastercard,success,2025-09-17 17:17:00
2,ahvaz,583952.0,visa,success,2025-09-09 09:45:00
68,tehran,774681.0,visa,fail,2025-09-09 07:08:00
76,tehran,976246.0,amex,fail,2025-09-01 12:12:00
48,tehran,63489.0,amex,success,2025-09-02 16:40:00
74,tehran,1050805.0,discover,success,2025-09-28 04:04:00
68,mashhad,1782689.0,visa,success,2025-09-29 11:11:00
6,tabriz,250000.0,visa,success,2025-09-01 02:30:00
5,isfahan,976246.0,mastercard,success,2025-09-18 09:00:00
10,tehran,914282.0,mastercard,fail,2025-09-28 13:13:00
43,tehran,177050.0,discover,fail,2025-09-08 02:54:00
19,shiraz,1502601.0,visa,fail,2025-09-21 19:19:00
14,ahvaz,471227.0,mastercard,fail,2025-09-28 13:13:00
43,tabriz,555555.0,visa,fail,2025-09-23 03:27:00
21,tehran,50200.0,mastercard,fail,2025-09-08 02:30:00
24,tehran,1387769.0,visa,fail,2025-09-22 21:23:00
54,isfahan,976246.0,visa,fail,2025-09-08 04:04:00
38,tehran,914465.0,discover,fail,2025-09-17 07:08:00
22,mashhad,99999.0,discover,success,2025-09-17 19:51:00
83,tabriz,976246.0,visa,fail,2025-09-28 08:08:00
74,tehran,1578078.0,visa,fail,2025-09-24 16:40:00
11,karaj,585954.0,mastercard,success,2025-09-19 02:37:00
61,isfahan,419089.0,discover,fail,2025-09-05 03:27:00
66,tehran,585954.0,unknown,success,2025-09-01 01:01:00
33,tehran,471227.0,mastercard,fail,2025-09-23 12:34:00
43,karaj,177050.0,discover,success,2025-09-05 12:44:00
31,isfahan,5000.0,unknown,fail,2025-09-08 03:00:00
35,isfahan,1305967.0,mastercard,success,2025-09-13 02:30:00
37,tehran,1768588.0,visa,fail,2025-09-08 11:11:00
47,isfahan,343679.0,amex,success,2025-09-25 03:27:00
23,tehran,419089.0,visa,success,2025-09-23 12:44:00
36,tehran,333333.0,mastercard,success,2025-09-11 00:00:00
40,tehran,585954.0,mastercard,success,2025-09-01 18:45:00
90,tabriz,100000.0,visa,success,2025-09-19 23:59:00
81,mashhad,583952.0,amex,success,2025-09-24 00:00:00
15,qom,1578078.0,visa,success,2025-09-03 16:16:00
37,isfahan,1050805.0,mastercard,fail,2025-09-24 19:40:00
4,ahvaz,177050.0,mastercard,success,2025-09-17 01:51:00
22,tehran,50200.0,visa,success,2025-09-05 08:59:00
81,tehran,100.5,visa,success,2025-09-20 05:56:00
22,ahvaz,177050.0,amex,fail,2025-09-21 02:30:00
81,tehran,1472823.0,mastercard,fail,2025-09-08 14:11:00
78,tehran,123456.0,mastercard,fail,2025-09-26 10:48:00
72,tehran,177050.0,visa,success,2025-09-11 23:59:00
91,tabriz,1463119.0,mastercard,success,2025-09-15 03:27:00
87,shiraz,471227.0,visa,success,2025-09-07 14:11:00
80,tehran,123456.0,visa,success,2025-09-19 13:10:00
95,tehran,100.5,visa,success,2025-09-28 12:34:00
80,tabriz,650000.0,mastercard,success,2025-09-19 02:37:00
38,tehran,1050805.0,mastercard,fail,2025-09-11 23:17:00
100,tehran,412308.0,visa,fail,2025-09-05 12:34:00
6,tehran,583952.0,visa,fail,2025-09-05 09:00:00
68,ahvaz,583952.0,mastercard,success,2025-09-30 16:16:00
6,karaj,99999.0,mastercard,success,2025-09-08 19:51:00
92,tehran,12345.0,mastercard,success,2025-09-06 02:37:00
41,tabriz,976246.0,mastercard,success,2025-09-15 18:12:00
75,karaj,1387769.0,mastercard,success,2025-09-16 10:48:00
38,mashhad,123456.0,mastercard,success,2025-09-28 22:27:00
80,mashhad,1427657.0,discover,fail,2025-09-17 07:08:00
83,tabriz,177050.0,mastercard,fail,2025-09-08 17:17:00
53,tehran,1000.0,mastercard,fail,2025-09-25 21:10:00
91,shiraz,850000.0,discover,fail,2025-09-02 23:59:00
56,tabriz,1305967.0,amex,fail,2025-09-15 10:48:00
56,ahvaz,452545.0,discover,fail,2025-09-18 13:10:00
31,mashhad,100.5,mastercard,fail,2025-09-03 23:59:00
83,isfahan,123456.0,visa,fail,2025-09-17 02:30:00
57,isfahan,1427657.0,visa,fail,2025-09-04 14:02:00
51,tehran,1782689.0,visa,success,2025-09-30 15:45:00
24,tehran,555555.0,visa,success,2025-09-04 14:00:00
58,tehran,1387769.0,amex,fail,2025-09-14 19:51:00
88,tabriz,200000.0,mastercard,success,2025-09-09 19:29:00
4,shiraz,1768588.0,visa,success,2025-09-25 16:16:00
10,mashhad,1387769.0,discover,fail,2025-09-26 13:13:00
63,tabriz,1502601.0,visa,fail,2025-09-23 02:24:00
73,tehran,774681.0,discover,fail,2025-09-30 00:00:00
83,tehran,1578078.0,mastercard,fail,2025-09-18 07:07:00
15,ahvaz,1305967.0,visa,fail,2025-09-10 18:12:00
99,karaj,200000.0,mastercard,fail,2025-09-21 17:17:00
19,ahvaz,555555.0,discover,success,2025-09-12 23:59:00
63,qom,300000.0,mastercard,success,2025-09-27 07:08:00
56,isfahan,914465.0,mastercard,fail,2025-09-08 02:37:00
21,karaj,177050.0,visa,fail,2025-09-02 18:12:00
34,unknown,1427657.0,discover,fail,2025-09-22 04:40:00
81,ahvaz,123456.0,mastercard,success,2025-09-16 20:33:00
66,shiraz,100000.0,visa,fail,2025-09-28 15:45:00
51,tehran,850000.0,mastercard,success,2025-09-02 00:00:00
65,mashhad,1158713.0,mastercard,success,2025-09-11 02:30:00
43,tehran,850000.0,mastercard,fail,2025-09-10 09:09:00
10,tehran,450000.0,mastercard,success,2025-09-17 07:32:00
37,isfahan,976246.0,mastercard,fail,2025-09-08 03:00:00
48,ahvaz,585954.0,mastercard,success,2025-09-18 09:00:00
69,tabriz,100000.0,visa,fail,2025-09-23 03:27:00
56,tehran,412308.0,mastercard,success,2025-09-09 02:54:00
36,qom,650000.0,discover,success,2025-09-08 10:48:00
38,tehran,1000.0,amex,success,2025-09-28 03:27:00
15,tehran,1463119.0,visa,success,2025-09-18 17:07:00
16,karaj,976246.0,mastercard,fail,2025-09-22 02:37:00
77,tehran,443463.0,unknown,success,2025-09-20 04:15:00
90,tabriz,333333.0,visa,fail,2025-09-30 05:56:00
95,tehran,50200.0,mastercard,fail,2025-09-20 18:12:00
53,tabriz,452545.0,unknown,success,2025-09-21 17:07:00
56,isfahan,1768588.0,visa,success,2025-09-12 09:00:00
7,ahvaz,850000.0,unknown,fail,2025-09-19 08:08:00
57,tehran,1502601.0,mastercard,success,2025-09-14 07:08:00
55,tabriz,177050.0,visa,success,2025-09-17 00:00:00
52,tehran,1578078.0,mastercard,success,2025-09-24 10:05:00
4,tehran,300000.0,discover,success,2025-09-21 16:40:00
43,ahvaz,50200.0,discover,success,2025-09-03 08:08:00
40,isfahan,583952.0,mastercard,success,2025-09-26 20:33:00
30,shiraz,555555.0,mastercard,success,2025-09-30 07:08:00
10,tehran,300000.0,mastercard,fail,2025-09-23 14:11:00
7,isfahan,343679.0,visa,fail,2025-09-17 12:34:00
36,tehran,1463119.0,mastercard,success,2025-09-12 02:30:00
35,qom,976246.0,visa,success,2025-09-09 10:05:00
39,ahvaz,50200.0,discover,fail,2025-09-18 02:30:00
20,tehran,914282.0,unknown,fail,2025-09-13 19:29:00
49,tabriz,1578078.0,mastercard,success,2025-09-30 20:33:00
97,mashhad,100.5,visa,fail,2025-09-21 02:30:00
59,tehran,914282.0,mastercard,fail,2025-09-30 00:00:00
49,qom,545116.0,visa,fail,2025-09-08 07:07:00
91,mashhad,914282.0,visa,success,2025-09-14 21:21:00
26,isfahan,1768588.0,mastercard,success,2025-09-08 07:08:00
36,tehran,545116.0,visa,success,2025-09-14 09:00:00
43,tehran,99999.0,visa,success,2025-09-07 05:23:00
100,ahvaz,200000.0,mastercard,fail,2025-09-23 16:40:00
43,shiraz,1472823.0,amex,success,2025-09-12 07:07:00
100,qom,976246.0,visa,success,2025-09-11 05:56:00
76,karaj,177050.0,discover,success,2025-09-22 14:11:00
78,tehran,850000.0,mastercard,fail,2025-09-11 19:51:00
98,tabriz,1305967.0,visa,success,2025-09-25 07:08:00
45,shiraz,1768588.0,amex,fail,2025-09-22 08:08:00
45,shiraz,1578078.0,mastercard,success,2025-09-28 16:40:00
89,shiraz,976246.0,mastercard,fail,2025-09-29 04:04:00
15,tehran,471227.0,unknown,success,2025-09-13 07:08:00
96,tabriz,1782689.0,amex,success,2025-09-18 04:04:00
12,qom,650000.0,visa,fail,2025-09-29 17:17:00
22,tehran,63489.0,visa,fail,2025-09-21 21:23:00
23,isfahan,585954.0,mastercard,fail,2025-09-15 22:27:00
91,karaj,300000.0,mastercard,success,2025-09-20 08:59:00
78,tabriz,1578078.0,visa,fail,2025-09-27 14:00:00
12,mashhad,471227.0,amex,fail,2025-09-18 07:32:00
68,mashhad,177050.0,unknown,success,2025-09-15 21:21:00
51,shiraz,1387769.0,discover,success,2025-09-19 19:19:00
13,tehran,100.5,visa,success,2025-09-23 03:00:00
57,tehran,1387769.0,mastercard,fail,2025-09-24 06:30:00
55,mashhad,976246.0,mastercard,fail,2025-09-12 15:45:00
82,isfahan,1768588.0,mastercard,fail,2025-09-13 21:10:00
44,tehran,177050.0,mastercard,success,2025-09-11 07:07:00
19,tehran,914465.0,visa,fail,2025-09-05 00:00:00
46,tehran,850000.0,mastercard,fail,2025-09-29 04:04:00
3,karaj,1158713.0,visa,fail,2025-09-01 02:30:00
83,tabriz,471227.0,mastercard,success,2025-09-24 00:00:00
20,karaj,419089.0,visa,success,2025-09-03 20:33:00
25,karaj,1578078.0,visa,success,2025-09-22 14:11:00
75,tabriz,1578078.0,discover,success,2025-09-19 12:12:00
56,tehran,976246.0,visa,success,2025-09-23 12:12:00
81,tehran,205000.0,mastercard,success,2025-09-29 16:16:00
35,tehran,976246.0,visa,success,2025-09-12 18:12:00
78,ahvaz,1050805.0,mastercard,fail,2025-09-15 02:37:00
59,tehran,123456.0,visa,success,2025-09-25 08:59:00
57,tehran,120000.0,visa,fail,2025-09-15 14:11:00
83,shiraz,1472823.0,mastercard,fail,2025-09-08 02:37:00
22,mashhad,177050.0,mastercard,fail,2025-09-08 07:07:00
27,qom,177050.0,visa,fail,2025-09-01 02:30:00
21,isfahan,585954.0,mastercard,success,2025-09-12 23:59:00
41,tehran,1578078.0,visa,success,2025-09-05 06:30:00
31,karaj,333333.0,visa,fail,2025-09-03 08:59:00
27,karaj,471227.0,visa,success,2025-09-01 12:12:00
37,tehran,555555.0,mastercard,fail,2025-09-04 00:00:00
66,isfahan,1463119.0,amex,success,2025-09-08 03:00:00
9,qom,1472823.0,discover,fail,2025-09-10 14:11:00
83,qom,5000.0,visa,fail,2025-09-02 11:11:00
36,tehran,452545.0,amex,fail,2025-09-25 12:12:00
10,isfahan,177050.0,discover,success,2025-09-10 14:55:00
40,karaj,471227.0,amex,success,2025-09-14 23:59:00
54,qom,1502601.0,discover,success,2025-09-07 06:06:00
39,isfahan,914282.0,amex,success,2025-09-27 02:30:00
7,shiraz,471227.0,amex,success,2025-09-27 02:54:00
15,qom,1883871.0,visa,fail,2025-09-09 19:40:00
76,tabriz,914282.0,mastercard,success,2025-09-16 21:23:00
48,mashhad,1782689.0,visa,fail,2025-09-13 23:17:00
6,tehran,205000.0,discover,success,2025-09-09 08:59:00
73,tehran,555555.0,mastercard,fail,2025-09-20 21:23:00
35,ahvaz,914465.0,mastercard,success,2025-09-04 19:51:00
72,karaj,471227.0,mastercard,success,2025-09-22 20:20:00
71,tehran,583952.0,amex,success,2025-09-10 23:59:00
68,mashhad,200000.0,visa,success,2025-09-26 23:59:00
58,tehran,1387769.0,mastercard,fail,2025-09-26 18:12:00
19,tabriz,200000.0,mastercard,fail,2025-09-12 19:19:00
71,karaj,914465.0,mastercard,fail,2025-09-14 02:37:00
10,tehran,1050805.0,mastercard,fail,2025-09-14 02:30:00
25,ahvaz,1502601.0,mastercard,success,2025-09-25 08:08:00
44,qom,1463119.0,mastercard,success,2025-09-02 14:00:00
100,qom,471227.0,mastercard,success,2025-09-21 14:55:00
58,tabriz,1883871.0,mastercard,success,2025-09-25 08:08:00
25,tehran,850000.0,mastercard,fail,2025-09-20 13:10:00
76,tehran,123456.0,visa,fail,2025-09-16 19:51:00
40,tehran,1463119.0,amex,success,2025-09-19 02:37:00
76,tehran,177050.0,amex,success,2025-09-23 06:30:00
70,karaj,177050.0,visa,fail,2025-09-06 20:33:00
10,tehran,177050.0,mastercard,fail,2025-09-24 05:56:00
66,tehran,452545.0,visa,fail,2025-09-19 15:45:00
25,isfahan,850000.0,amex,success,2025-09-05 04:04:00
71,isfahan,1463119.0,mastercard,fail,2025-09-26 11:11:00
88,isfahan,471227.0,mastercard,fail,2025-09-04 08:08:00
11,karaj,100.5,discover,success,2025-09-15 13:13:00
48,shiraz,1578078.0,visa,fail,2025-09-20 10:48:00
88,tabriz,200000.0,mastercard,success,2025-09-10 01:01:00
92,ahvaz,914282.0,visa,fail,2025-09-22 07:08:00
51,tehran,914465.0,discover,success,2025-09-26 14:11:00
17,tehran,914465.0,mastercard,success,2025-09-05 16:16:00
32,shiraz,583952.0,amex,fail,2025-09-06 13:13:00
22,shiraz,177050.0,discover,fail,2025-09-22 08:08:00
13,tabriz,850000.0,mastercard,fail,2025-09-08 10:48:00
12,tehran,583952.0,amex,success,2025-09-07 16:40:00
1,mashhad,200000.0,mastercard,success,2025-09-10 10:05:00
33,qom,200000.0,visa,success,2025-09-06 12:44:00
14,qom,914465.0,discover,fail,2025-09-14 14:11:00
43,tehran,545116.0,visa,fail,2025-09-28 19:19:00
58,tabriz,99999.0,visa,success,2025-09-25 20:33:00
41,tabriz,250000.0,visa,fail,2025-09-13 21:23:00
68,tabriz,120000.0,discover,success,2025-09-17 07:08:00
39,tehran,1768588.0,amex,success,2025-09-23 20:20:00
1,shiraz,177050.0,mastercard,fail,2025-09-07 22:27:00
45,isfahan,300000.0,unknown,fail,2025-09-29 05:23:00
89,mashhad,1050805.0,visa,success,2025-09-14 03:27:00
99,tabriz,200000.0,visa,success,2025-09-24 18:12:00
89,tabriz,585954.0,amex,fail,2025-09-05 12:34:00
79,tehran,412308.0,mastercard,fail,2025-09-16 11:11:00
81,tehran,1782689.0,discover,success,2025-09-26 08:08:00
13,qom,120000.0,mastercard,fail,2025-09-23 02:30:00
71,mashhad,200000.0,mastercard,success,2025-09-20 02:20:00
9,tehran,100000.0,visa,fail,2025-09-04 19:40:00
63,tehran,419089.0,visa,fail,2025-09-24 18:00:00
100,isfahan,1305967.0,visa,success,2025-09-30 00:00:00
23,tehran,914465.0,discover,success,2025-09-24 07:32:00
54,mashhad,976246.0,visa,success,2025-09-02 13:13:00
47,shiraz,1305967.0,visa,fail,2025-09-30 19:51:00
88,qom,583952.0,mastercard,fail,2025-09-19 13:13:00
26,isfahan,1387769.0,visa,success,2025-09-28 21:23:00
1,tehran,1578078.0,discover,success,2025-09-28 02:20:00
97,isfahan,914465.0,mastercard,fail,2025-09-17 07:08:00
74,tehran,333333.0,mastercard,fail,2025-09-14 03:00:00
65,tabriz,583952.0,visa,success,2025-09-19 01:51:00
67,karaj,63489.0,mastercard,success,2025-09-24 09:00:00
49,karaj,123456.0,visa,success,2025-09-13 02:24:00
50,tehran,914465.0,discover,success,2025-09-12 02:54:00
58,tehran,250000.0,discover,success,2025-09-30 13:13:00
57,tehran,100.5,visa,success,2025-09-21 23:17:00
87,qom,1050805.0,visa,success,2025-09-04 21:10:00
18,tehran,100.5,visa,success,2025-09-19 22:27:00
16,karaj,333333.0,mastercard,success,2025-09-16 19:19:00
2,tehran,100.5,mastercard,success,2025-09-13 23:17:00
45,tehran,12345.0,mastercard,fail,2025-09-30 07:07:00
80,mashhad,50200.0,mastercard,fail,2025-09-23 17:07:00
43,karaj,914465.0,visa,fail,2025-09-23 21:23:00
54,tehran,585954.0,mastercard,fail,2025-09-18 01:01:00
74,isfahan,300000.0,mastercard,fail,2025-09-20 14:00:00
98,ahvaz,850000.0,amex,success,2025-09-17 02:30:00
31,mashhad,120000.0,discover,success,2025-09-27 07:08:00
76,tabriz,774681.0,mastercard,success,2025-09-28 23:17:00
9,tabriz,1768588.0,visa,fail,2025-09-27 02:30:00
73,isfahan,120000.0,visa,fail,2025-09-15 04:15:00
18,tehran,1387769.0,mastercard,success,2025-09-25 02:37:00
95,mashhad,1463119.0,visa,success,2025-09-28 18:00:00
97,tehran,1000.0,visa,success,2025-09-22 09:45:00
88,qom,583952.0,mastercard,fail,2025-09-13 14:55:00
11,isfahan,1463119.0,amex,fail,2025-09-01 11:11:00
84,tehran,100000.0,visa,success,2025-09-06 07:08:00
19,shiraz,177050.0,mastercard,fail,2025-09-04 10:48:00
74,isfahan,1768588.0,visa,fail,2025-09-16 21:10:00
13,karaj,1578078.0,amex,fail,2025-09-27 23:59:00
46,tehran,976246.0,visa,fail,2025-09-15 21:10:00
53,isfahan,1768588.0,discover,fail,2025-09-06 17:07:00
99,karaj,1427657.0,mastercard,fail,2025-09-15 21:23:00
29,karaj,250000.0,mastercard,fail,2025-09-14 17:17:00
36,tehran,555555.0,discover,fail,2025-09-28 19:51:00
71,tabriz,123456.0,mastercard,fail,2025-09-11 12:34:00
95,karaj,1883871.0,mastercard,success,2025-09-07 13:13:00
17,tabriz,419089.0,mastercard,success,2025-09-09 19:40:00
48,karaj,333333.0,visa,fail,2025-09-26 18:12:00
77,tehran,443463.0,amex,fail,2025-09-16 14:00:00
24,tehran,471227.0,visa,fail,2025-09-05 12:34:00
54,tabriz,583952.0,visa,success,2025-09-25 03:00:00
92,ahvaz,471227.0,discover,fail,2025-09-29 17:07:00
1,isfahan,300000.0,discover,success,2025-09-18 10:48:00
79,karaj,585954.0,amex,success,2025-09-03 12:12:00
67,tehran,412308.0,mastercard,success,2025-09-13 09:00:00
6,isfahan,1305967.0,visa,success,2025-09-11 19:51:00
55,tehran,443463.0,mastercard,success,2025-09-30 02:20:00
38,tehran,1578078.0,unknown,fail,2025-09-30 04:40:00
33,tehran,471227.0,unknown,success,2025-09-22 23:59:00
8,ahvaz,177050.0,mastercard,fail,2025-09-13 20:20:00
91,tehran,200000.0,amex,fail,2025-09-06 09:45:00
78,ahvaz,412308.0,visa,success,2025-09-27 05:56:00
20,tabriz,1387769.0,visa,success,2025-09-13 14:11:00
48,ahvaz,419089.0,visa,fail,2025-09-21 14:02:00
83,karaj,452545.0,amex,fail,2025-09-19 03:00:00
98,isfahan,200000.0,mastercard,fail,2025-09-03 12:12:00
10,tehran,471227.0,visa,fail,2025-09-26 11:11:00
34,qom,976246.0,visa,success,2025-09-29 16:16:00
36,tehran,443463.0,discover,success,2025-09-05 19:51:00
61,tabriz,1472823.0,discover,fail,2025-09-20 08:08:00
16,isfahan,120000.0,visa,fail,2025-09-17 01:51:00
79,karaj,250000.0,amex,success,2025-09-21 12:34:00
18,shiraz,333333.0,amex,success,2025-09-10 01:01:00
71,tehran,774681.0,visa,fail,2025-09-05 20:33:00
47,ahvaz,12345.0,unknown,success,2025-09-04 13:10:00
87,tabriz,583952.0,visa,fail,2025-09-06 08:08:00
32,shiraz,1578078.0,visa,fail,2025-09-26 21:21:00
43,tehran,200000.0,mastercard,fail,2025-09-04 03:27:00
83,unknown,1158713.0,mastercard,fail,2025-09-30 19:40:00
65,karaj,545116.0,visa,fail,2025-09-07 10:05:00
50,tehran,1578078.0,mastercard,success,2025-09-01 10:48:00
12,isfahan,443463.0,mastercard,success,2025-09-24 13:13:00
58,karaj,1050805.0,visa,fail,2025-09-06 07:07:00
83,shiraz,583952.0,amex,success,2025-09-09 08:08:00
63,tabriz,177050.0,visa,fail,2025-09-22 04:40:00
49,tehran,1502601.0,mastercard,fail,2025-09-28 16:16:00
36,tabriz,1463119.0,visa,success,2025-09-12 14:11:00
54,tehran,650000.0,discover,fail,2025-09-28 14:11:00
47,karaj,100.5,discover,fail,2025-09-25 17:17:00
32,tabriz,250000.0,visa,fail,2025-09-20 14:30:00
100,mashhad,250000.0,amex,fail,2025-09-24 13:13:00
96,tehran,1305967.0,visa,fail,2025-09-25 07:07:00
32,mashhad,471227.0,discover,success,2025-09-21 06:30:00
97,isfahan,1578078.0,discover,fail,2025-09-12 04:40:00
38,tehran,850000.0,mastercard,fail,2025-09-10 07:08:00
30,tabriz,177050.0,visa,fail,2025-09-30 06:30:00
58,isfahan,1578078.0,discover,fail,2025-09-22 17:17:00
32,tehran,1000.0,visa,fail,2025-09-28 10:48:00
66,tehran,1578078.0,visa,success,2025-09-07 02:54:00
51,tehran,5000.0,visa,success,2025-09-03 19:51:00
20,tehran,205000.0,mastercard,success,2025-09-14 23:59:00
37,tehran,1427657.0,mastercard,fail,2025-09-24 16:40:00
73,tehran,12345.0,mastercard,fail,2025-09-10 05:56:00
49,karaj,99999.0,mastercard,success,2025-09-16 15:45:00
55,isfahan,583952.0,mastercard,success,2025-09-22 22:27:00
40,tabriz,1427657.0,visa,success,2025-09-10 07:07:00
7,karaj,976246.0,mastercard,success,2025-09-25 23:59:00
5,shiraz,50200.0,amex,success,2025-09-13 06:30:00
42,karaj,5000.0,mastercard,fail,2025-09-06 12:44:00
89,isfahan,100.5,amex,fail,2025-09-12 14:55:00
48,tehran,63489.0,mastercard,success,2025-09-09 02:30:00
7,tehran,343679.0,mastercard,success,2025-09-13 08:08:00
11,tehran,1768588.0,mastercard,fail,2025-09-04 19:51:00
73,tehran,450000.0,mastercard,success,2025-09-24 18:00:00
49,shiraz,585954.0,discover,fail,2025-09-11 23:59:00
30,tabriz,1427657.0,mastercard,success,2025-09-20 04:04:00
3,mashhad,343679.0,visa,success,2025-09-26 21:23:00
87,tehran,471227.0,visa,fail,2025-09-11 07:07:00
40,shiraz,200000.0,discover,success,2025-09-25 20:33:00
51,tabriz,914282.0,visa,fail,2025-09-21 14:11:00
84,tehran,1000.0,visa,fail,2025-09-04 04:04:00
48,mashhad,343679.0,discover,success,2025-09-01 13:10:00
71,tehran,1768588.0,mastercard,fail,2025-09-27 22:27:00
71,tehran,12345.0,mastercard,fail,2025-09-07 01:51:00
90,tabriz,774681.0,mastercard,fail,2025-09-15 20:20:00
35,karaj,419089.0,amex,success,2025-09-18 12:12:00
24,ahvaz,585954.0,visa,success,2025-09-24 09:00:00
40,shiraz,177050.0,amex,fail,2025-09-11 14:02:00
77,tabriz,914465.0,visa,success,2025-09-20 03:27:00
39,tehran,100000.0,discover,fail,2025-09-15 14:11:00
68,tabriz,450000.0,mastercard,success,2025-09-16 05:23:00
61,tehran,1578078.0,unknown,success,2025-09-07 03:00:00
81,tehran,1502601.0,amex,success,2025-09-10 09:00:00
65,unknown,1578078.0,discover,fail,2025-09-26 21:23:00
62,tehran,177050.0,visa,fail,2025-09-12 09:00:00
6,mashhad,850000.0,mastercard,fail,2025-09-25 14:11:00
75,ahvaz,177050.0,discover,success,2025-09-05 06:06:00
82,tehran,443463.0,visa,fail,2025-09-21 14:30:00
90,tehran,471227.0,visa,fail,2025-09-05 22:27:00
39,tehran,63489.0,unknown,fail,2025-09-03 02:30:00
28,karaj,50200.0,mastercard,fail,2025-09-23 14:30:00
80,isfahan,177050.0,mastercard,fail,2025-09-26 13:13:00
64,tehran,200000.0,visa,success,2025-09-24 21:10:00
41,tabriz,1427657.0,mastercard,fail,2025-09-19 02:24:00
29,qom,1158713.0,visa,fail,2025-09-19 11:11:00
23,karaj,976246.0,visa,success,2025-09-25 12:12:00
85,tabriz,1463119.0,visa,success,2025-09-21 07:32:00
80,qom,850000.0,discover,success,2025-09-12 16:40:00
51,isfahan,914282.0,mastercard,fail,2025-09-25 17:17:00
91,tehran,1158713.0,mastercard,success,2025-09-09 18:45:00
22,karaj,1883871.0,amex,fail,2025-09-01 13:13:00
10,tehran,583952.0,mastercard,success,2025-09-18 14:11:00
7,mashhad,200000.0,visa,fail,2025-09-21 14:55:00
15,tehran,120000.0,visa,success,2025-09-25 19:51:00
77,tehran,1305967.0,visa,fail,2025-09-07 19:51:00
46,tabriz,177050.0,mastercard,success,2025-09-22 06:06:00
91,tabriz,914465.0,visa,fail,2025-09-23 16:40:00
85,ahvaz,123456.0,visa,success,2025-09-01 12:34:00
88,mashhad,50200.0,amex,fail,2025-09-17 19:51:00
61,tehran,12345.0,mastercard,success,2025-09-24 14:30:00
38,isfahan,585954.0,discover,fail,2025-09-28 21:23:00
12,tehran,200000.0,discover,success,2025-09-26 19:40:00
89,mashhad,1427657.0,discover,fail,2025-09-11 18:12:00
54,mashhad,1158713.0,visa,fail,2025-09-22 05:56:00
39,karaj,1387769.0,visa,success,2025-09-17 12:44:00
39,tehran,1158713.0,visa,success,2025-09-02 11:11:00
78,karaj,850000.0,amex,fail,2025-09-06 14:30:00
30,tehran,200000.0,mastercard,fail,2025-09-14 21:23:00
48,isfahan,1502601.0,amex,fail,2025-09-06 16:40:00
31,karaj,120000.0,visa,success,2025-09-01 11:11:00
68,tabriz,1782689.0,visa,success,2025-09-21 04:40:00
51,mashhad,650000.0,mastercard,fail,2025-09-05 01:51:00
13,qom,412308.0,unknown,success,2025-09-02 02:30:00
54,karaj,100000.0,discover,fail,2025-09-25 00:00:00
80,qom,343679.0,amex,fail,2025-09-10 13:13:00
19,tabriz,419089.0,visa,fail,2025-09-16 08:59:00
15,shiraz,5000.0,mastercard,success,2025-09-29 01:51:00
32,karaj,177050.0,visa,fail,2025-09-07 07:32:00
70,tehran,1427657.0,visa,success,2025-09-15 14:02:00
27,isfahan,177050.0,visa,fail,2025-09-08 16:40:00
23,tehran,99999.0,visa,fail,2025-09-06 16:40:00
96,tehran,976246.0,visa,success,2025-09-27 10:48:00
85,ahvaz,100.5,amex,fail,2025-09-03 10:48:00
66,ahvaz,583952.0,amex,success,2025-09-19 13:13:00
5,tehran,1000.0,mastercard,fail,2025-09-17 23:17:00
9,tehran,1883871.0,amex,success,2025-09-07 06:06:00
82,mashhad,650000.0,visa,success,2025-09-20 11:11:00
99,mashhad,1305967.0,amex,fail,2025-09-20 03:00:00
73,shiraz,471227.0,amex,success,2025-09-22 12:12:00
71,tehran,177050.0,visa,success,2025-09-15 02:24:00
30,tabriz,12345.0,discover,success,2025-09-24 09:45:00
82,ahvaz,1387769.0,visa,success,2025-09-08 02:37:00
92,ahvaz,1782689.0,discover,success,2025-09-21 10:05:00
16,tehran,419089.0,mastercard,fail,2025-09-15 08:08:00
85,tehran,123456.0,mastercard,success,2025-09-22 05:23:00
5,qom,774681.0,visa,fail,2025-09-20 23:17:00
29,ahvaz,471227.0,discover,fail,2025-09-28 02:20:00
22,karaj,1578078.0,mastercard,success,2025-09-27 03:00:00
78,shiraz,123456.0,mastercard,fail,2025-09-29 02:37:00
57,shiraz,50200.0,visa,fail,2025-09-09 11:11:00
83,tehran,100000.0,mastercard,fail,2025-09-08 14:00:00
35,tehran,343679.0,mastercard,fail,2025-09-26 17:07:00
89,karaj,914282.0,visa,success,2025-09-28 11:11:00
60,ahvaz,1883871.0,mastercard,fail,2025-09-26 20:20:00
60,qom,1158713.0,mastercard,fail,2025-09-02 14:11:00
3,tehran,1782689.0,mastercard,success,2025-09-24 18:00:00
34,shiraz,585954.0,visa,fail,2025-09-30 00:00:00
15,ahvaz,471227.0,unknown,success,2025-09-01 07:32:00
37,tabriz,976246.0,mastercard,success,2025-09-10 05:23:00
15,isfahan,1782689.0,mastercard,fail,2025-09-20 02:30:00
60,isfahan,471227.0,amex,fail,2025-09-03 19:19:00
97,ahvaz,1768588.0,mastercard,fail,2025-09-06 14:11:00
85,isfahan,914465.0,visa,fail,2025-09-07 02:37:00
64,tehran,585954.0,discover,fail,2025-09-20 00:00:00
97,tehran,976246.0,mastercard,success,2025-09-27 13:13:00
52,shiraz,1463119.0,mastercard,fail,2025-09-18 18:45:00
23,karaj,914282.0,mastercard,success,2025-09-11 13:13:00
37,shiraz,99999.0,discover,fail,2025-09-05 14:00:00
41,tehran,200000.0,visa,success,2025-09-19 13:10:00
57,isfahan,177050.0,mastercard,success,2025-09-11 12:44:00
98,tehran,100.5,mastercard,success,2025-09-24 04:40:00
25,isfahan,1578078.0,discover,fail,2025-09-12 14:00:00
37,qom,471227.0,mastercard,success,2025-09-10 00:00:00
46,mashhad,177050.0,visa,success,2025-09-28 12:12:00
60,tabriz,1305967.0,discover,success,2025-09-28 14:11:00
99,tehran,1050805.0,amex,success,2025-09-09 14:00:00
19,tabriz,177050.0,amex,success,2025-09-04 19:19:00
9,karaj,1768588.0,visa,fail,2025-09-21 21:21:00
69,karaj,250000.0,amex,fail,2025-09-08 17:17:00
90,shiraz,123456.0,mastercard,fail,2025-09-09 21:10:00
19,karaj,545116.0,unknown,success,2025-09-15 22:27:00
30,qom,1472823.0,visa,success,2025-09-16 07:08:00
48,tehran,200000.0,mastercard,success,2025-09-14 08:59:00
16,tehran,850000.0,mastercard,fail,2025-09-08 14:55:00
71,tehran,1782689.0,visa,fail,2025-09-18 02:30:00
56,mashhad,50200.0,visa,fail,2025-09-28 07:07:00
21,karaj,976246.0,unknown,fail,2025-09-20 20:33:00
31,tehran,205000.0,mastercard,fail,2025-09-06 15:45:00
1,tehran,12345.0,discover,success,2025-09-12 14:11:00
3,qom,200000.0,discover,success,2025-09-02 13:13:00
96,karaj,1305967.0,mastercard,fail,2025-09-07 15:45:00
25,tehran,1050805.0,mastercard,fail,2025-09-16 14:55:00
65,tehran,63489.0,visa,success,2025-09-13 14:11:00
62,mashhad,1463119.0,mastercard,fail,2025-09-03 21:21:00
7,tehran,1050805.0,discover,success,2025-09-27 01:51:00
7,tehran,1158713.0,mastercard,fail,2025-09-18 21:10:00
17,isfahan,100000.0,visa,fail,2025-09-06 07:08:00
11,tabriz,1502601.0,visa,success,2025-09-01 00:00:00
49,tabriz,123456.0,amex,fail,2025-09-28 17:07:00
11,tehran,120000.0,mastercard,success,2025-09-01 03:27:00
41,tehran,914465.0,visa,fail,2025-09-23 11:11:00
52,shiraz,471227.0,mastercard,fail,2025-09-05 08:08:00
66,shiraz,914282.0,mastercard,success,2025-09-28 02:24:00
68,isfahan,471227.0,mastercard,success,2025-09-16 11:11:00
93,karaj,177050.0,visa,success,2025-09-11 19:19:00
98,tehran,471227.0,discover,success,2025-09-05 14:55:00
75,tehran,1782689.0,discover,success,2025-09-04 19:29:00
40,shiraz,343679.0,mastercard,success,2025-09-06 01:51:00
85,tehran,1782689.0,visa,fail,2025-09-22 14:02:00
22,shiraz,12345.0,mastercard,success,2025-09-19 02:37:00
37,isfahan,452545.0,amex,fail,2025-09-09 21:10:00
11,isfahan,1305967.0,amex,success,2025-09-12 02:30:00
44,karaj,1782689.0,visa,success,2025-09-11 11:11:00
87,tehran,205000.0,amex,fail,2025-09-14 09:09:00
93,tehran,1463119.0,visa,fail,2025-09-21 23:59:00
11,isfahan,914282.0,mastercard,success,2025-09-21 14:30:00
85,tehran,205000.0,mastercard,fail,2025-09-13 02:24:00
85,isfahan,1502601.0,mastercard,fail,2025-09-02 23:59:00
7,tabriz,471227.0,mastercard,fail,2025-09-04 13:10:00
17,mashhad,1158713.0,mastercard,fail,2025-09-28 03:00:00
48,mashhad,1782689.0,visa,success,2025-09-06 01:01:00
63,tehran,850000.0,visa,success,2025-09-27 19:29:00
64,tehran,177050.0,visa,fail,2025-09-23 08:08:00
75,tehran,200000.0,mastercard,success,2025-09-05 08:08:00
77,tehran,1578078.0,visa,success,2025-09-25 10:05:00
65,qom,1782689.0,visa,fail,2025-09-03 00:00:00
34,tehran,1463119.0,visa,success,2025-09-01 15:45:00
9,ahvaz,99999.0,visa,success,2025-09-04 04:15:00
77,tabriz,1387769.0,visa,fail,2025-09-25 13:13:00
37,tehran,585954.0,visa,fail,2025-09-20 00:00:00
30,tabriz,177050.0,visa,fail,2025-09-02 19:19:00
45,shiraz,1472823.0,mastercard,fail,2025-09-30 08:08:00
47,qom,443463.0,mastercard,fail,2025-09-30 18:00:00
7,qom,450000.0,visa,success,2025-09-05 04:40:00
14,tehran,1782689.0,visa,fail,2025-09-03 14:11:00
6,isfahan,1768588.0,visa,fail,2025-09-28 17:17:00
34,mashhad,200000.0,amex,success,2025-09-29 14:11:00
80,unknown,1387769.0,mastercard,success,2025-09-09 21:23:00
59,isfahan,914465.0,visa,success,2025-09-06 06:30:00
70,shiraz,850000.0,visa,fail,2025-09-18 03:27:00
8,tehran,205000.0,mastercard,fail,2025-09-06 13:13:00
24,tehran,1578078.0,mastercard,fail,2025-09-19 15:45:00
4,tehran,1000.0,visa,success,2025-09-12 00:00:00
97,isfahan,343679.0,visa,fail,2025-09-25 05:23:00
1,tabriz,63489.0,amex,success,2025-09-11 07:07:00
34,karaj,300000.0,visa,success,2025-09-02 13:13:00
9,tabriz,850000.0,mastercard,success,2025-09-15 12:12:00
63,isfahan,120000.0,mastercard,success,2025-09-12 21:10:00
76,tehran,1502601.0,amex,fail,2025-09-12 12:44:00
10,qom,123456.0,discover,success,2025-09-09 20:20:00
44,shiraz,471227.0,amex,fail,2025-09-02 06:06:00
48,mashhad,177050.0,mastercard,fail,2025-09-22 00:00:00
88,shiraz,774681.0,visa,success,2025-09-03 18:00:00
6,ahvaz,205000.0,amex,success,2025-09-12 14:11:00
89,mashhad,555555.0,visa,success,2025-09-28 02:37:00
24,tehran,343679.0,discover,fail,2025-09-30 12:12:00
85,tehran,1782689.0,amex,success,2025-09-26 19:51:00
64,tabriz,545116.0,visa,fail,2025-09-28 02:20:00
95,tehran,50200.0,discover,fail,2025-09-24 09:00:00
56,tabriz,650000.0,discover,fail,2025-09-26 05:23:00
99,isfahan,419089.0,amex,success,2025-09-30 00:00:00
12,tehran,63489.0,mastercard,fail,2025-09-21 04:15:00
35,tehran,419089.0,visa,fail,2025-09-03 17:17:00
71,tehran,5000.0,discover,success,2025-09-20 05:56:00
90,mashhad,99999.0,visa,success,2025-09-02 14:30:00
6,isfahan,63489.0,mastercard,fail,2025-09-09 11:11:00
65,tehran,850000.0,visa,success,2025-09-19 07:07:00
60,tehran,443463.0,discover,fail,2025-09-18 01:51:00
29,shiraz,333333.0,visa,success,2025-09-11 21:23:00
38,tabriz,120000.0,discover,fail,2025-09-25 19:51:00
22,tehran,5000.0,amex,fail,2025-09-16 00:00:00
8,tehran,1472823.0,visa,success,2025-09-22 08:08:00
97,tabriz,200000.0,discover,fail,2025-09-05 23:59:00
98,mashhad,545116.0,visa,success,2025-09-12 10:48:00
13,ahvaz,1502601.0,visa,success,2025-09-11 13:10:00
27,tehran,585954.0,visa,fail,2025-09-30 22:27:00
18,ahvaz,200000.0,visa,success,2025-09-27 13:13:00
87,qom,650000.0,mastercard,success,2025-09-01 13:13:00
14,tehran,250000.0,visa,fail,2025-09-29 09:45:00
11,isfahan,177050.0,mastercard,fail,2025-09-16 01:51:00
87,ahvaz,1768588.0,mastercard,fail,2025-09-02 14:30:00
17,mashhad,333333.0,visa,fail,2025-09-02 05:23:00
51,tehran,471227.0,mastercard,success,2025-09-03 18:00:00
97,karaj,250000.0,visa,fail,2025-09-08 11:11:00
14,tehran,343679.0,visa,fail,2025-09-24 08:59:00
57,tehran,555555.0,discover,success,2025-09-28 12:34:00
94,tabriz,1782689.0,visa,success,2025-09-15 08:08:00
6,tehran,976246.0,discover,success,2025-09-07 17:17:00
57,tehran,450000.0,mastercard,fail,2025-09-06 21:23:00
11,isfahan,1502601.0,visa,fail,2025-09-20 21:23:00
74,tabriz,555555.0,mastercard,fail,2025-09-28 06:30:00
93,tehran,419089.0,discover,fail,2025-09-01 02:24:00
11,tabriz,1472823.0,mastercard,success,2025-09-08 14:30:00
100,tehran,99999.0,mastercard,success,2025-09-23 19:19:00
79,isfahan,1768588.0,mastercard,fail,2025-09-23 03:00:00
8,tehran,1158713.0,visa,success,2025-09-03 07:32:00
59,karaj,1387769.0,visa,fail,2025-09-26 01:51:00
94,tehran,1883871.0,visa,success,2025-09-06 07:08:00
24,tehran,177050.0,mastercard,success,2025-09-15 14:30:00
30,tehran,177050.0,mastercard,success,2025-09-21 08:59:00
100,tehran,1578078.0,visa,fail,2025-09-03 13:13:00
98,tabriz,914465.0,discover,fail,2025-09-25 21:21:00
57,isfahan,1387769.0,mastercard,fail,2025-09-21 11:11:00
80,shiraz,333333.0,mastercard,fail,2025-09-14 16:40:00
73,qom,1000.0,discover,success,2025-09-20 05:56:00
17,ahvaz,774681.0,mastercard,success,2025-09-04 09:00:00
31,tehran,585954.0,visa,fail,2025-09-17 12:12:00
64,isfahan,450000.0,amex,success,2025-09-07 18:00:00
48,mashhad,1768588.0,mastercard,fail,2025-09-09 19:40:00
23,tehran,450000.0,visa,success,2025-09-03 03:00:00
70,tehran,177050.0,visa,fail,2025-09-28 04:40:00
75,qom,250000.0,discover,success,2025-09-19 05:56:00
99,isfahan,1387769.0,visa,success,2025-09-01 13:10:00
60,mashhad,452545.0,mastercard,fail,2025-09-27 07:08:00
52,tehran,976246.0,discover,fail,2025-09-27 12:34:00
27,tabriz,1578078.0,mastercard,success,2025-09-23 04:40:00
13,mashhad,343679.0,amex,success,2025-09-27 19:40:00
72,tehran,545116.0,discover,fail,2025-09-02 13:13:00
62,tehran,650000.0,amex,fail,2025-09-14 19:51:00
35,tehran,1578078.0,visa,success,2025-09-14 09:09:00
29,tabriz,50200.0,mastercard,success,2025-09-21 11:11:00
31,tehran,120000.0,discover,success,2025-09-08 21:23:00
77,karaj,100.5,visa,fail,2025-09-30 14:11:00
76,isfahan,1158713.0,visa,fail,2025-09-03 14:02:00
61,mashhad,1782689.0,mastercard,fail,2025-09-19 12:44:00
72,tehran,177050.0,amex,success,2025-09-27 02:30:00
62,tehran,471227.0,mastercard,success,2025-09-20 00:00:00
59,tehran,914465.0,visa,success,2025-09-17 16:40:00
40,tabriz,250000.0,discover,success,2025-09-25 04:40:00
49,tehran,177050.0,amex,fail,2025-09-08 18:12:00
38,tehran,120000.0,mastercard,success,2025-09-14 19:29:00
93,qom,450000.0,visa,success,2025-09-26 02:30:00
79,karaj,471227.0,mastercard,success,2025-09-06 02:24:00
88,ahvaz,850000.0,amex,success,2025-09-23 12:34:00
89,tabriz,1578078.0,mastercard,fail,2025-09-22 03:27:00
13,tehran,900000.0,visa,success,2025-09-16 14:55:00
54,tehran,1472823.0,unknown,fail,2025-09-19 00:00:00
76,isfahan,1883871.0,mastercard,fail,2025-09-14 07:08:00
39,isfahan,1782689.0,visa,success,2025-09-03 12:12:00
93,tehran,471227.0,mastercard,fail,2025-09-19 08:08:00
17,shiraz,583952.0,mastercard,success,2025-09-28 03:00:00
24,mashhad,583952.0,mastercard,success,2025-09-20 19:19:00
58,tabriz,1463119.0,visa,success,2025-09-13 03:27:00
34,tabriz,123456.0,visa,fail,2025-09-14 16:40:00
51,tehran,1463119.0,visa,success,2025-09-09 09:00:00
87,tehran,419089.0,discover,success,2025-09-27 18:12:00
72,karaj,914465.0,visa,fail,2025-09-23 08:59:00
21,karaj,250000.0,visa,success,2025-09-25 22:27:00
37,tehran,200000.0,amex,fail,2025-09-28 00:00:00
7,mashhad,123456.0,mastercard,success,2025-09-19 17:17:00
13,mashhad,412308.0,mastercard,success,2025-09-20 18:45:00
80,tehran,177050.0,discover,fail,2025-09-14 07:08:00
30,tehran,123456.0,visa,success,2025-09-24 16:40:00
31,tehran,1782689.0,mastercard,fail,2025-09-06 10:48:00
16,karaj,914465.0,visa,success,2025-09-04 03:00:00
73,karaj,419089.0,discover,fail,2025-09-08 02:24:00
22,tehran,1782689.0,discover,fail,2025-09-17 04:40:00
64,tabriz,1502601.0,visa,fail,2025-09-30 06:06:00
44,tehran,650000.0,visa,success,2025-09-09 11:11:00
40,shiraz,200000.0,visa,fail,2025-09-01 17:17:00
37,mashhad,583952.0,mastercard,success,2025-09-24 00:00:00
78,shiraz,450000.0,visa,success,2025-09-20 02:30:00
16,karaj,1387769.0,discover,success,2025-09-25 21:23:00
43,tehran,650000.0,visa,fail,2025-09-14 23:17:00
63,karaj,1000.0,visa,fail,2025-09-21 05:56:00
15,unknown,100.5,mastercard,success,2025-09-03 21:21:00
44,tehran,976246.0,mastercard,success,2025-09-09 19:51:00
91,karaj,333333.0,amex,success,2025-09-27 03:27:00
65,tehran,100.5,discover,success,2025-09-30 20:20:00
100,tehran,471227.0,visa,fail,2025-09-09 03:27:00
44,karaj,1472823.0,visa,success,2025-09-04 05:23:00
70,tehran,120000.0,discover,success,2025-09-04 00:00:00
33,tabriz,300000.0,unknown,success,2025-09-08 12:34:00
80,qom,100.5,unknown,fail,2025-09-02 08:08:00
83,isfahan,200000.0,mastercard,success,2025-09-29 12:44:00
31,tabriz,471227.0,visa,success,2025-09-14 07:32:00
18,ahvaz,976246.0,visa,fail,2025-09-09 12:12:00
28,mashhad,412308.0,visa,success,2025-09-24 04:40:00
65,tehran,1050805.0,visa,fail,2025-09-16 15:45:00
80,isfahan,120000.0,mastercard,fail,2025-09-29 11:11:00
45,qom,343679.0,visa,success,2025-09-30 21:10:00
47,tehran,1050805.0,visa,success,2025-09-16 13:10:00
52,tehran,200000.0,visa,fail,2025-09-12 10:48:00
36,tabriz,774681.0,visa,success,2025-09-03 12:12:00
1,tehran,1427657.0,mastercard,success,2025-09-11 10:48:00
39,tehran,545116.0,mastercard,fail,2025-09-14 12:12:00
91,shiraz,343679.0,discover,success,2025-09-21 09:00:00
75,mashhad,343679.0,mastercard,success,2025-09-21 10:48:00
75,qom,774681.0,discover,success,2025-09-16 02:30:00
89,karaj,450000.0,mastercard,success,2025-09-20 23:17:00
74,karaj,585954.0,visa,success,2025-09-05 09:09:00
14,karaj,205000.0,visa,fail,2025-09-03 19:40:00
78,tehran,976246.0,visa,success,2025-09-12 23:59:00
23,tehran,1768588.0,mastercard,fail,2025-09-21 04:15:00
22,tabriz,583952.0,discover,success,2025-09-09 05:23:00
60,qom,1000.0,unknown,fail,2025-09-29 03:27:00
27,tehran,63489.0,discover,fail,2025-09-09 02:37:00
56,karaj,452545.0,visa,success,2025-09-04 16:40:00
2,tabriz,177050.0,discover,fail,2025-09-03 04:15:00
39,mashhad,1578078.0,mastercard,fail,2025-09-17 23:59:00
51,shiraz,650000.0,unknown,fail,2025-09-02 11:11:00
19,tehran,1578078.0,visa,success,2025-09-24 16:40:00
62,tehran,452545.0,visa,success,2025-09-01 01:51:00
71,mashhad,100.5,visa,fail,2025-09-08 15:45:00
67,tehran,583952.0,mastercard,fail,2025-09-23 23:59:00
63,tabriz,1782689.0,amex,fail,2025-09-15 13:13:00
5,tehran,412308.0,discover,fail,2025-09-08 09:45:00
72,qom,99999.0,amex,success,2025-09-12 18:00:00
78,tehran,1472823.0,visa,success,2025-09-22 18:12:00
61,tabriz,123456.0,visa,fail,2025-09-12 08:08:00
71,tehran,1768588.0,amex,fail,2025-09-14 02:20:00
50,shiraz,1472823.0,mastercard,fail,2025-09-15 02:30:00
97,isfahan,177050.0,mastercard,fail,2025-09-19 17:17:00
72,isfahan,452545.0,mastercard,success,2025-09-26 01:51:00
76,mashhad,250000.0,visa,success,2025-09-20 17:17:00
74,karaj,450000.0,amex,fail,2025-09-29 11:11:00
14,tehran,50200.0,mastercard,fail,2025-09-22 14:11:00
73,shiraz,100.5,mastercard,success,2025-09-08 07:08:00
95,karaj,450000.0,mastercard,fail,2025-09-21 08:08:00
69,qom,976246.0,discover,fail,2025-09-19 05:56:00
65,tehran,100.5,visa,fail,2025-09-06 18:12:00
57,shiraz,300000.0,discover,success,2025-09-25 18:00:00
20,karaj,419089.0,mastercard,success,2025-09-19 14:11:00
75,tehran,585954.0,mastercard,success,2025-09-04 19:19:00
44,tehran,650000.0,visa,success,2025-09-07 02:30:00
67,shiraz,200000.0,visa,fail,2025-09-28 17:17:00
70,shiraz,250000.0,mastercard,fail,2025-09-28 15:45:00
62,tabriz,1463119.0,mastercard,fail,2025-09-04 21:23:00
45,tehran,250000.0,visa,fail,2025-09-22 19:51:00
11,tehran,471227.0,visa,success,2025-09-12 04:40:00
94,tehran,100.5,discover,success,2025-09-03 19:51:00
34,tehran,1050805.0,discover,success,2025-09-12 11:11:00
89,tabriz,976246.0,amex,fail,2025-09-02 19:51:00
46,tehran,914465.0,mastercard,fail,2025-09-24 18:00:00
81,tabriz,850000.0,amex,success,2025-09-02 08:08:00
32,unknown,976246.0,mastercard,fail,2025-09-27 23:17:00
75,tabriz,1578078.0,visa,fail,2025-09-23 11:11:00
99,karaj,914282.0,amex,fail,2025-09-09 14:11:00
89,isfahan,200000.0,visa,fail,2025-09-01 13:13:00
5,tehran,1305967.0,amex,success,2025-09-08 07:08:00
63,tabriz,914465.0,amex,fail,2025-09-23 03:27:00
29,shiraz,1050805.0,visa,success,2025-09-06 02:24:00
48,isfahan,177050.0,discover,success,2025-09-06 19:19:00
99,qom,1782689.0,visa,success,2025-09-22 02:37:00
16,tabriz,100.5,visa,fail,2025-09-25 19:40:00
25,mashhad,1387769.0,mastercard,fail,2025-09-18 12:44:00
29,isfahan,100.5,mastercard,success,2025-09-29 18:45:00
52,tehran,1427657.0,mastercard,fail,2025-09-12 19:29:00
25,karaj,1050805.0,visa,fail,2025-09-26 16:16:00
23,tehran,1305967.0,visa,fail,2025-09-27 10:48:00
34,tehran,1387769.0,discover,fail,2025-09-10 00:00:00
9,tehran,419089.0,mastercard,success,2025-09-29 10:48:00
66,tabriz,774681.0,unknown,success,2025-09-13 21:21:00
57,tabriz,1578078.0,visa,success,2025-09-17 17:07:00
39,tabriz,1305967.0,visa,fail,2025-09-03 10:48:00
8,karaj,1782689.0,visa,fail,2025-09-03 13:10:00
97,tabriz,1472823.0,amex,success,2025-09-16 14:00:00
18,tehran,50200.0,discover,fail,2025-09-13 12:12:00
82,tehran,1768588.0,discover,success,2025-09-20 09:09:00
49,mashhad,177050.0,mastercard,fail,2025-09-24 06:30:00
16,karaj,471227.0,mastercard,success,2025-09-17 01:01:00
10,qom,1768588.0,mastercard,success,2025-09-29 08:08:00
4,shiraz,1472823.0,visa,success,2025-09-06 04:15:00
44,qom,5000.0,mastercard,fail,2025-09-17 02:24:00
8,tehran,583952.0,mastercard,success,2025-09-14 14:11:00
55,tehran,250000.0,visa,fail,2025-09-17 21:10:00
64,isfahan,300000.0,discover,fail,2025-09-08 14:11:00
51,tehran,555555.0,visa,success,2025-09-20 22:27:00
9,ahvaz,177050.0,discover,fail,2025-09-28 11:11:00
56,tabriz,123456.0,amex,fail,2025-09-26 16:40:00
81,ahvaz,333333.0,mastercard,fail,2025-09-07 19:19:00
44,mashhad,419089.0,visa,fail,2025-09-21 13:10:00
59,qom,177050.0,amex,fail,2025-09-21 10:48:00
68,tehran,585954.0,amex,fail,2025-09-30 14:55:00
70,tehran,419089.0,mastercard,success,2025-09-10 11:11:00
61,tehran,123456.0,mastercard,success,2025-09-11 17:07:00
80,mashhad,343679.0,visa,success,2025-09-22 02:37:00
91,shiraz,585954.0,amex,fail,2025-09-30 01:01:00
47,tehran,177050.0,amex,fail,2025-09-24 11:11:00
17,tehran,1427657.0,amex,fail,2025-09-05 09:45:00
54,isfahan,443463.0,visa,fail,2025-09-09 10:48:00
92,tehran,200000.0,discover,success,2025-09-17 13:13:00
22,tehran,976246.0,amex,success,2025-09-21 10:48:00
100,mashhad,450000.0,mastercard,fail,2025-09-07 14:30:00
13,qom,976246.0,discover,success,2025-09-23 17:07:00
78,shiraz,250000.0,discover,fail,2025-09-09 12:12:00
96,shiraz,1472823.0,visa,fail,2025-09-07 21:10:00
66,isfahan,177050.0,discover,fail,2025-09-13 02:20:00
52,shiraz,1158713.0,mastercard,success,2025-09-11 18:00:00
14,tabriz,50200.0,visa,fail,2025-09-14 00:00:00
73,isfahan,123456.0,unknown,success,2025-09-19 07:08:00
71,tabriz,1768588.0,mastercard,success,2025-09-14 07:32:00
90,mashhad,419089.0,mastercard,fail,2025-09-01 11:11:00
46,qom,177050.0,discover,fail,2025-09-08 03:27:00
17,qom,1768588.0,visa,success,2025-09-12 12:34:00
4,tehran,1768588.0,mastercard,success,2025-09-29 14:30:00
77,tehran,900000.0,visa,success,2025-09-21 13:13:00
82,tehran,200000.0,unknown,success,2025-09-13 02:30:00
3,mashhad,250000.0,amex,success,2025-09-12 19:51:00
37,tabriz,1158713.0,mastercard,fail,2025-09-29 19:51:00
24,ahvaz,1883871.0,visa,success,2025-09-01 16:16:00
72,tehran,1387769.0,amex,success,2025-09-13 18:45:00
2,shiraz,774681.0,mastercard,fail,2025-09-07 23:17:00
33,tehran,100.5,mastercard,success,2025-09-28 21:10:00
87,karaj,1578078.0,visa,fail,2025-09-05 13:13:00
10,mashhad,650000.0,mastercard,success,2025-09-25 23:59:00
62,mashhad,419089.0,mastercard,success,2025-09-14 02:30:00
69,isfahan,471227.0,visa,success,2025-09-30 11:11:00
59,tehran,1782689.0,mastercard,fail,2025-09-13 03:00:00
9,unknown,585954.0,mastercard,fail,2025-09-15 19:19:00
77,mashhad,585954.0,mastercard,fail,2025-09-23 05:23:00
63,karaj,100.5,amex,success,2025-09-15 01:01:00
52,shiraz,1578078.0,mastercard,success,2025-09-20 05:56:00
23,tabriz,177050.0,visa,success,2025-09-18 05:56:00
43,tehran,1578078.0,amex,fail,2025-09-02 05:56:00
68,qom,1427657.0,discover,fail,2025-09-04 19:19:00
21,mashhad,976246.0,amex,fail,2025-09-30 06:06:00
43,tabriz,50200.0,mastercard,fail,2025-09-01 18:12:00
7,shiraz,120000.0,mastercard,success,2025-09-18 19:29:00
16,ahvaz,443463.0,discover,success,2025-09-05 03:27:00
23,isfahan,177050.0,amex,success,2025-09-19 13:13:00
58,tehran,200000.0,mastercard,success,2025-09-15 13:10:00
88,isfahan,1883871.0,visa,success,2025-09-28 02:30:00
31,mashhad,1578078.0,visa,success,2025-09-08 02:37:00
69,tehran,1502601.0,visa,success,2025-09-20 04:40:00
59,unknown,1502601.0,mastercard,fail,2025-09-12 11:11:00
28,tehran,450000.0,amex,success,2025-09-26 18:12:00
89,mashhad,650000.0,visa,fail,2025-09-15 19:51:00
77,mashhad,471227.0,visa,fail,2025-09-09 17:17:00
98,tabriz,100.5,discover,fail,2025-09-07 09:45:00
10,isfahan,914282.0,mastercard,fail,2025-09-02 16:16:00
7,isfahan,1427657.0,discover,success,2025-09-29 06:30:00
37,tehran,1463119.0,discover,success,2025-09-09 01:01:00
97,mashhad,177050.0,visa,success,2025-09-10 17:07:00
16,mashhad,419089.0,visa,fail,2025-09-11 02:37:00
89,tehran,200000.0,visa,fail,2025-09-13 00:00:00
11,isfahan,200000.0,visa,success,2025-09-14 14:02:00
83,qom,1158713.0,amex,fail,2025-09-18 02:24:00
34,isfahan,1387769.0,mastercard,success,2025-09-22 19:29:00
60,karaj,50200.0,visa,success,2025-09-09 04:40:00
13,isfahan,5000.0,discover,success,2025-09-25 02:54:00
39,tehran,100.5,visa,success,2025-09-07 09:09:00
44,shiraz,900000.0,visa,fail,2025-09-28 13:10:00
28,tehran,1768588.0,visa,success,2025-09-03 20:33:00
40,mashhad,419089.0,mastercard,fail,2025-09-20 07:08:00
16,ahvaz,5000.0,visa,fail,2025-09-06 14:00:00
28,tehran,450000.0,mastercard,success,2025-09-21 20:33:00
68,ahvaz,200000.0,visa,success,2025-09-02 00:00:00
93,tehran,343679.0,visa,fail,2025-09-29 14:00:00
60,tehran,1000.0,amex,success,2025-09-06 23:59:00
16,tabriz,419089.0,mastercard,fail,2025-09-16 09:09:00
53,qom,471227.0,discover,fail,2025-09-30 21:21:00
54,ahvaz,200000.0,amex,success,2025-09-08 13:13:00
49,qom,850000.0,mastercard,success,2025-09-02 05:56:00
36,isfahan,914465.0,discover,fail,2025-09-17 21:23:00
62,shiraz,471227.0,mastercard,fail,2025-09-09 08:08:00
26,karaj,200000.0,visa,fail,2025-09-12 23:59:00
56,karaj,1782689.0,mastercard,success,2025-09-03 21:23:00
22,tabriz,419089.0,mastercard,fail,2025-09-01 02:37:00
73,ahvaz,200000.0,visa,success,2025-09-23 19:51:00
81,tehran,50200.0,visa,fail,2025-09-15 02:20:00
49,tehran,914465.0,visa,fail,2025-09-26 02:30:00
2,qom,583952.0,amex,fail,2025-09-21 00:00:00
53,isfahan,250000.0,mastercard,fail,2025-09-30 12:44:00
7,tehran,976246.0,mastercard,fail,2025-09-17 16:40:00
77,ahvaz,419089.0,mastercard,fail,2025-09-25 02:24:00
20,mashhad,583952.0,mastercard,fail,2025-09-23 06:06:00
95,shiraz,1158713.0,discover,success,2025-09-24 08:08:00
75,tehran,1050805.0,visa,success,2025-09-06 18:45:00
67,tabriz,343679.0,discover,fail,2025-09-21 05:23:00
59,karaj,1000.0,mastercard,success,2025-09-22 21:21:00
66,tehran,1768588.0,visa,fail,2025-09-11 13:10:00
56,mashhad,443463.0,visa,success,2025-09-04 18:45:00
79,isfahan,1768588.0,mastercard,fail,2025-09-03 19:51:00
52,mashhad,200000.0,amex,success,2025-09-23 14:11:00
5,isfahan,300000.0,mastercard,fail,2025-09-21 21:23:00
99,karaj,1463119.0,mastercard,fail,2025-09-06 09:00:00
54,ahvaz,419089.0,mastercard,fail,2025-09-30 14:02:00
61,karaj,1578078.0,discover,success,2025-09-28 07:08:00
67,tehran,1768588.0,mastercard,success,2025-09-02 11:11:00
59,unknown,200000.0,visa,fail,2025-09-03 15:45:00
47,mashhad,200000.0,visa,fail,2025-09-03 06:06:00
48,karaj,63489.0,visa,success,2025-09-28 09:45:00
64,karaj,300000.0,mastercard,success,2025-09-12 07:08:00
50,qom,850000.0,amex,success,2025-09-15 18:12:00
85,unknown,976246.0,mastercard,success,2025-09-09 18:00:00
41,tabriz,583952.0,visa,success,2025-09-23 02:24:00
72,isfahan,177050.0,amex,success,2025-09-08 09:45:00
22,tehran,1578078.0,mastercard,fail,2025-09-11 18:12:00
54,tehran,1578078.0,visa,success,2025-09-16 23:59:00
5,karaj,452545.0,visa,success,2025-09-26 14:02:00
17,tehran,1000.0,discover,success,2025-09-27 13:10:00
41,shiraz,12345.0,visa,success,2025-09-22 19:51:00
93,isfahan,412308.0,mastercard,success,2025-09-04 18:12:00
96,tabriz,100000.0,visa,fail,2025-09-28 07:08:00
81,tehran,1050805.0,mastercard,success,2025-09-01 10:48:00
35,tehran,123456.0,mastercard,success,2025-09-24 01:51:00
40,karaj,5000.0,amex,success,2025-09-07 15:45:00
22,isfahan,914282.0,visa,fail,2025-09-02 05:56:00
48,tehran,471227.0,amex,success,2025-09-24 02:24:00
94,tehran,555555.0,discover,success,2025-09-05 02:30:00
18,karaj,443463.0,unknown,success,2025-09-04 17:07:00
100,mashhad,900000.0,mastercard,fail,2025-09-05 23:59:00
80,tehran,1427657.0,visa,success,2025-09-24 02:37:00
49,tehran,914282.0,mastercard,fail,2025-09-01 14:00:00
71,mashhad,471227.0,discover,success,2025-09-01 03:00:00
30,karaj,1502601.0,visa,fail,2025-09-15 23:59:00
19,tehran,1305967.0,visa,fail,2025-09-20 03:00:00
55,isfahan,976246.0,discover,success,2025-09-19 01:51:00
60,qom,1463119.0,discover,fail,2025-09-29 22:27:00
88,isfahan,900000.0,amex,success,2025-09-10 19:40:00
72,mashhad,450000.0,mastercard,success,2025-09-28 11:11:00
81,shiraz,1463119.0,visa,fail,2025-09-18 19:29:00
21,isfahan,650000.0,amex,fail,2025-09-28 14:02:00
26,tehran,976246.0,discover,fail,2025-09-03 19:51:00
39,mashhad,333333.0,discover,fail,2025-09-15 01:01:00
33,tehran,583952.0,mastercard,success,2025-09-27 07:08:00
83,karaj,914282.0,mastercard,success,2025-09-11 12:12:00
20,mashhad,123456.0,visa,success,2025-09-06 14:55:00
98,karaj,200000.0,visa,fail,2025-09-02 14:55:00
25,tehran,177050.0,mastercard,success,2025-09-16 14:11:00
25,tabriz,250000.0,discover,success,2025-09-20 08:59:00
4,tehran,1578078.0,visa,success,2025-09-24 01:51:00
4,tabriz,100.5,visa,fail,2025-09-12 11:11:00
15,shiraz,300000.0,mastercard,fail,2025-09-01 02:54:00
26,tehran,1768588.0,discover,fail,2025-09-04 14:30:00
91,tabriz,333333.0,mastercard,success,2025-09-13 07:32:00
93,karaj,419089.0,mastercard,fail,2025-09-18 11:11:00
71,isfahan,914465.0,visa,success,2025-09-05 02:30:00
32,tehran,419089.0,mastercard,fail,2025-09-03 18:12:00
9,tabriz,12345.0,visa,success,2025-09-11 09:00:00
78,tehran,976246.0,amex,success,2025-09-13 01:01:00
13,mashhad,1463119.0,mastercard,fail,2025-09-04 14:11:00
56,tehran,123456.0,mastercard,fail,2025-09-26 11:11:00
98,shiraz,177050.0,mastercard,fail,2025-09-14 02:24:00
97,isfahan,5000.0,mastercard,success,2025-09-22 07:32:00
83,karaj,1578078.0,amex,fail,2025-09-11 00:00:00
16,tehran,333333.0,visa,fail,2025-09-10 02:37:00
12,tehran,471227.0,visa,success,2025-09-19 03:27:00
74,ahvaz,250000.0,visa,fail,2025-09-18 02:54:00
18,tabriz,100.5,visa,success,2025-09-27 20:20:00
94,tabriz,471227.0,mastercard,fail,2025-09-15 04:15:00
12,isfahan,200000.0,mastercard,fail,2025-09-30 15:45:00
60,tabriz,976246.0,visa,success,2025-09-10 05:56:00
60,tehran,1768588.0,unknown,success,2025-09-05 07:08:00
94,tabriz,250000.0,visa,fail,2025-09-26 21:23:00
87,ahvaz,1050805.0,amex,fail,2025-09-29 05:23:00
1,shiraz,850000.0,visa,success,2025-09-05 07:08:00
40,tehran,250000.0,visa,fail,2025-09-05 01:01:00
64,tehran,100.5,mastercard,fail,2025-09-03 12:12:00
34,tehran,976246.0,visa,fail,2025-09-23 09:45:00
33,tehran,976246.0,mastercard,success,2025-09-18 21:23:00
30,tabriz,650000.0,visa,fail,2025-09-09 02:20:00
84,qom,123456.0,amex,fail,2025-09-17 07:07:00
23,tehran,100000.0,discover,fail,2025-09-20 20:33:00
34,ahvaz,850000.0,discover,success,2025-09-17 11:11:00
15,tabriz,976246.0,amex,fail,2025-09-16 02:20:00
98,ahvaz,100.5,discover,fail,2025-09-22 02:37:00
53,tehran,471227.0,unknown,fail,2025-09-04 21:10:00
17,isfahan,1578078.0,amex,success,2025-09-05 07:07:00
84,qom,1387769.0,mastercard,success,2025-09-09 14:55:00
61,qom,1782689.0,visa,fail,2025-09-17 02:37:00
57,tehran,650000.0,mastercard,fail,2025-09-13 07:08:00
77,tehran,914465.0,discover,fail,2025-09-02 21:23:00
89,qom,205000.0,amex,fail,2025-09-13 07:32:00
8,isfahan,555555.0,mastercard,fail,2025-09-27 14:02:00
88,isfahan,205000.0,visa,fail,2025-09-23 07:08:00
68,tehran,343679.0,mastercard,fail,2025-09-03 12:12:00
21,shiraz,99999.0,visa,success,2025-09-10 06:06:00
74,qom,343679.0,visa,fail,2025-09-13 16:16:00
87,isfahan,333333.0,visa,fail,2025-09-19 04:40:00
95,mashhad,1427657.0,amex,fail,2025-09-26 15:45:00
95,isfahan,177050.0,mastercard,fail,2025-09-17 16:40:00
80,isfahan,976246.0,visa,fail,2025-09-21 03:00:00
75,tabriz,419089.0,mastercard,success,2025-09-14 10:48:00
87,tehran,471227.0,visa,fail,2025-09-12 10:48:00
29,tehran,1768588.0,mastercard,success,2025-09-21 21:23:00
25,tehran,1782689.0,discover,fail,2025-09-12 19:51:00
58,tabriz,914282.0,unknown,fail,2025-09-11 20:33:00
14,tehran,5000.0,visa,success,2025-09-07 19:19:00
66,tehran,412308.0,mastercard,fail,2025-09-19 09:00:00
54,isfahan,12345.0,discover,fail,2025-09-01 00:00:00
30,qom,177050.0,visa,success,2025-09-29 02:24:00
18,mashhad,774681.0,amex,success,2025-09-03 08:08:00
21,qom,1158713.0,mastercard,fail,2025-09-15 00:00:00
16,tehran,1050805.0,mastercard,fail,2025-09-04 19:51:00
4,isfahan,583952.0,discover,success,2025-09-29 09:09:00
55,tehran,1463119.0,discover,fail,2025-09-17 16:16:00
15,tehran,200000.0,mastercard,success,2025-09-03 11:11:00
64,tehran,1782689.0,mastercard,success,2025-09-28 19:40:00
16,isfahan,419089.0,amex,fail,2025-09-08 02:30:00
20,tehran,450000.0,visa,fail,2025-09-22 20:33:00
64,shiraz,1578078.0,discover,fail,2025-09-25 18:45:00
81,mashhad,200000.0,mastercard,success,2025-09-26 09:00:00
69,karaj,976246.0,discover,fail,2025-09-05 18:45:00
39,isfahan,100.5,visa,fail,2025-09-21 23:59:00
95,karaj,1158713.0,mastercard,success,2025-09-05 08:59:00
21,tehran,1427657.0,discover,success,2025-09-04 11:11:00
63,tehran,471227.0,discover,success,2025-09-22 05:56:00
85,tehran,100000.0,discover,fail,2025-09-19 12:44:00
6,shiraz,100.5,visa,fail,2025-09-27 12:44:00
96,tehran,12345.0,mastercard,success,2025-09-11 18:45:00
83,tehran,1578078.0,mastercard,fail,2025-09-22 23:17:00
78,mashhad,471227.0,amex,fail,2025-09-15 02:24:00
50,isfahan,1463119.0,mastercard,success,2025-09-12 21:23:00
12,tehran,583952.0,discover,success,2025-09-22 06:30:00
15,isfahan,650000.0,discover,success,2025-09-22 04:15:00
83,tabriz,1387769.0,mastercard,success,2025-09-11 23:59:00
93,qom,123456.0,visa,fail,2025-09-07 01:01:00
40,qom,850000.0,discover,success,2025-09-28 12:12:00
41,tehran,1502601.0,mastercard,success,2025-09-05 21:23:00
69,shiraz,585954.0,visa,fail,2025-09-17 07:32:00
69,ahvaz,1578078.0,mastercard,fail,2025-09-24 21:21:00
6,shiraz,177050.0,visa,fail,2025-09-20 02:24:00
88,tehran,100.5,visa,success,2025-09-09 20:33:00
67,tabriz,585954.0,discover,fail,2025-09-14 06:30:00
43,karaj,250000.0,mastercard,success,2025-09-12 08:08:00
21,tehran,900000.0,mastercard,success,2025-09-06 15:45:00
84,tehran,200000.0,amex,fail,2025-09-17 10:48:00
17,ahvaz,452545.0,mastercard,fail,2025-09-19 10:48:00
94,tehran,177050.0,discover,fail,2025-09-26 02:37:00
8,tabriz,585954.0,amex,success,2025-09-16 02:30:00
64,tehran,123456.0,amex,fail,2025-09-12 14:11:00
28,mashhad,177050.0,mastercard,fail,2025-09-20 12:44:00
99,tabriz,200000.0,discover,success,2025-09-06 07:32:00
91,ahvaz,343679.0,visa,fail,2025-09-23 11:11:00
13,mashhad,1387769.0,discover,success,2025-09-04 12:12:00
38,tabriz,774681.0,visa,success,2025-09-06 19:19:00
25,qom,200000.0,mastercard,success,2025-09-11 08:08:00
62,tehran,585954.0,mastercard,success,2025-09-01 14:55:00
23,tehran,419089.0,visa,success,2025-09-30 08:59:00
87,tabriz,100.5,visa,success,2025-09-24 11:11:00
21,tabriz,850000.0,amex,success,2025-09-23 11:11:00
54,shiraz,1502601.0,mastercard,success,2025-09-15 13:13:00
63,shiraz,1463119.0,mastercard,fail,2025-09-27 11:11:00
30,tabriz,177050.0,visa,success,2025-09-11 01:01:00
68,tehran,177050.0,visa,success,2025-09-19 03:00:00
98,ahvaz,99999.0,mastercard,fail,2025-09-18 09:00:00
76,tehran,976246.0,amex,fail,2025-09-17 02:37:00
32,isfahan,774681.0,visa,fail,2025-09-21 16:16:00
75,tehran,1768588.0,mastercard,success,2025-09-14 23:59:00
24,shiraz,12345.0,visa,success,2025-09-27 14:11:00
72,isfahan,100.5,visa,success,2025-09-28 13:13:00
98,isfahan,1387769.0,discover,fail,2025-09-19 19:51:00
90,tehran,419089.0,visa,fail,2025-09-15 19:51:00
1,tehran,100.5,unknown,fail,2025-09-15 08:59:00
3,tehran,1387769.0,discover,success,2025-09-04 14:11:00
28,shiraz,123456.0,amex,success,2025-09-07 00:00:00
43,tehran,555555.0,discover,success,2025-09-13 12:34:00
98,tehran,1158713.0,discover,success,2025-09-03 11:11:00
1,tehran,419089.0,discover,fail,2025-09-09 23:59:00
38,isfahan,1782689.0,amex,success,2025-09-08 03:27:00
92,tehran,1305967.0,visa,fail,2025-09-20 21:23:00
35,mashhad,443463.0,amex,fail,2025-09-13 21:21:00
76,tabriz,50200.0,visa,fail,2025-09-17 07:32:00
74,tehran,50200.0,visa,fail,2025-09-17 18:45:00
54,qom,1883871.0,visa,success,2025-09-01 09:00:00
24,unknown,900000.0,mastercard,fail,2025-09-19 07:07:00
22,qom,419089.0,mastercard,fail,2025-09-03 04:15:00
13,karaj,1387769.0,discover,success,2025-09-05 21:21:00
62,tehran,1782689.0,discover,fail,2025-09-13 11:11:00
43,tehran,471227.0,visa,success,2025-09-15 08:59:00
88,mashhad,976246.0,amex,success,2025-09-14 14:02:00
78,tehran,914465.0,visa,success,2025-09-29 19:29:00
32,ahvaz,200000.0,mastercard,success,2025-09-23 16:16:00
67,tehran,200000.0,unknown,success,2025-09-16 19:51:00
92,tehran,100.5,unknown,fail,2025-09-18 03:00:00
83,isfahan,100.5,visa,fail,2025-09-22 02:37:00
87,tabriz,914282.0,amex,fail,2025-09-29 21:23:00
65,qom,99999.0,amex,fail,2025-09-11 21:23:00
69,isfahan,1578078.0,visa,fail,2025-09-03 03:00:00
49,tehran,123456.0,mastercard,fail,2025-09-22 13:13:00
19,isfahan,1305967.0,visa,fail,2025-09-10 10:05:00
36,tehran,12345.0,discover,fail,2025-09-30 06:06:00
70,tehran,1427657.0,amex,fail,2025-09-21 21:23:00
98,tehran,1768588.0,mastercard,fail,2025-09-12 14:02:00
27,shiraz,976246.0,unknown,success,2025-09-09 10:48:00
75,tabriz,100.5,amex,fail,2025-09-03 12:44:00
23,tehran,1782689.0,mastercard,fail,2025-09-24 00:00:00
33,tehran,914282.0,visa,fail,2025-09-30 07:08:00
56,tabriz,412308.0,discover,fail,2025-09-30 11:11:00
29,mashhad,1578078.0,mastercard,success,2025-09-15 02:37:00
65,tabriz,1578078.0,amex,fail,2025-09-19 12:44:00
99,isfahan,976246.0,visa,success,2025-09-18 19:29:00
18,tabriz,177050.0,discover,fail,2025-09-08 13:13:00
82,mashhad,583952.0,unknown,fail,2025-09-26 21:23:00
52,ahvaz,1883871.0,mastercard,success,2025-09-08 23:59:00
40,tehran,1463119.0,visa,success,2025-09-07 13:10:00
65,tehran,443463.0,visa,success,2025-09-30 09:09:00
42,karaj,1463119.0,visa,success,2025-09-07 05:56:00
95,tehran,12345.0,amex,success,2025-09-03 04:04:00
68,karaj,471227.0,unknown,success,2025-09-01 02:30:00
32,unknown,333333.0,discover,fail,2025-09-04 09:09:00
10,isfahan,850000.0,discover,success,2025-09-25 17:07:00
69,karaj,1000.0,amex,success,2025-09-05 02:37:00
9,shiraz,1463119.0,discover,fail,2025-09-01 15:45:00
69,tabriz,1768588.0,unknown,fail,2025-09-15 18:45:00
61,karaj,976246.0,discover,success,2025-09-05 05:56:00
11,mashhad,200000.0,mastercard,fail,2025-09-13 02:30:00
100,tehran,1782689.0,mastercard,fail,2025-09-08 16:40:00
92,tehran,99999.0,visa,success,2025-09-08 23:59:00
74,karaj,250000.0,discover,success,2025-09-28 04:40:00
8,mashhad,419089.0,unknown,fail,2025-09-01 17:07:00
24,isfahan,177050.0,visa,success,2025-09-03 07:07:00
33,tehran,1158713.0,visa,success,2025-09-02 02:37:00
19,tehran,1387769.0,amex,fail,2025-09-08 14:55:00
2,shiraz,1502601.0,mastercard,success,2025-09-23 03:00:00
100,tehran,914465.0,visa,fail,2025-09-14 07:08:00
17,isfahan,200000.0,mastercard,success,2025-09-14 03:27:00
42,tehran,123456.0,visa,fail,2025-09-04 23:17:00
61,mashhad,200000.0,visa,success,2025-09-30 09:09:00
3,ahvaz,1782689.0,visa,success,2025-09-06 12:34:00
87,tehran,100.5,discover,success,2025-09-11 02:30:00
66,tehran,583952.0,discover,fail,2025-09-14 00:00:00
1,tehran,412308.0,visa,success,2025-09-28 20:20:00
20,karaj,976246.0,amex,fail,2025-09-13 23:59:00
55,tehran,300000.0,visa,success,2025-09-29 23:17:00
21,tehran,343679.0,mastercard,fail,2025-09-19 14:11:00
51,tehran,50200.0,discover,fail,2025-09-27 07:07:00
46,tehran,471227.0,mastercard,fail,2025-09-06 02:37:00
8,mashhad,343679.0,visa,fail,2025-09-02 07:07:00
68,isfahan,1578078.0,visa,fail,2025-09-08 03:27:00
16,isfahan,419089.0,visa,success,2025-09-17 10:05:00
64,tehran,555555.0,amex,success,2025-09-10 14:00:00
1,tehran,1883871.0,mastercard,success,2025-09-16 00:00:00
58,unknown,1578078.0,unknown,fail,2025-09-06 19:51:00
1,tehran,177050.0,visa,success,2025-09-28 12:34:00
89,tabriz,1000.0,visa,fail,2025-09-02 20:33:00
69,mashhad,177050.0,mastercard,fail,2025-09-26 06:06:00
89,isfahan,471227.0,amex,fail,2025-09-28 11:11:00
45,shiraz,1387769.0,mastercard,fail,2025-09-07 10:48:00
74,tehran,1463119.0,unknown,fail,2025-09-08 15:45:00
33,karaj,5000.0,discover,fail,2025-09-24 11:11:00
71,mashhad,774681.0,visa,success,2025-09-23 09:45:00
68,tabriz,1883871.0,visa,fail,2025-09-27 15:45:00
88,isfahan,1782689.0,visa,fail,2025-09-29 19:40:00
53,tabriz,471227.0,mastercard,fail,2025-09-07 00:00:00
97,tehran,850000.0,mastercard,success,2025-09-21 18:00:00
10,tehran,1578078.0,visa,fail,2025-09-09 21:10:00
36,karaj,1768588.0,mastercard,fail,2025-09-21 06:30:00
34,tehran,100.5,discover,success,2025-09-13 11:11:00
16,shiraz,177050.0,discover,fail,2025-09-21 19:19:00
37,tehran,250000.0,discover,success,2025-09-19 15:45:00
41,tehran,1000.0,visa,success,2025-09-25 20:33:00
89,tabriz,1578078.0,visa,success,2025-09-17 20:20:00
84,ahvaz,205000.0,visa,success,2025-09-23 11:11:00
95,tehran,419089.0,discover,success,2025-09-23 23:59:00
84,tehran,1158713.0,visa,fail,2025-09-30 03:27:00
18,tehran,1463119.0,discover,success,2025-09-10 00:00:00
68,karaj,100000.0,mastercard,fail,2025-09-10 10:48:00
48,isfahan,123456.0,visa,fail,2025-09-04 01:01:00
70,tabriz,650000.0,amex,success,2025-09-08 02:54:00
67,tehran,1883871.0,visa,fail,2025-09-22 01:51:00
18,tehran,545116.0,visa,fail,2025-09-20 02:30:00
56,tehran,1768588.0,discover,fail,2025-09-18 14:55:00
23,tabriz,1782689.0,discover,fail,2025-09-14 04:15:00
35,tehran,12345.0,amex,success,2025-09-18 06:30:00
6,tabriz,1883871.0,discover,fail,2025-09-28 04:15:00
26,tehran,1782689.0,mastercard,fail,2025-09-14 15:45:00
85,tabriz,1782689.0,visa,fail,2025-09-20 03:27:00
89,isfahan,1883871.0,mastercard,fail,2025-09-24 20:20:00
15,tehran,100.5,amex,success,2025-09-15 12:12:00
32,tabriz,123456.0,unknown,fail,2025-09-30 02:30:00
12,unknown,1883871.0,visa,success,2025-09-04 09:00:00
5,tehran,450000.0,mastercard,fail,2025-09-13 02:24:00
71,tehran,99999.0,discover,fail,2025-09-23 02:54:00
87,qom,471227.0,mastercard,fail,2025-09-08 01:51:00
27,isfahan,1782689.0,mastercard,fail,2025-09-18 02:30:00
45,qom,650000.0,visa,fail,2025-09-23 09:45:00
35,isfahan,450000.0,mastercard,success,2025-09-14 08:08:00
91,tehran,650000.0,mastercard,fail,2025-09-02 02:30:00
3,shiraz,471227.0,mastercard,fail,2025-09-11 07:07:00
29,isfahan,1158713.0,unknown,fail,2025-09-09 21:23:00
28,tabriz,1578078.0,visa,success,2025-09-15 12:12:00
88,isfahan,452545.0,mastercard,fail,2025-09-25 05:56:00
36,karaj,914465.0,visa,fail,2025-09-17 10:48:00
11,shiraz,123456.0,mastercard,fail,2025-09-29 06:06:00
38,qom,850000.0,visa,fail,2025-09-26 03:27:00
34,isfahan,914282.0,mastercard,success,2025-09-18 01:01:00
67,ahvaz,63489.0,visa,success,2025-09-06 14:30:00
46,karaj,914282.0,visa,success,2025-09-17 19:19:00
87,karaj,250000.0,unknown,fail,2025-09-24 02:54:00
29,karaj,471227.0,mastercard,fail,2025-09-18 03:00:00
60,tehran,555555.0,unknown,success,2025-09-08 04:04:00
54,tehran,1578078.0,mastercard,fail,2025-09-09 08:59:00
94,ahvaz,583952.0,unknown,success,2025-09-06 09:00:00
69,qom,177050.0,mastercard,success,2025-09-05 02:54:00
74,karaj,100.5,visa,success,2025-09-12 08:08:00
9,tehran,555555.0,visa,fail,2025-09-29 10:05:00
77,mashhad,1502601.0,visa,fail,2025-09-11 12:12:00
75,tehran,914465.0,discover,fail,2025-09-01 16:16:00
68,karaj,1782689.0,mastercard,fail,2025-09-11 02:24:00
96,tehran,450000.0,amex,success,2025-09-09 02:24:00
52,tehran,1305967.0,unknown,success,2025-09-27 15:45:00
34,tehran,545116.0,mastercard,fail,2025-09-02 02:24:00
35,qom,250000.0,visa,success,2025-09-12 23:17:00
33,tabriz,1578078.0,discover,success,2025-09-04 21:23:00
72,karaj,1883871.0,visa,fail,2025-09-04 08:08:00
32,tehran,1578078.0,visa,success,2025-09-18 19:51:00
55,tehran,1502601.0,mastercard,fail,2025-09-15 13:13:00
8,isfahan,100.5,visa,fail,2025-09-13 05:23:00
46,karaj,1502601.0,discover,success,2025-09-19 21:21:00
99,tehran,419089.0,visa,success,2025-09-06 08:08:00
8,karaj,5000.0,amex,success,2025-09-16 15:45:00
71,qom,976246.0,visa,fail,2025-09-24 02:37:00
77,mashhad,100.5,amex,success,2025-09-12 23:59:00
54,tehran,976246.0,mastercard,success,2025-09-19 14:02:00
21,karaj,914465.0,visa,fail,2025-09-05 08:08:00
75,tabriz,1387769.0,mastercard,fail,2025-09-26 12:44:00
14,tehran,583952.0,visa,fail,2025-09-23 01:01:00
2,shiraz,1387769.0,discover,success,2025-09-29 18:45:00
99,tehran,1502601.0,mastercard,success,2025-09-01 02:24:00
78,ahvaz,5000.0,mastercard,success,2025-09-25 12:34:00
48,qom,545116.0,visa,success,2025-09-23 20:20:00
92,mashhad,205000.0,mastercard,fail,2025-09-10 14:11:00
8,qom,1472823.0,visa,success,2025-09-15 12:34:00
56,qom,333333.0,mastercard,success,2025-09-23 02:24:00
17,karaj,976246.0,unknown,fail,2025-09-21 12:12:00
12,karaj,412308.0,visa,success,2025-09-11 03:00:00
38,tehran,1883871.0,visa,fail,2025-09-13 14:11:00
18,tehran,50200.0,amex,success,2025-09-05 04:15:00
26,mashhad,200000.0,visa,fail,2025-09-01 21:23:00
37,tehran,1578078.0,discover,success,2025-09-12 12:12:00
70,mashhad,471227.0,visa,fail,2025-09-11 21:23:00
91,tabriz,63489.0,amex,success,2025-09-25 02:37:00
76,ahvaz,900000.0,visa,fail,2025-09-30 09:09:00
41,tabriz,1050805.0,amex,success,2025-09-09 03:27:00
47,mashhad,177050.0,mastercard,success,2025-09-21 21:21:00
14,tehran,850000.0,visa,fail,2025-09-20 20:33:00
1,ahvaz,333333.0,visa,fail,2025-09-19 14:02:00
17,ahvaz,1768588.0,mastercard,fail,2025-09-19 12:12:00
55,tehran,99999.0,amex,fail,2025-09-05 10:05:00
53,isfahan,1883871.0,visa,success,2025-09-17 02:37:00
8,isfahan,583952.0,amex,fail,2025-09-16 11:11:00
80,tabriz,1502601.0,visa,success,2025-09-09 16:40:00
66,tehran,1427657.0,visa,fail,2025-09-03 13:10:00
45,qom,650000.0,mastercard,fail,2025-09-15 07:32:00
18,karaj,583952.0,amex,fail,2025-09-16 10:48:00
100,mashhad,250000.0,visa,success,2025-09-18 09:09:00
45,ahvaz,585954.0,amex,fail,2025-09-14 02:30:00
19,tehran,1782689.0,visa,success,2025-09-03 14:02:00
77,ahvaz,976246.0,mastercard,fail,2025-09-12 22:27:00
68,mashhad,583952.0,discover,success,2025-09-09 02:54:00
50,tehran,333333.0,visa,success,2025-09-07 19:19:00
25,karaj,1050805.0,mastercard,fail,2025-09-09 02:20:00
38,tehran,412308.0,discover,success,2025-09-13 19:51:00
96,tehran,1782689.0,visa,success,2025-09-18 10:05:00
36,tehran,177050.0,visa,fail,2025-09-05 00:00:00
68,tehran,100000.0,visa,fail,2025-09-13 01:51:00
39,tabriz,914282.0,visa,success,2025-09-02 02:30:00
7,tabriz,1472823.0,amex,success,2025-09-09 14:11:00
58,mashhad,1463119.0,discover,fail,2025-09-09 09:09:00
80,mashhad,1883871.0,mastercard,fail,2025-09-06 18:12:00
59,isfahan,343679.0,visa,success,2025-09-11 11:11:00
88,karaj,177050.0,mastercard,success,2025-09-22 21:10:00
36,tehran,585954.0,mastercard,fail,2025-09-01 12:44:00
89,tabriz,443463.0,visa,fail,2025-09-13 12:34:00
19,shiraz,419089.0,discover,success,2025-09-02 19:40:00
7,ahvaz,471227.0,visa,success,2025-09-09 19:51:00
81,mashhad,583952.0,discover,success,2025-09-08 03:00:00
66,tehran,1768588.0,discover,success,2025-09-07 23:59:00
39,karaj,343679.0,mastercard,fail,2025-09-18 07:08:00
18,isfahan,12345.0,discover,success,2025-09-03 11:11:00
1,ahvaz,900000.0,amex,fail,2025-09-28 12:12:00
63,tabriz,12345.0,visa,success,2025-09-06 00:00:00
3,karaj,850000.0,visa,fail,2025-09-12 12:34:00
21,mashhad,250000.0,unknown,fail,2025-09-12 13:10:00
30,mashhad,774681.0,unknown,success,2025-09-21 21:23:00
3,tabriz,1472823.0,visa,success,2025-09-01 14:00:00
30,tabriz,120000.0,discover,success,2025-09-04 18:12:00
88,tabriz,1050805.0,mastercard,success,2025-09-03 10:48:00
72,shiraz,100.5,mastercard,success,2025-09-13 05:23:00
54,tabriz,1387769.0,unknown,success,2025-09-17 01:01:00
68,isfahan,850000.0,mastercard,fail,2025-09-22 02:24:00
50,tehran,1472823.0,discover,fail,2025-09-22 03:27:00
31,karaj,914282.0,unknown,fail,2025-09-10 10:48:00
29,tehran,100000.0,amex,fail,2025-09-21 06:06:00
36,shiraz,1883871.0,amex,fail,2025-09-15 12:44:00
77,isfahan,471227.0,mastercard,fail,2025-09-21 10:48:00
73,shiraz,545116.0,visa,fail,2025-09-10 19:40:00
85,tehran,555555.0,mastercard,success,2025-09-14 11:11:00
90,tehran,100.5,mastercard,success,2025-09-06 21:23:00
94,tehran,1472823.0,discover,fail,2025-09-02 03:00:00
11,tehran,1578078.0,visa,fail,2025-09-22 21:21:00
26,tehran,1305967.0,mastercard,success,2025-09-04 23:17:00
53,qom,120000.0,mastercard,fail,2025-09-14 08:59:00
14,tehran,914282.0,mastercard,fail,2025-09-10 03:27:00
64,shiraz,1158713.0,visa,fail,2025-09-03 18:00:00
80,mashhad,1305967.0,visa,fail,2025-09-25 08:08:00
10,tabriz,123456.0,amex,fail,2025-09-03 04:15:00
31,tehran,5000.0,visa,success,2025-09-15 11:11:00
96,tehran,200000.0,visa,success,2025-09-06 06:30:00
36,tehran,1050805.0,mastercard,success,2025-09-17 04:04:00
10,tehran,100.5,mastercard,fail,2025-09-12 21:23:00
26,isfahan,976246.0,visa,fail,2025-09-22 09:45:00
20,isfahan,100.5,mastercard,fail,2025-09-20 15:45:00
44,karaj,1050805.0,mastercard,success,2025-09-24 18:12:00
62,tabriz,471227.0,discover,fail,2025-09-29 07:08:00
79,ahvaz,443463.0,visa,success,2025-09-25 14:55:00
9,ahvaz,177050.0,visa,fail,2025-09-04 14:02:00
71,tehran,471227.0,visa,success,2025-09-26 16:40:00
91,mashhad,343679.0,mastercard,fail,2025-09-28 04:40:00
24,tehran,419089.0,visa,fail,2025-09-26 15:45:00
12,tabriz,1883871.0,visa,success,2025-09-06 08:08:00
84,mashhad,200000.0,amex,fail,2025-09-20 00:00:00
78,tehran,300000.0,mastercard,fail,2025-09-23 11:11:00
87,mashhad,100.5,mastercard,fail,2025-09-28 07:08:00
32,tehran,412308.0,discover,success,2025-09-17 18:00:00
83,tehran,1578078.0,visa,fail,2025-09-08 02:37:00
35,tehran,343679.0,mastercard,fail,2025-09-28 23:59:00
43,tehran,250000.0,amex,fail,2025-09-26 19:40:00
97,tehran,12345.0,discover,success,2025-09-12 02:30:00
20,tabriz,200000.0,visa,fail,2025-09-22 10:48:00
84,qom,1768588.0,visa,success,2025-09-21 06:30:00
8,tabriz,63489.0,visa,fail,2025-09-10 05:23:00
100,isfahan,100.5,visa,fail,2025-09-27 18:12:00
42,tehran,200000.0,visa,fail,2025-09-15 21:21:00
77,tehran,1578078.0,discover,fail,2025-09-30 14:11:00
70,isfahan,976246.0,mastercard,success,2025-09-09 06:06:00
69,qom,914282.0,amex,fail,2025-09-05 07:08:00
53,karaj,471227.0,visa,success,2025-09-06 14:55:00
45,karaj,333333.0,visa,success,2025-09-07 00:00:00
51,mashhad,177050.0,visa,success,2025-09-21 14:11:00
99,tehran,1000.0,discover,fail,2025-09-25 06:06:00
6,ahvaz,976246.0,mastercard,fail,2025-09-01 01:01:00
79,tabriz,1472823.0,discover,fail,2025-09-26 21:10:00
15,shiraz,1578078.0,discover,success,2025-09-07 20:33:00
39,isfahan,1578078.0,visa,success,2025-09-25 12:12:00
5,tehran,177050.0,visa,success,2025-09-12 19:29:00
91,tehran,1463119.0,discover,success,2025-09-16 06:06:00
16,tehran,1578078.0,unknown,success,2025-09-21 03:27:00
100,mashhad,914282.0,visa,success,2025-09-04 15:45:00
38,shiraz,200000.0,mastercard,fail,2025-09-13 09:45:00
53,tehran,583952.0,visa,success,2025-09-07 18:00:00
88,ahvaz,419089.0,visa,success,2025-09-04 20:33:00
77,tehran,1050805.0,amex,success,2025-09-15 21:10:00
98,mashhad,333333.0,mastercard,success,2025-09-19 11:11:00
94,tabriz,177050.0,mastercard,success,2025-09-09 00:00:00
53,ahvaz,12345.0,mastercard,fail,2025-09-11 10:05:00
99,tehran,976246.0,mastercard,success,2025-09-23 10:48:00
92,tehran,1463119.0,mastercard,success,2025-09-25 17:17:00
15,isfahan,976246.0,visa,fail,2025-09-24 02:20:00
59,mashhad,419089.0,discover,fail,2025-09-08 06:30:00
9,unknown,63489.0,mastercard,success,2025-09-22 19:19:00
26,tehran,5000.0,amex,fail,2025-09-27 02:30:00
3,tehran,205000.0,visa,fail,2025-09-04 03:00:00
47,qom,1000.0,amex,success,2025-09-08 12:44:00
5,tehran,12345.0,mastercard,success,2025-09-03 08:08:00
62,isfahan,1768588.0,discover,fail,2025-09-29 14:00:00
84,isfahan,1782689.0,mastercard,fail,2025-09-29 06:06:00
80,mashhad,583952.0,mastercard,success,2025-09-28 21:10:00
63,mashhad,343679.0,mastercard,fail,2025-09-13 06:30:00
25,tabriz,443463.0,amex,fail,2025-09-15 14:55:00
44,ahvaz,1463119.0,amex,success,2025-09-28 23:59:00
25,ahvaz,333333.0,amex,success,2025-09-23 18:12:00
30,qom,200000.0,visa,success,2025-09-12 09:45:00
14,tehran,333333.0,discover,fail,2025-09-26 14:30:00
28,qom,333333.0,discover,fail,2025-09-08 12:12:00
19,tehran,471227.0,discover,success,2025-09-23 11:11:00
42,tabriz,850000.0,discover,fail,2025-09-05 09:00:00
20,tehran,100.5,unknown,fail,2025-09-24 09:45:00
100,ahvaz,63489.0,visa,fail,2025-09-20 06:06:00
87,shiraz,471227.0,visa,success,2025-09-18 09:09:00
79,tehran,1387769.0,mastercard,fail,2025-09-11 01:01:00
11,tehran,443463.0,mastercard,success,2025-09-15 13:13:00
70,tehran,545116.0,discover,success,2025-09-17 08:08:00
28,tehran,1883871.0,amex,success,2025-09-26 18:12:00
50,tehran,63489.0,amex,success,2025-09-12 19:40:00
96,karaj,1768588.0,amex,fail,2025-09-07 09:00:00
55,tehran,1000.0,discover,success,2025-09-10 18:45:00
10,tabriz,650000.0,visa,fail,2025-09-26 13:13:00
21,isfahan,1463119.0,visa,fail,2025-09-25 06:06:00
58,tehran,914282.0,mastercard,fail,2025-09-10 17:17:00
34,ahvaz,1578078.0,discover,fail,2025-09-27 00:00:00
96,tehran,914282.0,mastercard,fail,2025-09-13 05:56:00
94,karaj,1578078.0,discover,success,2025-09-19 08:08:00
11,isfahan,63489.0,discover,fail,2025-09-13 14:11:00
33,tehran,12345.0,visa,fail,2025-09-21 14:55:00
46,tabriz,976246.0,amex,success,2025-09-08 04:04:00
61,tehran,850000.0,mastercard,fail,2025-09-04 18:12:00
62,isfahan,100.5,amex,fail,2025-09-15 19:19:00
1,tehran,1463119.0,amex,success,2025-09-28 18:12:00
21,tehran,200000.0,amex,fail,2025-09-11 06:06:00
62,karaj,200000.0,mastercard,success,2025-09-11 19:29:00
64,shiraz,914282.0,visa,fail,2025-09-01 14:11:00
88,tehran,1463119.0,visa,fail,2025-09-17 13:13:00
73,tehran,450000.0,mastercard,success,2025-09-15 22:27:00
56,tehran,774681.0,amex,fail,2025-09-20 21:21:00
1,tehran,1578078.0,mastercard,fail,2025-09-06 20:33:00
21,mashhad,419089.0,visa,success,2025-09-24 14:02:00
22,tabriz,343679.0,mastercard,fail,2025-09-22 14:30:00
54,isfahan,1578078.0,visa,success,2025-09-28 14:00:00
4,shiraz,914282.0,mastercard,success,2025-09-25 16:40:00
51,karaj,205000.0,mastercard,fail,2025-09-09 14:55:00
63,tabriz,5000.0,visa,success,2025-09-18 17:17:00
36,tehran,412308.0,discover,fail,2025-09-17 20:33:00
69,tabriz,177050.0,mastercard,success,2025-09-20 02:30:00
92,tehran,583952.0,mastercard,success,2025-09-24 11:11:00
80,tabriz,1578078.0,visa,fail,2025-09-01 16:16:00
90,tehran,914465.0,mastercard,success,2025-09-06 14:02:00
41,qom,100.5,discover,fail,2025-09-27 16:16:00
65,tehran,200000.0,visa,fail,2025-09-02 06:06:00
69,tehran,1578078.0,visa,success,2025-09-15 18:12:00
20,tabriz,1768588.0,amex,success,2025-09-29 11:11:00
48,tabriz,452545.0,mastercard,fail,2025-09-06 12:12:00
80,tehran,100.5,visa,fail,2025-09-30 19:51:00
29,tehran,12345.0,mastercard,success,2025-09-18 13:10:00
98,isfahan,450000.0,amex,success,2025-09-14 02:24:00
16,tehran,914282.0,mastercard,success,2025-09-10 07:08:00
35,qom,650000.0,visa,success,2025-09-14 13:13:00
68,ahvaz,1050805.0,mastercard,success,2025-09-30 02:24:00
51,tehran,1578078.0,visa,fail,2025-09-06 12:44:00
90,isfahan,1387769.0,visa,success,2025-09-29 13:10:00
33,tehran,545116.0,mastercard,success,2025-09-08 10:48:00
24,isfahan,914465.0,visa,success,2025-09-13 17:07:00
25,mashhad,585954.0,discover,fail,2025-09-12 14:02:00
28,qom,900000.0,visa,fail,2025-09-01 07:32:00
7,tabriz,452545.0,discover,success,2025-09-17 04:40:00
36,ahvaz,585954.0,discover,fail,2025-09-13 13:13:00
96,qom,585954.0,mastercard,success,2025-09-18 05:23:00
83,tehran,650000.0,visa,success,2025-09-11 10:48:00
6,tehran,120000.0,mastercard,success,2025-09-12 19:40:00
93,karaj,177050.0,visa,success,2025-09-06 01:51:00
7,ahvaz,555555.0,visa,success,2025-09-09 11:11:00
41,tehran,900000.0,visa,success,2025-09-04 21:23:00
63,qom,1782689.0,visa,success,2025-09-03 04:40:00
99,mashhad,1782689.0,discover,success,2025-09-28 04:15:00
81,tehran,12345.0,mastercard,success,2025-09-24 19:51:00
33,karaj,300000.0,visa,fail,2025-09-26 21:23:00
88,isfahan,333333.0,visa,fail,2025-09-30 07:32:00
73,tabriz,419089.0,visa,fail,2025-09-25 18:00:00
62,tehran,100.5,visa,fail,2025-09-11 09:45:00
66,tabriz,452545.0,mastercard,success,2025-09-05 13:13:00
9,tehran,850000.0,mastercard,success,2025-09-25 14:30:00
67,mashhad,200000.0,amex,success,2025-09-18 09:45:00
16,mashhad,250000.0,mastercard,success,2025-09-19 07:07:00
90,ahvaz,123456.0,amex,fail,2025-09-23 03:27:00
89,mashhad,976246.0,visa,success,2025-09-23 07:08:00
94,mashhad,471227.0,discover,fail,2025-09-06 18:45:00
55,tabriz,123456.0,mastercard,fail,2025-09-22 08:08:00
40,tehran,471227.0,visa,fail,2025-09-18 00:00:00
26,tehran,99999.0,mastercard,success,2025-09-26 21:10:00
38,tehran,850000.0,mastercard,success,2025-09-06 07:32:00
35,mashhad,850000.0,mastercard,success,2025-09-04 14:55:00
88,tehran,12345.0,mastercard,fail,2025-09-12 04:40:00
68,isfahan,177050.0,discover,fail,2025-09-19 02:37:00
59,tehran,177050.0,amex,fail,2025-09-29 10:48:00
14,tehran,12345.0,discover,fail,2025-09-27 19:51:00
71,qom,1463119.0,discover,fail,2025-09-02 07:08:00
72,tehran,1158713.0,amex,fail,2025-09-17 00:00:00
42,shiraz,585954.0,mastercard,success,2025-09-11 11:11:00
51,karaj,914282.0,mastercard,fail,2025-09-11 16:40:00
19,qom,343679.0,mastercard,success,2025-09-21 12:44:00
66,tabriz,1782689.0,discover,fail,2025-09-16 02:30:00
65,tehran,1578078.0,discover,fail,2025-09-02 21:10:00
42,karaj,250000.0,amex,fail,2025-09-23 14:00:00
38,shiraz,419089.0,unknown,success,2025-09-08 21:10:00
13,mashhad,471227.0,visa,success,2025-09-13 19:29:00
44,tehran,200000.0,amex,success,2025-09-10 17:17:00
24,tabriz,100000.0,mastercard,success,2025-09-08 02:54:00
97,karaj,200000.0,visa,success,2025-09-30 12:12:00
30,mashhad,123456.0,mastercard,success,2025-09-04 17:17:00
70,tehran,914465.0,mastercard,success,2025-09-15 12:44:00
38,unknown,585954.0,mastercard,fail,2025-09-30 03:27:00
98,ahvaz,976246.0,mastercard,success,2025-09-01 03:27:00
23,tabriz,1768588.0,visa,fail,2025-09-11 11:11:00
74,tabriz,250000.0,visa,fail,2025-09-07 05:56:00
57,tabriz,419089.0,amex,fail,2025-09-17 07:08:00
36,karaj,1000.0,visa,fail,2025-09-24 02:37:00
57,tehran,50200.0,mastercard,fail,2025-09-18 08:59:00
1,karaj,99999.0,visa,fail,2025-09-22 16:16:00
72,qom,100000.0,visa,fail,2025-09-29 21:23:00
3,tehran,177050.0,visa,success,2025-09-22 14:55:00
14,tehran,1427657.0,visa,fail,2025-09-12 18:12:00
34,tehran,177050.0,visa,fail,2025-09-05 14:02:00
70,tehran,205000.0,visa,fail,2025-09-10 18:12:00
69,tehran,1782689.0,mastercard,success,2025-09-04 07:07:00
51,tabriz,850000.0,mastercard,fail,2025-09-05 14:55:00
29,qom,443463.0,discover,success,2025-09-28 21:10:00
100,mashhad,250000.0,amex,success,2025-09-28 20:20:00
82,tehran,914282.0,amex,success,2025-09-10 21:21:00
48,isfahan,774681.0,discover,success,2025-09-11 06:30:00
95,tehran,120000.0,visa,fail,2025-09-21 08:08:00
79,tehran,1427657.0,visa,fail,2025-09-24 22:27:00
79,qom,452545.0,visa,fail,2025-09-10 19:19:00
16,shiraz,1050805.0,visa,fail,2025-09-28 13:13:00
98,karaj,1427657.0,mastercard,fail,2025-09-02 14:11:00
10,tehran,585954.0,visa,success,2025-09-23 11:11:00
67,tehran,1472823.0,visa,fail,2025-09-16 18:00:00
4,tehran,1782689.0,visa,fail,2025-09-22 03:27:00
75,tehran,1578078.0,unknown,fail,2025-09-05 03:27:00
33,shiraz,443463.0,mastercard,success,2025-09-27 00:00:00
28,karaj,1305967.0,mastercard,success,2025-09-25 00:00:00
80,mashhad,583952.0,discover,success,2025-09-03 19:40:00
9,karaj,419089.0,mastercard,success,2025-09-12 23:17:00
75,mashhad,12345.0,amex,fail,2025-09-13 07:07:00
6,tehran,850000.0,visa,success,2025-09-13 07:08:00
92,tabriz,1387769.0,visa,fail,2025-09-04 18:00:00
22,mashhad,1050805.0,visa,success,2025-09-22 14:00:00
48,tehran,450000.0,mastercard,fail,2025-09-24 22:27:00
81,tabriz,914282.0,visa,fail,2025-09-02 23:17:00
56,tehran,471227.0,visa,success,2025-09-19 21:23:00
74,isfahan,914465.0,visa,success,2025-09-07 10:05:00
18,ahvaz,100.5,visa,fail,2025-09-17 08:08:00
13,tehran,450000.0,amex,fail,2025-09-20 02:20:00
27,shiraz,333333.0,mastercard,success,2025-09-20 00:00:00
62,tehran,1502601.0,amex,success,2025-09-21 14:11:00
74,tabriz,100.5,amex,fail,2025-09-30 17:07:00
45,tehran,471227.0,visa,fail,2025-09-03 22:27:00
3,tehran,1427657.0,visa,success,2025-09-17 01:01:00
27,tabriz,177050.0,visa,success,2025-09-27 19:29:00
55,tabriz,1000.0,visa,fail,2025-09-26 07:08:00
67,tehran,1578078.0,visa,fail,2025-09-14 13:13:00
33,shiraz,452545.0,mastercard,fail,2025-09-17 18:45:00
2,unknown,914465.0,mastercard,fail,2025-09-18 05:56:00
75,tehran,100.5,discover,fail,2025-09-13 21:21:00
46,tabriz,914465.0,mastercard,fail,2025-09-20 09:45:00
74,ahvaz,100.5,discover,fail,2025-09-29 08:08:00
33,tehran,1578078.0,discover,success,2025-09-20 02:37:00
58,tehran,914465.0,visa,success,2025-09-21 02:37:00
7,tehran,914465.0,visa,fail,2025-09-27 13:10:00
15,ahvaz,443463.0,discover,fail,2025-09-18 08:08:00
26,tabriz,850000.0,discover,fail,2025-09-04 21:23:00
11,tehran,976246.0,visa,success,2025-09-01 05:23:00
38,mashhad,177050.0,discover,fail,2025-09-18 22:27:00
27,tehran,177050.0,mastercard,fail,2025-09-01 16:40:00
74,tehran,12345.0,discover,fail,2025-09-13 23:59:00
21,ahvaz,900000.0,visa,fail,2025-09-20 04:40:00
30,tehran,976246.0,discover,fail,2025-09-23 16:16:00
95,tabriz,1883871.0,mastercard,success,2025-09-10 16:40:00
89,karaj,50200.0,visa,fail,2025-09-11 18:45:00
55,tehran,914282.0,discover,fail,2025-09-05 19:19:00
15,tehran,250000.0,amex,fail,2025-09-26 19:29:00
36,tabriz,1463119.0,discover,fail,2025-09-01 05:23:00
6,karaj,914465.0,amex,fail,2025-09-17 02:30:00
42,tehran,50200.0,mastercard,fail,2025-09-22 07:32:00
50,qom,585954.0,visa,success,2025-09-02 18:00:00
18,mashhad,583952.0,discover,fail,2025-09-24 13:13:00
83,tabriz,450000.0,visa,success,2025-09-13 03:00:00
50,shiraz,333333.0,visa,fail,2025-09-09 14:00:00
30,mashhad,850000.0,amex,success,2025-09-29 12:44:00
77,isfahan,177050.0,mastercard,fail,2025-09-04 08:08:00
39,karaj,471227.0,visa,success,2025-09-05 15:45:00
99,shiraz,1305967.0,visa,success,2025-09-24 19:51:00
59,tehran,1000.0,visa,fail,2025-09-19 07:32:00
44,isfahan,63489.0,mastercard,success,2025-09-03 12:34:00
89,ahvaz,443463.0,visa,fail,2025-09-12 18:12:00
36,tabriz,177050.0,visa,success,2025-09-19 07:08:00
48,karaj,300000.0,visa,success,2025-09-19 00:00:00
14,isfahan,419089.0,visa,fail,2025-09-13 14:30:00
81,karaj,850000.0,discover,success,2025-09-28 12:44:00
49,tabriz,205000.0,visa,fail,2025-09-07 03:27:00
88,qom,1387769.0,visa,success,2025-09-23 19:51:00
77,isfahan,1768588.0,mastercard,success,2025-09-07 07:08:00
9,isfahan,850000.0,visa,fail,2025-09-26 11:11:00
72,tehran,300000.0,mastercard,fail,2025-09-05 14:11:00
81,tehran,63489.0,mastercard,success,2025-09-21 19:40:00
16,tabriz,1305967.0,visa,success,2025-09-14 14:30:00
16,mashhad,50200.0,discover,success,2025-09-04 03:00:00
28,isfahan,100.5,visa,fail,2025-09-23 16:16:00
56,qom,914465.0,visa,fail,2025-09-20 07:07:00
80,tehran,976246.0,amex,success,2025-09-15 19:19:00
57,tabriz,976246.0,discover,fail,2025-09-18 14:02:00
52,tehran,1768588.0,amex,success,2025-09-20 21:23:00
46,mashhad,585954.0,mastercard,success,2025-09-13 23:59:00
78,tehran,1768588.0,mastercard,fail,2025-09-29 23:17:00
38,tabriz,443463.0,mastercard,fail,2025-09-08 02:24:00
84,mashhad,1050805.0,mastercard,fail,2025-09-09 02:24:00
48,tehran,12345.0,visa,fail,2025-09-16 02:37:00
41,mashhad,976246.0,mastercard,success,2025-09-19 15:45:00
99,isfahan,914465.0,mastercard,success,2025-09-16 00:00:00
59,tehran,100.5,mastercard,success,2025-09-07 23:59:00
67,unknown,774681.0,mastercard,success,2025-09-28 08:08:00
84,qom,100000.0,amex,fail,2025-09-25 11:11:00
66,tehran,471227.0,discover,success,2025-09-27 02:37:00
27,isfahan,471227.0,mastercard,fail,2025-09-04 16:40:00
32,qom,100.5,amex,fail,2025-09-26 16:16:00
10,qom,976246.0,mastercard,fail,2025-09-03 04:40:00
40,tehran,545116.0,mastercard,success,2025-09-05 18:00:00
17,ahvaz,583952.0,visa,fail,2025-09-01 14:02:00
58,tehran,1768588.0,visa,fail,2025-09-03 02:30:00
98,tehran,443463.0,amex,success,2025-09-15 15:45:00
39,tabriz,450000.0,mastercard,success,2025-09-27 13:13:00
18,tehran,100000.0,visa,fail,2025-09-08 11:11:00
73,karaj,300000.0,visa,success,2025-09-29 14:02:00
72,tehran,650000.0,amex,fail,2025-09-04 09:45:00
90,mashhad,200000.0,mastercard,success,2025-09-02 02:30:00
96,tehran,1387769.0,discover,fail,2025-09-29 12:12:00
42,qom,1768588.0,mastercard,fail,2025-09-24 19:51:00
4,mashhad,1387769.0,visa,success,2025-09-24 02:30:00
20,tehran,250000.0,visa,fail,2025-09-10 10:48:00
40,tehran,583952.0,amex,fail,2025-09-03 14:02:00
23,karaj,412308.0,visa,fail,2025-09-17 02:37:00
57,qom,471227.0,mastercard,fail,2025-09-23 23:59:00
47,qom,200000.0,mastercard,fail,2025-09-21 02:30:00
13,isfahan,976246.0,visa,fail,2025-09-24 17:17:00
16,qom,1305967.0,discover,fail,2025-09-20 10:48:00
55,tehran,1578078.0,visa,fail,2025-09-13 11:11:00
96,tehran,452545.0,amex,fail,2025-09-05 19:40:00
65,tabriz,914465.0,visa,fail,2025-09-30 01:01:00
81,mashhad,443463.0,mastercard,success,2025-09-21 11:11:00
16,tehran,100.5,visa,fail,2025-09-30 03:27:00
37,qom,177050.0,mastercard,success,2025-09-09 18:00:00
52,isfahan,123456.0,mastercard,success,2025-09-25 03:27:00
10,tabriz,177050.0,visa,fail,2025-09-29 02:37:00
38,tehran,1782689.0,visa,success,2025-09-25 00:00:00
44,isfahan,471227.0,mastercard,fail,2025-09-28 02:37:00
74,mashhad,1158713.0,discover,fail,2025-09-06 03:27:00
54,tehran,100000.0,mastercard,fail,2025-09-05 23:59:00
70,tehran,1578078.0,visa,fail,2025-09-07 21:23:00
93,tehran,452545.0,discover,fail,2025-09-07 07:08:00
59,tehran,300000.0,visa,fail,2025-09-21 21:10:00
13,tabriz,471227.0,visa,success,2025-09-29 11:11:00
41,mashhad,1883871.0,amex,fail,2025-09-20 16:40:00
12,tehran,914465.0,visa,fail,2025-09-03 12:12:00
50,unknown,774681.0,amex,fail,2025-09-15 04:04:00
57,shiraz,976246.0,amex,success,2025-09-04 11:11:00
66,tehran,583952.0,mastercard,success,2025-09-12 18:45:00
8,tehran,100000.0,mastercard,fail,2025-09-06 12:12:00
63,tehran,412308.0,visa,success,2025-09-19 14:02:00
9,karaj,471227.0,mastercard,success,2025-09-04 05:56:00
60,tehran,1782689.0,amex,success,2025-09-15 19:19:00
72,isfahan,1782689.0,visa,success,2025-09-05 18:00:00
3,isfahan,1883871.0,visa,fail,2025-09-13 03:00:00
73,shiraz,1387769.0,visa,fail,2025-09-23 10:48:00
13,tehran,200000.0,amex,fail,2025-09-26 18:00:00
9,tehran,205000.0,amex,fail,2025-09-18 20:33:00
96,karaj,1782689.0,visa,fail,2025-09-30 09:00:00
52,tabriz,177050.0,discover,success,2025-09-05 14:00:00
62,qom,1578078.0,visa,fail,2025-09-25 23:17:00
8,karaj,177050.0,visa,fail,2025-09-16 10:48:00
96,karaj,1158713.0,amex,success,2025-09-27 02:37:00
45,tehran,1387769.0,visa,success,2025-09-19 02:20:00
53,unknown,100.5,visa,fail,2025-09-14 23:59:00
63,tehran,976246.0,amex,fail,2025-09-25 03:27:00
81,qom,976246.0,visa,success,2025-09-16 11:11:00
57,tabriz,123456.0,mastercard,success,2025-09-27 12:12:00
54,tehran,200000.0,mastercard,success,2025-09-15 12:44:00
19,karaj,343679.0,visa,success,2025-09-22 13:13:00
67,tabriz,5000.0,visa,success,2025-09-04 02:30:00
46,tehran,1768588.0,mastercard,success,2025-09-07 13:13:00
95,tabriz,914465.0,mastercard,fail,2025-09-16 06:30:00
10,tehran,850000.0,visa,fail,2025-09-24 23:59:00
18,shiraz,12345.0,mastercard,fail,2025-09-21 15:45:00
12,karaj,585954.0,discover,success,2025-09-22 05:56:00
49,mashhad,300000.0,mastercard,success,2025-09-21 00:00:00
55,qom,471227.0,mastercard,fail,2025-09-27 02:30:00
25,karaj,100.5,mastercard,success,2025-09-02 12:44:00
12,tehran,450000.0,visa,fail,2025-09-09 20:33:00
11,karaj,1000.0,discover,success,2025-09-17 07:32:00
74,tehran,200000.0,mastercard,fail,2025-09-25 02:37:00
90,karaj,443463.0,mastercard,success,2025-09-17 03:00:00
47,qom,650000.0,mastercard,fail,2025-09-04 23:59:00
36,shiraz,900000.0,unknown,fail,2025-09-16 23:17:00
50,mashhad,585954.0,mastercard,fail,2025-09-20 02:30:00
72,mashhad,1000.0,mastercard,fail,2025-09-27 14:02:00
67,shiraz,1768588.0,discover,fail,2025-09-21 18:12:00
82,tehran,250000.0,visa,success,2025-09-06 09:45:00
100,qom,250000.0,discover,fail,2025-09-17 09:45:00
63,shiraz,100.5,discover,fail,2025-09-04 02:37:00
15,tehran,1578078.0,unknown,fail,2025-09-17 06:30:00
19,isfahan,471227.0,mastercard,fail,2025-09-09 21:23:00
87,mashhad,177050.0,mastercard,fail,2025-09-24 21:10:00
70,tabriz,850000.0,mastercard,fail,2025-09-02 14:30:00
20,mashhad,443463.0,discover,success,2025-09-06 21:10:00
37,tehran,99999.0,visa,success,2025-09-01 19:19:00
75,karaj,250000.0,discover,fail,2025-09-15 07:07:00
2,tehran,100.5,amex,fail,2025-09-23 06:30:00
87,mashhad,914282.0,mastercard,success,2025-09-07 10:48:00
36,mashhad,545116.0,visa,fail,2025-09-29 07:07:00
5,tehran,1472823.0,discover,success,2025-09-30 16:16:00
7,shiraz,1050805.0,visa,success,2025-09-17 04:04:00
74,unknown,471227.0,visa,success,2025-09-09 22:27:00
40,ahvaz,177050.0,discover,fail,2025-09-09 23:59:00
84,tehran,1463119.0,mastercard,fail,2025-09-06 02:54:00
35,isfahan,100000.0,visa,fail,2025-09-21 19:29:00
1,shiraz,177050.0,mastercard,success,2025-09-03 10:48:00
29,mashhad,1158713.0,mastercard,fail,2025-09-17 18:12:00
9,tabriz,471227.0,mastercard,success,2025-09-17 08:59:00
9,mashhad,300000.0,visa,success,2025-09-12 21:23:00
22,tabriz,650000.0,visa,fail,2025-09-16 12:12:00
80,tehran,1050805.0,mastercard,fail,2025-09-23 07:08:00
58,ahvaz,583952.0,visa,fail,2025-09-01 11:11:00
70,tehran,1768588.0,visa,success,2025-09-17 03:27:00
13,qom,300000.0,mastercard,fail,2025-09-26 18:00:00
98,ahvaz,123456.0,mastercard,fail,2025-09-15 04:04:00
19,ahvaz,976246.0,discover,fail,2025-09-04 23:59:00
79,isfahan,412308.0,discover,success,2025-09-04 13:10:00
33,tehran,443463.0,discover,success,2025-09-18 16:40:00
74,karaj,1768588.0,mastercard,fail,2025-09-17 02:37:00
65,mashhad,1472823.0,mastercard,fail,2025-09-19 08:08:00
60,tabriz,1387769.0,mastercard,fail,2025-09-11 14:30:00
12,tabriz,585954.0,mastercard,success,2025-09-20 00:00:00
43,tehran,205000.0,visa,fail,2025-09-03 19:51:00
94,tabriz,1387769.0,visa,fail,2025-09-08 07:32:00
68,mashhad,412308.0,discover,success,2025-09-26 21:23:00
29,qom,1427657.0,mastercard,fail,2025-09-01 04:40:00
55,isfahan,120000.0,unknown,fail,2025-09-14 13:10:00
7,tehran,419089.0,mastercard,fail,2025-09-02 11:11:00
44,mashhad,12345.0,visa,success,2025-09-29 03:00:00
77,isfahan,583952.0,mastercard,success,2025-09-23 07:08:00
5,tehran,914282.0,discover,fail,2025-09-04 14:55:00
60,qom,200000.0,mastercard,fail,2025-09-24 14:11:00
7,tehran,914282.0,mastercard,success,2025-09-19 04:04:00
54,tehran,250000.0,discover,success,2025-09-01 05:56:00
93,tabriz,1387769.0,visa,success,2025-09-17 09:00:00
46,tabriz,1472823.0,visa,success,2025-09-08 07:32:00
10,shiraz,419089.0,discover,success,2025-09-19 16:40:00
4,mashhad,1305967.0,mastercard,fail,2025-09-21 19:40:00
67,ahvaz,200000.0,visa,fail,2025-09-01 02:30:00
25,isfahan,850000.0,visa,success,2025-09-05 05:56:00
88,tabriz,200000.0,amex,fail,2025-09-27 08:08:00
92,tabriz,1883871.0,mastercard,fail,2025-09-16 13:13:00
78,tehran,976246.0,visa,success,2025-09-06 19:51:00
61,tehran,1427657.0,visa,fail,2025-09-08 11:11:00
38,tabriz,585954.0,mastercard,fail,2025-09-13 14:02:00
32,tehran,545116.0,mastercard,fail,2025-09-16 21:10:00
23,karaj,177050.0,visa,success,2025-09-30 07:07:00
3,tehran,471227.0,visa,fail,2025-09-19 05:56:00
100,isfahan,343679.0,visa,fail,2025-09-12 14:02:00
13,tehran,1883871.0,visa,fail,2025-09-16 11:11:00
89,tehran,419089.0,discover,success,2025-09-11 05:56:00
76,tehran,450000.0,visa,success,2025-09-25 19:29:00
83,tabriz,123456.0,mastercard,fail,2025-09-04 07:07:00
28,tehran,250000.0,mastercard,fail,2025-09-23 00:00:00
78,karaj,120000.0,visa,success,2025-09-02 01:01:00
92,qom,443463.0,mastercard,fail,2025-09-24 19:40:00
18,tehran,1578078.0,discover,fail,2025-09-22 02:37:00
42,isfahan,583952.0,visa,success,2025-09-19 13:10:00
41,tehran,450000.0,discover,fail,2025-09-25 20:33:00
70,tabriz,250000.0,discover,success,2025-09-05 10:48:00
33,tabriz,976246.0,visa,fail,2025-09-08 06:30:00
90,isfahan,1463119.0,amex,fail,2025-09-07 06:30:00
88,tabriz,471227.0,mastercard,success,2025-09-23 17:17:00
36,tabriz,1578078.0,mastercard,fail,2025-09-03 12:12:00
99,tabriz,471227.0,visa,fail,2025-09-23 11:11:00
56,tehran,250000.0,unknown,fail,2025-09-19 20:33:00
17,isfahan,419089.0,amex,fail,2025-09-19 05:56:00
10,tehran,1768588.0,mastercard,success,2025-09-18 10:05:00
88,mashhad,545116.0,visa,success,2025-09-20 17:17:00
2,tabriz,443463.0,amex,fail,2025-09-08 07:08:00
100,tabriz,471227.0,unknown,fail,2025-09-28 22:27:00
14,tehran,585954.0,amex,success,2025-09-01 17:17:00
41,karaj,976246.0,visa,fail,2025-09-17 21:10:00
2,ahvaz,1387769.0,mastercard,fail,2025-09-12 06:30:00
19,isfahan,1578078.0,mastercard,success,2025-09-30 03:27:00
80,karaj,900000.0,discover,success,2025-09-21 10:48:00
90,isfahan,452545.0,visa,fail,2025-09-11 02:54:00
1,tehran,177050.0,visa,success,2025-09-05 20:20:00
2,isfahan,452545.0,visa,fail,2025-09-27 20:20:00
27,qom,583952.0,visa,success,2025-09-12 12:44:00
2,tehran,585954.0,mastercard,success,2025-09-17 21:21:00
10,tehran,1427657.0,mastercard,fail,2025-09-05 16:40:00
80,tehran,200000.0,mastercard,fail,2025-09-28 17:17:00
13,tehran,1472823.0,visa,fail,2025-09-14 14:55:00
72,karaj,976246.0,mastercard,fail,2025-09-24 19:51:00
56,mashhad,583952.0,mastercard,fail,2025-09-27 03:27:00
96,tabriz,545116.0,amex,fail,2025-09-30 18:12:00
45,karaj,412308.0,unknown,success,2025-09-18 12:44:00
59,isfahan,250000.0,mastercard,fail,2025-09-09 21:23:00
39,tabriz,250000.0,visa,fail,2025-09-19 15:45:00
21,karaj,100.5,mastercard,success,2025-09-22 06:30:00
55,tehran,914465.0,mastercard,fail,2025-09-05 21:23:00
57,tehran,343679.0,mastercard,fail,2025-09-27 10:05:00
94,isfahan,545116.0,amex,fail,2025-09-30 06:06:00
70,shiraz,250000.0,mastercard,fail,2025-09-15 07:08:00
82,shiraz,123456.0,discover,fail,2025-09-07 10:48:00
49,tabriz,63489.0,mastercard,fail,2025-09-04 10:48:00
92,mashhad,1387769.0,visa,fail,2025-09-20 07:32:00
5,qom,250000.0,mastercard,success,2025-09-22 19:29:00
71,qom,1578078.0,discover,fail,2025-09-07 12:12:00
74,mashhad,583952.0,discover,success,2025-09-15 17:17:00
74,tehran,300000.0,visa,fail,2025-09-23 04:15:00
51,tabriz,1782689.0,mastercard,success,2025-09-14 09:09:00
57,tehran,1768588.0,mastercard,success,2025-09-23 10:05:00
58,tehran,1578078.0,visa,success,2025-09-19 04:40:00
93,tabriz,914282.0,mastercard,success,2025-09-22 06:30:00
36,ahvaz,1387769.0,visa,success,2025-09-29 11:11:00
10,tabriz,99999.0,visa,fail,2025-09-24 08:08:00
50,tehran,419089.0,discover,fail,2025-09-20 14:11:00
100,ahvaz,419089.0,mastercard,success,2025-09-29 13:13:00
100,tehran,177050.0,amex,success,2025-09-24 14:11:00
37,tehran,12345.0,visa,fail,2025-09-18 19:51:00
20,tehran,1050805.0,mastercard,success,2025-09-10 09:45:00
13,isfahan,100.5,visa,fail,2025-09-09 14:11:00
75,shiraz,1387769.0,mastercard,success,2025-09-25 07:32:00
19,ahvaz,1305967.0,unknown,fail,2025-09-08 00:00:00
93,tabriz,1578078.0,amex,success,2025-09-26 00:00:00
56,tehran,63489.0,visa,fail,2025-09-30 20:20:00
45,tabriz,914282.0,visa,success,2025-09-29 22:27:00
60,tehran,914282.0,amex,success,2025-09-10 21:10:00
68,mashhad,343679.0,visa,fail,2025-09-17 04:15:00
57,mashhad,976246.0,visa,success,2025-09-02 13:13:00
54,isfahan,585954.0,visa,fail,2025-09-06 14:11:00
37,tehran,1387769.0,amex,fail,2025-09-26 12:44:00
83,isfahan,100000.0,mastercard,fail,2025-09-05 16:16:00
37,isfahan,177050.0,mastercard,fail,2025-09-28 09:09:00
14,mashhad,343679.0,discover,success,2025-09-30 18:12:00
96,karaj,1472823.0,visa,success,2025-09-09 14:30:00
93,isfahan,100.5,mastercard,success,2025-09-05 03:00:00
83,tehran,1305967.0,mastercard,success,2025-09-26 04:15:00
1,tehran,976246.0,amex,success,2025-09-09 03:27:00
28,tehran,452545.0,visa,success,2025-09-17 20:33:00
4,karaj,583952.0,visa,fail,2025-09-12 18:12:00
41,shiraz,545116.0,discover,success,2025-09-07 02:37:00
18,shiraz,650000.0,amex,fail,2025-09-03 14:11:00
63,karaj,1472823.0,mastercard,fail,2025-09-10 02:54:00
49,tabriz,100.5,mastercard,success,2025-09-25 07:08:00
47,isfahan,471227.0,mastercard,fail,2025-09-03 01:51:00
90,tabriz,1305967.0,mastercard,success,2025-09-02 14:30:00
82,qom,419089.0,visa,success,2025-09-28 22:27:00
83,tabriz,99999.0,visa,success,2025-09-10 09:45:00
53,tehran,1427657.0,visa,success,2025-09-06 12:12:00
76,mashhad,583952.0,visa,success,2025-09-22 02:20:00
25,tehran,200000.0,mastercard,success,2025-09-26 19:40:00
100,tehran,1578078.0,amex,fail,2025-09-11 13:10:00
65,isfahan,200000.0,amex,fail,2025-09-23 22:27:00
8,karaj,1502601.0,visa,fail,2025-09-29 06:30:00
39,tehran,914465.0,visa,fail,2025-09-15 11:11:00
43,qom,177050.0,discover,fail,2025-09-06 03:27:00
82,isfahan,63489.0,amex,success,2025-09-20 11:11:00
73,tabriz,120000.0,visa,fail,2025-09-27 01:51:00
4,shiraz,250000.0,visa,success,2025-09-22 03:27:00
56,karaj,976246.0,amex,fail,2025-09-20 08:59:00
45,shiraz,914465.0,visa,success,2025-09-03 04:15:00
3,karaj,1578078.0,unknown,success,2025-09-02 16:16:00
22,tabriz,452545.0,mastercard,fail,2025-09-30 04:04:00
72,qom,976246.0,amex,success,2025-09-21 08:59:00
56,isfahan,1782689.0,amex,fail,2025-09-02 05:56:00
25,isfahan,250000.0,visa,fail,2025-09-03 10:48:00
84,tehran,250000.0,mastercard,fail,2025-09-15 23:17:00
31,karaj,1427657.0,mastercard,fail,2025-09-27 04:15:00
30,mashhad,850000.0,mastercard,success,2025-09-10 02:24:00
80,isfahan,1050805.0,visa,success,2025-09-09 11:11:00
66,mashhad,850000.0,mastercard,success,2025-09-01 04:40:00
81,ahvaz,200000.0,visa,fail,2025-09-16 02:24:00
71,qom,583952.0,visa,success,2025-09-09 20:33:00
59,mashhad,1782689.0,mastercard,success,2025-09-27 07:32:00
9,qom,976246.0,visa,fail,2025-09-27 18:12:00
54,tehran,333333.0,visa,fail,2025-09-28 05:23:00
62,isfahan,1387769.0,amex,success,2025-09-02 03:27:00
9,tehran,1158713.0,amex,success,2025-09-04 07:08:00
9,tehran,452545.0,mastercard,success,2025-09-01 09:00:00
39,tehran,100.5,mastercard,fail,2025-09-26 19:51:00
75,tehran,177050.0,unknown,success,2025-09-25 07:32:00
66,tehran,1502601.0,visa,fail,2025-09-15 12:12:00
80,tabriz,1883871.0,mastercard,success,2025-09-19 21:23:00
59,tehran,419089.0,discover,fail,2025-09-21 02:30:00
31,ahvaz,1387769.0,visa,fail,2025-09-27 11:11:00
11,karaj,443463.0,unknown,success,2025-09-24 08:08:00
6,tehran,419089.0,mastercard,success,2025-09-22 12:34:00
70,mashhad,1502601.0,unknown,success,2025-09-04 00:00:00
32,qom,1387769.0,discover,fail,2025-09-02 02:54:00
48,tabriz,5000.0,discover,fail,2025-09-25 23:17:00
59,tehran,976246.0,visa,success,2025-09-28 19:19:00
67,shiraz,50200.0,discover,success,2025-09-01 19:19:00
56,isfahan,250000.0,unknown,success,2025-09-17 13:13:00
41,shiraz,583952.0,discover,success,2025-09-13 09:09:00
56,tehran,177050.0,mastercard,fail,2025-09-04 09:09:00
35,tabriz,443463.0,mastercard,success,2025-09-07 16:40:00
38,qom,1578078.0,discover,fail,2025-09-17 18:12:00
81,tehran,850000.0,visa,success,2025-09-09 05:56:00
67,tehran,177050.0,discover,success,2025-09-04 03:27:00
76,tehran,976246.0,mastercard,success,2025-09-01 21:21:00
89,qom,1578078.0,mastercard,fail,2025-09-10 03:27:00
11,ahvaz,450000.0,mastercard,success,2025-09-09 03:27:00
27,mashhad,650000.0,discover,success,2025-09-13 11:11:00
48,mashhad,1472823.0,visa,fail,2025-09-14 02:37:00
24,shiraz,100.5,visa,fail,2025-09-10 09:00:00
27,karaj,99999.0,mastercard,success,2025-09-16 10:05:00
54,mashhad,1768588.0,visa,success,2025-09-06 00:00:00
55,karaj,177050.0,mastercard,fail,2025-09-17 14:02:00
21,tehran,650000.0,visa,fail,2025-09-10 18:00:00
59,tabriz,419089.0,visa,success,2025-09-18 09:00:00
34,tehran,914282.0,mastercard,fail,2025-09-27 14:11:00
58,tehran,200000.0,mastercard,success,2025-09-18 02:37:00
48,karaj,914465.0,visa,fail,2025-09-03 10:48:00
54,tehran,1883871.0,visa,fail,2025-09-20 11:11:00
18,tabriz,471227.0,mastercard,fail,2025-09-27 23:59:00
3,tehran,1463119.0,amex,fail,2025-09-21 06:30:00
24,ahvaz,100.5,mastercard,fail,2025-09-25 14:55:00
1,ahvaz,850000.0,mastercard,fail,2025-09-28 09:45:00
6,shiraz,1502601.0,amex,fail,2025-09-15 09:00:00
19,qom,914282.0,discover,fail,2025-09-15 10:48:00
87,tehran,1578078.0,discover,success,2025-09-04 18:45:00
43,tehran,1050805.0,discover,fail,2025-09-29 14:30:00
8,shiraz,1000.0,discover,success,2025-09-27 21:23:00
69,tehran,200000.0,mastercard,success,2025-09-09 10:05:00
52,tehran,1578078.0,visa,success,2025-09-27 07:32:00
73,isfahan,1472823.0,discover,success,2025-09-26 14:02:00
47,karaj,177050.0,discover,success,2025-09-19 01:01:00
85,karaj,443463.0,discover,fail,2025-09-24 10:05:00
46,tehran,585954.0,visa,success,2025-09-17 03:27:00
4,isfahan,914465.0,amex,success,2025-09-11 14:02:00
17,tabriz,250000.0,mastercard,success,2025-09-18 12:12:00
34,isfahan,200000.0,visa,fail,2025-09-20 08:59:00
20,tehran,200000.0,discover,fail,2025-09-13 10:48:00
80,mashhad,12345.0,visa,fail,2025-09-08 17:17:00
74,tehran,177050.0,discover,fail,2025-09-07 01:51:00
43,karaj,177050.0,mastercard,success,2025-09-21 19:51:00
10,ahvaz,177050.0,discover,fail,2025-09-23 21:23:00
95,isfahan,50200.0,mastercard,success,2025-09-15 10:05:00
30,karaj,1463119.0,mastercard,fail,2025-09-20 01:01:00
25,ahvaz,200000.0,discover,success,2025-09-15 04:40:00
57,tabriz,1050805.0,visa,fail,2025-09-01 13:13:00
63,tehran,471227.0,mastercard,success,2025-09-25 02:30:00
71,mashhad,1768588.0,mastercard,success,2025-09-14 11:11:00
47,tehran,343679.0,visa,fail,2025-09-05 20:33:00
84,shiraz,250000.0,visa,success,2025-09-11 20:33:00
81,shiraz,1768588.0,mastercard,success,2025-09-16 19:51:00
3,qom,1463119.0,discover,success,2025-09-02 09:45:00
46,tabriz,850000.0,mastercard,fail,2025-09-08 02:30:00
36,mashhad,774681.0,visa,fail,2025-09-11 23:59:00
26,isfahan,1502601.0,visa,success,2025-09-29 04:15:00
10,tehran,1502601.0,mastercard,fail,2025-09-18 21:21:00
34,karaj,177050.0,visa,success,2025-09-03 16:16:00
78,ahvaz,100.5,amex,fail,2025-09-30 12:12:00
8,tehran,545116.0,discover,success,2025-09-26 05:23:00
55,tabriz,419089.0,visa,success,2025-09-01 14:02:00
92,isfahan,914282.0,mastercard,success,2025-09-11 09:00:00
57,tehran,419089.0,amex,fail,2025-09-18 06:30:00
79,qom,200000.0,amex,fail,2025-09-30 12:12:00
50,tehran,343679.0,mastercard,success,2025-09-10 07:07:00
64,tabriz,585954.0,amex,fail,2025-09-18 22:27:00
96,ahvaz,99999.0,visa,fail,2025-09-06 19:51:00
45,ahvaz,443463.0,amex,fail,2025-09-04 08:08:00
96,karaj,1578078.0,visa,success,2025-09-27 07:32:00
14,tehran,1578078.0,amex,success,2025-09-24 06:30:00
74,tabriz,1578078.0,visa,fail,2025-09-14 12:44:00
95,qom,100.5,discover,fail,2025-09-03 09:45:00
14,karaj,1427657.0,mastercard,success,2025-09-06 11:11:00
31,mashhad,5000.0,discover,fail,2025-09-01 19:51:00
29,tehran,583952.0,mastercard,success,2025-09-23 23:59:00
9,ahvaz,100.5,mastercard,success,2025-09-14 17:07:00
20,isfahan,976246.0,mastercard,fail,2025-09-08 10:48:00
100,tabriz,1463119.0,visa,fail,2025-09-19 04:04:00
58,tehran,583952.0,discover,success,2025-09-14 12:12:00
79,tehran,545116.0,visa,fail,2025-09-10 08:08:00
89,isfahan,914465.0,mastercard,fail,2025-09-17 13:10:00
57,qom,1578078.0,discover,fail,2025-09-29 13:13:00
16,karaj,205000.0,visa,fail,2025-09-06 08:08:00
8,mashhad,177050.0,visa,success,2025-09-25 13:10:00
67,tehran,100000.0,mastercard,success,2025-09-07 02:37:00
67,mashhad,99999.0,amex,success,2025-09-28 02:24:00
36,mashhad,976246.0,visa,success,2025-09-28 01:51:00
90,isfahan,471227.0,amex,fail,2025-09-01 06:30:00
60,tehran,1782689.0,mastercard,fail,2025-09-22 13:13:00
36,tehran,1883871.0,mastercard,fail,2025-09-05 02:20:00
11,tehran,100.5,visa,success,2025-09-09 09:45:00
51,ahvaz,1502601.0,visa,fail,2025-09-18 13:13:00
80,tabriz,1472823.0,discover,fail,2025-09-24 09:45:00
54,karaj,123456.0,amex,success,2025-09-21 13:13:00
42,tehran,343679.0,mastercard,success,2025-09-26 12:12:00
24,qom,419089.0,mastercard,fail,2025-09-11 14:55:00
17,tehran,452545.0,discover,fail,2025-09-27 09:09:00
48,tehran,1578078.0,visa,success,2025-09-28 04:15:00
87,tehran,100.5,visa,success,2025-09-26 04:15:00
70,qom,300000.0,discover,fail,2025-09-08 07:08:00
14,mashhad,333333.0,visa,fail,2025-09-18 02:30:00
11,karaj,1578078.0,mastercard,success,2025-09-28 08:08:00
12,tehran,1158713.0,mastercard,success,2025-09-11 18:00:00
5,tehran,1305967.0,amex,success,2025-09-15 19:51:00
20,tehran,850000.0,visa,fail,2025-09-28 11:11:00
54,tabriz,50200.0,mastercard,success,2025-09-18 19:19:00
58,tehran,419089.0,mastercard,success,2025-09-22 12:12:00
91,tehran,1463119.0,amex,fail,2025-09-26 21:23:00
98,karaj,250000.0,mastercard,success,2025-09-25 18:00:00
30,shiraz,123456.0,mastercard,success,2025-09-13 03:27:00
24,tehran,1782689.0,mastercard,success,2025-09-04 03:27:00
88,qom,100000.0,visa,success,2025-09-22 15:45:00
73,tehran,177050.0,visa,success,2025-09-07 13:10:00
3,tehran,419089.0,mastercard,fail,2025-09-29 19:19:00
48,tehran,1472823.0,mastercard,success,2025-09-11 13:10:00
71,tabriz,1463119.0,discover,success,2025-09-22 17:07:00
14,tehran,850000.0,mastercard,fail,2025-09-04 03:27:00
29,ahvaz,12345.0,visa,fail,2025-09-15 04:15:00
50,qom,50200.0,amex,fail,2025-09-01 02:24:00
99,tehran,443463.0,mastercard,success,2025-09-03 21:23:00
71,mashhad,555555.0,mastercard,success,2025-09-06 21:23:00
90,unknown,177050.0,discover,success,2025-09-18 10:48:00
79,mashhad,123456.0,discover,success,2025-09-01 13:13:00
9,tehran,1578078.0,visa,success,2025-09-21 15:45:00
71,karaj,250000.0,mastercard,fail,2025-09-16 14:00:00
80,tabriz,914282.0,discover,fail,2025-09-29 07:08:00
26,ahvaz,419089.0,visa,success,2025-09-05 02:24:00
100,ahvaz,1000.0,mastercard,fail,2025-09-17 04:04:00
81,tabriz,177050.0,mastercard,success,2025-09-10 06:06:00
88,shiraz,1463119.0,discover,fail,2025-09-28 08:08:00
8,tabriz,177050.0,amex,fail,2025-09-21 08:08:00
2,ahvaz,5000.0,discover,fail,2025-09-18 11:11:00
57,shiraz,99999.0,visa,success,2025-09-03 23:17:00
52,tabriz,1463119.0,amex,success,2025-09-13 12:34:00
58,tehran,333333.0,visa,success,2025-09-15 05:56:00
97,tehran,177050.0,visa,fail,2025-09-20 14:00:00
94,shiraz,585954.0,visa,fail,2025-09-19 20:20:00
8,shiraz,120000.0,mastercard,fail,2025-09-04 12:34:00
59,isfahan,1768588.0,visa,fail,2025-09-05 17:17:00
2,karaj,412308.0,mastercard,success,2025-09-01 16:40:00
62,tabriz,1158713.0,discover,success,2025-09-12 09:45:00
29,shiraz,100000.0,visa,success,2025-09-24 17:17:00
17,karaj,585954.0,discover,success,2025-09-10 00:00:00
74,tehran,343679.0,mastercard,success,2025-09-23 19:51:00
6,tehran,774681.0,mastercard,success,2025-09-21 21:23:00
99,mashhad,650000.0,mastercard,fail,2025-09-26 17:17:00
12,tehran,50200.0,visa,fail,2025-09-25 14:11:00
12,tehran,450000.0,visa,success,2025-09-13 03:27:00
63,qom,976246.0,visa,fail,2025-09-23 15:45:00
16,tehran,1387769.0,discover,fail,2025-09-14 21:10:00
25,tehran,100.5,visa,fail,2025-09-23 17:17:00
22,isfahan,976246.0,visa,fail,2025-09-05 09:00:00
92,tehran,99999.0,visa,fail,2025-09-04 13:10:00
89,shiraz,650000.0,discover,fail,2025-09-14 02:37:00
76,shiraz,1427657.0,discover,fail,2025-09-10 02:30:00
18,shiraz,1463119.0,mastercard,success,2025-09-17 14:30:00
45,qom,1578078.0,mastercard,success,2025-09-10 12:12:00
68,tehran,120000.0,visa,success,2025-09-07 10:48:00
12,tehran,452545.0,visa,fail,2025-09-16 17:17:00
49,tabriz,555555.0,amex,success,2025-09-01 21:10:00
33,tehran,1502601.0,amex,fail,2025-09-17 18:00:00
87,tehran,1463119.0,visa,fail,2025-09-21 02:30:00
63,karaj,976246.0,mastercard,success,2025-09-29 09:09:00
18,ahvaz,123456.0,discover,fail,2025-09-09 18:45:00
54,tehran,250000.0,discover,fail,2025-09-06 19:51:00
98,ahvaz,1158713.0,mastercard,success,2025-09-19 12:12:00
27,shiraz,300000.0,discover,success,2025-09-13 09:45:00
83,karaj,100.5,amex,success,2025-09-03 08:08:00
78,tehran,100000.0,discover,fail,2025-09-07 12:44:00
34,mashhad,1578078.0,mastercard,fail,2025-09-09 11:11:00
89,ahvaz,177050.0,discover,success,2025-09-22 05:56:00
60,isfahan,471227.0,mastercard,success,2025-09-05 02:20:00
54,tehran,1463119.0,discover,success,2025-09-10 20:33:00
36,tabriz,452545.0,mastercard,fail,2025-09-12 14:02:00
54,tehran,1782689.0,mastercard,success,2025-09-23 16:40:00
89,isfahan,585954.0,visa,fail,2025-09-16 21:23:00
36,tehran,583952.0,visa,success,2025-09-03 10:48:00
69,tehran,250000.0,unknown,success,2025-09-30 20:33:00
39,tehran,63489.0,mastercard,fail,2025-09-25 09:09:00
70,tehran,250000.0,mastercard,success,2025-09-22 02:54:00
4,tehran,471227.0,mastercard,fail,2025-09-09 09:09:00
65,ahvaz,50200.0,visa,success,2025-09-15 16:16:00
85,qom,1782689.0,amex,success,2025-09-05 14:11:00
40,tabriz,100.5,mastercard,fail,2025-09-23 07:08:00
37,tehran,976246.0,mastercard,fail,2025-09-13 21:10:00
67,mashhad,583952.0,visa,fail,2025-09-14 08:59:00
31,tehran,1502601.0,amex,fail,2025-09-20 11:11:00
81,tehran,419089.0,visa,fail,2025-09-16 07:08:00
88,isfahan,471227.0,mastercard,fail,2025-09-23 08:59:00
77,mashhad,1463119.0,mastercard,fail,2025-09-13 08:59:00
47,isfahan,585954.0,mastercard,success,2025-09-17 11:11:00
44,mashhad,914465.0,amex,fail,2025-09-06 17:17:00
3,karaj,1305967.0,visa,success,2025-09-18 05:56:00
49,tehran,100.5,amex,fail,2025-09-22 09:00:00
77,mashhad,900000.0,visa,success,2025-09-30 10:48:00
98,tabriz,583952.0,mastercard,success,2025-09-30 13:13:00
2,mashhad,100.5,mastercard,fail,2025-09-11 19:19:00
66,mashhad,412308.0,discover,success,2025-09-10 15:45:00
31,tabriz,1387769.0,mastercard,fail,2025-09-19 07:08:00
68,tehran,1782689.0,mastercard,success,2025-09-14 20:33:00
83,ahvaz,99999.0,visa,fail,2025-09-10 10:05:00
37,isfahan,343679.0,discover,success,2025-09-15 04:40:00
24,karaj,774681.0,mastercard,fail,2025-09-19 15:45:00
77,shiraz,100000.0,amex,fail,2025-09-04 17:17:00
41,tehran,583952.0,visa,success,2025-09-28 09:00:00
51,isfahan,300000.0,visa,fail,2025-09-14 21:23:00
42,mashhad,120000.0,discover,success,2025-09-07 19:51:00
78,karaj,100.5,mastercard,fail,2025-09-23 11:11:00
48,tehran,585954.0,visa,fail,2025-09-22 00:00:00
84,tehran,585954.0,mastercard,fail,2025-09-19 02:30:00
60,tehran,419089.0,mastercard,fail,2025-09-15 08:08:00
39,tehran,343679.0,visa,success,2025-09-30 17:07:00
5,ahvaz,200000.0,discover,fail,2025-09-28 11:11:00
6,tehran,177050.0,visa,fail,2025-09-08 01:01:00
14,tehran,1000.0,mastercard,fail,2025-09-11 02:37:00
70,mashhad,1387769.0,mastercard,success,2025-09-29 09:00:00
62,tehran,1768588.0,visa,fail,2025-09-01 22:27:00
27,tehran,471227.0,visa,fail,2025-09-30 11:11:00
91,tehran,1463119.0,mastercard,fail,2025-09-19 13:13:00
12,shiraz,555555.0,visa,fail,2025-09-03 10:48:00
8,shiraz,450000.0,amex,success,2025-09-10 14:55:00
74,tehran,1782689.0,visa,success,2025-09-08 21:10:00
16,unknown,99999.0,discover,fail,2025-09-15 10:48:00
52,isfahan,583952.0,discover,fail,2025-09-10 09:09:00
26,tehran,343679.0,amex,success,2025-09-01 18:00:00
8,tehran,1387769.0,amex,fail,2025-09-29 21:10:00
45,tehran,471227.0,unknown,success,2025-09-18 02:37:00
84,tabriz,471227.0,mastercard,fail,2025-09-19 14:11:00
81,tehran,1158713.0,mastercard,fail,2025-09-13 20:33:00
19,qom,333333.0,visa,fail,2025-09-22 02:54:00
17,isfahan,123456.0,discover,success,2025-09-01 07:08:00
65,karaj,914282.0,visa,fail,2025-09-02 11:11:00
29,karaj,1472823.0,amex,success,2025-09-29 11:11:00
14,tabriz,471227.0,mastercard,fail,2025-09-16 00:00:00
94,qom,914465.0,visa,fail,2025-09-16 05:56:00
99,tehran,471227.0,amex,success,2025-09-17 02:37:00
63,shiraz,1463119.0,visa,fail,2025-09-29 07:32:00
33,tehran,1578078.0,visa,success,2025-09-29 07:08:00
29,qom,99999.0,visa,fail,2025-09-07 16:40:00
37,shiraz,200000.0,visa,fail,2025-09-24 20:33:00
46,tehran,419089.0,mastercard,success,2025-09-17 07:08:00
24,tehran,545116.0,mastercard,success,2025-09-07 12:34:00
14,isfahan,419089.0,discover,success,2025-09-13 21:23:00
89,isfahan,1502601.0,visa,fail,2025-09-17 13:13:00
99,shiraz,1463119.0,discover,fail,2025-09-03 06:06:00
96,shiraz,1502601.0,unknown,success,2025-09-07 02:24:00
30,tehran,100.5,visa,fail,2025-09-26 14:55:00
60,mashhad,450000.0,visa,success,2025-09-17 07:08:00
73,isfahan,976246.0,mastercard,success,2025-09-07 12:12:00
92,shiraz,5000.0,visa,fail,2025-09-21 02:30:00
28,qom,1472823.0,mastercard,fail,2025-09-01 07:07:00
26,shiraz,1782689.0,visa,success,2025-09-17 19:51:00
18,shiraz,1578078.0,amex,success,2025-09-30 02:30:00
36,tabriz,914282.0,discover,fail,2025-09-17 03:27:00
84,tabriz,471227.0,discover,fail,2025-09-27 07:08:00
58,karaj,1000.0,visa,fail,2025-09-29 14:02:00
32,qom,976246.0,visa,success,2025-09-03 11:11:00
94,tabriz,200000.0,amex,fail,2025-09-15 09:00:00
82,tehran,1782689.0,mastercard,success,2025-09-11 12:12:00
71,tabriz,1158713.0,visa,success,2025-09-26 09:45:00
93,isfahan,419089.0,visa,fail,2025-09-16 23:59:00
33,tehran,1782689.0,visa,success,2025-09-25 19:40:00
50,mashhad,443463.0,visa,success,2025-09-22 13:10:00
4,tehran,1502601.0,discover,fail,2025-09-28 08:08:00
84,tehran,63489.0,discover,success,2025-09-09 21:21:00
96,tehran,914282.0,discover,fail,2025-09-24 14:00:00
3,tehran,976246.0,mastercard,fail,2025-09-29 00:00:00
6,mashhad,471227.0,mastercard,success,2025-09-25 23:59:00
45,tehran,452545.0,mastercard,success,2025-09-22 17:17:00
23,shiraz,50200.0,amex,fail,2025-09-16 23:17:00
7,shiraz,471227.0,mastercard,fail,2025-09-09 08:59:00
61,shiraz,585954.0,mastercard,success,2025-09-19 01:01:00
65,tehran,1782689.0,mastercard,fail,2025-09-12 00:00:00
6,mashhad,443463.0,discover,fail,2025-09-19 16:40:00
24,tehran,205000.0,discover,fail,2025-09-22 14:02:00
37,tabriz,774681.0,mastercard,success,2025-09-09 20:20:00
51,shiraz,583952.0,amex,fail,2025-09-14 02:37:00
89,unknown,100.5,unknown,fail,2025-09-29 14:02:00
63,isfahan,100.5,visa,fail,2025-09-19 17:17:00
29,karaj,900000.0,mastercard,success,2025-09-02 09:09:00
25,tehran,250000.0,unknown,fail,2025-09-13 02:30:00
10,isfahan,452545.0,amex,fail,2025-09-15 16:16:00
35,isfahan,555555.0,discover,fail,2025-09-03 21:23:00
55,tehran,583952.0,visa,fail,2025-09-11 21:23:00
25,mashhad,471227.0,amex,fail,2025-09-21 14:02:00
97,tehran,914465.0,amex,fail,2025-09-25 19:40:00
12,karaj,200000.0,visa,fail,2025-09-08 19:51:00
4,tabriz,976246.0,visa,fail,2025-09-18 03:27:00
91,tehran,976246.0,visa,success,2025-09-19 03:27:00
67,tehran,1578078.0,discover,fail,2025-09-16 14:00:00
73,isfahan,177050.0,visa,success,2025-09-08 19:29:00
94,tabriz,419089.0,visa,fail,2025-09-22 12:12:00
65,tehran,200000.0,visa,success,2025-09-06 02:24:00
82,isfahan,419089.0,amex,success,2025-09-12 12:34:00
84,isfahan,250000.0,mastercard,fail,2025-09-25 14:55:00
57,tehran,450000.0,mastercard,fail,2025-09-08 08:08:00
99,isfahan,850000.0,mastercard,success,2025-09-04 14:11:00
28,tehran,419089.0,mastercard,success,2025-09-15 03:00:00
100,tehran,545116.0,mastercard,success,2025-09-28 18:45:00
16,karaj,177050.0,discover,success,2025-09-20 09:45:00
21,qom,443463.0,mastercard,fail,2025-09-25 14:11:00
77,tehran,1578078.0,mastercard,success,2025-09-17 00:00:00
100,karaj,12345.0,discover,success,2025-09-13 19:19:00
42,tehran,585954.0,visa,success,2025-09-18 21:10:00
38,shiraz,100.5,discover,success,2025-09-13 02:54:00
70,tehran,650000.0,mastercard,success,2025-09-22 09:00:00
38,qom,1463119.0,mastercard,success,2025-09-15 04:15:00
54,tehran,1387769.0,unknown,success,2025-09-20 17:07:00
60,karaj,200000.0,amex,success,2025-09-29 08:08:00
77,shiraz,1578078.0,mastercard,success,2025-09-27 11:11:00
77,ahvaz,412308.0,discover,fail,2025-09-10 04:15:00
12,tabriz,1463119.0,mastercard,success,2025-09-03 14:11:00
53,tehran,583952.0,mastercard,success,2025-09-19 05:56:00
33,tehran,583952.0,discover,success,2025-09-03 02:30:00
28,tehran,1472823.0,mastercard,fail,2025-09-22 21:23:00
3,tabriz,774681.0,mastercard,fail,2025-09-14 16:40:00
82,shiraz,5000.0,visa,fail,2025-09-08 04:04:00
54,shiraz,1463119.0,discover,fail,2025-09-23 02:37:00
40,qom,976246.0,mastercard,fail,2025-09-30 06:06:00
66,mashhad,177050.0,mastercard,fail,2025-09-04 19:51:00
68,isfahan,5000.0,mastercard,success,2025-09-27 03:27:00
90,tehran,1463119.0,discover,success,2025-09-11 13:10:00
91,mashhad,1387769.0,amex,fail,2025-09-26 02:37:00
95,tehran,583952.0,visa,fail,2025-09-02 03:27:00
21,isfahan,205000.0,unknown,fail,2025-09-30 10:48:00
44,tabriz,976246.0,mastercard,fail,2025-09-17 14:11:00
98,ahvaz,1578078.0,discover,fail,2025-09-28 02:54:00
2,qom,545116.0,amex,success,2025-09-28 04:40:00
59,tehran,412308.0,mastercard,fail,2025-09-29 02:24:00
87,mashhad,333333.0,visa,fail,2025-09-24 08:59:00
99,tabriz,419089.0,mastercard,fail,2025-09-15 05:56:00
16,mashhad,177050.0,mastercard,fail,2025-09-16 10:48:00
20,tehran,583952.0,visa,success,2025-09-25 18:12:00
26,tabriz,123456.0,mastercard,fail,2025-09-04 07:08:00
16,shiraz,452545.0,visa,fail,2025-09-08 19:40:00
70,karaj,123456.0,visa,success,2025-09-09 11:11:00
23,tabriz,1158713.0,discover,fail,2025-09-26 21:21:00
37,tabriz,1387769.0,visa,fail,2025-09-05 21:21:00
72,tehran,583952.0,visa,fail,2025-09-16 00:00:00
6,karaj,555555.0,mastercard,fail,2025-09-13 22:27:00
37,karaj,976246.0,visa,fail,2025-09-30 02:30:00
22,tehran,1578078.0,visa,success,2025-09-07 13:13:00
6,tehran,914282.0,amex,success,2025-09-26 14:11:00
38,tehran,1472823.0,visa,success,2025-09-03 18:00:00
37,mashhad,177050.0,amex,fail,2025-09-19 02:30:00
23,tehran,419089.0,amex,success,2025-09-12 20:20:00
61,karaj,200000.0,discover,success,2025-09-27 02:37:00
49,mashhad,471227.0,discover,success,2025-09-07 18:12:00
61,tehran,976246.0,visa,success,2025-09-28 05:56:00
77,tehran,471227.0,discover,success,2025-09-09 21:23:00
63,tehran,200000.0,amex,fail,2025-09-29 14:11:00
22,isfahan,419089.0,visa,fail,2025-09-17 15:45:00
85,tabriz,1578078.0,visa,success,2025-09-16 03:00:00
6,tabriz,976246.0,mastercard,success,2025-09-23 21:10:00
16,tehran,1578078.0,mastercard,success,2025-09-26 19:51:00
3,tehran,1782689.0,mastercard,success,2025-09-04 04:15:00
9,mashhad,343679.0,discover,success,2025-09-10 07:08:00
47,shiraz,63489.0,discover,success,2025-09-05 12:34:00
85,tehran,343679.0,mastercard,success,2025-09-21 04:40:00
95,tabriz,200000.0,visa,success,2025-09-30 09:00:00
42,tehran,555555.0,mastercard,fail,2025-09-10 12:12:00
42,tehran,200000.0,visa,fail,2025-09-12 04:15:00
97,mashhad,1768588.0,visa,fail,2025-09-10 04:40:00
23,mashhad,976246.0,discover,fail,2025-09-29 09:00:00
1,isfahan,100000.0,discover,fail,2025-09-11 06:06:00
67,karaj,1883871.0,discover,success,2025-09-22 14:00:00
71,isfahan,1158713.0,visa,fail,2025-09-16 22:27:00
3,tabriz,850000.0,visa,fail,2025-09-08 17:07:00
49,ahvaz,300000.0,discover,success,2025-09-08 01:51:00
67,tehran,1387769.0,discover,fail,2025-09-27 21:23:00
55,ahvaz,914282.0,visa,fail,2025-09-25 18:00:00
4,karaj,12345.0,visa,success,2025-09-08 08:59:00
31,tehran,5000.0,visa,fail,2025-09-13 16:16:00
66,ahvaz,471227.0,visa,success,2025-09-27 10:48:00
78,tehran,177050.0,amex,success,2025-09-02 03:27:00
64,karaj,419089.0,visa,fail,2025-09-30 18:45:00
31,shiraz,555555.0,visa,fail,2025-09-30 21:23:00
63,karaj,976246.0,visa,success,2025-09-12 14:11:00
66,tehran,976246.0,mastercard,success,2025-09-10 02:37:00
31,karaj,1768588.0,mastercard,fail,2025-09-12 04:04:00
47,ahvaz,914465.0,visa,success,2025-09-11 07:08:00
22,tabriz,177050.0,visa,success,2025-09-15 23:59:00
74,tehran,1472823.0,mastercard,success,2025-09-16 00:00:00
98,tehran,419089.0,visa,success,2025-09-26 08:08:00
83,ahvaz,976246.0,mastercard,success,2025-09-02 14:55:00
46,isfahan,177050.0,visa,fail,2025-09-18 04:15:00
90,tehran,443463.0,mastercard,success,2025-09-12 21:23:00
58,tabriz,12345.0,mastercard,fail,2025-09-19 12:34:00
61,tehran,1578078.0,visa,success,2025-09-26 05:56:00
1,qom,1463119.0,visa,fail,2025-09-18 01:51:00
81,karaj,177050.0,discover,success,2025-09-06 19:19:00
14,isfahan,1000.0,mastercard,fail,2025-09-25 07:32:00
45,shiraz,12345.0,mastercard,success,2025-09-15 03:27:00
77,isfahan,100.5,visa,fail,2025-09-03 02:20:00
39,shiraz,63489.0,amex,success,2025-09-06 17:17:00
97,tehran,250000.0,mastercard,fail,2025-09-29 03:00:00
58,mashhad,471227.0,visa,success,2025-09-01 17:07:00
56,tabriz,900000.0,mastercard,fail,2025-09-30 14:02:00
6,qom,650000.0,mastercard,success,2025-09-13 19:19:00
82,tabriz,914465.0,visa,fail,2025-09-26 08:59:00
50,tehran,419089.0,mastercard,success,2025-09-14 11:11:00
38,ahvaz,177050.0,mastercard,fail,2025-09-13 14:11:00
3,tabriz,914465.0,amex,fail,2025-09-27 09:09:00
24,mashhad,850000.0,visa,success,2025-09-07 02:30:00
54,tehran,583952.0,visa,success,2025-09-22 14:00:00
34,tehran,419089.0,amex,fail,2025-09-10 08:08:00
39,tehran,914282.0,mastercard,success,2025-09-07 07:32:00
89,qom,1782689.0,discover,fail,2025-09-21 04:40:00
48,karaj,1463119.0,discover,fail,2025-09-15 00:00:00
49,karaj,585954.0,mastercard,success,2025-09-04 07:08:00
34,tabriz,471227.0,amex,success,2025-09-23 12:12:00
7,tabriz,12345.0,mastercard,fail,2025-09-06 00:00:00
18,tehran,555555.0,discover,success,2025-09-24 21:21:00
70,isfahan,583952.0,mastercard,success,2025-09-20 13:13:00
93,ahvaz,450000.0,mastercard,fail,2025-09-26 19:51:00
34,mashhad,452545.0,mastercard,success,2025-09-05 02:37:00
51,isfahan,471227.0,amex,fail,2025-09-20 06:30:00
94,isfahan,1578078.0,visa,fail,2025-09-12 02:54:00
14,tabriz,1000.0,mastercard,success,2025-09-28 01:01:00
69,shiraz,200000.0,amex,success,2025-09-08 12:12:00
90,tehran,1050805.0,visa,fail,2025-09-01 00:00:00
8,ahvaz,1578078.0,mastercard,fail,2025-09-05 19:19:00
15,tehran,1387769.0,discover,fail,2025-09-22 07:08:00
83,shiraz,914282.0,visa,success,2025-09-06 12:12:00
59,mashhad,1463119.0,discover,fail,2025-09-29 13:10:00
11,ahvaz,1427657.0,amex,fail,2025-09-21 06:30:00
20,karaj,300000.0,visa,fail,2025-09-03 14:11:00
55,tabriz,205000.0,visa,success,2025-09-15 20:33:00
36,karaj,120000.0,visa,success,2025-09-05 19:40:00
82,tehran,452545.0,discover,fail,2025-09-28 14:30:00
14,tehran,1782689.0,visa,fail,2025-09-24 02:30:00
38,tehran,177050.0,discover,fail,2025-09-18 12:34:00
90,tabriz,914282.0,mastercard,success,2025-09-16 02:24:00
80,tehran,452545.0,visa,fail,2025-09-06 22:27:00
82,mashhad,300000.0,visa,fail,2025-09-25 14:30:00
65,tabriz,900000.0,discover,fail,2025-09-14 01:51:00
85,isfahan,177050.0,visa,success,2025-09-24 02:37:00
60,isfahan,1387769.0,discover,success,2025-09-08 11:11:00
25,qom,5000.0,mastercard,success,2025-09-29 12:34:00
92,qom,1768588.0,visa,success,2025-09-07 20:20:00
50,tehran,914282.0,discover,success,2025-09-13 21:23:00
12,tehran,177050.0,mastercard,success,2025-09-06 23:59:00
93,tehran,1463119.0,discover,success,2025-09-18 07:08:00
33,ahvaz,177050.0,mastercard,fail,2025-09-08 18:45:00
42,isfahan,200000.0,discover,success,2025-09-22 14:55:00
50,shiraz,1387769.0,visa,fail,2025-09-29 15:45:00
61,tehran,100.5,visa,fail,2025-09-06 10:48:00
41,ahvaz,1883871.0,mastercard,fail,2025-09-16 07:08:00
2,tehran,343679.0,mastercard,success,2025-09-20 07:32:00
100,shiraz,1305967.0,visa,success,2025-09-12 14:30:00
99,tehran,63489.0,amex,success,2025-09-11 07:08:00
70,mashhad,1387769.0,visa,success,2025-09-29 19:40:00
31,tehran,914465.0,discover,fail,2025-09-27 07:32:00
23,karaj,12345.0,mastercard,success,2025-09-29 16:16:00
54,isfahan,412308.0,visa,fail,2025-09-03 13:13:00
28,tehran,1427657.0,visa,success,2025-09-13 18:45:00
79,tehran,1578078.0,mastercard,success,2025-09-27 08:59:00
19,tehran,976246.0,discover,fail,2025-09-03 21:23:00
76,tabriz,205000.0,amex,success,2025-09-15 17:17:00
48,karaj,1472823.0,visa,success,2025-09-16 02:37:00
2,tehran,900000.0,visa,success,2025-09-29 17:17:00
11,qom,177050.0,discover,success,2025-09-13 22:27:00
59,karaj,123456.0,mastercard,fail,2025-09-03 13:13:00
38,karaj,914282.0,mastercard,fail,2025-09-11 03:27:00
25,tabriz,850000.0,discover,success,2025-09-27 17:07:00
21,tehran,471227.0,discover,fail,2025-09-21 13:10:00
36,mashhad,177050.0,mastercard,fail,2025-09-22 23:17:00
9,shiraz,1427657.0,discover,fail,2025-09-11 12:44:00
12,tehran,900000.0,visa,success,2025-09-30 02:20:00
10,tehran,583952.0,mastercard,fail,2025-09-28 22:27:00
59,isfahan,419089.0,mastercard,success,2025-09-16 10:48:00
5,tabriz,99999.0,discover,success,2025-09-21 01:01:00
69,isfahan,412308.0,discover,fail,2025-09-22 21:10:00
63,ahvaz,200000.0,discover,fail,2025-09-14 14:11:00
29,tehran,200000.0,visa,success,2025-09-24 02:30:00
18,tehran,120000.0,visa,fail,2025-09-18 02:37:00
94,ahvaz,200000.0,mastercard,success,2025-09-17 19:19:00
53,tehran,1427657.0,mastercard,success,2025-09-23 16:40:00
82,tabriz,976246.0,unknown,success,2025-09-15 20:20:00
32,isfahan,471227.0,mastercard,fail,2025-09-11 01:51:00
42,tehran,205000.0,mastercard,success,2025-09-26 03:27:00
31,mashhad,177050.0,amex,success,2025-09-03 21:23:00
62,shiraz,1472823.0,visa,success,2025-09-16 14:30:00
56,tehran,443463.0,discover,fail,2025-09-05 11:11:00
11,tehran,1000.0,mastercard,success,2025-09-21 03:27:00
26,isfahan,583952.0,unknown,success,2025-09-29 07:08:00
27,ahvaz,343679.0,mastercard,fail,2025-09-19 00:00:00
57,tabriz,250000.0,discover,fail,2025-09-04 19:51:00
27,tehran,1768588.0,mastercard,fail,2025-09-29 20:20:00
59,tehran,850000.0,visa,success,2025-09-29 18:45:00
62,karaj,452545.0,mastercard,fail,2025-09-19 19:40:00
3,tabriz,300000.0,amex,fail,2025-09-02 06:30:00
94,tehran,650000.0,mastercard,fail,2025-09-11 21:23:00
79,tehran,343679.0,visa,success,2025-09-25 02:20:00
30,mashhad,1387769.0,mastercard,fail,2025-09-20 21:23:00
40,tehran,976246.0,mastercard,success,2025-09-16 09:45:00
65,qom,419089.0,amex,success,2025-09-19 04:04:00
29,tabriz,100.5,visa,fail,2025-09-23 08:08:00
30,tehran,99999.0,discover,fail,2025-09-24 14:11:00
32,tabriz,1387769.0,mastercard,fail,2025-09-11 19:19:00
10,tehran,250000.0,amex,fail,2025-09-14 18:45:00
92,tehran,976246.0,amex,success,2025-09-02 19:29:00
51,shiraz,177050.0,mastercard,success,2025-09-23 19:51:00
8,isfahan,177050.0,mastercard,fail,2025-09-28 07:07:00
51,tehran,100000.0,unknown,success,2025-09-05 03:27:00
35,shiraz,343679.0,amex,fail,2025-09-19 03:27:00
56,tabriz,914282.0,discover,success,2025-09-12 11:11:00
36,isfahan,1578078.0,visa,success,2025-09-18 02:54:00
90,mashhad,419089.0,visa,fail,2025-09-04 11:11:00
84,tabriz,443463.0,amex,success,2025-09-22 21:23:00
61,karaj,1502601.0,discover,success,2025-09-17 02:37:00
62,tehran,585954.0,visa,fail,2025-09-10 19:51:00
88,mashhad,1050805.0,mastercard,fail,2025-09-06 14:11:00
25,tabriz,100.5,mastercard,fail,2025-09-25 14:55:00
64,mashhad,419089.0,discover,fail,2025-09-14 19:51:00
60,karaj,1578078.0,visa,success,2025-09-11 02:37:00
57,mashhad,976246.0,visa,fail,2025-09-11 23:17:00
70,tehran,976246.0,visa,fail,2025-09-18 10:48:00
100,ahvaz,1050805.0,mastercard,success,2025-09-27 14:55:00
56,tehran,120000.0,visa,fail,2025-09-22 10:48:00
68,isfahan,120000.0,amex,success,2025-09-24 19:51:00
20,qom,914465.0,visa,fail,2025-09-23 02:37:00
54,mashhad,976246.0,mastercard,fail,2025-09-11 12:12:00
1,tehran,471227.0,amex,fail,2025-09-21 14:11:00
91,mashhad,200000.0,visa,fail,2025-09-12 19:51:00
99,tehran,914282.0,visa,success,2025-09-05 07:32:00
10,qom,1578078.0,amex,success,2025-09-23 03:00:00
23,shiraz,1502601.0,discover,success,2025-09-09 02:20:00
51,ahvaz,100000.0,unknown,fail,2025-09-27 00:00:00
24,tehran,177050.0,amex,success,2025-09-25 21:21:00
58,mashhad,200000.0,mastercard,success,2025-09-10 23:17:00
92,tehran,300000.0,mastercard,success,2025-09-22 22:27:00
10,tabriz,419089.0,visa,fail,2025-09-07 14:30:00
74,tabriz,200000.0,amex,fail,2025-09-01 06:30:00
89,isfahan,200000.0,unknown,fail,2025-09-15 23:59:00
98,tehran,120000.0,visa,fail,2025-09-08 21:21:00
14,tehran,12345.0,visa,success,2025-09-12 14:00:00
100,isfahan,545116.0,visa,success,2025-09-22 21:21:00
17,tabriz,120000.0,mastercard,success,2025-09-18 12:44:00
58,karaj,1158713.0,amex,fail,2025-09-14 13:10:00
79,isfahan,1782689.0,mastercard,fail,2025-09-14 01:51:00
38,tehran,545116.0,visa,success,2025-09-18 15:45:00
26,karaj,1387769.0,amex,fail,2025-09-16 07:08:00
64,tehran,1000.0,mastercard,success,2025-09-01 04:40:00
30,tehran,419089.0,visa,success,2025-09-23 08:59:00
9,tehran,1472823.0,discover,success,2025-09-27 04:04:00
34,tehran,1578078.0,discover,fail,2025-09-08 12:34:00
19,isfahan,343679.0,discover,fail,2025-09-20 02:54:00
54,tehran,914282.0,mastercard,success,2025-09-30 17:17:00
82,qom,120000.0,amex,success,2025-09-06 06:30:00
4,qom,200000.0,discover,fail,2025-09-26 21:23:00
43,unknown,1463119.0,mastercard,fail,2025-09-30 23:59:00
27,tehran,1502601.0,mastercard,fail,2025-09-13 02:24:00
51,shiraz,419089.0,discover,fail,2025-09-13 00:00:00
5,mashhad,1578078.0,visa,success,2025-09-02 21:23:00
6,tabriz,850000.0,mastercard,fail,2025-09-05 23:59:00
88,shiraz,976246.0,mastercard,fail,2025-09-06 23:17:00
56,tehran,12345.0,mastercard,fail,2025-09-02 11:11:00
90,tehran,1463119.0,mastercard,fail,2025-09-04 18:00:00
68,qom,177050.0,mastercard,success,2025-09-22 14:00:00
97,tabriz,583952.0,mastercard,fail,2025-09-26 12:12:00
44,mashhad,1578078.0,amex,fail,2025-09-11 02:30:00
15,isfahan,1782689.0,visa,success,2025-09-08 21:23:00
11,shiraz,250000.0,mastercard,fail,2025-09-11 23:59:00
11,tehran,177050.0,visa,fail,2025-09-20 03:27:00
27,isfahan,1578078.0,mastercard,fail,2025-09-29 12:12:00
91,qom,63489.0,mastercard,success,2025-09-26 02:30:00
72,tehran,1578078.0,mastercard,fail,2025-09-30 21:23:00
21,tabriz,205000.0,visa,success,2025-09-17 10:48:00
21,tabriz,99999.0,discover,fail,2025-09-20 12:12:00
72,karaj,471227.0,discover,success,2025-09-20 08:08:00
58,tabriz,300000.0,visa,fail,2025-09-16 14:02:00
13,tehran,914465.0,mastercard,success,2025-09-14 03:00:00
73,tabriz,545116.0,mastercard,success,2025-09-30 14:11:00
93,tehran,443463.0,visa,fail,2025-09-11 11:11:00
6,tabriz,976246.0,visa,fail,2025-09-07 09:09:00
58,mashhad,100.5,mastercard,fail,2025-09-13 12:34:00
73,qom,443463.0,mastercard,fail,2025-09-15 02:30:00
12,isfahan,1502601.0,mastercard,fail,2025-09-24 05:56:00
76,isfahan,555555.0,mastercard,fail,2025-09-21 19:51:00
70,tehran,585954.0,mastercard,fail,2025-09-23 17:17:00
73,tabriz,850000.0,amex,fail,2025-09-24 07:32:00
52,tehran,1578078.0,visa,fail,2025-09-09 14:11:00
37,isfahan,1502601.0,mastercard,fail,2025-09-03 19:29:00
47,tehran,100.5,visa,fail,2025-09-17 07:32:00
41,tabriz,914282.0,mastercard,success,2025-09-15 04:04:00
64,shiraz,443463.0,visa,success,2025-09-23 12:44:00
42,tehran,1578078.0,mastercard,fail,2025-09-25 02:24:00
43,karaj,300000.0,discover,fail,2025-09-08 04:15:00
9,tehran,850000.0,visa,success,2025-09-15 07:07:00
97,mashhad,1502601.0,mastercard,success,2025-09-14 04:15:00
2,unknown,200000.0,visa,fail,2025-09-28 23:59:00
85,tehran,1463119.0,discover,fail,2025-09-21 07:08:00
65,tabriz,177050.0,mastercard,success,2025-09-17 17:17:00
46,isfahan,1158713.0,mastercard,success,2025-09-17 10:05:00
59,tabriz,650000.0,visa,success,2025-09-10 14:02:00
75,tehran,343679.0,mastercard,success,2025-09-30 19:40:00
7,tabriz,99999.0,amex,fail,2025-09-29 16:40:00
66,karaj,100.5,visa,fail,2025-09-19 09:00:00
15,unknown,1578078.0,amex,success,2025-09-14 07:07:00
72,karaj,123456.0,visa,fail,2025-09-11 14:55:00
91,karaj,1000.0,discover,fail,2025-09-18 18:12:00
40,mashhad,1472823.0,visa,fail,2025-09-07 11:11:00
51,tehran,1768588.0,mastercard,fail,2025-09-26 02:24:00
35,shiraz,1427657.0,mastercard,fail,2025-09-02 09:00:00
41,ahvaz,1578078.0,amex,fail,2025-09-27 17:17:00
85,ahvaz,583952.0,visa,success,2025-09-20 09:09:00
38,tehran,900000.0,mastercard,fail,2025-09-06 22:27:00
72,isfahan,443463.0,visa,fail,2025-09-24 16:40:00
97,mashhad,300000.0,mastercard,success,2025-09-10 14:30:00
88,karaj,1463119.0,mastercard,fail,2025-09-20 19:51:00
4,tehran,471227.0,amex,fail,2025-09-03 09:00:00
48,tehran,774681.0,amex,fail,2025-09-05 02:30:00
52,tehran,343679.0,visa,success,2025-09-30 10:48:00
38,tabriz,12345.0,mastercard,success,2025-09-25 02:20:00
95,mashhad,100.5,discover,fail,2025-09-08 05:23:00
5,tehran,200000.0,visa,success,2025-09-08 17:07:00
85,shiraz,300000.0,discover,success,2025-09-12 07:08:00
70,tehran,452545.0,mastercard,fail,2025-09-24 18:45:00
81,tehran,333333.0,visa,fail,2025-09-23 06:06:00
90,tehran,1578078.0,visa,success,2025-09-08 19:40:00
24,tehran,419089.0,visa,success,2025-09-11 23:59:00
99,tabriz,583952.0,visa,fail,2025-09-24 22:27:00
91,ahvaz,1768588.0,mastercard,success,2025-09-28 09:00:00
83,shiraz,914465.0,visa,success,2025-09-10 12:12:00
26,qom,1502601.0,mastercard,fail,2025-09-07 19:40:00
3,karaj,450000.0,visa,fail,2025-09-28 06:30:00
93,tabriz,177050.0,mastercard,success,2025-09-04 16:40:00
22,tehran,1050805.0,visa,fail,2025-09-13 20:20:00
71,qom,1427657.0,discover,fail,2025-09-04 02:30:00
4,shiraz,123456.0,mastercard,fail,2025-09-05 14:55:00
38,tehran,471227.0,visa,fail,2025-09-26 03:27:00
84,mashhad,471227.0,visa,fail,2025-09-22 04:40:00
73,tehran,1502601.0,mastercard,success,2025-09-18 14:00:00
52,qom,333333.0,mastercard,success,2025-09-06 21:10:00
31,tabriz,100000.0,mastercard,success,2025-09-24 19:40:00
36,tehran,1000.0,visa,success,2025-09-23 13:13:00
26,tabriz,12345.0,discover,fail,2025-09-22 04:04:00
28,tabriz,914465.0,visa,success,2025-09-02 09:09:00
5,tabriz,976246.0,visa,fail,2025-09-23 14:30:00
74,tehran,123456.0,mastercard,success,2025-09-11 18:45:00
18,karaj,450000.0,amex,fail,2025-09-28 01:01:00
98,tehran,200000.0,visa,success,2025-09-05 19:51:00
5,tehran,850000.0,mastercard,fail,2025-09-06 09:09:00
37,tehran,177050.0,visa,success,2025-09-10 18:00:00
87,karaj,471227.0,unknown,fail,2025-09-08 15:45:00
87,karaj,1000.0,mastercard,fail,2025-09-14 16:16:00
15,tehran,63489.0,mastercard,success,2025-09-12 02:37:00
17,qom,12345.0,amex,fail,2025-09-16 21:10:00
51,karaj,914282.0,mastercard,fail,2025-09-28 10:48:00
63,tabriz,1000.0,mastercard,fail,2025-09-23 22:27:00
59,tehran,200000.0,visa,fail,2025-09-01 09:00:00
87,ahvaz,177050.0,visa,success,2025-09-23 21:21:00
69,ahvaz,583952.0,amex,fail,2025-09-10 11:11:00
68,ahvaz,100.5,visa,success,2025-09-02 11:11:00
7,qom,583952.0,visa,success,2025-09-09 14:11:00
90,karaj,1768588.0,amex,success,2025-09-22 01:51:00
40,tehran,850000.0,visa,fail,2025-09-13 14:02:00
40,tehran,1883871.0,visa,success,2025-09-25 10:48:00
43,ahvaz,120000.0,unknown,success,2025-09-16 20:20:00
73,tehran,914465.0,amex,success,2025-09-18 09:09:00
83,isfahan,343679.0,amex,success,2025-09-19 03:00:00
51,tabriz,1387769.0,visa,fail,2025-09-12 12:12:00
73,tehran,1305967.0,mastercard,fail,2025-09-08 00:00:00
23,tehran,585954.0,mastercard,fail,2025-09-17 12:12:00
17,ahvaz,343679.0,discover,fail,2025-09-15 00:00:00
58,tehran,333333.0,visa,success,2025-09-23 14:55:00
87,karaj,250000.0,visa,fail,2025-09-07 20:33:00
30,unknown,1050805.0,visa,fail,2025-09-17 03:27:00
64,tehran,471227.0,discover,success,2025-09-09 02:37:00
53,tehran,5000.0,discover,fail,2025-09-08 13:13:00
51,isfahan,555555.0,mastercard,success,2025-09-20 06:30:00
37,mashhad,200000.0,mastercard,success,2025-09-26 02:37:00
91,tehran,100.5,visa,fail,2025-09-27 16:40:00
6,tehran,976246.0,mastercard,success,2025-09-21 08:08:00
56,tehran,12345.0,visa,fail,2025-09-13 07:07:00
97,mashhad,583952.0,discover,success,2025-09-16 12:34:00
25,tehran,900000.0,visa,success,2025-09-09 11:11:00
66,tehran,300000.0,visa,fail,2025-09-06 12:44:00
75,karaj,1463119.0,amex,fail,2025-09-28 02:54:00
11,ahvaz,99999.0,visa,fail,2025-09-07 06:30:00
89,karaj,333333.0,mastercard,success,2025-09-25 04:15:00
78,shiraz,585954.0,visa,fail,2025-09-03 03:27:00
100,tabriz,583952.0,amex,success,2025-09-16 17:17:00
85,karaj,177050.0,discover,fail,2025-09-23 06:30:00
69,karaj,976246.0,discover,success,2025-09-07 17:07:00
2,mashhad,585954.0,visa,fail,2025-09-04 03:00:00
40,tehran,120000.0,mastercard,success,2025-09-27 04:40:00
37,tabriz,585954.0,amex,success,2025-09-25 08:08:00
49,karaj,976246.0,amex,fail,2025-09-30 10:05:00
99,mashhad,583952.0,visa,fail,2025-09-08 09:45:00
75,isfahan,205000.0,mastercard,success,2025-09-13 14:02:00
36,tabriz,177050.0,visa,success,2025-09-13 12:12:00
75,shiraz,100000.0,amex,success,2025-09-17 06:30:00
73,tehran,583952.0,unknown,success,2025-09-17 12:44:00
34,tehran,452545.0,mastercard,fail,2025-09-06 10:05:00
58,mashhad,450000.0,visa,success,2025-09-19 06:30:00
37,tabriz,1463119.0,discover,success,2025-09-13 14:11:00
97,mashhad,1387769.0,visa,fail,2025-09-25 23:59:00
60,shiraz,850000.0,mastercard,fail,2025-09-28 19:19:00
32,ahvaz,914282.0,mastercard,success,2025-09-14 18:12:00
33,tehran,850000.0,discover,fail,2025-09-28 19:19:00
43,tehran,976246.0,visa,fail,2025-09-07 14:02:00
99,karaj,774681.0,mastercard,success,2025-09-25 04:04:00
51,qom,200000.0,discover,fail,2025-09-13 03:27:00
95,tehran,1158713.0,discover,fail,2025-09-27 05:56:00
20,isfahan,443463.0,mastercard,success,2025-09-06 16:40:00
23,tehran,471227.0,mastercard,fail,2025-09-24 19:51:00
44,isfahan,1463119.0,visa,success,2025-09-21 03:00:00
35,karaj,100.5,mastercard,success,2025-09-30 18:12:00
23,shiraz,555555.0,mastercard,success,2025-09-03 06:30:00
58,tabriz,333333.0,mastercard,fail,2025-09-28 12:34:00
48,tabriz,585954.0,mastercard,success,2025-09-03 04:15:00
88,isfahan,99999.0,amex,success,2025-09-13 19:29:00
57,tehran,471227.0,mastercard,success,2025-09-02 03:27:00
88,tehran,471227.0,mastercard,fail,2025-09-16 09:45:00
39,tehran,1000.0,mastercard,fail,2025-09-22 14:11:00
28,shiraz,774681.0,amex,success,2025-09-29 21:23:00
64,karaj,914282.0,mastercard,fail,2025-09-06 08:08:00
95,qom,585954.0,unknown,fail,2025-09-30 19:40:00
85,isfahan,1782689.0,visa,fail,2025-09-25 10:48:00
89,karaj,200000.0,visa,fail,2025-09-06 07:32:00
51,qom,1050805.0,discover,success,2025-09-10 03:27:00
26,tehran,1427657.0,amex,fail,2025-09-12 14:00:00
33,karaj,900000.0,discover,success,2025-09-17 22:27:00
68,shiraz,12345.0,mastercard,success,2025-09-27 00:00:00
8,tehran,1387769.0,visa,success,2025-09-05 14:11:00
66,isfahan,63489.0,discover,success,2025-09-30 14:30:00
94,mashhad,50200.0,visa,success,2025-09-20 20:33:00
70,tabriz,100.5,amex,success,2025-09-09 19:51:00
55,tabriz,1387769.0,visa,success,2025-09-30 17:07:00
43,ahvaz,452545.0,visa,success,2025-09-21 10:48:00
21,tehran,412308.0,discover,fail,2025-09-26 01:51:00
22,karaj,443463.0,visa,success,2025-09-20 02:30:00
9,shiraz,1387769.0,amex,success,2025-09-07 07:08:00
59,tabriz,1578078.0,visa,fail,2025-09-04 07:08:00
1,ahvaz,585954.0,discover,success,2025-09-13 04:15:00
5,mashhad,123456.0,visa,success,2025-09-10 04:04:00
22,ahvaz,900000.0,amex,fail,2025-09-20 06:06:00
48,tabriz,650000.0,visa,success,2025-09-13 21:21:00
66,ahvaz,450000.0,unknown,success,2025-09-17 03:00:00
16,tehran,1000.0,visa,success,2025-09-22 01:51:00
80,tehran,583952.0,amex,fail,2025-09-04 19:51:00
53,ahvaz,1387769.0,visa,success,2025-09-01 20:20:00
87,tehran,976246.0,visa,fail,2025-09-01 07:07:00
65,unknown,1305967.0,amex,success,2025-09-15 14:00:00
89,tehran,471227.0,mastercard,success,2025-09-24 11:11:00
63,mashhad,1578078.0,mastercard,fail,2025-09-08 17:17:00
82,shiraz,1768588.0,visa,success,2025-09-27 23:59:00
81,tabriz,471227.0,discover,fail,2025-09-13 14:30:00
45,tabriz,1578078.0,mastercard,success,2025-09-14 21:21:00
74,mashhad,100000.0,visa,fail,2025-09-08 19:19:00
2,tehran,100.5,visa,success,2025-09-26 06:30:00
49,tehran,63489.0,mastercard,success,2025-09-15 07:07:00
22,qom,333333.0,visa,fail,2025-09-27 10:48:00
97,qom,250000.0,visa,fail,2025-09-13 14:55:00
29,ahvaz,177050.0,mastercard,success,2025-09-07 14:11:00
24,karaj,100.5,amex,success,2025-09-25 14:02:00
30,karaj,1387769.0,amex,fail,2025-09-16 19:19:00
84,karaj,177050.0,visa,fail,2025-09-23 11:11:00
42,isfahan,443463.0,discover,fail,2025-09-02 23:59:00
71,isfahan,200000.0,amex,success,2025-09-22 11:11:00
71,tehran,900000.0,mastercard,success,2025-09-17 02:37:00
60,tehran,1427657.0,mastercard,success,2025-09-30 09:09:00
49,unknown,100000.0,visa,fail,2025-09-18 05:56:00
96,qom,585954.0,amex,success,2025-09-29 13:13:00
82,tehran,1578078.0,visa,fail,2025-09-14 22:27:00
46,shiraz,120000.0,visa,fail,2025-09-30 14:11:00
43,unknown,177050.0,amex,success,2025-09-18 20:20:00
2,qom,471227.0,discover,fail,2025-09-13 12:12:00
98,mashhad,774681.0,discover,fail,2025-09-11 07:08:00
99,tehran,900000.0,visa,success,2025-09-30 01:51:00
80,tabriz,914465.0,mastercard,fail,2025-09-21 07:08:00
54,qom,177050.0,amex,fail,2025-09-16 14:11:00
35,ahvaz,419089.0,mastercard,success,2025-09-23 18:45:00
52,tehran,120000.0,visa,fail,2025-09-17 10:05:00
33,ahvaz,205000.0,visa,fail,2025-09-08 12:34:00
85,tehran,976246.0,visa,success,2025-09-19 20:20:00
84,ahvaz,250000.0,visa,fail,2025-09-20 02:20:00
72,qom,1578078.0,amex,success,2025-09-15 11:11:00
51,mashhad,1578078.0,amex,success,2025-09-09 18:45:00
26,qom,419089.0,visa,fail,2025-09-20 01:51:00
98,tehran,200000.0,visa,fail,2025-09-10 07:32:00
61,mashhad,123456.0,mastercard,success,2025-09-21 07:32:00
26,tehran,443463.0,mastercard,fail,2025-09-23 11:11:00
30,isfahan,5000.0,discover,success,2025-09-30 17:07:00
96,tehran,343679.0,mastercard,success,2025-09-01 10:48:00
98,tehran,450000.0,visa,fail,2025-09-25 06:06:00
11,tehran,419089.0,visa,success,2025-09-20 00:00:00
53,tehran,471227.0,mastercard,fail,2025-09-09 13:13:00
41,tehran,419089.0,amex,fail,2025-09-22 19:19:00
5,karaj,1768588.0,amex,success,2025-09-15 00:00:00
66,tehran,1768588.0,mastercard,fail,2025-09-01 14:55:00
13,shiraz,850000.0,discover,success,2025-09-12 07:32:00
63,karaj,50200.0,visa,fail,2025-09-03 23:59:00
82,tehran,1427657.0,amex,success,2025-09-11 06:30:00
91,karaj,99999.0,visa,success,2025-09-02 02:37:00
25,tehran,100.5,visa,fail,2025-09-16 04:04:00
44,qom,555555.0,amex,fail,2025-09-09 10:48:00
14,tehran,123456.0,unknown,success,2025-09-15 23:17:00
69,mashhad,650000.0,unknown,fail,2025-09-12 03:27:00
56,ahvaz,177050.0,visa,success,2025-09-13 04:40:00
52,mashhad,900000.0,amex,fail,2025-09-14 20:33:00
66,tabriz,1782689.0,visa,success,2025-09-25 04:15:00
68,tehran,583952.0,mastercard,fail,2025-09-25 14:11:00
75,tabriz,100.5,mastercard,fail,2025-09-08 09:00:00
68,karaj,177050.0,visa,success,2025-09-27 14:00:00
43,isfahan,1463119.0,visa,success,2025-09-30 17:07:00
73,tabriz,583952.0,visa,fail,2025-09-12 03:00:00
74,tehran,1578078.0,amex,success,2025-09-01 09:00:00
92,tehran,850000.0,visa,fail,2025-09-11 01:01:00
15,tehran,1000.0,mastercard,success,2025-09-10 22:27:00
31,tehran,585954.0,mastercard,fail,2025-09-19 18:45:00
87,tehran,914282.0,mastercard,fail,2025-09-11 07:08:00
6,tabriz,200000.0,mastercard,fail,2025-09-11 03:27:00
29,tehran,177050.0,discover,success,2025-09-01 12:44:00
21,tabriz,177050.0,visa,success,2025-09-26 12:34:00
54,mashhad,585954.0,visa,success,2025-09-29 20:20:00
56,karaj,50200.0,mastercard,fail,2025-09-21 01:01:00
95,tabriz,545116.0,unknown,fail,2025-09-21 09:09:00
55,isfahan,123456.0,mastercard,fail,2025-09-23 08:08:00
58,shiraz,100000.0,visa,success,2025-09-24 11:11:00
64,karaj,333333.0,amex,fail,2025-09-06 13:10:00
46,tehran,205000.0,amex,success,2025-09-18 07:08:00
84,mashhad,900000.0,visa,fail,2025-09-06 07:08:00
22,tehran,850000.0,visa,fail,2025-09-05 04:04:00
60,tehran,412308.0,discover,success,2025-09-13 21:21:00
47,tehran,1883871.0,visa,success,2025-09-22 14:02:00
31,karaj,419089.0,discover,fail,2025-09-08 02:54:00
77,ahvaz,585954.0,mastercard,fail,2025-09-09 02:24:00
18,karaj,177050.0,visa,fail,2025-09-17 07:08:00
56,ahvaz,200000.0,visa,success,2025-09-19 21:10:00
38,isfahan,900000.0,discover,fail,2025-09-24 07:07:00
25,tehran,1463119.0,amex,success,2025-09-17 09:45:00
15,tehran,100.5,discover,success,2025-09-19 17:17:00
58,tehran,850000.0,visa,fail,2025-09-08 14:55:00
91,shiraz,419089.0,mastercard,fail,2025-09-19 11:11:00
50,mashhad,5000.0,mastercard,fail,2025-09-07 05:56:00
11,tehran,1463119.0,visa,success,2025-09-28 09:45:00
13,tehran,177050.0,visa,fail,2025-09-27 09:00:00
98,karaj,177050.0,visa,success,2025-09-17 19:51:00
50,karaj,555555.0,visa,fail,2025-09-06 19:29:00
38,tehran,545116.0,mastercard,success,2025-09-19 00:00:00
1,qom,583952.0,visa,success,2025-09-24 12:12:00
39,tehran,471227.0,amex,success,2025-09-06 20:33:00
32,isfahan,205000.0,visa,success,2025-09-06 09:45:00
41,shiraz,976246.0,amex,success,2025-09-23 16:40:00
15,mashhad,976246.0,visa,success,2025-09-05 10:05:00
31,tabriz,123456.0,visa,fail,2025-09-19 14:02:00
6,qom,343679.0,visa,fail,2025-09-20 19:51:00
90,qom,976246.0,visa,fail,2025-09-04 10:05:00
52,mashhad,850000.0,discover,fail,2025-09-22 23:59:00
82,tehran,976246.0,visa,fail,2025-09-26 13:13:00
22,tehran,1768588.0,discover,success,2025-09-17 02:30:00
31,qom,1782689.0,mastercard,fail,2025-09-11 05:56:00
73,tabriz,585954.0,visa,fail,2025-09-04 20:33:00
46,karaj,50200.0,visa,fail,2025-09-26 02:37:00
98,mashhad,443463.0,visa,fail,2025-09-20 14:55:00
1,unknown,50200.0,mastercard,success,2025-09-09 12:44:00
9,tabriz,200000.0,mastercard,success,2025-09-28 12:44:00
5,qom,250000.0,visa,fail,2025-09-14 12:44:00
79,tehran,100.5,visa,fail,2025-09-19 13:13:00
9,karaj,300000.0,mastercard,success,2025-09-26 04:15:00
45,isfahan,63489.0,unknown,success,2025-09-28 14:00:00
93,shiraz,914282.0,mastercard,fail,2025-09-03 11:11:00
74,tehran,1578078.0,visa,success,2025-09-24 05:56:00
22,shiraz,177050.0,visa,fail,2025-09-28 04:04:00
87,isfahan,177050.0,mastercard,fail,2025-09-10 02:37:00
37,tehran,914465.0,amex,success,2025-09-18 00:00:00
39,karaj,200000.0,mastercard,fail,2025-09-16 14:55:00
84,karaj,1768588.0,amex,success,2025-09-08 14:11:00
74,tehran,545116.0,discover,success,2025-09-01 19:40:00
91,tehran,850000.0,unknown,success,2025-09-08 13:13:00
90,shiraz,650000.0,mastercard,fail,2025-09-24 19:19:00
28,shiraz,555555.0,visa,success,2025-09-18 02:37:00
77,tabriz,1782689.0,discover,fail,2025-09-04 21:10:00
15,tehran,99999.0,mastercard,fail,2025-09-06 23:17:00
60,tabriz,200000.0,discover,fail,2025-09-27 06:06:00
6,tehran,120000.0,visa,fail,2025-09-09 01:01:00
12,tabriz,100000.0,mastercard,success,2025-09-16 19:29:00
19,karaj,100.5,visa,success,2025-09-24 02:30:00
97,tehran,100.5,mastercard,success,2025-09-12 21:23:00
75,isfahan,120000.0,amex,success,2025-09-24 20:20:00
98,tabriz,1768588.0,visa,fail,2025-09-23 18:45:00
55,qom,1578078.0,unknown,fail,2025-09-13 07:07:00
15,ahvaz,914465.0,mastercard,success,2025-09-25 05:56:00
64,mashhad,200000.0,visa,fail,2025-09-02 19:29:00
69,tehran,471227.0,mastercard,fail,2025-09-03 21:23:00
15,tabriz,100.5,visa,fail,2025-09-26 19:51:00
43,unknown,63489.0,visa,success,2025-09-24 21:21:00
74,isfahan,1883871.0,visa,success,2025-09-30 07:08:00
99,tehran,471227.0,unknown,fail,2025-09-10 00:00:00
30,tabriz,250000.0,visa,fail,2025-09-20 02:20:00
67,tabriz,1578078.0,visa,success,2025-09-08 06:30:00
51,tabriz,5000.0,mastercard,success,2025-09-10 19:40:00
60,karaj,471227.0,mastercard,fail,2025-09-19 14:30:00
3,isfahan,1050805.0,mastercard,fail,2025-09-03 03:27:00
78,tehran,177050.0,discover,success,2025-09-03 12:12:00
11,tehran,343679.0,visa,fail,2025-09-26 12:12:00
72,tehran,200000.0,mastercard,fail,2025-09-16 01:51:00
76,karaj,343679.0,amex,fail,2025-09-17 18:45:00
83,tabriz,1050805.0,mastercard,fail,2025-09-03 20:33:00
48,tabriz,419089.0,visa,success,2025-09-12 04:15:00
28,isfahan,585954.0,amex,success,2025-09-21 18:45:00
7,mashhad,1578078.0,visa,fail,2025-09-12 15:45:00
71,tehran,1578078.0,visa,fail,2025-09-26 02:20:00
6,karaj,914282.0,unknown,success,2025-09-18 13:10:00
67,tehran,250000.0,visa,fail,2025-09-04 09:45:00
51,tabriz,976246.0,visa,fail,2025-09-16 08:08:00
59,mashhad,100.5,mastercard,fail,2025-09-23 14:11:00
51,shiraz,300000.0,mastercard,success,2025-09-22 01:51:00
11,tehran,1768588.0,visa,fail,2025-09-02 21:10:00
52,tehran,343679.0,amex,fail,2025-09-30 08:08:00
94,shiraz,1305967.0,unknown,fail,2025-09-03 19:29:00
20,tehran,585954.0,mastercard,success,2025-09-26 19:40:00
10,tehran,1463119.0,visa,success,2025-09-21 01:51:00
48,tehran,100.5,amex,fail,2025-09-20 10:48:00
92,tehran,99999.0,visa,fail,2025-09-17 12:12:00
59,tehran,5000.0,visa,fail,2025-09-22 18:00:00
23,tehran,976246.0,discover,success,2025-09-30 12:34:00
72,tehran,12345.0,mastercard,success,2025-09-01 11:11:00
9,ahvaz,419089.0,mastercard,success,2025-09-06 15:45:00
96,tehran,914465.0,amex,success,2025-09-15 14:11:00
25,isfahan,412308.0,discover,fail,2025-09-26 11:11:00
42,isfahan,976246.0,amex,fail,2025-09-14 08:08:00
29,mashhad,333333.0,amex,fail,2025-09-20 09:45:00
67,shiraz,100.5,discover,success,2025-09-14 07:08:00
85,tabriz,250000.0,discover,success,2025-09-25 02:24:00
57,tabriz,343679.0,mastercard,fail,2025-09-21 03:27:00
72,tehran,5000.0,visa,success,2025-09-24 19:40:00
14,tehran,343679.0,mastercard,success,2025-09-25 14:00:00
39,tabriz,50200.0,mastercard,success,2025-09-26 11:11:00
16,karaj,100000.0,mastercard,fail,2025-09-05 19:51:00
96,tabriz,914282.0,visa,success,2025-09-17 03:27:00
75,tehran,1472823.0,mastercard,success,2025-09-11 15:45:00
46,tehran,1463119.0,mastercard,fail,2025-09-12 10:48:00
45,tehran,1387769.0,mastercard,success,2025-09-15 04:15:00
4,tehran,1387769.0,visa,fail,2025-09-23 04:15:00
84,tehran,583952.0,visa,fail,2025-09-04 14:11:00
96,tehran,333333.0,visa,success,2025-09-27 07:32:00
20,tehran,250000.0,discover,fail,2025-09-18 13:10:00
65,mashhad,443463.0,unknown,fail,2025-09-28 07:07:00
18,karaj,471227.0,amex,fail,2025-09-03 02:54:00
39,tehran,1000.0,visa,fail,2025-09-22 08:08:00
44,shiraz,1463119.0,visa,fail,2025-09-08 19:29:00
98,isfahan,412308.0,discover,fail,2025-09-23 09:09:00
18,tehran,585954.0,amex,fail,2025-09-03 12:12:00
47,ahvaz,99999.0,mastercard,success,2025-09-08 23:59:00
100,karaj,63489.0,mastercard,success,2025-09-10 18:12:00
47,ahvaz,1578078.0,visa,success,2025-09-08 13:13:00
70,tehran,177050.0,mastercard,success,2025-09-23 01:01:00
8,tabriz,205000.0,mastercard,fail,2025-09-11 21:21:00
87,tehran,1387769.0,visa,fail,2025-09-29 23:59:00
65,tehran,100000.0,mastercard,success,2025-09-05 14:02:00
13,karaj,1768588.0,mastercard,fail,2025-09-26 09:09:00
55,tehran,976246.0,unknown,success,2025-09-13 09:00:00
89,karaj,1387769.0,mastercard,success,2025-09-21 08:08:00
85,tehran,914282.0,mastercard,fail,2025-09-23 21:23:00
71,tehran,914465.0,visa,success,2025-09-27 01:51:00
60,qom,333333.0,visa,success,2025-09-13 14:00:00
12,ahvaz,471227.0,visa,fail,2025-09-06 11:11:00
59,karaj,100.5,discover,fail,2025-09-29 08:08:00
54,tehran,333333.0,mastercard,fail,2025-09-09 05:23:00
16,tabriz,343679.0,visa,fail,2025-09-16 03:27:00
31,qom,123456.0,amex,fail,2025-09-28 12:12:00
41,tehran,177050.0,amex,success,2025-09-19 03:27:00
35,tabriz,177050.0,amex,success,2025-09-30 07:08:00
81,shiraz,452545.0,visa,fail,2025-09-28 06:30:00
30,karaj,1305967.0,amex,success,2025-09-12 09:00:00
71,karaj,1463119.0,visa,fail,2025-09-26 13:13:00
18,karaj,250000.0,mastercard,success,2025-09-13 12:34:00
83,tabriz,200000.0,mastercard,fail,2025-09-27 16:40:00
79,tehran,250000.0,mastercard,fail,2025-09-08 12:12:00
42,isfahan,452545.0,mastercard,fail,2025-09-22 02:54:00
54,tehran,976246.0,mastercard,fail,2025-09-28 08:08:00
30,tabriz,1427657.0,amex,fail,2025-09-26 07:08:00
20,isfahan,1305967.0,mastercard,fail,2025-09-30 10:48:00
42,tehran,300000.0,unknown,fail,2025-09-07 01:51:00
90,karaj,333333.0,discover,success,2025-09-26 10:48:00
88,tehran,1463119.0,visa,fail,2025-09-21 02:54:00
50,karaj,976246.0,visa,success,2025-09-15 13:13:00
41,tehran,443463.0,discover,success,2025-09-02 21:23:00
39,shiraz,1578078.0,discover,success,2025-09-20 20:33:00
57,tabriz,177050.0,visa,success,2025-09-25 19:51:00
92,mashhad,443463.0,visa,success,2025-09-12 19:40:00
37,tehran,120000.0,visa,success,2025-09-23 04:04:00
7,shiraz,1578078.0,visa,success,2025-09-22 14:11:00
5,tehran,1050805.0,visa,success,2025-09-08 06:06:00
79,tehran,976246.0,mastercard,fail,2025-09-05 14:55:00
8,qom,200000.0,visa,fail,2025-09-01 20:33:00
73,tabriz,100.5,unknown,success,2025-09-25 02:37:00
22,tehran,1578078.0,mastercard,fail,2025-09-22 02:30:00
99,isfahan,1305967.0,mastercard,fail,2025-09-10 20:33:00
100,tehran,250000.0,amex,fail,2025-09-21 08:08:00
77,isfahan,99999.0,amex,fail,2025-09-15 10:05:00
11,qom,1158713.0,discover,fail,2025-09-17 08:59:00
60,tehran,1502601.0,visa,fail,2025-09-22 12:12:00
97,karaj,1578078.0,mastercard,success,2025-09-06 03:00:00
15,karaj,63489.0,visa,fail,2025-09-03 22:27:00
38,tabriz,123456.0,amex,success,2025-09-13 14:11:00
1,tehran,774681.0,visa,success,2025-09-16 07:32:00
46,qom,583952.0,discover,success,2025-09-08 02:30:00
22,tehran,1883871.0,visa,fail,2025-09-17 07:32:00
3,mashhad,914465.0,visa,fail,2025-09-17 19:51:00
14,tehran,100.5,unknown,success,2025-09-22 07:32:00
2,isfahan,200000.0,discover,fail,2025-09-26 21:10:00
61,tehran,850000.0,mastercard,success,2025-09-13 03:27:00
38,tehran,850000.0,mastercard,success,2025-09-06 18:12:00
98,tehran,976246.0,visa,success,2025-09-17 20:33:00
46,tehran,1427657.0,visa,success,2025-09-16 02:37:00
6,tehran,177050.0,mastercard,fail,2025-09-13 10:05:00
41,tehran,976246.0,visa,fail,2025-09-06 13:13:00
25,shiraz,123456.0,mastercard,fail,2025-09-03 23:59:00
99,tehran,200000.0,mastercard,fail,2025-09-14 07:08:00
11,tehran,343679.0,discover,fail,2025-09-14 05:56:00
41,qom,650000.0,mastercard,success,2025-09-15 05:23:00
71,isfahan,585954.0,discover,success,2025-09-08 09:00:00
46,tehran,99999.0,visa,fail,2025-09-15 19:40:00
87,qom,650000.0,discover,fail,2025-09-22 14:00:00
48,tehran,450000.0,mastercard,success,2025-09-29 21:23:00
63,tehran,200000.0,visa,success,2025-09-27 12:12:00
39,tehran,450000.0,visa,fail,2025-09-13 02:30:00
85,tehran,1782689.0,mastercard,fail,2025-09-21 10:48:00
70,tehran,976246.0,mastercard,fail,2025-09-24 16:40:00
65,karaj,555555.0,discover,success,2025-09-03 21:10:00
99,karaj,545116.0,visa,success,2025-09-28 20:20:00
59,karaj,333333.0,discover,success,2025-09-06 21:21:00
78,mashhad,443463.0,visa,success,2025-09-05 20:20:00
36,tabriz,545116.0,discover,success,2025-09-22 03:00:00
73,karaj,177050.0,amex,success,2025-09-17 14:11:00
55,shiraz,200000.0,discover,fail,2025-09-23 05:23:00
96,shiraz,1578078.0,mastercard,fail,2025-09-02 14:00:00
81,ahvaz,650000.0,unknown,fail,2025-09-26 17:17:00
53,ahvaz,545116.0,visa,fail,2025-09-15 20:20:00
61,isfahan,914282.0,mastercard,success,2025-09-26 05:23:00
36,tabriz,250000.0,mastercard,fail,2025-09-20 02:30:00
85,qom,177050.0,discover,success,2025-09-06 02:20:00
41,ahvaz,976246.0,visa,success,2025-09-27 16:16:00
28,tehran,976246.0,discover,success,2025-09-18 05:56:00
16,tabriz,1050805.0,mastercard,success,2025-09-18 10:05:00
35,ahvaz,914282.0,visa,success,2025-09-04 01:01:00
36,tehran,471227.0,discover,fail,2025-09-17 10:48:00
56,shiraz,1883871.0,visa,fail,2025-09-25 19:40:00
100,tehran,850000.0,discover,success,2025-09-14 10:05:00
19,shiraz,120000.0,visa,fail,2025-09-14 11:11:00
57,karaj,343679.0,unknown,fail,2025-09-13 11:11:00
85,ahvaz,1427657.0,mastercard,success,2025-09-07 19:51:00
33,tabriz,250000.0,discover,fail,2025-09-12 07:08:00
23,qom,100.5,discover,fail,2025-09-23 08:59:00
63,tabriz,585954.0,mastercard,success,2025-09-15 18:12:00
97,tehran,200000.0,amex,fail,2025-09-11 23:59:00
67,ahvaz,99999.0,mastercard,success,2025-09-12 09:00:00
100,tehran,63489.0,visa,fail,2025-09-03 20:20:00
80,isfahan,123456.0,visa,fail,2025-09-17 05:23:00
59,isfahan,343679.0,unknown,fail,2025-09-03 08:59:00
25,karaj,1578078.0,visa,fail,2025-09-19 19:51:00
17,ahvaz,50200.0,mastercard,success,2025-09-20 10:48:00
39,tabriz,443463.0,visa,fail,2025-09-04 01:51:00
77,tabriz,50200.0,visa,success,2025-09-03 04:15:00
93,mashhad,120000.0,mastercard,fail,2025-09-26 08:59:00
75,isfahan,850000.0,discover,success,2025-09-16 14:55:00
74,karaj,50200.0,amex,success,2025-09-12 17:17:00
39,mashhad,100.5,discover,success,2025-09-08 17:17:00
38,tehran,471227.0,visa,success,2025-09-29 16:40:00
89,tehran,555555.0,visa,fail,2025-09-29 21:23:00
81,tehran,50200.0,discover,fail,2025-09-07 12:12:00
57,karaj,850000.0,mastercard,fail,2025-09-11 18:00:00
44,karaj,850000.0,mastercard,fail,2025-09-18 23:17:00
70,tehran,205000.0,amex,success,2025-09-04 12:12:00
80,tehran,419089.0,amex,success,2025-09-13 04:15:00
45,mashhad,177050.0,discover,fail,2025-09-06 14:00:00
97,tehran,50200.0,amex,fail,2025-09-14 18:45:00
26,isfahan,5000.0,visa,fail,2025-09-05 02:30:00
11,ahvaz,419089.0,discover,success,2025-09-16 10:48:00
52,mashhad,1158713.0,mastercard,success,2025-09-15 02:54:00
31,shiraz,177050.0,mastercard,fail,2025-09-30 18:00:00
85,ahvaz,200000.0,mastercard,fail,2025-09-04 19:51:00
45,ahvaz,1387769.0,mastercard,success,2025-09-08 14:30:00
67,karaj,1305967.0,mastercard,fail,2025-09-27 04:15:00
76,ahvaz,1578078.0,discover,success,2025-09-16 02:54:00
40,karaj,12345.0,mastercard,success,2025-09-28 21:10:00
46,qom,443463.0,visa,fail,2025-09-16 16:40:00
54,qom,1782689.0,discover,fail,2025-09-30 19:51:00
90,karaj,850000.0,discover,fail,2025-09-13 21:23:00
81,tabriz,585954.0,discover,fail,2025-09-26 21:21:00
38,qom,583952.0,mastercard,fail,2025-09-28 09:09:00
36,tabriz,300000.0,visa,fail,2025-09-13 05:56:00
83,karaj,99999.0,mastercard,success,2025-09-02 07:32:00
44,tehran,774681.0,discover,fail,2025-09-03 04:40:00
57,ahvaz,650000.0,discover,success,2025-09-22 18:45:00
30,mashhad,1427657.0,mastercard,success,2025-09-15 02:37:00
10,tabriz,343679.0,amex,fail,2025-09-11 13:10:00
100,isfahan,1883871.0,mastercard,success,2025-09-09 10:05:00
63,tehran,100000.0,visa,fail,2025-09-13 11:11:00
36,isfahan,419089.0,discover,fail,2025-09-02 04:15:00
54,qom,650000.0,discover,fail,2025-09-08 19:51:00
98,tehran,419089.0,visa,fail,2025-09-07 09:45:00
65,mashhad,333333.0,visa,success,2025-09-24 03:27:00
82,tabriz,100.5,visa,fail,2025-09-12 19:29:00
93,isfahan,650000.0,mastercard,success,2025-09-03 15:45:00
22,tehran,1782689.0,visa,fail,2025-09-30 01:01:00
25,shiraz,555555.0,amex,fail,2025-09-10 21:23:00
81,isfahan,1768588.0,discover,fail,2025-09-06 19:19:00
57,shiraz,419089.0,mastercard,success,2025-09-18 16:40:00
54,isfahan,412308.0,amex,fail,2025-09-05 12:34:00
44,tehran,1782689.0,amex,success,2025-09-21 02:20:00
52,isfahan,650000.0,mastercard,fail,2025-09-29 05:23:00
16,tehran,120000.0,mastercard,success,2025-09-02 11:11:00
55,tehran,1387769.0,visa,success,2025-09-30 05:23:00
61,tabriz,1578078.0,visa,success,2025-09-13 09:45:00
96,tehran,774681.0,visa,fail,2025-09-23 14:30:00
79,mashhad,120000.0,mastercard,fail,2025-09-05 00:00:00
92,mashhad,177050.0,mastercard,success,2025-09-24 20:33:00
21,shiraz,250000.0,discover,success,2025-09-26 05:23:00
66,tabriz,914282.0,discover,fail,2025-09-29 19:19:00
57,tehran,1883871.0,visa,fail,2025-09-29 09:09:00
4,isfahan,300000.0,visa,fail,2025-09-23 11:11:00
43,tehran,471227.0,mastercard,fail,2025-09-06 05:56:00
100,tehran,914465.0,visa,fail,2025-09-10 19:51:00
63,tehran,100000.0,visa,fail,2025-09-18 12:34:00
43,ahvaz,200000.0,mastercard,fail,2025-09-15 11:11:00
67,tehran,120000.0,discover,success,2025-09-08 14:11:00
82,karaj,343679.0,visa,fail,2025-09-26 04:15:00
51,isfahan,200000.0,mastercard,success,2025-09-09 14:02:00
43,tehran,1158713.0,mastercard,fail,2025-09-10 15:45:00
24,mashhad,343679.0,discover,fail,2025-09-20 14:00:00
2,tabriz,1578078.0,visa,fail,2025-09-27 12:44:00
2,shiraz,1463119.0,discover,fail,2025-09-03 05:23:00
23,tehran,914465.0,visa,fail,2025-09-11 08:59:00
15,mashhad,976246.0,discover,success,2025-09-11 18:00:00
76,shiraz,443463.0,discover,success,2025-09-17 02:37:00
17,tehran,1427657.0,amex,fail,2025-09-04 00:00:00
14,tehran,1387769.0,visa,fail,2025-09-17 09:45:00
81,tehran,1387769.0,discover,fail,2025-09-09 19:40:00
79,tehran,419089.0,visa,success,2025-09-19 19:51:00
16,tabriz,471227.0,visa,success,2025-09-22 02:30:00
34,mashhad,99999.0,amex,fail,2025-09-03 14:30:00
99,ahvaz,1050805.0,unknown,fail,2025-09-22 05:23:00
16,tehran,545116.0,amex,fail,2025-09-01 00:00:00
34,tehran,300000.0,visa,success,2025-09-20 03:27:00
33,shiraz,471227.0,discover,fail,2025-09-16 02:20:00
43,karaj,1578078.0,visa,fail,2025-09-11 16:16:00
64,karaj,850000.0,discover,fail,2025-09-13 10:05:00
71,isfahan,333333.0,mastercard,fail,2025-09-27 18:45:00
18,tehran,343679.0,mastercard,success,2025-09-10 02:30:00
68,tehran,123456.0,amex,success,2025-09-03 09:09:00
61,isfahan,419089.0,visa,fail,2025-09-09 16:16:00
20,ahvaz,650000.0,amex,fail,2025-09-12 16:40:00
11,isfahan,545116.0,visa,fail,2025-09-23 09:45:00
79,shiraz,1782689.0,mastercard,success,2025-09-14 20:20:00
46,isfahan,100000.0,mastercard,fail,2025-09-01 18:00:00
64,ahvaz,1578078.0,discover,fail,2025-09-18 02:54:00
81,tehran,333333.0,mastercard,fail,2025-09-17 13:13:00
99,karaj,1158713.0,mastercard,success,2025-09-27 22:27:00
76,mashhad,120000.0,discover,fail,2025-09-09 19:19:00
28,tehran,914282.0,mastercard,success,2025-09-09 16:16:00
48,isfahan,177050.0,visa,fail,2025-09-23 09:09:00
35,isfahan,177050.0,visa,fail,2025-09-10 12:12:00
8,tehran,471227.0,visa,fail,2025-09-19 05:56:00
22,shiraz,100000.0,visa,fail,2025-09-15 08:59:00
24,ahvaz,177050.0,mastercard,fail,2025-09-05 14:02:00
66,qom,177050.0,mastercard,fail,2025-09-15 06:06:00
64,tehran,545116.0,visa,success,2025-09-30 00:00:00
65,karaj,1502601.0,unknown,fail,2025-09-25 17:17:00
14,tehran,1782689.0,discover,fail,2025-09-28 07:08:00
25,isfahan,976246.0,mastercard,fail,2025-09-02 23:59:00
3,qom,1387769.0,visa,success,2025-09-13 08:59:00
5,tabriz,1578078.0,mastercard,success,2025-09-24 01:51:00
54,tabriz,63489.0,mastercard,success,2025-09-15 16:40:00
19,ahvaz,300000.0,mastercard,fail,2025-09-25 01:01:00
98,mashhad,1387769.0,mastercard,fail,2025-09-10 16:16:00
95,tehran,650000.0,discover,fail,2025-09-10 02:30:00
99,isfahan,333333.0,amex,fail,2025-09-26 10:48:00
16,isfahan,99999.0,mastercard,fail,2025-09-30 12:12:00
46,mashhad,1578078.0,visa,fail,2025-09-23 14:30:00
15,tehran,583952.0,mastercard,success,2025-09-25 18:12:00
48,isfahan,976246.0,discover,fail,2025-09-14 12:44:00
11,shiraz,12345.0,visa,success,2025-09-03 03:27:00
36,shiraz,1427657.0,amex,fail,2025-09-16 10:48:00
30,qom,1387769.0,visa,success,2025-09-02 14:11:00
100,karaj,774681.0,mastercard,fail,2025-09-10 15:45:00
73,karaj,99999.0,mastercard,fail,2025-09-03 12:34:00
82,isfahan,1158713.0,discover,fail,2025-09-11 17:17:00
19,shiraz,12345.0,amex,fail,2025-09-11 04:15:00
70,tehran,914465.0,visa,success,2025-09-21 21:23:00
33,mashhad,12345.0,amex,success,2025-09-22 21:10:00
97,tehran,1463119.0,mastercard,success,2025-09-13 23:17:00
80,shiraz,1050805.0,visa,success,2025-09-07 17:17:00
22,tehran,774681.0,amex,fail,2025-09-17 11:11:00
36,mashhad,5000.0,visa,success,2025-09-30 02:20:00
23,isfahan,583952.0,amex,fail,2025-09-02 21:21:00
63,ahvaz,177050.0,visa,success,2025-09-12 21:10:00
26,tehran,200000.0,visa,fail,2025-09-25 14:55:00
96,tehran,99999.0,mastercard,fail,2025-09-18 21:23:00
94,tehran,443463.0,mastercard,fail,2025-09-22 21:23:00
5,tehran,850000.0,visa,fail,2025-09-27 21:21:00
54,isfahan,120000.0,discover,success,2025-09-11 01:51:00
25,tehran,12345.0,mastercard,success,2025-09-19 14:00:00
99,tehran,583952.0,mastercard,fail,2025-09-18 07:08:00
12,tehran,583952.0,discover,success,2025-09-03 02:30:00
22,tabriz,63489.0,discover,success,2025-09-21 09:00:00
9,tehran,50200.0,amex,fail,2025-09-27 04:40:00
84,karaj,205000.0,visa,success,2025-09-26 09:45:00
29,qom,412308.0,unknown,success,2025-09-16 12:34:00
44,tabriz,914465.0,discover,fail,2025-09-06 04:15:00
94,karaj,976246.0,discover,success,2025-09-25 16:16:00
27,tehran,443463.0,discover,fail,2025-09-12 21:23:00
55,tehran,471227.0,visa,fail,2025-09-11 18:45:00
5,tehran,976246.0,amex,success,2025-09-15 04:40:00
52,karaj,1387769.0,visa,success,2025-09-16 18:45:00
13,tehran,343679.0,visa,fail,2025-09-10 07:32:00
42,shiraz,250000.0,unknown,fail,2025-09-12 13:10:00
79,tehran,450000.0,unknown,success,2025-09-13 16:16:00
50,karaj,1768588.0,mastercard,success,2025-09-07 07:07:00
2,shiraz,177050.0,amex,fail,2025-09-22 14:11:00
88,tabriz,914282.0,discover,fail,2025-09-02 12:44:00
68,tehran,1463119.0,amex,success,2025-09-27 02:20:00
75,isfahan,1578078.0,amex,success,2025-09-15 20:33:00
50,tehran,900000.0,mastercard,success,2025-09-08 21:23:00
12,tehran,452545.0,visa,fail,2025-09-07 05:23:00
13,tehran,99999.0,discover,fail,2025-09-15 14:11:00
9,shiraz,100.5,discover,fail,2025-09-23 04:04:00
45,shiraz,1463119.0,mastercard,success,2025-09-08 13:13:00
70,isfahan,1782689.0,unknown,success,2025-09-28 06:30:00
79,tehran,900000.0,visa,success,2025-09-11 14:11:00
23,isfahan,1305967.0,mastercard,success,2025-09-29 02:30:00
34,ahvaz,976246.0,mastercard,fail,2025-09-17 19:51:00
63,isfahan,177050.0,visa,fail,2025-09-04 09:00:00
51,karaj,774681.0,visa,fail,2025-09-21 02:20:00
32,mashhad,177050.0,visa,fail,2025-09-08 13:13:00
38,tabriz,177050.0,amex,fail,2025-09-05 12:12:00
56,tehran,976246.0,visa,fail,2025-09-26 21:23:00
69,tehran,333333.0,mastercard,fail,2025-09-16 19:51:00
17,tehran,1578078.0,visa,fail,2025-09-04 14:55:00
39,tehran,545116.0,visa,success,2025-09-22 18:12:00
41,qom,205000.0,visa,fail,2025-09-29 14:02:00
48,shiraz,850000.0,visa,success,2025-09-15 08:59:00
82,mashhad,200000.0,mastercard,fail,2025-09-12 01:51:00
28,tabriz,471227.0,discover,fail,2025-09-05 23:59:00
77,tehran,343679.0,mastercard,success,2025-09-30 23:59:00
50,mashhad,5000.0,mastercard,fail,2025-09-23 10:48:00
50,tabriz,343679.0,visa,fail,2025-09-14 18:45:00
19,tabriz,177050.0,amex,success,2025-09-10 05:56:00
99,tehran,1768588.0,unknown,success,2025-09-07 21:10:00
59,tehran,120000.0,discover,success,2025-09-13 21:23:00
67,karaj,1463119.0,mastercard,success,2025-09-28 12:12:00
10,tehran,100.5,visa,success,2025-09-05 14:55:00
34,qom,412308.0,mastercard,fail,2025-09-03 17:07:00
39,isfahan,1158713.0,mastercard,fail,2025-09-15 02:24:00
83,tehran,1883871.0,mastercard,fail,2025-09-04 21:23:00
56,ahvaz,585954.0,visa,success,2025-09-15 18:12:00
52,karaj,343679.0,mastercard,success,2025-09-14 11:11:00
23,isfahan,914282.0,visa,success,2025-09-19 21:10:00
17,tehran,205000.0,visa,success,2025-09-13 12:34:00
71,ahvaz,250000.0,mastercard,fail,2025-09-10 10:05:00
26,qom,120000.0,visa,fail,2025-09-21 19:29:00
18,tehran,1768588.0,visa,fail,2025-09-05 18:00:00
46,isfahan,850000.0,amex,fail,2025-09-27 11:11:00
70,tehran,850000.0,visa,fail,2025-09-23 20:20:00
31,mashhad,555555.0,mastercard,fail,2025-09-20 12:44:00
9,shiraz,12345.0,visa,fail,2025-09-20 07:07:00
35,tabriz,914465.0,mastercard,fail,2025-09-25 05:23:00
81,mashhad,443463.0,visa,fail,2025-09-06 22:27:00
76,tehran,1768588.0,visa,fail,2025-09-02 14:11:00
63,karaj,555555.0,visa,fail,2025-09-22 03:00:00
52,isfahan,583952.0,amex,success,2025-09-16 20:20:00
61,tehran,419089.0,mastercard,fail,2025-09-05 10:05:00
24,mashhad,1782689.0,discover,success,2025-09-22 17:07:00
58,tehran,50200.0,amex,fail,2025-09-30 21:21:00
64,tehran,200000.0,visa,success,2025-09-13 10:48:00
29,tabriz,333333.0,mastercard,fail,2025-09-23 14:11:00
10,isfahan,177050.0,visa,success,2025-09-02 07:08:00
39,ahvaz,545116.0,visa,success,2025-09-13 04:15:00
55,isfahan,177050.0,amex,success,2025-09-11 08:08:00
28,tehran,200000.0,visa,success,2025-09-30 09:09:00
41,shiraz,1782689.0,discover,success,2025-09-29 05:56:00
81,karaj,850000.0,mastercard,fail,2025-09-04 13:13:00
75,isfahan,850000.0,visa,fail,2025-09-22 17:17:00
65,tehran,123456.0,mastercard,success,2025-09-20 09:00:00
81,qom,1782689.0,unknown,fail,2025-09-20 14:30:00
46,tehran,583952.0,visa,fail,2025-09-15 09:00:00
45,isfahan,1387769.0,discover,success,2025-09-07 09:45:00
60,mashhad,585954.0,visa,fail,2025-09-19 02:37:00
3,tehran,1427657.0,amex,success,2025-09-06 18:12:00
51,tabriz,914282.0,visa,success,2025-09-20 23:59:00
8,tehran,583952.0,visa,success,2025-09-15 18:12:00
70,tehran,443463.0,mastercard,fail,2025-09-15 08:08:00
61,mashhad,205000.0,mastercard,success,2025-09-20 14:55:00
58,tehran,63489.0,discover,fail,2025-09-09 03:27:00
94,karaj,774681.0,visa,success,2025-09-18 14:11:00
12,tehran,300000.0,mastercard,success,2025-09-18 02:37:00
9,tehran,100.5,discover,fail,2025-09-05 23:59:00
83,isfahan,1000.0,visa,fail,2025-09-23 20:20:00
17,tabriz,177050.0,mastercard,success,2025-09-30 21:23:00
54,tehran,471227.0,visa,fail,2025-09-11 19:51:00
44,ahvaz,205000.0,visa,fail,2025-09-05 19:19:00
32,mashhad,205000.0,visa,success,2025-09-22 01:51:00
35,karaj,100000.0,visa,success,2025-09-26 04:15:00
78,tabriz,900000.0,mastercard,success,2025-09-04 11:11:00
49,karaj,914282.0,visa,fail,2025-09-29 12:34:00
54,tehran,850000.0,visa,fail,2025-09-12 21:23:00
16,tehran,914282.0,mastercard,fail,2025-09-02 01:51:00
12,karaj,1463119.0,visa,fail,2025-09-10 10:48:00
8,isfahan,419089.0,amex,success,2025-09-07 04:40:00
21,ahvaz,850000.0,discover,fail,2025-09-04 14:02:00
8,tehran,333333.0,visa,success,2025-09-10 19:51:00
28,tehran,100.5,discover,fail,2025-09-30 18:00:00
80,qom,5000.0,mastercard,fail,2025-09-03 21:21:00
10,shiraz,120000.0,visa,success,2025-09-25 19:51:00
15,tabriz,1387769.0,mastercard,success,2025-09-29 21:10:00
4,isfahan,1305967.0,mastercard,fail,2025-09-19 08:59:00
91,tehran,177050.0,unknown,success,2025-09-21 11:11:00
79,tehran,850000.0,visa,success,2025-09-02 07:32:00
97,karaj,200000.0,visa,fail,2025-09-27 13:10:00
62,tehran,774681.0,discover,fail,2025-09-20 22:27:00
4,qom,774681.0,mastercard,fail,2025-09-10 15:45:00
41,isfahan,1502601.0,visa,success,2025-09-02 18:45:00
73,karaj,1578078.0,mastercard,success,2025-09-02 02:37:00
55,shiraz,200000.0,visa,success,2025-09-24 18:00:00
28,tehran,100000.0,mastercard,success,2025-09-17 07:08:00
47,qom,100000.0,visa,fail,2025-09-16 13:10:00
2,tehran,1158713.0,mastercard,fail,2025-09-14 19:19:00
67,shiraz,914282.0,mastercard,fail,2025-09-07 01:01:00
48,shiraz,205000.0,discover,fail,2025-09-21 09:00:00
69,tehran,1050805.0,mastercard,success,2025-09-11 08:08:00
28,mashhad,177050.0,amex,fail,2025-09-01 13:10:00
79,tehran,177050.0,visa,fail,2025-09-11 14:02:00
14,karaj,850000.0,mastercard,success,2025-09-23 07:32:00
46,qom,100000.0,mastercard,fail,2025-09-21 15:45:00
88,mashhad,1472823.0,mastercard,fail,2025-09-04 06:30:00
16,shiraz,100.5,visa,success,2025-09-26 19:19:00
95,karaj,850000.0,amex,fail,2025-09-15 11:11:00
40,tehran,100000.0,discover,fail,2025-09-18 17:07:00
100,karaj,850000.0,amex,success,2025-09-28 07:32:00
65,isfahan,1883871.0,unknown,fail,2025-09-01 00:00:00
58,isfahan,1502601.0,mastercard,fail,2025-09-15 13:13:00
89,tehran,471227.0,visa,success,2025-09-28 11:11:00
48,tehran,1578078.0,discover,fail,2025-09-21 02:30:00
49,isfahan,100.5,visa,success,2025-09-10 04:15:00
90,tehran,120000.0,mastercard,success,2025-09-07 03:00:00
98,tehran,1768588.0,discover,fail,2025-09-04 21:21:00
17,tehran,63489.0,mastercard,success,2025-09-12 19:29:00
70,tehran,1472823.0,visa,success,2025-09-11 21:21:00
90,karaj,1578078.0,mastercard,success,2025-09-08 11:11:00
37,isfahan,471227.0,discover,fail,2025-09-18 21:10:00
30,isfahan,1883871.0,amex,success,2025-09-11 21:21:00
49,qom,583952.0,discover,fail,2025-09-10 23:59:00
56,tehran,12345.0,visa,fail,2025-09-27 03:27:00
92,tehran,585954.0,mastercard,fail,2025-09-17 14:00:00
58,tehran,452545.0,mastercard,fail,2025-09-22 15:45:00
55,shiraz,1427657.0,amex,success,2025-09-17 02:20:00
19,shiraz,333333.0,amex,fail,2025-09-02 02:30:00
23,shiraz,200000.0,visa,success,2025-09-28 12:34:00
79,karaj,850000.0,visa,success,2025-09-30 08:08:00
51,isfahan,585954.0,mastercard,fail,2025-09-28 22:27:00
84,mashhad,100000.0,mastercard,fail,2025-09-25 08:59:00
28,tabriz,12345.0,discover,fail,2025-09-29 00:00:00
58,tehran,100.5,unknown,fail,2025-09-28 01:01:00
15,shiraz,250000.0,unknown,fail,2025-09-10 11:11:00
16,tehran,914465.0,mastercard,fail,2025-09-08 23:59:00
98,tabriz,914465.0,discover,fail,2025-09-01 23:59:00
47,tabriz,555555.0,visa,success,2025-09-13 11:11:00
63,tehran,545116.0,visa,fail,2025-09-24 23:59:00
12,tehran,1578078.0,mastercard,success,2025-09-09 06:30:00
43,tehran,471227.0,discover,success,2025-09-22 23:17:00
84,tehran,555555.0,visa,success,2025-09-10 18:00:00
29,shiraz,200000.0,mastercard,fail,2025-09-15 07:32:00
49,tabriz,1578078.0,mastercard,success,2025-09-05 12:12:00
3,tabriz,850000.0,mastercard,fail,2025-09-22 21:23:00
69,unknown,1578078.0,amex,success,2025-09-16 10:48:00
66,tabriz,177050.0,discover,fail,2025-09-22 03:00:00
88,qom,1387769.0,mastercard,fail,2025-09-25 16:16:00
71,karaj,1463119.0,mastercard,fail,2025-09-11 19:51:00
74,qom,976246.0,mastercard,fail,2025-09-27 12:12:00
69,isfahan,63489.0,unknown,fail,2025-09-09 13:13:00
47,qom,100.5,amex,success,2025-09-16 06:06:00
97,tabriz,545116.0,visa,success,2025-09-26 19:40:00
31,tabriz,1463119.0,mastercard,fail,2025-09-02 14:02:00
22,mashhad,1463119.0,mastercard,fail,2025-09-12 15:45:00
20,shiraz,100000.0,amex,success,2025-09-12 18:12:00
99,tehran,200000.0,amex,success,2025-09-09 02:54:00
49,tehran,914282.0,visa,fail,2025-09-10 07:08:00
38,tehran,100000.0,amex,success,2025-09-02 23:17:00
53,ahvaz,1782689.0,mastercard,fail,2025-09-16 02:20:00
28,mashhad,100.5,discover,fail,2025-09-20 02:20:00
77,mashhad,471227.0,discover,success,2025-09-07 14:30:00
72,karaj,452545.0,mastercard,success,2025-09-02 03:27:00
47,tehran,976246.0,visa,fail,2025-09-19 10:05:00
45,tehran,123456.0,mastercard,fail,2025-09-28 14:11:00
18,tehran,774681.0,discover,fail,2025-09-04 12:12:00
50,shiraz,850000.0,visa,fail,2025-09-24 00:00:00
90,tehran,343679.0,visa,success,2025-09-22 11:11:00
22,tabriz,250000.0,visa,fail,2025-09-02 02:24:00
45,karaj,1578078.0,visa,fail,2025-09-25 02:20:00
61,shiraz,100.5,discover,fail,2025-09-14 02:24:00
94,isfahan,100.5,mastercard,fail,2025-09-29 14:11:00
21,mashhad,343679.0,mastercard,success,2025-09-15 14:11:00
61,tehran,471227.0,visa,success,2025-09-05 19:51:00
76,qom,1463119.0,visa,success,2025-09-28 19:51:00
36,mashhad,343679.0,mastercard,success,2025-09-20 08:08:00
24,mashhad,1768588.0,discover,success,2025-09-29 14:00:00
92,karaj,100.5,mastercard,fail,2025-09-24 23:59:00
97,tehran,585954.0,mastercard,fail,2025-09-21 11:11:00
97,tabriz,50200.0,mastercard,fail,2025-09-14 11:11:00
97,tehran,1387769.0,visa,success,2025-09-14 13:10:00
91,isfahan,914282.0,mastercard,fail,2025-09-05 09:00:00
75,tehran,99999.0,amex,success,2025-09-18 07:08:00
82,isfahan,471227.0,mastercard,fail,2025-09-24 03:00:00
5,tabriz,99999.0,visa,fail,2025-09-14 14:30:00
16,qom,976246.0,discover,fail,2025-09-02 04:04:00
35,tehran,850000.0,mastercard,success,2025-09-12 18:00:00
42,tabriz,774681.0,unknown,success,2025-09-24 14:55:00
88,isfahan,1578078.0,amex,success,2025-09-06 18:12:00
99,karaj,1427657.0,amex,success,2025-09-04 16:16:00
81,tabriz,1768588.0,visa,fail,2025-09-13 07:08:00
10,tehran,471227.0,mastercard,fail,2025-09-04 19:40:00
8,tehran,343679.0,amex,success,2025-09-14 17:17:00
26,mashhad,976246.0,discover,fail,2025-09-16 03:27:00
3,tabriz,1472823.0,mastercard,fail,2025-09-29 11:11:00
59,ahvaz,914282.0,discover,success,2025-09-04 02:37:00
89,tehran,200000.0,visa,fail,2025-09-24 02:20:00
3,tehran,177050.0,visa,success,2025-09-25 18:45:00
38,tehran,200000.0,mastercard,success,2025-09-01 04:04:00
100,tabriz,850000.0,unknown,fail,2025-09-04 19:51:00
17,tehran,583952.0,visa,fail,2025-09-20 19:29:00
73,unknown,450000.0,visa,fail,2025-09-18 21:23:00
36,ahvaz,177050.0,mastercard,success,2025-09-06 21:23:00
96,tehran,100.5,unknown,fail,2025-09-23 06:30:00
89,tehran,333333.0,discover,fail,2025-09-27 14:11:00
73,karaj,343679.0,mastercard,fail,2025-09-16 08:08:00
2,tehran,200000.0,visa,fail,2025-09-27 02:30:00
85,isfahan,200000.0,amex,success,2025-09-05 16:40:00
34,tehran,1502601.0,unknown,success,2025-09-04 03:27:00
27,tehran,1305967.0,mastercard,success,2025-09-21 11:11:00
37,tabriz,177050.0,discover,success,2025-09-08 07:07:00
71,karaj,585954.0,visa,fail,2025-09-19 08:59:00
22,tehran,471227.0,visa,success,2025-09-14 12:34:00
68,tehran,1050805.0,mastercard,fail,2025-09-07 23:17:00
14,karaj,250000.0,amex,success,2025-09-14 12:34:00
99,karaj,850000.0,visa,fail,2025-09-06 11:11:00
23,tehran,300000.0,mastercard,fail,2025-09-12 23:59:00
44,isfahan,1578078.0,visa,fail,2025-09-16 13:10:00
65,ahvaz,50200.0,visa,fail,2025-09-13 11:11:00
61,tehran,200000.0,visa,fail,2025-09-07 16:16:00
55,qom,976246.0,mastercard,fail,2025-09-15 10:05:00
71,unknown,100.5,mastercard,fail,2025-09-12 13:13:00
85,tehran,1050805.0,mastercard,fail,2025-09-17 08:59:00
50,mashhad,99999.0,visa,success,2025-09-09 02:30:00
12,ahvaz,419089.0,mastercard,fail,2025-09-22 23:59:00
79,tehran,1050805.0,mastercard,success,2025-09-15 23:17:00
17,isfahan,1158713.0,visa,success,2025-09-02 13:10:00
35,tabriz,471227.0,mastercard,success,2025-09-13 09:45:00
39,tabriz,1578078.0,mastercard,success,2025-09-27 05:56:00
78,qom,914282.0,visa,fail,2025-09-20 04:40:00
55,isfahan,900000.0,amex,fail,2025-09-23 19:29:00
59,tehran,1387769.0,visa,success,2025-09-08 01:51:00
30,tehran,1000.0,mastercard,success,2025-09-14 11:11:00
15,tabriz,443463.0,visa,fail,2025-09-11 14:30:00
74,isfahan,1427657.0,visa,fail,2025-09-21 19:51:00
60,tehran,177050.0,amex,success,2025-09-28 11:11:00
93,qom,1502601.0,amex,fail,2025-09-14 08:08:00
22,mashhad,1463119.0,mastercard,success,2025-09-22 07:08:00
32,karaj,976246.0,mastercard,success,2025-09-23 12:12:00
96,isfahan,412308.0,mastercard,success,2025-09-08 05:56:00
83,mashhad,545116.0,mastercard,success,2025-09-13 00:00:00
51,tabriz,100.5,mastercard,fail,2025-09-27 14:11:00
85,ahvaz,177050.0,visa,success,2025-09-20 19:51:00
70,tehran,200000.0,visa,success,2025-09-05 02:20:00
2,shiraz,545116.0,visa,fail,2025-09-29 02:24:00
89,mashhad,583952.0,visa,success,2025-09-06 02:30:00
92,isfahan,419089.0,mastercard,fail,2025-09-22 22:27:00
77,tehran,1305967.0,mastercard,success,2025-09-13 16:16:00
14,tehran,123456.0,visa,fail,2025-09-05 15:45:00
51,karaj,450000.0,visa,fail,2025-09-28 03:00:00
11,tehran,50200.0,visa,success,2025-09-27 02:37:00
78,shiraz,1305967.0,mastercard,success,2025-09-25 07:32:00
80,karaj,774681.0,visa,success,2025-09-08 14:11:00
84,isfahan,1782689.0,discover,fail,2025-09-01 12:44:00
80,tehran,450000.0,mastercard,success,2025-09-20 23:17:00
58,tehran,976246.0,amex,success,2025-09-12 03:27:00
78,tabriz,343679.0,mastercard,success,2025-09-07 04:40:00
53,tehran,1387769.0,discover,success,2025-09-15 13:10:00
28,karaj,1578078.0,discover,fail,2025-09-22 12:12:00
18,tehran,50200.0,mastercard,fail,2025-09-24 09:09:00
26,tehran,583952.0,visa,success,2025-09-11 05:23:00
7,tehran,250000.0,discover,success,2025-09-29 20:20:00
45,tehran,100.5,discover,success,2025-09-22 07:08:00
99,tabriz,976246.0,visa,fail,2025-09-26 20:33:00
71,tehran,100.5,discover,fail,2025-09-03 01:51:00
98,tabriz,200000.0,visa,fail,2025-09-20 15:45:00
35,isfahan,1883871.0,mastercard,fail,2025-09-14 00:00:00
21,ahvaz,99999.0,mastercard,success,2025-09-01 11:11:00
28,mashhad,100000.0,amex,success,2025-09-26 09:00:00
44,tabriz,914465.0,mastercard,fail,2025-09-15 06:30:00
10,karaj,205000.0,mastercard,fail,2025-09-02 18:45:00
23,tehran,555555.0,mastercard,fail,2025-09-29 11:11:00
48,mashhad,1502601.0,mastercard,fail,2025-09-20 02:30:00
52,karaj,177050.0,mastercard,success,2025-09-06 13:13:00
15,isfahan,1768588.0,mastercard,success,2025-09-08 13:13:00
55,isfahan,1463119.0,visa,fail,2025-09-29 02:37:00
43,tehran,205000.0,visa,fail,2025-09-16 02:30:00
6,tehran,100000.0,visa,fail,2025-09-01 20:33:00
62,tehran,583952.0,mastercard,success,2025-09-28 02:37:00
55,karaj,100000.0,mastercard,fail,2025-09-03 07:08:00
39,isfahan,1883871.0,discover,fail,2025-09-05 12:12:00
12,shiraz,1427657.0,visa,fail,2025-09-27 14:55:00
31,tehran,650000.0,mastercard,fail,2025-09-12 21:23:00
53,tabriz,583952.0,discover,fail,2025-09-20 18:00:00
10,isfahan,1427657.0,amex,success,2025-09-09 18:45:00
57,tabriz,583952.0,amex,fail,2025-09-19 04:04:00
78,ahvaz,100000.0,discover,success,2025-09-22 09:45:00
3,mashhad,1768588.0,discover,fail,2025-09-19 01:01:00
57,shiraz,914465.0,discover,fail,2025-09-06 04:40:00
33,tabriz,177050.0,unknown,fail,2025-09-27 14:11:00
39,tehran,900000.0,unknown,success,2025-09-13 19:51:00
48,tehran,1502601.0,mastercard,fail,2025-09-13 08:08:00
74,isfahan,450000.0,unknown,fail,2025-09-28 14:00:00
16,tabriz,545116.0,mastercard,fail,2025-09-22 18:45:00
38,isfahan,583952.0,amex,success,2025-09-28 23:59:00
4,qom,1305967.0,discover,success,2025-09-15 03:27:00
27,tabriz,1050805.0,mastercard,fail,2025-09-21 00:00:00
87,karaj,177050.0,mastercard,fail,2025-09-13 04:04:00
87,tehran,471227.0,visa,success,2025-09-22 14:11:00
17,isfahan,1463119.0,visa,success,2025-09-11 02:30:00
99,qom,1463119.0,visa,fail,2025-09-19 13:13:00
97,qom,343679.0,visa,fail,2025-09-08 08:08:00
70,shiraz,1000.0,mastercard,success,2025-09-20 02:20:00
54,tabriz,99999.0,amex,fail,2025-09-08 23:59:00
8,tehran,250000.0,mastercard,fail,2025-09-26 02:24:00
53,tehran,177050.0,mastercard,fail,2025-09-16 08:59:00
69,shiraz,914465.0,amex,fail,2025-09-26 19:29:00
47,tabriz,585954.0,visa,success,2025-09-23 19:19:00
74,isfahan,300000.0,mastercard,fail,2025-09-11 04:15:00
7,mashhad,200000.0,visa,success,2025-09-28 05:56:00
12,tehran,914465.0,discover,success,2025-09-09 14:00:00
95,shiraz,900000.0,mastercard,fail,2025-09-20 14:11:00
25,shiraz,5000.0,mastercard,success,2025-09-24 04:04:00
28,tehran,100000.0,mastercard,fail,2025-09-19 10:48:00
43,ahvaz,1578078.0,visa,success,2025-09-16 07:07:00
77,tehran,976246.0,visa,success,2025-09-07 14:02:00
47,mashhad,850000.0,mastercard,fail,2025-09-19 00:00:00
49,tehran,583952.0,amex,fail,2025-09-12 19:29:00
87,tehran,583952.0,amex,fail,2025-09-15 16:16:00
54,tabriz,450000.0,visa,success,2025-09-23 17:17:00
27,tehran,177050.0,visa,fail,2025-09-11 18:45:00
72,tehran,412308.0,visa,success,2025-09-26 19:51:00
75,qom,585954.0,visa,success,2025-09-27 19:51:00
94,qom,120000.0,visa,success,2025-09-11 12:12:00
71,qom,100.5,mastercard,success,2025-09-02 07:08:00
22,mashhad,100000.0,discover,success,2025-09-11 20:33:00
59,ahvaz,1387769.0,amex,fail,2025-09-19 03:27:00
68,tabriz,50200.0,visa,success,2025-09-14 22:27:00
83,isfahan,471227.0,unknown,fail,2025-09-06 05:56:00
54,tabriz,419089.0,visa,fail,2025-09-28 16:40:00
46,qom,250000.0,visa,fail,2025-09-01 11:11:00
41,tehran,177050.0,mastercard,fail,2025-09-03 02:20:00
41,qom,5000.0,visa,success,2025-09-08 01:51:00
8,tehran,177050.0,visa,fail,2025-09-08 00:00:00
32,ahvaz,12345.0,visa,success,2025-09-27 14:00:00
30,tehran,471227.0,amex,fail,2025-09-20 12:12:00
46,tabriz,1387769.0,mastercard,success,2025-09-22 01:01:00
52,mashhad,63489.0,unknown,fail,2025-09-24 05:23:00
90,tehran,650000.0,discover,success,2025-09-11 02:37:00
99,ahvaz,976246.0,discover,success,2025-09-07 09:09:00
13,mashhad,12345.0,mastercard,fail,2025-09-25 09:09:00
90,tehran,976246.0,visa,fail,2025-09-12 14:11:00
40,karaj,100000.0,mastercard,success,2025-09-26 10:48:00
61,tehran,914282.0,visa,fail,2025-09-06 02:30:00
74,tehran,900000.0,visa,success,2025-09-21 14:11:00
11,mashhad,443463.0,mastercard,success,2025-09-24 20:33:00
25,tabriz,100.5,discover,fail,2025-09-16 19:51:00
61,ahvaz,1578078.0,visa,fail,2025-09-25 08:08:00
54,isfahan,205000.0,visa,fail,2025-09-25 08:59:00
34,tehran,63489.0,mastercard,fail,2025-09-29 19:51:00
84,tehran,900000.0,discover,fail,2025-09-22 19:51:00
7,tehran,1463119.0,discover,success,2025-09-22 19:29:00
98,tehran,333333.0,amex,fail,2025-09-25 13:10:00
62,mashhad,976246.0,discover,success,2025-09-20 10:05:00
57,mashhad,583952.0,mastercard,success,2025-09-22 05:56:00
100,isfahan,1387769.0,visa,fail,2025-09-04 21:21:00
94,tabriz,177050.0,amex,fail,2025-09-11 12:12:00
76,isfahan,300000.0,visa,fail,2025-09-17 16:40:00
76,tehran,585954.0,mastercard,fail,2025-09-14 16:40:00
94,karaj,471227.0,discover,fail,2025-09-26 01:01:00
35,tehran,914465.0,visa,success,2025-09-11 12:44:00
84,ahvaz,850000.0,amex,fail,2025-09-28 14:11:00
37,tehran,200000.0,visa,success,2025-09-22 15:45:00
60,tehran,1578078.0,discover,success,2025-09-09 05:23:00
65,mashhad,100.5,amex,fail,2025-09-23 22:27:00
16,tehran,419089.0,mastercard,success,2025-09-13 04:15:00
30,karaj,1305967.0,mastercard,success,2025-09-23 12:44:00
42,tehran,1578078.0,mastercard,fail,2025-09-28 17:17:00
61,karaj,450000.0,visa,fail,2025-09-11 07:08:00
74,karaj,1050805.0,visa,fail,2025-09-15 16:40:00
77,tehran,1463119.0,visa,fail,2025-09-25 17:17:00
48,shiraz,583952.0,amex,success,2025-09-26 03:27:00
94,tehran,650000.0,discover,fail,2025-09-29 00:00:00
57,tabriz,419089.0,mastercard,fail,2025-09-01 09:45:00
68,shiraz,100.5,mastercard,fail,2025-09-04 06:06:00
46,tehran,1463119.0,amex,fail,2025-09-14 16:40:00
77,mashhad,1427657.0,visa,fail,2025-09-03 13:10:00
3,karaj,976246.0,visa,fail,2025-09-30 20:20:00
19,karaj,850000.0,mastercard,fail,2025-09-03 18:00:00
93,isfahan,343679.0,amex,fail,2025-09-16 09:09:00
17,tehran,1387769.0,amex,success,2025-09-30 16:40:00
82,mashhad,419089.0,discover,fail,2025-09-20 10:48:00
82,tehran,123456.0,visa,fail,2025-09-29 02:30:00
88,tabriz,177050.0,amex,fail,2025-09-13 09:00:00
40,karaj,1883871.0,visa,fail,2025-09-15 14:11:00
50,tehran,1158713.0,mastercard,success,2025-09-14 03:00:00
29,tehran,1578078.0,visa,fail,2025-09-25 10:05:00
51,tehran,1578078.0,visa,fail,2025-09-19 03:27:00
29,isfahan,1768588.0,amex,success,2025-09-10 20:20:00
66,mashhad,555555.0,discover,fail,2025-09-27 19:51:00
17,tehran,50200.0,mastercard,fail,2025-09-15 09:00:00
93,tabriz,1578078.0,mastercard,success,2025-09-22 21:10:00
60,tehran,1578078.0,mastercard,success,2025-09-06 12:44:00
95,ahvaz,63489.0,mastercard,success,2025-09-23 14:11:00
51,tabriz,200000.0,mastercard,fail,2025-09-10 13:10:00
84,ahvaz,99999.0,discover,success,2025-09-07 23:59:00
16,karaj,5000.0,mastercard,success,2025-09-22 03:00:00
99,tehran,850000.0,mastercard,success,2025-09-17 22:27:00
14,mashhad,1463119.0,mastercard,success,2025-09-18 02:30:00
91,ahvaz,1578078.0,visa,success,2025-09-17 19:29:00
84,tehran,471227.0,visa,success,2025-09-09 21:23:00
42,mashhad,1387769.0,discover,success,2025-09-10 10:48:00
51,tehran,300000.0,visa,success,2025-09-10 08:59:00
24,tabriz,1782689.0,mastercard,fail,2025-09-25 17:17:00
43,mashhad,333333.0,mastercard,success,2025-09-16 09:00:00
84,tabriz,100.5,mastercard,success,2025-09-06 21:23:00
61,karaj,1578078.0,visa,fail,2025-09-27 09:00:00
95,karaj,555555.0,discover,success,2025-09-20 13:10:00
63,tehran,412308.0,mastercard,fail,2025-09-01 12:12:00
26,tehran,850000.0,discover,fail,2025-09-01 00:00:00
96,karaj,1000.0,discover,fail,2025-09-12 02:20:00
35,shiraz,1050805.0,visa,fail,2025-09-21 22:27:00
67,mashhad,976246.0,unknown,fail,2025-09-28 19:51:00
56,tehran,300000.0,visa,success,2025-09-02 04:04:00
40,tehran,100.5,mastercard,fail,2025-09-04 12:34:00
29,tehran,1578078.0,visa,fail,2025-09-17 06:30:00
6,karaj,250000.0,amex,fail,2025-09-04 07:32:00
52,mashhad,343679.0,discover,fail,2025-09-11 09:45:00
1,tehran,200000.0,visa,success,2025-09-22 09:45:00
52,isfahan,1158713.0,visa,fail,2025-09-26 12:44:00
24,mashhad,650000.0,visa,success,2025-09-04 19:40:00
34,karaj,583952.0,mastercard,fail,2025-09-01 04:40:00
7,tehran,650000.0,mastercard,fail,2025-09-07 08:08:00
80,ahvaz,1472823.0,mastercard,fail,2025-09-08 23:59:00
69,isfahan,850000.0,mastercard,success,2025-09-24 07:08:00
89,tabriz,63489.0,amex,fail,2025-09-19 03:27:00
30,tehran,177050.0,visa,success,2025-09-04 19:40:00
30,karaj,99999.0,visa,success,2025-09-18 04:40:00
84,tabriz,471227.0,visa,fail,2025-09-27 21:10:00
22,tehran,419089.0,visa,fail,2025-09-11 15:45:00
61,tehran,200000.0,mastercard,fail,2025-09-27 09:09:00
21,tehran,583952.0,visa,success,2025-09-14 02:30:00
37,ahvaz,1578078.0,mastercard,success,2025-09-25 10:05:00
27,qom,545116.0,mastercard,success,2025-09-18 21:21:00
35,tabriz,471227.0,amex,success,2025-09-28 21:23:00
60,ahvaz,99999.0,discover,fail,2025-09-29 00:00:00
70,karaj,419089.0,mastercard,success,2025-09-16 04:15:00
32,tabriz,1782689.0,amex,success,2025-09-03 16:40:00
80,tehran,976246.0,visa,fail,2025-09-15 14:02:00
93,mashhad,177050.0,visa,success,2025-09-27 07:08:00
80,tehran,471227.0,mastercard,fail,2025-09-27 14:55:00
27,tabriz,471227.0,mastercard,success,2025-09-04 04:15:00
3,isfahan,1158713.0,amex,success,2025-09-05 11:11:00
30,tehran,450000.0,mastercard,fail,2025-09-16 14:30:00
22,tehran,177050.0,mastercard,success,2025-09-14 19:51:00
19,ahvaz,12345.0,mastercard,success,2025-09-26 08:08:00
31,isfahan,343679.0,visa,fail,2025-09-16 16:40:00
20,tabriz,200000.0,visa,fail,2025-09-07 17:17:00
19,tehran,1158713.0,visa,fail,2025-09-09 19:29:00
2,shiraz,250000.0,discover,fail,2025-09-04 23:17:00
40,karaj,774681.0,discover,fail,2025-09-30 14:55:00
39,ahvaz,100.5,discover,fail,2025-09-30 00:00:00
92,isfahan,443463.0,visa,success,2025-09-22 03:27:00
72,qom,1578078.0,mastercard,fail,2025-09-11 07:08:00
54,tabriz,976246.0,visa,success,2025-09-02 17:07:00
27,karaj,1578078.0,discover,fail,2025-09-12 20:33:00
79,qom,177050.0,discover,success,2025-09-12 09:45:00
12,tabriz,1387769.0,visa,fail,2025-09-30 19:40:00
78,tehran,976246.0,amex,fail,2025-09-04 08:08:00
71,qom,1427657.0,discover,success,2025-09-18 12:44:00
17,mashhad,419089.0,mastercard,fail,2025-09-26 10:05:00
91,tehran,583952.0,discover,success,2025-09-21 07:32:00
84,tehran,583952.0,amex,success,2025-09-07 19:29:00
10,tehran,63489.0,visa,success,2025-09-29 23:17:00
19,qom,120000.0,discover,success,2025-09-01 19:51:00
82,isfahan,1463119.0,unknown,fail,2025-09-26 12:44:00
30,isfahan,100.5,discover,success,2025-09-26 01:01:00
30,tabriz,419089.0,mastercard,fail,2025-09-23 09:09:00
25,qom,50200.0,mastercard,fail,2025-09-26 19:29:00
89,tehran,1768588.0,visa,success,2025-09-13 21:21:00
74,tehran,585954.0,visa,fail,2025-09-06 21:10:00
97,karaj,1305967.0,mastercard,success,2025-09-12 03:27:00
35,tabriz,100.5,mastercard,success,2025-09-08 16:16:00
51,tabriz,976246.0,visa,success,2025-09-24 07:32:00
27,karaj,1463119.0,mastercard,fail,2025-09-05 09:45:00
10,tabriz,300000.0,mastercard,success,2025-09-18 02:30:00
98,tabriz,1502601.0,amex,fail,2025-09-30 19:29:00
71,karaj,471227.0,discover,fail,2025-09-25 02:30:00
6,tabriz,177050.0,amex,fail,2025-09-10 07:08:00
6,ahvaz,419089.0,visa,success,2025-09-01 14:30:00
77,isfahan,177050.0,visa,fail,2025-09-10 23:59:00
48,isfahan,1578078.0,visa,success,2025-09-05 04:40:00
77,tabriz,1050805.0,amex,success,2025-09-12 14:11:00
2,tehran,250000.0,visa,success,2025-09-22 20:33:00
83,isfahan,1782689.0,discover,fail,2025-09-30 21:21:00
51,tehran,123456.0,visa,fail,2025-09-27 01:51:00
61,mashhad,1578078.0,discover,success,2025-09-07 00:00:00
19,karaj,1463119.0,mastercard,fail,2025-09-09 13:10:00
2,tehran,300000.0,mastercard,fail,2025-09-22 08:59:00
51,tehran,976246.0,unknown,success,2025-09-21 04:04:00
70,mashhad,50200.0,discover,success,2025-09-23 11:11:00
20,tehran,850000.0,discover,fail,2025-09-29 19:51:00
23,tehran,100.5,discover,success,2025-09-01 10:48:00
54,mashhad,850000.0,visa,fail,2025-09-11 08:08:00
15,qom,774681.0,discover,success,2025-09-30 23:59:00
35,ahvaz,585954.0,visa,success,2025-09-02 08:59:00
75,tabriz,555555.0,visa,fail,2025-09-20 07:08:00
8,ahvaz,850000.0,mastercard,fail,2025-09-07 01:01:00
57,qom,1387769.0,visa,success,2025-09-21 19:19:00
50,mashhad,1768588.0,visa,success,2025-09-12 02:37:00
89,karaj,200000.0,discover,fail,2025-09-18 09:09:00
21,karaj,1472823.0,amex,success,2025-09-03 02:30:00
36,tehran,419089.0,visa,success,2025-09-07 00:00:00
71,tehran,250000.0,visa,fail,2025-09-11 18:45:00
69,ahvaz,1768588.0,visa,fail,2025-09-18 02:54:00
63,tabriz,99999.0,mastercard,fail,2025-09-06 08:59:00
94,tehran,200000.0,visa,success,2025-09-05 08:59:00
16,tehran,1387769.0,visa,success,2025-09-26 12:34:00
6,shiraz,177050.0,discover,fail,2025-09-01 08:08:00
52,tehran,471227.0,mastercard,fail,2025-09-27 02:20:00
2,karaj,583952.0,mastercard,fail,2025-09-26 10:48:00
96,isfahan,452545.0,visa,fail,2025-09-04 10:48:00
77,tabriz,545116.0,visa,fail,2025-09-27 18:00:00
18,tehran,471227.0,visa,success,2025-09-18 02:30:00
81,tehran,976246.0,visa,success,2025-09-04 19:40:00
35,tehran,443463.0,visa,success,2025-09-29 13:13:00
39,shiraz,343679.0,mastercard,success,2025-09-22 09:09:00
1,tehran,650000.0,mastercard,success,2025-09-02 21:21:00
1,karaj,443463.0,mastercard,fail,2025-09-10 10:05:00
4,tehran,177050.0,discover,success,2025-09-25 12:44:00
97,tehran,1463119.0,mastercard,fail,2025-09-23 03:00:00
58,tabriz,177050.0,discover,fail,2025-09-25 09:00:00
1,tabriz,585954.0,visa,success,2025-09-21 16:40:00
13,tehran,1387769.0,visa,fail,2025-09-23 21:23:00
46,tabriz,50200.0,unknown,fail,2025-09-27 03:27:00
47,isfahan,1782689.0,mastercard,success,2025-09-16 02:37:00
76,tehran,250000.0,mastercard,success,2025-09-07 09:45:00
7,tehran,12345.0,discover,fail,2025-09-28 23:59:00
51,tehran,583952.0,visa,success,2025-09-28 09:00:00
3,tehran,850000.0,discover,success,2025-09-19 19:40:00
26,tehran,1578078.0,visa,success,2025-09-17 21:23:00
62,qom,200000.0,visa,success,2025-09-26 04:40:00
26,tabriz,200000.0,mastercard,success,2025-09-13 19:51:00
55,tehran,123456.0,mastercard,success,2025-09-05 14:00:00
28,karaj,1387769.0,mastercard,fail,2025-09-23 11:11:00
81,tabriz,205000.0,mastercard,success,2025-09-10 10:48:00
66,mashhad,1050805.0,mastercard,fail,2025-09-10 13:10:00
66,karaj,976246.0,mastercard,fail,2025-09-15 18:12:00
97,isfahan,1782689.0,mastercard,fail,2025-09-03 19:51:00
40,tabriz,1050805.0,visa,fail,2025-09-19 19:19:00
13,tehran,471227.0,mastercard,success,2025-09-10 06:30:00
17,isfahan,976246.0,visa,fail,2025-09-28 03:27:00
15,ahvaz,1387769.0,visa,fail,2025-09-29 19:51:00
16,qom,250000.0,mastercard,fail,2025-09-03 18:00:00
87,karaj,63489.0,mastercard,success,2025-09-12 02:37:00
23,tehran,100.5,discover,success,2025-09-15 19:51:00
36,mashhad,585954.0,visa,fail,2025-09-06 04:40:00
43,tabriz,452545.0,discover,fail,2025-09-13 15:45:00
74,shiraz,5000.0,visa,success,2025-09-19 20:33:00
81,qom,1000.0,visa,success,2025-09-03 11:11:00
95,ahvaz,914282.0,mastercard,fail,2025-09-08 21:21:00
13,tehran,419089.0,visa,success,2025-09-08 06:30:00
57,ahvaz,1883871.0,visa,fail,2025-09-26 08:08:00
30,isfahan,1883871.0,discover,success,2025-09-20 07:07:00
71,shiraz,1768588.0,mastercard,fail,2025-09-15 05:56:00
66,qom,177050.0,visa,fail,2025-09-21 13:13:00
95,mashhad,12345.0,amex,fail,2025-09-03 02:30:00
37,ahvaz,914465.0,visa,fail,2025-09-23 07:32:00
3,tabriz,250000.0,mastercard,success,2025-09-16 17:17:00
87,mashhad,1502601.0,mastercard,success,2025-09-16 03:27:00
38,isfahan,583952.0,visa,success,2025-09-09 02:37:00
14,tabriz,914465.0,mastercard,fail,2025-09-28 14:02:00
64,tehran,914465.0,mastercard,success,2025-09-14 02:30:00
39,tehran,774681.0,discover,success,2025-09-13 23:17:00
54,tehran,1578078.0,discover,fail,2025-09-21 13:13:00
53,karaj,177050.0,mastercard,fail,2025-09-07 02:20:00
3,tabriz,100.5,visa,fail,2025-09-06 03:27:00
8,tehran,200000.0,visa,success,2025-09-09 05:23:00
91,ahvaz,412308.0,visa,fail,2025-09-22 19:19:00
75,mashhad,450000.0,visa,fail,2025-09-17 01:01:00
65,tabriz,1768588.0,mastercard,success,2025-09-12 17:17:00
4,tehran,1578078.0,mastercard,success,2025-09-10 12:12:00
68,shiraz,200000.0,discover,success,2025-09-11 17:07:00
93,isfahan,914465.0,mastercard,success,2025-09-16 21:23:00
75,karaj,1387769.0,mastercard,fail,2025-09-08 10:48:00
50,tabriz,177050.0,visa,success,2025-09-24 09:45:00
23,shiraz,200000.0,visa,success,2025-09-17 14:11:00
61,tabriz,583952.0,visa,success,2025-09-25 13:13:00
3,tehran,452545.0,visa,fail,2025-09-12 19:19:00
17,tehran,412308.0,visa,fail,2025-09-25 04:04:00
16,isfahan,250000.0,visa,fail,2025-09-26 09:00:00
80,shiraz,585954.0,mastercard,fail,2025-09-14 05:56:00
3,karaj,343679.0,visa,success,2025-09-16 21:23:00
52,tehran,1472823.0,mastercard,success,2025-09-14 01:01:00
33,tehran,343679.0,mastercard,success,2025-09-09 04:40:00
42,ahvaz,5000.0,mastercard,fail,2025-09-04 01:51:00
2,karaj,1768588.0,mastercard,fail,2025-09-25 21:21:00
39,karaj,123456.0,visa,success,2025-09-23 19:51:00
46,shiraz,100000.0,mastercard,fail,2025-09-11 02:24:00
48,ahvaz,914282.0,discover,success,2025-09-06 20:20:00
27,isfahan,120000.0,mastercard,success,2025-09-15 14:02:00
15,qom,650000.0,amex,fail,2025-09-05 15:45:00
7,ahvaz,452545.0,visa,fail,2025-09-11 10:05:00
57,tehran,343679.0,discover,success,2025-09-25 08:59:00
42,isfahan,774681.0,mastercard,fail,2025-09-18 19:51:00
57,karaj,412308.0,discover,success,2025-09-11 08:08:00
30,tehran,1578078.0,visa,fail,2025-09-28 22:27:00
55,tehran,1305967.0,mastercard,success,2025-09-18 21:10:00
84,tehran,914465.0,mastercard,success,2025-09-27 19:29:00
84,tehran,585954.0,visa,fail,2025-09-28 19:51:00
54,tabriz,914465.0,visa,fail,2025-09-25 13:10:00
27,tehran,333333.0,amex,fail,2025-09-28 07:32:00
40,tabriz,1427657.0,discover,fail,2025-09-15 21:21:00
14,karaj,583952.0,amex,fail,2025-09-28 07:08:00
10,mashhad,123456.0,discover,fail,2025-09-01 06:30:00
18,karaj,774681.0,mastercard,fail,2025-09-14 02:24:00
16,tehran,850000.0,discover,success,2025-09-02 23:17:00
52,tehran,100.5,visa,success,2025-09-16 08:08:00
69,tehran,976246.0,amex,success,2025-09-03 01:51:00
52,karaj,850000.0,mastercard,fail,2025-09-26 00:00:00
31,isfahan,100000.0,discover,success,2025-09-08 16:40:00
84,karaj,1050805.0,mastercard,fail,2025-09-06 21:23:00
23,tabriz,100.5,visa,success,2025-09-16 18:00:00
42,karaj,1883871.0,mastercard,fail,2025-09-16 04:40:00
81,qom,1502601.0,amex,fail,2025-09-07 19:40:00
77,karaj,100.5,visa,fail,2025-09-05 02:37:00
81,tehran,583952.0,visa,fail,2025-09-25 18:00:00
15,tabriz,1158713.0,visa,success,2025-09-20 18:45:00
91,tehran,100.5,discover,fail,2025-09-22 02:20:00
42,tehran,1883871.0,discover,fail,2025-09-18 07:08:00
45,tabriz,650000.0,mastercard,fail,2025-09-02 19:51:00
95,ahvaz,333333.0,visa,success,2025-09-10 21:23:00
35,karaj,250000.0,mastercard,fail,2025-09-23 23:59:00
74,tehran,585954.0,visa,success,2025-09-18 21:23:00
75,tehran,1578078.0,discover,success,2025-09-15 11:11:00
38,tehran,914282.0,mastercard,success,2025-09-12 14:11:00
98,mashhad,1578078.0,mastercard,success,2025-09-15 12:12:00
64,tehran,123456.0,visa,success,2025-09-18 11:11:00
7,tehran,1158713.0,discover,fail,2025-09-15 04:40:00
44,tehran,1158713.0,mastercard,success,2025-09-25 23:17:00
76,mashhad,300000.0,mastercard,fail,2025-09-23 23:59:00
7,unknown,63489.0,visa,success,2025-09-11 10:05:00
66,tehran,1578078.0,amex,success,2025-09-19 19:19:00
60,qom,100.5,discover,success,2025-09-03 14:55:00
1,isfahan,5000.0,mastercard,success,2025-09-07 06:30:00
62,isfahan,300000.0,discover,success,2025-09-21 00:00:00
88,tehran,1768588.0,amex,fail,2025-09-26 10:05:00
90,qom,850000.0,discover,fail,2025-09-14 04:04:00
18,ahvaz,100.5,discover,fail,2025-09-14 12:12:00
7,shiraz,452545.0,visa,success,2025-09-22 09:00:00
54,mashhad,914465.0,mastercard,success,2025-09-13 17:17:00
67,ahvaz,452545.0,amex,success,2025-09-12 14:11:00
61,ahvaz,914465.0,visa,success,2025-09-01 01:01:00
59,mashhad,452545.0,visa,success,2025-09-19 18:00:00
59,tehran,585954.0,mastercard,success,2025-09-11 23:59:00
69,tehran,1463119.0,mastercard,fail,2025-09-23 04:15:00
99,isfahan,1050805.0,discover,success,2025-09-23 18:12:00
78,tabriz,412308.0,discover,success,2025-09-22 14:55:00
55,tehran,250000.0,visa,fail,2025-09-19 23:17:00
6,mashhad,50200.0,mastercard,success,2025-09-18 23:59:00
56,karaj,1000.0,mastercard,fail,2025-09-23 17:17:00
98,tabriz,976246.0,visa,success,2025-09-28 20:33:00
75,shiraz,50200.0,discover,success,2025-09-28 11:11:00
10,tehran,200000.0,visa,success,2025-09-27 08:08:00
16,shiraz,555555.0,mastercard,success,2025-09-19 19:51:00
16,tehran,1427657.0,amex,fail,2025-09-28 18:00:00
56,tabriz,976246.0,visa,fail,2025-09-27 05:56:00
96,tehran,585954.0,visa,success,2025-09-20 11:11:00
6,qom,850000.0,discover,success,2025-09-29 21:23:00
30,tabriz,50200.0,discover,fail,2025-09-30 13:13:00
63,tehran,123456.0,mastercard,fail,2025-09-17 05:56:00
1,ahvaz,300000.0,discover,success,2025-09-05 17:17:00
51,karaj,900000.0,discover,fail,2025-09-26 11:11:00
90,tehran,1427657.0,visa,success,2025-09-03 00:00:00
46,ahvaz,123456.0,visa,success,2025-09-02 08:08:00
21,tabriz,976246.0,discover,success,2025-09-03 22:27:00
100,qom,1158713.0,visa,fail,2025-09-08 15:45:00
38,karaj,1000.0,mastercard,success,2025-09-16 09:00:00
69,tehran,1472823.0,discover,success,2025-09-06 08:08:00
63,tehran,1578078.0,visa,fail,2025-09-13 02:30:00
12,tehran,1502601.0,mastercard,fail,2025-09-23 02:20:00
73,karaj,12345.0,visa,fail,2025-09-22 11:11:00
44,karaj,250000.0,discover,fail,2025-09-22 13:10:00
52,tehran,100.5,mastercard,success,2025-09-16 10:05:00
100,shiraz,1427657.0,visa,fail,2025-09-16 00:00:00
65,tabriz,1782689.0,mastercard,success,2025-09-03 21:21:00
10,tabriz,650000.0,discover,success,2025-09-28 14:30:00
46,tabriz,100000.0,discover,success,2025-09-13 23:59:00
58,karaj,123456.0,mastercard,fail,2025-09-14 19:51:00
52,tabriz,419089.0,visa,success,2025-09-12 13:13:00
100,tehran,12345.0,visa,fail,2025-09-23 13:10:00
13,ahvaz,1050805.0,mastercard,success,2025-09-22 02:37:00
58,tehran,120000.0,mastercard,success,2025-09-26 19:51:00
48,tabriz,443463.0,amex,success,2025-09-08 18:45:00
32,shiraz,177050.0,visa,fail,2025-09-21 04:15:00
11,tabriz,1768588.0,visa,success,2025-09-25 20:20:00
81,tabriz,205000.0,visa,fail,2025-09-09 18:45:00
5,karaj,205000.0,mastercard,fail,2025-09-01 23:59:00
74,tabriz,419089.0,mastercard,fail,2025-09-23 12:12:00
98,tehran,419089.0,mastercard,fail,2025-09-19 13:13:00
95,isfahan,177050.0,visa,success,2025-09-23 20:20:00
21,ahvaz,200000.0,visa,success,2025-09-11 02:54:00
42,tehran,555555.0,discover,fail,2025-09-11 02:24:00
81,shiraz,1050805.0,discover,success,2025-09-23 10:48:00
27,tehran,471227.0,amex,fail,2025-09-30 18:45:00
60,tehran,1050805.0,mastercard,success,2025-09-11 02:30:00
94,tehran,419089.0,mastercard,fail,2025-09-18 02:30:00
94,ahvaz,850000.0,visa,fail,2025-09-15 12:12:00
34,tabriz,471227.0,mastercard,fail,2025-09-21 15:45:00
37,tehran,650000.0,mastercard,success,2025-09-25 02:37:00
60,isfahan,452545.0,mastercard,success,2025-09-27 14:00:00
91,mashhad,850000.0,visa,fail,2025-09-13 02:24:00
1,qom,471227.0,amex,success,2025-09-12 06:30:00
59,mashhad,1768588.0,mastercard,fail,2025-09-18 20:33:00
4,tabriz,914465.0,discover,success,2025-09-24 06:06:00
14,karaj,1305967.0,mastercard,success,2025-09-19 06:30:00
18,tehran,914465.0,visa,fail,2025-09-15 03:00:00
34,tehran,443463.0,mastercard,fail,2025-09-08 19:51:00
1,mashhad,100.5,unknown,fail,2025-09-19 07:08:00
53,qom,583952.0,mastercard,fail,2025-09-10 08:08:00
22,tabriz,333333.0,discover,fail,2025-09-07 23:59:00
80,qom,774681.0,mastercard,success,2025-09-18 09:09:00
61,mashhad,555555.0,discover,fail,2025-09-16 15:45:00
22,isfahan,12345.0,visa,fail,2025-09-20 02:20:00
50,shiraz,555555.0,amex,success,2025-09-27 14:11:00
16,tehran,1472823.0,visa,fail,2025-09-06 05:56:00
28,mashhad,471227.0,visa,success,2025-09-27 13:13:00
93,ahvaz,300000.0,mastercard,success,2025-09-09 19:19:00
87,tabriz,12345.0,amex,fail,2025-09-21 13:13:00
70,ahvaz,100.5,visa,fail,2025-09-13 19:40:00
90,shiraz,1883871.0,amex,fail,2025-09-25 13:13:00
66,tehran,63489.0,visa,fail,2025-09-26 07:32:00
71,tabriz,205000.0,mastercard,success,2025-09-08 03:27:00
81,isfahan,205000.0,mastercard,fail,2025-09-16 15:45:00
35,tehran,555555.0,mastercard,fail,2025-09-13 11:11:00
20,karaj,5000.0,visa,success,2025-09-13 09:00:00
2,karaj,177050.0,visa,fail,2025-09-17 10:48:00
97,isfahan,1782689.0,mastercard,success,2025-09-20 04:40:00
83,tehran,545116.0,visa,fail,2025-09-22 02:54:00
76,tabriz,1768588.0,amex,success,2025-09-21 19:40:00
9,isfahan,177050.0,unknown,success,2025-09-28 02:30:00
27,mashhad,1305967.0,mastercard,success,2025-09-17 13:13:00
78,mashhad,914282.0,mastercard,fail,2025-09-28 07:32:00
2,tabriz,1387769.0,visa,fail,2025-09-09 08:08:00
85,qom,200000.0,visa,success,2025-09-02 18:45:00
68,tehran,100.5,visa,fail,2025-09-25 10:05:00
60,tehran,585954.0,visa,success,2025-09-26 01:51:00
85,karaj,1782689.0,mastercard,fail,2025-09-18 10:05:00
87,shiraz,1158713.0,discover,fail,2025-09-09 02:54:00
49,tehran,63489.0,visa,fail,2025-09-06 18:45:00
89,tabriz,1463119.0,visa,fail,2025-09-06 20:33:00
20,qom,585954.0,discover,success,2025-09-06 18:12:00
76,mashhad,976246.0,discover,success,2025-09-13 17:17:00
99,tabriz,583952.0,amex,success,2025-09-02 04:15:00
32,tabriz,914465.0,mastercard,success,2025-09-08 09:45:00
51,karaj,471227.0,discover,fail,2025-09-03 02:30:00
89,tehran,914465.0,visa,success,2025-09-23 07:08:00
42,tabriz,1782689.0,mastercard,success,2025-09-21 00:00:00
63,tehran,63489.0,visa,success,2025-09-03 21:23:00
90,unknown,914282.0,mastercard,fail,2025-09-01 22:27:00
61,karaj,343679.0,visa,fail,2025-09-24 19:51:00
62,tehran,300000.0,discover,fail,2025-09-19 21:10:00
90,ahvaz,1883871.0,visa,success,2025-09-17 05:56:00
93,karaj,914465.0,discover,fail,2025-09-20 12:34:00
76,tehran,5000.0,visa,success,2025-09-29 02:30:00
48,tabriz,177050.0,unknown,fail,2025-09-13 06:06:00
8,tabriz,100.5,mastercard,fail,2025-09-03 23:17:00
5,tehran,585954.0,discover,success,2025-09-30 11:11:00
11,isfahan,774681.0,mastercard,fail,2025-09-01 11:11:00
42,ahvaz,177050.0,visa,fail,2025-09-04 10:48:00
92,isfahan,774681.0,mastercard,success,2025-09-13 10:48:00
41,karaj,914465.0,visa,success,2025-09-17 10:48:00
55,tehran,100.5,discover,fail,2025-09-02 14:30:00
61,isfahan,1578078.0,mastercard,success,2025-09-25 07:08:00
32,ahvaz,200000.0,amex,fail,2025-09-16 02:30:00
93,shiraz,250000.0,mastercard,success,2025-09-29 12:12:00
36,tehran,120000.0,amex,fail,2025-09-19 03:27:00
18,tehran,1427657.0,discover,success,2025-09-23 12:12:00
74,ahvaz,177050.0,visa,success,2025-09-19 02:24:00
97,tehran,452545.0,visa,fail,2025-09-25 05:56:00
12,qom,120000.0,visa,success,2025-09-22 01:01:00
72,isfahan,914465.0,amex,success,2025-09-19 18:00:00
98,tehran,177050.0,visa,success,2025-09-09 09:45:00
46,isfahan,914282.0,mastercard,fail,2025-09-01 14:02:00
55,shiraz,585954.0,amex,fail,2025-09-10 23:17:00
38,tehran,585954.0,mastercard,fail,2025-09-19 14:00:00
78,shiraz,900000.0,visa,success,2025-09-01 14:30:00
2,tehran,300000.0,amex,fail,2025-09-02 19:51:00
9,tehran,100000.0,discover,fail,2025-09-16 00:00:00
5,tabriz,1305967.0,mastercard,success,2025-09-12 23:17:00
99,tehran,100.5,visa,fail,2025-09-08 22:27:00
19,tehran,200000.0,visa,fail,2025-09-23 10:48:00
71,tabriz,1578078.0,visa,success,2025-09-18 02:20:00
39,shiraz,976246.0,visa,fail,2025-09-02 07:07:00
42,isfahan,412308.0,amex,success,2025-09-25 10:05:00
17,mashhad,471227.0,discover,fail,2025-09-29 13:13:00
91,karaj,976246.0,discover,fail,2025-09-06 19:29:00
46,tabriz,419089.0,mastercard,fail,2025-09-21 10:05:00
92,tabriz,1463119.0,mastercard,fail,2025-09-26 03:00:00
93,tabriz,585954.0,unknown,fail,2025-09-06 14:11:00
20,ahvaz,650000.0,amex,success,2025-09-09 22:27:00
70,mashhad,1463119.0,visa,success,2025-09-16 09:45:00
8,tehran,100.5,mastercard,success,2025-09-11 02:30:00
97,karaj,850000.0,discover,success,2025-09-07 11:11:00
19,tabriz,900000.0,discover,success,2025-09-10 15:45:00
32,ahvaz,1463119.0,discover,fail,2025-09-10 06:30:00
19,mashhad,250000.0,visa,fail,2025-09-30 04:04:00
24,tabriz,583952.0,visa,success,2025-09-25 19:19:00
81,mashhad,1000.0,discover,fail,2025-09-28 11:11:00
18,karaj,1768588.0,mastercard,fail,2025-09-24 10:48:00
12,mashhad,914282.0,amex,success,2025-09-20 23:59:00
41,isfahan,914465.0,mastercard,fail,2025-09-29 13:13:00
88,ahvaz,200000.0,visa,fail,2025-09-09 20:33:00
48,karaj,50200.0,mastercard,fail,2025-09-15 20:20:00
64,tabriz,5000.0,visa,success,2025-09-08 03:00:00
16,mashhad,99999.0,discover,fail,2025-09-09 09:00:00
80,tabriz,900000.0,mastercard,fail,2025-09-13 19:29:00
23,ahvaz,774681.0,mastercard,success,2025-09-09 09:09:00
87,tehran,1578078.0,mastercard,fail,2025-09-26 12:44:00
39,ahvaz,250000.0,mastercard,fail,2025-09-04 04:15:00
33,shiraz,452545.0,mastercard,success,2025-09-17 21:10:00
24,tabriz,1463119.0,amex,success,2025-09-16 03:27:00
61,isfahan,1387769.0,discover,fail,2025-09-15 12:34:00
55,tehran,583952.0,amex,success,2025-09-03 10:05:00
61,tabriz,1883871.0,discover,fail,2025-09-25 10:05:00
84,karaj,1158713.0,discover,fail,2025-09-20 07:07:00
98,isfahan,585954.0,visa,fail,2025-09-05 07:08:00
96,karaj,333333.0,visa,fail,2025-09-23 02:37:00
40,mashhad,1883871.0,visa,fail,2025-09-05 18:45:00
74,ahvaz,343679.0,mastercard,success,2025-09-18 10:48:00
53,isfahan,976246.0,visa,success,2025-09-04 10:48:00
61,isfahan,1050805.0,amex,success,2025-09-10 16:16:00
46,ahvaz,450000.0,visa,fail,2025-09-13 17:17:00
74,mashhad,5000.0,visa,fail,2025-09-10 08:08:00
60,tehran,914465.0,visa,fail,2025-09-29 04:40:00
73,mashhad,1472823.0,visa,success,2025-09-08 10:48:00
84,tabriz,471227.0,discover,success,2025-09-03 13:13:00
48,ahvaz,914282.0,mastercard,fail,2025-09-16 11:11:00
84,tehran,177050.0,amex,fail,2025-09-14 21:23:00
40,tehran,1502601.0,amex,success,2025-09-09 21:21:00
7,isfahan,1427657.0,visa,fail,2025-09-30 07:08:00
75,mashhad,774681.0,amex,success,2025-09-21 13:13:00
19,ahvaz,900000.0,mastercard,fail,2025-09-03 12:12:00
15,tehran,1782689.0,mastercard,success,2025-09-05 11:11:00
70,qom,1578078.0,amex,fail,2025-09-29 14:02:00
61,tabriz,300000.0,mastercard,fail,2025-09-10 18:00:00
10,karaj,1472823.0,visa,success,2025-09-04 02:54:00
75,mashhad,585954.0,amex,success,2025-09-12 10:48:00
57,tehran,1472823.0,visa,success,2025-09-05 02:24:00
35,isfahan,443463.0,visa,success,2025-09-10 16:16:00
72,mashhad,1578078.0,amex,success,2025-09-28 07:08:00
93,shiraz,545116.0,visa,fail,2025-09-24 10:05:00
3,mashhad,300000.0,mastercard,fail,2025-09-09 07:08:00
66,tehran,471227.0,unknown,fail,2025-09-20 19:19:00
53,tehran,914465.0,discover,fail,2025-09-07 06:30:00
52,tabriz,914282.0,visa,fail,2025-09-22 02:24:00
54,tehran,63489.0,discover,fail,2025-09-23 10:05:00
3,qom,1387769.0,amex,fail,2025-09-08 03:27:00
84,qom,250000.0,mastercard,success,2025-09-23 11:11:00
87,tabriz,1158713.0,discover,fail,2025-09-29 06:06:00
34,karaj,1050805.0,mastercard,fail,2025-09-14 16:40:00
50,tehran,12345.0,visa,success,2025-09-26 18:45:00
33,tehran,450000.0,discover,fail,2025-09-19 11:11:00
73,karaj,1387769.0,visa,fail,2025-09-05 04:15:00
3,karaj,343679.0,visa,success,2025-09-23 23:59:00
16,isfahan,12345.0,visa,fail,2025-09-20 19:40:00
54,shiraz,1768588.0,visa,fail,2025-09-12 03:27:00
33,tabriz,412308.0,discover,fail,2025-09-23 12:44:00
9,karaj,177050.0,amex,success,2025-09-17 22:27:00
40,karaj,100.5,mastercard,success,2025-09-02 19:51:00
52,karaj,1578078.0,visa,fail,2025-09-25 04:40:00
82,shiraz,205000.0,amex,fail,2025-09-13 07:32:00
16,tehran,12345.0,amex,success,2025-09-26 21:23:00
8,tabriz,177050.0,mastercard,success,2025-09-07 11:11:00
88,mashhad,1463119.0,discover,success,2025-09-28 20:33:00
60,tabriz,100000.0,visa,fail,2025-09-10 01:01:00
36,tehran,100.5,discover,fail,2025-09-23 03:00:00
15,ahvaz,650000.0,discover,success,2025-09-03 23:59:00
98,tehran,450000.0,mastercard,success,2025-09-26 14:30:00
82,tehran,1768588.0,visa,fail,2025-09-03 12:34:00
23,isfahan,250000.0,amex,success,2025-09-18 03:27:00
3,ahvaz,343679.0,mastercard,fail,2025-09-11 11:11:00
30,tehran,850000.0,amex,fail,2025-09-22 19:40:00
17,tehran,1387769.0,visa,success,2025-09-05 07:32:00
58,tehran,585954.0,discover,fail,2025-09-22 00:00:00
97,tehran,1387769.0,amex,fail,2025-09-27 02:37:00
57,mashhad,1427657.0,mastercard,fail,2025-09-28 05:56:00
7,ahvaz,976246.0,discover,fail,2025-09-19 02:30:00
39,tabriz,1782689.0,discover,fail,2025-09-30 22:27:00
78,karaj,585954.0,visa,fail,2025-09-15 03:27:00
58,ahvaz,177050.0,visa,success,2025-09-30 06:30:00
56,tehran,452545.0,visa,success,2025-09-16 18:00:00
15,tehran,555555.0,visa,fail,2025-09-24 14:30:00
44,tehran,200000.0,mastercard,fail,2025-09-09 05:23:00
12,tehran,1463119.0,mastercard,fail,2025-09-04 02:20:00
8,isfahan,545116.0,discover,success,2025-09-15 02:37:00
80,mashhad,200000.0,visa,fail,2025-09-25 06:06:00
41,mashhad,452545.0,mastercard,success,2025-09-12 02:24:00
34,tabriz,250000.0,amex,success,2025-09-23 02:20:00
29,isfahan,914465.0,unknown,fail,2025-09-14 18:45:00
16,tehran,471227.0,visa,fail,2025-09-17 21:10:00
5,qom,976246.0,unknown,fail,2025-09-19 04:15:00
30,ahvaz,412308.0,mastercard,success,2025-09-04 03:27:00
50,tehran,1883871.0,visa,success,2025-09-07 23:59:00
5,ahvaz,1883871.0,discover,success,2025-09-30 09:00:00
13,tabriz,774681.0,discover,fail,2025-09-19 19:19:00
90,ahvaz,120000.0,visa,fail,2025-09-16 18:00:00
50,ahvaz,1463119.0,visa,success,2025-09-15 19:29:00
14,karaj,585954.0,visa,fail,2025-09-22 10:05:00
82,tehran,12345.0,visa,success,2025-09-08 14:30:00
34,isfahan,120000.0,mastercard,fail,2025-09-28 02:30:00
47,mashhad,100.5,visa,success,2025-09-20 00:00:00
60,mashhad,1883871.0,visa,success,2025-09-19 10:48:00
79,isfahan,250000.0,amex,success,2025-09-17 11:11:00
81,tabriz,1463119.0,amex,fail,2025-09-13 03:00:00
99,ahvaz,583952.0,visa,fail,2025-09-07 19:40:00
92,mashhad,471227.0,mastercard,fail,2025-09-27 19:51:00
85,shiraz,205000.0,visa,success,2025-09-10 02:37:00
96,qom,177050.0,visa,success,2025-09-02 05:56:00
50,tehran,1463119.0,visa,success,2025-09-04 09:09:00
4,isfahan,450000.0,visa,success,2025-09-25 06:06:00
59,shiraz,443463.0,mastercard,success,2025-09-24 14:02:00
62,qom,50200.0,mastercard,fail,2025-09-06 18:12:00
84,tehran,583952.0,amex,fail,2025-09-29 04:04:00
25,isfahan,471227.0,visa,success,2025-09-30 21:10:00
88,tehran,1463119.0,visa,fail,2025-09-25 17:07:00
79,tehran,1502601.0,mastercard,success,2025-09-23 00:00:00
33,ahvaz,1050805.0,discover,success,2025-09-17 14:02:00
19,karaj,100.5,discover,fail,2025-09-14 17:17:00
57,isfahan,545116.0,visa,fail,2025-09-24 23:59:00
15,isfahan,1158713.0,visa,fail,2025-09-11 02:30:00
41,tehran,1000.0,mastercard,success,2025-09-26 13:13:00
69,isfahan,100.5,amex,fail,2025-09-19 05:23:00
60,tehran,1883871.0,visa,success,2025-09-02 14:55:00
97,karaj,914282.0,visa,fail,2025-09-28 07:08:00
22,isfahan,1883871.0,visa,fail,2025-09-03 21:10:00
32,karaj,419089.0,visa,fail,2025-09-06 08:08:00
13,mashhad,1387769.0,amex,success,2025-09-29 10:05:00
38,qom,1578078.0,discover,fail,2025-09-14 14:02:00
26,tehran,177050.0,mastercard,success,2025-09-19 09:00:00
5,tehran,450000.0,amex,success,2025-09-16 19:19:00
98,ahvaz,850000.0,discover,fail,2025-09-22 02:54:00
5,tabriz,177050.0,unknown,success,2025-09-07 07:08:00
96,tehran,5000.0,unknown,fail,2025-09-19 12:44:00
42,tehran,914282.0,discover,success,2025-09-27 05:56:00
52,shiraz,914465.0,unknown,success,2025-09-07 14:30:00
11,tehran,1502601.0,visa,success,2025-09-09 04:40:00
26,tehran,100.5,mastercard,success,2025-09-13 03:27:00
21,mashhad,200000.0,visa,fail,2025-09-01 18:00:00
66,tabriz,419089.0,discover,success,2025-09-29 17:07:00
40,ahvaz,123456.0,visa,success,2025-09-08 04:15:00
56,karaj,1472823.0,visa,success,2025-09-24 04:04:00
51,shiraz,177050.0,visa,success,2025-09-22 22:27:00
20,tabriz,914282.0,mastercard,fail,2025-09-04 10:05:00
81,mashhad,1578078.0,visa,success,2025-09-03 08:08:00
80,karaj,1768588.0,visa,fail,2025-09-27 18:00:00
5,tabriz,12345.0,amex,success,2025-09-22 08:08:00
14,karaj,443463.0,mastercard,fail,2025-09-13 07:07:00
68,shiraz,12345.0,mastercard,success,2025-09-07 06:06:00
48,ahvaz,585954.0,discover,success,2025-09-01 18:00:00
47,tehran,585954.0,mastercard,success,2025-09-16 10:48:00
73,tehran,1000.0,visa,success,2025-09-07 19:29:00
82,karaj,583952.0,amex,fail,2025-09-09 13:13:00
98,karaj,1387769.0,amex,success,2025-09-01 12:44:00
1,tehran,1000.0,amex,success,2025-09-18 04:04:00
35,karaj,900000.0,mastercard,fail,2025-09-04 21:10:00
74,tehran,850000.0,visa,success,2025-09-05 13:13:00
18,tabriz,1387769.0,mastercard,success,2025-09-27 19:51:00
78,mashhad,1578078.0,mastercard,success,2025-09-17 10:48:00
10,tehran,250000.0,mastercard,success,2025-09-03 07:32:00
74,shiraz,50200.0,mastercard,success,2025-09-16 08:08:00
18,isfahan,914465.0,discover,success,2025-09-05 15:45:00
24,isfahan,1502601.0,visa,success,2025-09-16 05:23:00
95,tehran,177050.0,amex,success,2025-09-20 23:59:00
100,qom,450000.0,visa,fail,2025-09-03 04:04:00
85,tehran,63489.0,amex,fail,2025-09-16 07:08:00
62,tabriz,914465.0,visa,fail,2025-09-29 19:51:00
45,tehran,50200.0,visa,fail,2025-09-28 20:33:00
52,tehran,585954.0,visa,fail,2025-09-24 14:11:00
71,ahvaz,1472823.0,mastercard,success,2025-09-20 08:59:00
7,tabriz,471227.0,visa,fail,2025-09-23 12:44:00
27,tehran,250000.0,discover,fail,2025-09-18 02:20:00
90,tehran,545116.0,visa,fail,2025-09-18 23:59:00
13,shiraz,205000.0,visa,success,2025-09-14 03:27:00
17,karaj,850000.0,discover,success,2025-09-18 15:45:00
13,isfahan,1305967.0,visa,success,2025-09-15 06:30:00
91,shiraz,585954.0,visa,success,2025-09-06 08:59:00
73,isfahan,1782689.0,mastercard,success,2025-09-27 18:45:00
5,tehran,250000.0,mastercard,fail,2025-09-15 07:07:00
33,karaj,12345.0,mastercard,fail,2025-09-18 17:07:00
4,shiraz,412308.0,mastercard,success,2025-09-04 23:17:00
93,isfahan,5000.0,discover,success,2025-09-23 22:27:00
26,tabriz,1158713.0,mastercard,success,2025-09-08 10:48:00
36,karaj,471227.0,visa,success,2025-09-15 10:48:00
58,ahvaz,12345.0,amex,success,2025-09-13 12:12:00
55,ahvaz,1578078.0,mastercard,fail,2025-09-09 15:45:00
35,tabriz,1050805.0,visa,success,2025-09-02 11:11:00
25,tehran,419089.0,discover,fail,2025-09-24 13:13:00
72,ahvaz,585954.0,discover,success,2025-09-08 23:59:00
61,tehran,1578078.0,discover,success,2025-09-30 20:33:00
18,tehran,343679.0,discover,success,2025-09-20 22:27:00
57,mashhad,976246.0,visa,fail,2025-09-01 13:10:00
88,ahvaz,1463119.0,discover,fail,2025-09-30 21:23:00
63,tehran,419089.0,discover,success,2025-09-15 10:05:00
12,ahvaz,471227.0,visa,fail,2025-09-12 17:07:00
11,shiraz,1883871.0,discover,success,2025-09-14 19:29:00
13,tehran,12345.0,visa,fail,2025-09-25 02:30:00
35,tabriz,914282.0,mastercard,success,2025-09-29 01:01:00
27,mashhad,585954.0,amex,success,2025-09-02 02:30:00
90,tehran,200000.0,visa,success,2025-09-18 02:24:00
67,tehran,200000.0,visa,fail,2025-09-22 19:40:00
90,tehran,1578078.0,mastercard,success,2025-09-07 12:12:00
45,tehran,100.5,discover,success,2025-09-29 11:11:00
74,tehran,450000.0,discover,fail,2025-09-23 20:20:00
81,isfahan,976246.0,mastercard,success,2025-09-29 02:30:00
92,ahvaz,900000.0,visa,success,2025-09-08 02:37:00
42,shiraz,1883871.0,mastercard,fail,2025-09-27 14:11:00
20,qom,1387769.0,unknown,fail,2025-09-22 13:13:00
48,isfahan,419089.0,discover,success,2025-09-02 03:27:00
18,shiraz,1305967.0,visa,fail,2025-09-17 08:08:00
77,tehran,1000.0,mastercard,fail,2025-09-05 20:33:00
70,karaj,1472823.0,mastercard,fail,2025-09-14 23:17:00
94,tehran,914465.0,mastercard,fail,2025-09-24 23:59:00
6,mashhad,343679.0,visa,success,2025-09-30 03:00:00
25,ahvaz,850000.0,mastercard,success,2025-09-21 19:19:00
95,mashhad,1050805.0,mastercard,success,2025-09-29 14:11:00
55,isfahan,5000.0,mastercard,fail,2025-09-21 21:10:00
16,tehran,1387769.0,visa,fail,2025-09-16 05:23:00
94,ahvaz,1387769.0,mastercard,success,2025-09-26 03:27:00
94,tehran,419089.0,mastercard,success,2025-09-11 07:32:00
97,mashhad,205000.0,discover,fail,2025-09-17 02:37:00
73,isfahan,900000.0,visa,fail,2025-09-16 00:00:00
37,ahvaz,1578078.0,visa,fail,2025-09-26 20:33:00
53,isfahan,1305967.0,discover,fail,2025-09-23 08:08:00
16,tehran,177050.0,visa,fail,2025-09-04 19:29:00
18,isfahan,419089.0,visa,success,2025-09-21 21:21:00
2,isfahan,1387769.0,visa,fail,2025-09-30 03:27:00
76,tabriz,250000.0,discover,fail,2025-09-07 04:04:00
46,tehran,1578078.0,discover,success,2025-09-25 14:11:00
82,tehran,914465.0,amex,success,2025-09-05 14:55:00
19,tehran,452545.0,amex,fail,2025-09-05 13:13:00
38,isfahan,300000.0,unknown,success,2025-09-20 14:11:00
92,karaj,1578078.0,mastercard,fail,2025-09-19 23:59:00
78,isfahan,1427657.0,unknown,success,2025-09-09 21:23:00
45,tehran,177050.0,amex,fail,2025-09-05 19:40:00
34,shiraz,100.5,mastercard,fail,2025-09-08 21:23:00
2,karaj,177050.0,visa,fail,2025-09-09 19:19:00
44,tehran,452545.0,unknown,fail,2025-09-05 10:05:00
98,qom,205000.0,visa,fail,2025-09-10 11:11:00
27,tabriz,1578078.0,mastercard,success,2025-09-02 20:20:00
48,tabriz,555555.0,mastercard,fail,2025-09-09 13:13:00
7,tehran,1578078.0,visa,fail,2025-09-04 02:37:00
27,tehran,5000.0,discover,success,2025-09-22 13:10:00
85,ahvaz,250000.0,mastercard,success,2025-09-22 14:11:00
71,isfahan,1463119.0,visa,fail,2025-09-22 03:27:00
90,tehran,50200.0,discover,fail,2025-09-02 04:40:00
18,tehran,976246.0,amex,success,2025-09-23 15:45:00
33,isfahan,1782689.0,visa,success,2025-09-29 11:11:00
33,karaj,100.5,visa,fail,2025-09-06 09:00:00
25,karaj,200000.0,visa,fail,2025-09-14 05:56:00
38,qom,1768588.0,mastercard,success,2025-09-18 23:59:00
4,karaj,555555.0,discover,fail,2025-09-01 21:10:00
62,tehran,250000.0,discover,fail,2025-09-01 09:00:00
35,qom,545116.0,amex,success,2025-09-04 16:40:00
100,tehran,99999.0,amex,fail,2025-09-04 02:30:00
90,tabriz,419089.0,mastercard,fail,2025-09-18 03:00:00
82,tabriz,300000.0,mastercard,success,2025-09-11 07:07:00
79,tabriz,200000.0,mastercard,fail,2025-09-27 14:11:00
25,mashhad,914465.0,visa,success,2025-09-01 17:07:00
97,tehran,1502601.0,mastercard,fail,2025-09-28 14:00:00
84,tabriz,1768588.0,mastercard,fail,2025-09-09 20:20:00
17,tehran,300000.0,visa,fail,2025-09-23 14:00:00
75,tehran,471227.0,visa,fail,2025-09-28 04:40:00
90,isfahan,100.5,amex,success,2025-09-30 14:11:00
20,tehran,333333.0,mastercard,fail,2025-09-16 02:37:00
25,unknown,1305967.0,amex,success,2025-09-02 03:27:00
42,tehran,900000.0,amex,success,2025-09-23 14:55:00
45,karaj,976246.0,visa,success,2025-09-18 09:09:00
31,tehran,333333.0,amex,fail,2025-09-10 11:11:00
65,tehran,1050805.0,mastercard,fail,2025-09-24 01:01:00
80,isfahan,545116.0,discover,success,2025-09-17 02:54:00
93,karaj,585954.0,amex,success,2025-09-13 20:20:00
21,unknown,1472823.0,mastercard,success,2025-09-24 09:45:00
30,isfahan,1463119.0,amex,fail,2025-09-18 20:20:00
3,tehran,1782689.0,visa,success,2025-09-22 04:40:00
99,tehran,1387769.0,mastercard,fail,2025-09-13 11:11:00
43,tehran,100.5,mastercard,fail,2025-09-05 20:33:00
29,qom,976246.0,mastercard,fail,2025-09-11 11:11:00
3,tehran,914282.0,mastercard,success,2025-09-07 10:05:00
33,karaj,914465.0,discover,fail,2025-09-10 22:27:00
75,tehran,343679.0,visa,fail,2025-09-17 10:48:00
45,isfahan,1578078.0,mastercard,fail,2025-09-15 08:08:00
69,tehran,555555.0,visa,fail,2025-09-18 02:37:00
82,tehran,914282.0,visa,success,2025-09-22 21:10:00
84,shiraz,177050.0,visa,fail,2025-09-19 09:00:00
52,karaj,452545.0,mastercard,fail,2025-09-30 12:44:00
64,isfahan,583952.0,visa,success,2025-09-26 21:21:00
40,qom,100.5,visa,fail,2025-09-02 07:08:00
91,tehran,1463119.0,mastercard,success,2025-09-03 07:08:00
80,shiraz,177050.0,visa,fail,2025-09-07 18:45:00
90,tehran,100000.0,mastercard,success,2025-09-24 12:12:00
74,karaj,471227.0,amex,fail,2025-09-18 14:02:00
63,mashhad,1463119.0,mastercard,fail,2025-09-07 02:37:00
84,tehran,177050.0,mastercard,fail,2025-09-08 06:30:00
97,isfahan,250000.0,mastercard,success,2025-09-22 14:02:00
59,karaj,100000.0,amex,success,2025-09-26 18:00:00
49,isfahan,1782689.0,amex,fail,2025-09-01 18:45:00
53,tehran,914465.0,discover,fail,2025-09-04 00:00:00
89,tehran,976246.0,visa,success,2025-09-14 07:32:00
31,tehran,343679.0,visa,fail,2025-09-17 12:34:00
12,mashhad,471227.0,visa,success,2025-09-20 13:13:00
58,tehran,205000.0,discover,fail,2025-09-18 07:08:00
6,tehran,976246.0,visa,success,2025-09-21 12:34:00
7,tehran,585954.0,amex,success,2025-09-26 21:23:00
31,tehran,1387769.0,unknown,success,2025-09-14 02:30:00
92,karaj,1578078.0,amex,success,2025-09-09 14:00:00
72,tabriz,205000.0,visa,fail,2025-09-27 01:51:00
3,tehran,1387769.0,visa,fail,2025-09-15 13:13:00
47,tehran,1050805.0,mastercard,fail,2025-09-12 09:09:00
85,tehran,100.5,amex,success,2025-09-10 02:30:00
1,tehran,1305967.0,discover,fail,2025-09-19 14:55:00
45,tabriz,205000.0,mastercard,success,2025-09-24 14:11:00
50,tehran,1463119.0,mastercard,success,2025-09-06 02:24:00
79,tehran,1305967.0,visa,fail,2025-09-20 19:19:00
7,isfahan,12345.0,amex,success,2025-09-24 07:08:00
63,tehran,99999.0,mastercard,success,2025-09-27 01:01:00
15,tehran,177050.0,discover,fail,2025-09-06 23:17:00
90,karaj,850000.0,visa,fail,2025-09-08 22:27:00
67,karaj,200000.0,mastercard,success,2025-09-01 16:40:00
30,karaj,419089.0,discover,fail,2025-09-22 14:30:00
78,mashhad,205000.0,discover,fail,2025-09-17 05:56:00
68,mashhad,343679.0,visa,fail,2025-09-17 16:40:00
36,shiraz,443463.0,visa,fail,2025-09-24 14:00:00
5,tehran,12345.0,visa,success,2025-09-07 14:00:00
25,tabriz,471227.0,unknown,success,2025-09-19 15:45:00
96,tehran,99999.0,mastercard,success,2025-09-22 07:32:00
11,isfahan,976246.0,visa,success,2025-09-25 18:00:00
66,tabriz,100.5,mastercard,success,2025-09-03 12:44:00
28,tehran,1158713.0,mastercard,fail,2025-09-30 14:02:00
60,tabriz,177050.0,visa,success,2025-09-30 02:54:00
37,tehran,585954.0,mastercard,fail,2025-09-20 11:11:00
63,tehran,100000.0,discover,fail,2025-09-30 02:54:00
61,tehran,1768588.0,mastercard,fail,2025-09-29 13:10:00
85,ahvaz,585954.0,visa,fail,2025-09-19 11:11:00
38,tehran,900000.0,mastercard,success,2025-09-10 02:20:00
33,tabriz,343679.0,amex,fail,2025-09-02 14:11:00
45,tehran,555555.0,amex,fail,2025-09-30 18:00:00
44,karaj,300000.0,discover,success,2025-09-16 09:09:00
53,karaj,650000.0,discover,success,2025-09-23 18:12:00
47,shiraz,1578078.0,visa,fail,2025-09-26 23:59:00
33,isfahan,412308.0,amex,success,2025-09-17 14:02:00
15,ahvaz,120000.0,discover,success,2025-09-23 02:54:00
14,tehran,471227.0,visa,fail,2025-09-25 05:23:00
23,isfahan,555555.0,mastercard,fail,2025-09-15 14:30:00
54,isfahan,545116.0,mastercard,fail,2025-09-14 02:54:00
8,qom,177050.0,unknown,success,2025-09-24 04:04:00
36,tehran,583952.0,amex,success,2025-09-03 22:27:00
84,qom,1158713.0,discover,fail,2025-09-24 05:56:00
52,tehran,850000.0,visa,success,2025-09-23 14:11:00
6,karaj,200000.0,visa,success,2025-09-19 10:48:00
98,tehran,1387769.0,amex,fail,2025-09-25 03:00:00
28,tehran,63489.0,visa,success,2025-09-12 02:24:00
38,qom,850000.0,mastercard,success,2025-09-03 19:19:00
30,tehran,585954.0,visa,fail,2025-09-18 06:30:00
81,tehran,63489.0,discover,fail,2025-09-29 01:51:00
93,tabriz,100.5,mastercard,success,2025-09-20 18:45:00
71,karaj,976246.0,visa,success,2025-09-29 12:44:00
46,tehran,1782689.0,visa,success,2025-09-06 14:02:00
28,isfahan,1387769.0,mastercard,success,2025-09-05 16:40:00
48,karaj,450000.0,unknown,success,2025-09-19 14:00:00
60,shiraz,471227.0,discover,fail,2025-09-21 08:08:00
5,isfahan,585954.0,mastercard,fail,2025-09-21 19:40:00
69,qom,1387769.0,mastercard,success,2025-09-16 13:10:00
78,unknown,914465.0,visa,fail,2025-09-12 11:11:00
7,tehran,200000.0,visa,success,2025-09-29 14:00:00
53,karaj,99999.0,unknown,fail,2025-09-22 03:27:00
17,tehran,1427657.0,mastercard,success,2025-09-08 21:10:00
9,tehran,650000.0,visa,success,2025-09-16 23:59:00
96,mashhad,1883871.0,amex,fail,2025-09-28 14:55:00
22,shiraz,450000.0,discover,fail,2025-09-01 01:01:00
73,tabriz,1463119.0,discover,fail,2025-09-10 19:19:00
59,tehran,976246.0,visa,success,2025-09-11 01:51:00
80,tehran,120000.0,mastercard,fail,2025-09-17 10:48:00
99,tehran,5000.0,amex,fail,2025-09-25 13:10:00
13,tehran,1768588.0,mastercard,fail,2025-09-27 23:17:00
12,tehran,250000.0,amex,success,2025-09-07 23:17:00
36,tehran,1305967.0,mastercard,fail,2025-09-12 17:17:00
10,isfahan,100.5,visa,success,2025-09-21 19:51:00
16,shiraz,1502601.0,visa,success,2025-09-07 07:07:00
19,tabriz,850000.0,mastercard,success,2025-09-15 06:06:00
6,shiraz,850000.0,mastercard,success,2025-09-02 21:23:00
30,tabriz,100000.0,visa,fail,2025-09-13 23:59:00
85,isfahan,1768588.0,mastercard,fail,2025-09-07 23:17:00
9,tehran,100.5,mastercard,success,2025-09-02 13:13:00
61,tehran,300000.0,mastercard,fail,2025-09-10 19:29:00
47,isfahan,1387769.0,discover,success,2025-09-29 18:12:00
21,tehran,250000.0,discover,success,2025-09-17 10:05:00
17,tehran,100.5,mastercard,fail,2025-09-05 21:10:00
55,tehran,1427657.0,unknown,fail,2025-09-12 20:33:00
89,mashhad,914465.0,amex,fail,2025-09-06 07:07:00
96,tehran,100.5,discover,fail,2025-09-22 13:13:00
6,tehran,99999.0,mastercard,fail,2025-09-09 02:37:00
50,tehran,1472823.0,visa,success,2025-09-01 09:45:00
37,qom,1000.0,amex,fail,2025-09-22 08:59:00
13,tabriz,412308.0,visa,fail,2025-09-15 02:30:00
97,tabriz,1768588.0,visa,success,2025-09-26 17:17:00
1,tabriz,914465.0,discover,fail,2025-09-06 05:56:00
49,qom,177050.0,unknown,fail,2025-09-19 18:00:00
53,tehran,99999.0,visa,success,2025-09-13 09:09:00
52,tehran,914282.0,mastercard,fail,2025-09-01 21:10:00
54,tehran,1768588.0,amex,success,2025-09-23 20:33:00
76,shiraz,205000.0,visa,success,2025-09-23 07:07:00
47,tehran,583952.0,mastercard,fail,2025-09-26 07:32:00
20,tehran,1768588.0,amex,fail,2025-09-07 20:33:00
33,tabriz,200000.0,amex,fail,2025-09-15 02:54:00
16,tabriz,1387769.0,mastercard,fail,2025-09-27 19:19:00
7,tehran,1782689.0,mastercard,fail,2025-09-01 14:11:00
54,tabriz,1463119.0,visa,success,2025-09-27 21:21:00
19,tehran,333333.0,visa,success,2025-09-25 12:34:00
25,tehran,583952.0,mastercard,fail,2025-09-05 02:30:00
67,tabriz,471227.0,visa,fail,2025-09-29 09:09:00
99,tehran,1463119.0,visa,fail,2025-09-23 21:10:00
75,tehran,5000.0,amex,fail,2025-09-26 12:12:00
48,tehran,333333.0,discover,success,2025-09-01 07:07:00
42,karaj,914282.0,discover,fail,2025-09-16 06:30:00
47,tehran,900000.0,mastercard,success,2025-09-23 06:30:00
92,tehran,555555.0,visa,success,2025-09-06 02:20:00
2,qom,412308.0,mastercard,fail,2025-09-16 12:12:00
6,shiraz,1502601.0,discover,fail,2025-09-14 22:27:00
66,qom,1578078.0,discover,fail,2025-09-26 02:54:00
81,tehran,100000.0,discover,fail,2025-09-03 17:17:00
40,karaj,177050.0,mastercard,success,2025-09-15 19:51:00
58,tabriz,850000.0,discover,fail,2025-09-03 04:04:00
78,tehran,419089.0,visa,success,2025-09-23 02:30:00
74,isfahan,1387769.0,discover,fail,2025-09-29 07:08:00
62,tehran,1387769.0,visa,fail,2025-09-01 05:23:00
12,qom,300000.0,visa,fail,2025-09-09 23:59:00
97,karaj,123456.0,mastercard,success,2025-09-09 14:30:00
49,isfahan,100000.0,mastercard,fail,2025-09-23 08:59:00
89,tehran,1472823.0,discover,success,2025-09-07 04:40:00
32,tehran,1768588.0,discover,success,2025-09-07 05:23:00
49,shiraz,177050.0,discover,fail,2025-09-09 07:07:00
98,tehran,1782689.0,discover,fail,2025-09-01 04:04:00
60,isfahan,100.5,visa,success,2025-09-29 12:12:00
41,mashhad,1768588.0,amex,success,2025-09-07 08:08:00
81,shiraz,555555.0,visa,success,2025-09-10 04:04:00
67,tabriz,12345.0,visa,fail,2025-09-07 14:11:00
13,tehran,120000.0,visa,fail,2025-09-26 22:27:00
18,tehran,63489.0,discover,success,2025-09-02 03:27:00
88,ahvaz,100.5,discover,success,2025-09-30 02:30:00
98,tehran,1472823.0,visa,fail,2025-09-21 12:12:00
51,mashhad,1427657.0,visa,fail,2025-09-30 01:51:00
36,ahvaz,412308.0,amex,success,2025-09-28 05:56:00
34,shiraz,900000.0,discover,fail,2025-09-01 09:45:00
48,isfahan,419089.0,discover,success,2025-09-15 14:11:00
92,karaj,1768588.0,mastercard,success,2025-09-10 00:00:00
40,tehran,976246.0,visa,success,2025-09-19 07:32:00
13,tabriz,5000.0,visa,fail,2025-09-12 18:45:00
26,tehran,5000.0,visa,fail,2025-09-24 02:37:00
14,tabriz,120000.0,discover,fail,2025-09-16 07:32:00
97,tehran,1050805.0,discover,success,2025-09-09 02:24:00
38,mashhad,1000.0,mastercard,success,2025-09-30 14:00:00
80,tabriz,200000.0,amex,success,2025-09-27 03:27:00
57,unknown,914465.0,mastercard,fail,2025-09-28 14:11:00
22,unknown,412308.0,mastercard,success,2025-09-17 18:12:00
16,tabriz,545116.0,mastercard,fail,2025-09-14 18:45:00
77,tabriz,471227.0,visa,success,2025-09-27 08:59:00
76,ahvaz,1883871.0,mastercard,fail,2025-09-18 11:11:00
29,shiraz,1502601.0,visa,success,2025-09-02 22:27:00
82,tehran,471227.0,mastercard,success,2025-09-04 23:59:00
54,shiraz,200000.0,visa,fail,2025-09-07 07:07:00
2,karaj,343679.0,discover,fail,2025-09-13 10:48:00
3,tehran,333333.0,amex,success,2025-09-15 20:20:00
94,ahvaz,1427657.0,amex,fail,2025-09-25 16:16:00
56,tehran,850000.0,mastercard,fail,2025-09-23 13:13:00
72,tehran,250000.0,visa,fail,2025-09-28 03:27:00
11,tabriz,99999.0,visa,success,2025-09-22 21:23:00
76,tabriz,1883871.0,amex,success,2025-09-26 02:37:00
4,tehran,900000.0,mastercard,fail,2025-09-11 07:08:00
9,tehran,452545.0,visa,success,2025-09-10 11:11:00
56,ahvaz,1158713.0,mastercard,fail,2025-09-05 08:59:00
16,isfahan,850000.0,discover,success,2025-09-16 02:37:00
81,qom,177050.0,mastercard,success,2025-09-11 04:15:00
87,tehran,1472823.0,visa,fail,2025-09-21 02:54:00
71,tabriz,177050.0,visa,fail,2025-09-06 05:56:00
24,tehran,850000.0,visa,fail,2025-09-08 13:10:00
64,tehran,850000.0,mastercard,fail,2025-09-14 10:05:00
56,karaj,1387769.0,discover,fail,2025-09-24 16:40:00
90,tabriz,99999.0,mastercard,success,2025-09-24 23:59:00
22,tehran,1158713.0,mastercard,fail,2025-09-05 03:27:00
50,tehran,1768588.0,mastercard,success,2025-09-02 09:00:00
23,tehran,1502601.0,mastercard,success,2025-09-28 07:08:00
92,qom,1472823.0,visa,success,2025-09-09 23:17:00
76,tehran,177050.0,mastercard,success,2025-09-04 03:27:00
19,tehran,100.5,mastercard,fail,2025-09-17 05:23:00
52,shiraz,650000.0,visa,fail,2025-09-21 02:30:00
97,isfahan,63489.0,mastercard,success,2025-09-16 12:34:00
61,tehran,200000.0,mastercard,fail,2025-09-08 02:30:00
85,karaj,1768588.0,amex,fail,2025-09-26 10:48:00
7,tabriz,177050.0,visa,success,2025-09-18 18:00:00
41,shiraz,583952.0,visa,success,2025-09-23 14:11:00
2,qom,177050.0,discover,fail,2025-09-29 00:00:00
90,qom,850000.0,mastercard,success,2025-09-24 02:54:00
10,tabriz,471227.0,mastercard,success,2025-09-10 17:17:00
44,tehran,555555.0,mastercard,fail,2025-09-13 12:44:00
70,tehran,976246.0,mastercard,success,2025-09-17 05:56:00
92,tehran,1387769.0,visa,success,2025-09-18 16:16:00
74,tehran,450000.0,amex,fail,2025-09-20 14:11:00
73,tehran,419089.0,discover,fail,2025-09-05 07:08:00
72,mashhad,1463119.0,mastercard,success,2025-09-09 13:10:00
54,isfahan,1578078.0,discover,fail,2025-09-14 11:11:00
96,tabriz,452545.0,visa,fail,2025-09-17 09:00:00
80,tabriz,250000.0,mastercard,success,2025-09-29 05:56:00
28,qom,343679.0,visa,fail,2025-09-04 11:11:00
70,tehran,914282.0,visa,success,2025-09-18 19:40:00
32,tehran,976246.0,discover,success,2025-09-27 21:23:00
93,tehran,177050.0,visa,fail,2025-09-20 19:51:00
11,shiraz,419089.0,amex,fail,2025-09-24 21:23:00
23,tehran,1502601.0,mastercard,fail,2025-09-15 03:27:00
30,karaj,471227.0,mastercard,success,2025-09-11 02:37:00
9,ahvaz,976246.0,visa,fail,2025-09-12 02:30:00
93,isfahan,914282.0,visa,success,2025-09-09 03:00:00
59,isfahan,1782689.0,discover,fail,2025-09-15 06:30:00
28,tehran,300000.0,mastercard,fail,2025-09-27 22:27:00
79,tehran,200000.0,mastercard,fail,2025-09-28 11:11:00
33,ahvaz,585954.0,visa,fail,2025-09-05 07:08:00
47,tehran,471227.0,amex,fail,2025-09-23 23:59:00
99,tabriz,343679.0,mastercard,success,2025-09-19 10:48:00
22,tehran,583952.0,visa,fail,2025-09-26 19:29:00
29,tehran,100.5,discover,fail,2025-09-20 03:27:00
47,shiraz,100.5,mastercard,success,2025-09-26 08:59:00
74,shiraz,100.5,visa,success,2025-09-14 09:00:00
51,tehran,12345.0,discover,success,2025-09-28 14:11:00
45,tehran,177050.0,visa,fail,2025-09-17 08:08:00
95,karaj,914465.0,visa,success,2025-09-18 19:29:00
75,tabriz,343679.0,mastercard,success,2025-09-21 12:44:00
34,tabriz,100.5,discover,fail,2025-09-03 02:30:00
13,karaj,976246.0,visa,fail,2025-09-01 11:11:00
54,tehran,585954.0,visa,fail,2025-09-10 03:00:00
25,isfahan,583952.0,discover,success,2025-09-19 02:30:00
21,tabriz,100.5,visa,success,2025-09-17 20:33:00
1,tabriz,914465.0,visa,fail,2025-09-12 14:11:00
69,tehran,471227.0,amex,fail,2025-09-12 19:51:00
87,ahvaz,177050.0,mastercard,fail,2025-09-17 20:33:00
71,ahvaz,1305967.0,visa,fail,2025-09-24 12:44:00
13,tabriz,1472823.0,amex,success,2025-09-03 02:30:00
52,tehran,123456.0,visa,fail,2025-09-11 14:55:00
21,qom,419089.0,amex,fail,2025-09-23 09:45:00
6,tabriz,914465.0,amex,fail,2025-09-26 01:51:00
20,tehran,914282.0,mastercard,success,2025-09-03 12:34:00
40,tehran,850000.0,mastercard,success,2025-09-20 14:55:00
50,tehran,583952.0,amex,success,2025-09-21 12:12:00
28,ahvaz,177050.0,visa,fail,2025-09-22 06:06:00
97,tabriz,976246.0,amex,success,2025-09-14 03:27:00
75,tehran,471227.0,amex,fail,2025-09-14 19:40:00
89,karaj,100.5,mastercard,success,2025-09-04 07:32:00
56,tabriz,443463.0,unknown,fail,2025-09-16 17:07:00
79,karaj,976246.0,visa,fail,2025-09-24 16:40:00
35,tehran,1883871.0,unknown,success,2025-09-29 07:08:00
81,mashhad,1463119.0,mastercard,success,2025-09-22 10:48:00
100,shiraz,1883871.0,discover,fail,2025-09-01 00:00:00
19,unknown,914465.0,mastercard,success,2025-09-17 02:30:00
31,isfahan,50200.0,amex,fail,2025-09-25 19:40:00
81,tehran,914465.0,mastercard,fail,2025-09-10 03:00:00
88,tehran,650000.0,visa,success,2025-09-16 08:59:00
63,ahvaz,1463119.0,visa,fail,2025-09-16 13:13:00
47,tabriz,1472823.0,amex,success,2025-09-26 03:27:00
1,tehran,914282.0,unknown,fail,2025-09-08 08:59:00
58,shiraz,976246.0,visa,fail,2025-09-29 18:12:00
10,tehran,177050.0,visa,fail,2025-09-07 16:40:00
19,isfahan,545116.0,visa,success,2025-09-20 18:00:00
72,karaj,300000.0,mastercard,fail,2025-09-07 07:08:00
48,tabriz,471227.0,visa,fail,2025-09-14 03:27:00
25,tehran,1472823.0,mastercard,success,2025-09-11 08:08:00
24,qom,1000.0,mastercard,success,2025-09-26 02:24:00
47,tehran,205000.0,amex,fail,2025-09-26 14:11:00
95,tehran,177050.0,mastercard,success,2025-09-07 03:27:00
69,karaj,1427657.0,amex,fail,2025-09-01 10:48:00
67,tehran,850000.0,visa,success,2025-09-26 16:16:00
32,tabriz,412308.0,discover,success,2025-09-25 21:23:00
11,tabriz,1883871.0,visa,fail,2025-09-20 00:00:00
38,tehran,1463119.0,mastercard,fail,2025-09-04 12:12:00
68,shiraz,1578078.0,visa,fail,2025-09-29 20:33:00
19,tabriz,200000.0,visa,fail,2025-09-26 04:04:00
88,tehran,1578078.0,mastercard,fail,2025-09-11 01:01:00
17,karaj,585954.0,mastercard,success,2025-09-02 02:30:00
13,tehran,900000.0,mastercard,success,2025-09-14 21:10:00
1,ahvaz,200000.0,mastercard,fail,2025-09-30 16:40:00
2,tabriz,177050.0,visa,fail,2025-09-17 00:00:00
82,unknown,343679.0,mastercard,fail,2025-09-12 23:59:00
98,tabriz,545116.0,mastercard,fail,2025-09-26 02:30:00
66,shiraz,471227.0,visa,fail,2025-09-12 08:08:00
68,karaj,1305967.0,mastercard,fail,2025-09-01 14:02:00
16,tehran,63489.0,visa,fail,2025-09-13 06:30:00
4,shiraz,120000.0,amex,fail,2025-09-14 20:33:00
57,isfahan,100000.0,visa,fail,2025-09-24 21:10:00
85,tehran,914282.0,mastercard,fail,2025-09-02 18:12:00
23,tehran,471227.0,visa,success,2025-09-12 23:17:00
2,tehran,1463119.0,unknown,success,2025-09-26 05:23:00
26,shiraz,471227.0,discover,success,2025-09-16 01:01:00
7,karaj,976246.0,visa,fail,2025-09-04 21:10:00
33,isfahan,5000.0,mastercard,success,2025-09-02 08:59:00
64,tehran,250000.0,mastercard,fail,2025-09-10 18:00:00
36,qom,300000.0,mastercard,fail,2025-09-09 04:15:00
4,qom,1387769.0,discover,fail,2025-09-23 10:05:00
23,tabriz,555555.0,unknown,fail,2025-09-15 21:23:00
25,qom,177050.0,mastercard,fail,2025-09-13 05:56:00
91,isfahan,471227.0,visa,fail,2025-09-23 13:13:00
93,ahvaz,50200.0,discover,fail,2025-09-17 08:59:00
93,qom,1883871.0,mastercard,success,2025-09-30 18:45:00
85,tehran,419089.0,mastercard,fail,2025-09-16 11:11:00
74,mashhad,1782689.0,visa,fail,2025-09-28 02:37:00
27,tehran,976246.0,mastercard,fail,2025-09-02 05:56:00
51,mashhad,12345.0,amex,success,2025-09-20 08:08:00
79,qom,1472823.0,visa,fail,2025-09-20 02:20:00
100,isfahan,250000.0,mastercard,fail,2025-09-14 03:27:00
69,tehran,1387769.0,discover,fail,2025-09-03 07:07:00
80,tabriz,976246.0,mastercard,fail,2025-09-23 23:59:00
23,tehran,250000.0,mastercard,success,2025-09-12 01:51:00
9,karaj,585954.0,visa,success,2025-09-08 18:12:00
50,isfahan,343679.0,visa,fail,2025-09-14 14:02:00
24,mashhad,177050.0,amex,success,2025-09-16 02:20:00
24,karaj,419089.0,visa,fail,2025-09-02 14:30:00
19,isfahan,1305967.0,visa,fail,2025-09-12 23:17:00
61,karaj,774681.0,mastercard,fail,2025-09-14 16:16:00
25,karaj,1463119.0,visa,success,2025-09-06 08:59:00
96,tabriz,471227.0,discover,success,2025-09-13 02:54:00
25,isfahan,200000.0,mastercard,success,2025-09-04 18:00:00
27,qom,900000.0,discover,fail,2025-09-22 02:20:00
32,tehran,1768588.0,discover,success,2025-09-18 07:07:00
69,qom,300000.0,discover,fail,2025-09-20 05:56:00
33,tehran,774681.0,mastercard,fail,2025-09-27 14:11:00
19,isfahan,123456.0,mastercard,success,2025-09-22 06:30:00
16,karaj,452545.0,visa,fail,2025-09-30 04:15:00
99,tehran,1305967.0,discover,success,2025-09-16 02:30:00
69,mashhad,343679.0,visa,success,2025-09-19 16:16:00
88,tehran,583952.0,discover,fail,2025-09-06 02:54:00
55,karaj,976246.0,discover,success,2025-09-20 14:00:00
25,isfahan,100.5,discover,success,2025-09-27 13:10:00
94,tehran,1305967.0,amex,success,2025-09-21 23:59:00
77,mashhad,583952.0,mastercard,success,2025-09-11 14:55:00
97,mashhad,1883871.0,amex,fail,2025-09-05 00:00:00
12,ahvaz,300000.0,mastercard,fail,2025-09-07 10:48:00
89,tabriz,177050.0,mastercard,success,2025-09-27 11:11:00
21,shiraz,333333.0,mastercard,fail,2025-09-05 21:23:00
29,tehran,585954.0,visa,fail,2025-09-11 23:59:00
33,isfahan,1050805.0,discover,success,2025-09-26 07:08:00
8,shiraz,1782689.0,visa,fail,2025-09-05 16:40:00
42,tehran,900000.0,discover,success,2025-09-23 02:24:00
77,tehran,914465.0,visa,fail,2025-09-21 14:02:00
74,tehran,471227.0,visa,fail,2025-09-15 14:11:00
63,tehran,1782689.0,mastercard,fail,2025-09-03 04:40:00
89,tehran,1502601.0,visa,fail,2025-09-06 02:30:00
75,isfahan,1305967.0,visa,success,2025-09-26 07:08:00
46,isfahan,1883871.0,mastercard,success,2025-09-21 22:27:00
67,tehran,1578078.0,mastercard,fail,2025-09-08 02:20:00
52,tehran,900000.0,visa,success,2025-09-11 07:08:00
95,tabriz,914465.0,mastercard,fail,2025-09-06 14:00:00
7,isfahan,471227.0,visa,fail,2025-09-08 10:48:00
81,tabriz,976246.0,visa,success,2025-09-10 08:08:00
54,karaj,343679.0,visa,fail,2025-09-29 21:23:00
11,tehran,1502601.0,mastercard,success,2025-09-03 10:05:00
25,tehran,205000.0,mastercard,fail,2025-09-23 14:30:00
27,karaj,300000.0,amex,success,2025-09-10 05:56:00
83,tehran,177050.0,amex,fail,2025-09-12 13:13:00
58,shiraz,650000.0,visa,fail,2025-09-06 02:54:00
94,mashhad,100.5,mastercard,fail,2025-09-12 09:00:00
55,mashhad,100.5,visa,fail,2025-09-14 18:00:00
19,tehran,900000.0,mastercard,success,2025-09-02 18:45:00
93,tabriz,205000.0,discover,fail,2025-09-09 00:00:00
85,tehran,1158713.0,visa,success,2025-09-26 04:15:00
91,karaj,343679.0,discover,fail,2025-09-17 14:11:00
87,tehran,914465.0,mastercard,fail,2025-09-17 18:45:00
70,tehran,1578078.0,discover,success,2025-09-03 07:08:00
14,unknown,650000.0,visa,fail,2025-09-19 00:00:00
60,tehran,100.5,visa,success,2025-09-01 14:11:00
36,tehran,450000.0,visa,fail,2025-09-12 21:23:00
41,shiraz,1463119.0,amex,success,2025-09-07 02:30:00
2,tehran,1463119.0,visa,fail,2025-09-04 21:23:00
60,tehran,200000.0,mastercard,fail,2025-09-13 19:51:00
4,karaj,412308.0,amex,success,2025-09-21 05:56:00
56,shiraz,333333.0,visa,success,2025-09-22 19:40:00
94,tehran,1883871.0,discover,success,2025-09-25 16:16:00
58,tehran,1578078.0,amex,success,2025-09-04 06:06:00
89,tehran,914465.0,visa,fail,2025-09-19 12:44:00
58,isfahan,1427657.0,visa,fail,2025-09-02 20:33:00
76,tehran,205000.0,mastercard,success,2025-09-17 01:51:00
19,tehran,1883871.0,discover,fail,2025-09-10 13:13:00
62,isfahan,250000.0,discover,fail,2025-09-02 11:11:00
68,tabriz,1305967.0,visa,fail,2025-09-06 04:40:00
84,tehran,250000.0,mastercard,fail,2025-09-11 21:23:00
61,isfahan,99999.0,visa,fail,2025-09-25 07:08:00
21,shiraz,443463.0,mastercard,success,2025-09-12 02:20:00
10,tehran,99999.0,amex,success,2025-09-09 04:15:00
24,tehran,1578078.0,mastercard,fail,2025-09-08 02:30:00
48,tehran,1578078.0,mastercard,success,2025-09-26 07:32:00
55,ahvaz,5000.0,amex,fail,2025-09-11 08:08:00
52,tabriz,1502601.0,amex,success,2025-09-28 04:04:00
38,qom,205000.0,discover,fail,2025-09-21 06:06:00
29,karaj,585954.0,mastercard,fail,2025-09-20 17:07:00
69,isfahan,177050.0,mastercard,fail,2025-09-08 09:09:00
75,tabriz,976246.0,discover,success,2025-09-04 03:00:00
68,mashhad,585954.0,mastercard,success,2025-09-29 19:19:00
49,karaj,1578078.0,discover,success,2025-09-10 20:33:00
58,qom,419089.0,visa,fail,2025-09-12 18:45:00
35,tehran,343679.0,visa,fail,2025-09-29 10:48:00
40,unknown,205000.0,visa,fail,2025-09-16 06:30:00
12,karaj,450000.0,visa,fail,2025-09-22 04:40:00
85,karaj,585954.0,visa,success,2025-09-18 19:51:00
16,isfahan,5000.0,discover,success,2025-09-21 14:02:00
78,mashhad,471227.0,visa,success,2025-09-22 10:48:00
85,ahvaz,200000.0,mastercard,fail,2025-09-21 22:27:00
48,ahvaz,177050.0,amex,fail,2025-09-12 21:10:00
92,isfahan,450000.0,visa,fail,2025-09-18 19:51:00
1,tabriz,774681.0,visa,fail,2025-09-30 07:08:00
65,shiraz,1463119.0,amex,fail,2025-09-07 10:48:00
15,isfahan,914465.0,visa,success,2025-09-24 03:27:00
84,isfahan,900000.0,visa,fail,2025-09-23 19:40:00
67,tehran,343679.0,unknown,success,2025-09-07 02:20:00
73,isfahan,177050.0,mastercard,fail,2025-09-01 21:21:00
19,tehran,1472823.0,discover,fail,2025-09-26 11:11:00
40,karaj,471227.0,visa,fail,2025-09-06 13:13:00
99,isfahan,555555.0,mastercard,fail,2025-09-06 16:40:00
4,tehran,585954.0,unknown,fail,2025-09-22 02:37:00
33,shiraz,1463119.0,visa,fail,2025-09-29 07:08:00
43,tabriz,100.5,visa,success,2025-09-12 19:29:00
27,karaj,1427657.0,visa,fail,2025-09-10 13:13:00
45,tabriz,1387769.0,amex,success,2025-09-23 02:24:00
81,tehran,123456.0,mastercard,success,2025-09-30 03:27:00
50,isfahan,914465.0,mastercard,fail,2025-09-26 05:56:00
96,tehran,250000.0,mastercard,success,2025-09-06 09:00:00
6,tehran,177050.0,mastercard,success,2025-09-19 09:09:00
96,shiraz,1000.0,visa,success,2025-09-18 06:06:00
67,tabriz,100000.0,mastercard,fail,2025-09-06 10:05:00
98,tabriz,976246.0,mastercard,success,2025-09-19 01:01:00
59,tabriz,900000.0,visa,fail,2025-09-10 18:12:00
13,tabriz,976246.0,visa,success,2025-09-24 03:27:00
64,tehran,585954.0,mastercard,fail,2025-09-21 16:16:00
37,tehran,1387769.0,mastercard,success,2025-09-24 12:12:00
80,shiraz,200000.0,visa,fail,2025-09-06 19:29:00
85,tehran,50200.0,visa,success,2025-09-21 12:44:00
48,ahvaz,450000.0,mastercard,fail,2025-09-25 15:45:00
56,tehran,419089.0,visa,success,2025-09-30 19:51:00
44,tehran,200000.0,unknown,fail,2025-09-07 04:15:00
13,tabriz,200000.0,unknown,success,2025-09-24 02:37:00
4,isfahan,1463119.0,mastercard,fail,2025-09-01 20:33:00
96,isfahan,976246.0,visa,fail,2025-09-27 04:04:00
33,tehran,200000.0,amex,success,2025-09-24 07:07:00
53,isfahan,976246.0,visa,success,2025-09-25 00:00:00
90,mashhad,123456.0,visa,fail,2025-09-12 21:21:00
51,tehran,63489.0,amex,success,2025-09-16 12:44:00
41,qom,1782689.0,mastercard,success,2025-09-10 10:48:00
59,qom,300000.0,discover,fail,2025-09-10 02:20:00
51,karaj,914465.0,discover,success,2025-09-25 19:19:00
50,tabriz,976246.0,visa,fail,2025-09-20 04:04:00
36,mashhad,1472823.0,discover,success,2025-09-10 19:29:00
79,tehran,99999.0,amex,fail,2025-09-10 21:23:00
60,karaj,1883871.0,visa,fail,2025-09-26 03:27:00
18,tehran,583952.0,visa,success,2025-09-25 23:59:00
20,tehran,5000.0,visa,success,2025-09-11 10:48:00
18,tabriz,583952.0,mastercard,success,2025-09-02 09:00:00
40,ahvaz,900000.0,amex,fail,2025-09-25 12:12:00
1,karaj,850000.0,visa,success,2025-09-20 11:11:00
88,karaj,976246.0,mastercard,success,2025-09-30 02:37:00
59,isfahan,1463119.0,visa,success,2025-09-07 03:27:00
63,tehran,650000.0,mastercard,fail,2025-09-08 14:02:00
99,tehran,976246.0,unknown,fail,2025-09-01 06:06:00
62,qom,1502601.0,amex,fail,2025-09-02 17:17:00
48,tabriz,100.5,mastercard,success,2025-09-18 18:45:00
62,tehran,1782689.0,mastercard,success,2025-09-15 03:00:00
18,tehran,177050.0,mastercard,success,2025-09-01 09:09:00
66,tehran,1463119.0,visa,success,2025-09-05 14:30:00
59,karaj,300000.0,visa,success,2025-09-19 18:12:00
6,tehran,100.5,mastercard,fail,2025-09-18 21:21:00
31,tabriz,100.5,mastercard,fail,2025-09-29 20:33:00
95,mashhad,976246.0,mastercard,fail,2025-09-22 19:40:00
56,unknown,1502601.0,amex,fail,2025-09-18 21:23:00
54,tehran,200000.0,mastercard,fail,2025-09-14 13:13:00
85,isfahan,976246.0,mastercard,success,2025-09-30 21:21:00
41,tabriz,120000.0,mastercard,success,2025-09-24 14:11:00
18,tabriz,250000.0,amex,fail,2025-09-08 07:08:00
23,mashhad,914465.0,visa,fail,2025-09-30 12:12:00
93,isfahan,583952.0,visa,fail,2025-09-12 02:30:00
36,karaj,914282.0,unknown,success,2025-09-21 11:11:00
25,tabriz,177050.0,visa,success,2025-09-10 06:06:00
82,tabriz,1782689.0,mastercard,success,2025-09-20 07:07:00
20,qom,774681.0,discover,fail,2025-09-17 18:12:00
5,shiraz,12345.0,mastercard,fail,2025-09-11 02:54:00
18,shiraz,774681.0,visa,success,2025-09-02 02:20:00
33,tehran,583952.0,visa,fail,2025-09-26 12:12:00
79,tabriz,177050.0,visa,fail,2025-09-26 14:02:00
71,isfahan,1000.0,mastercard,fail,2025-09-25 01:01:00
38,shiraz,583952.0,visa,success,2025-09-18 05:23:00
35,karaj,471227.0,mastercard,fail,2025-09-05 04:04:00
46,tabriz,5000.0,mastercard,fail,2025-09-19 07:08:00
8,shiraz,1050805.0,discover,success,2025-09-26 19:29:00
37,tabriz,471227.0,mastercard,fail,2025-09-27 02:37:00
85,shiraz,99999.0,mastercard,fail,2025-09-22 19:51:00
13,tehran,914282.0,discover,success,2025-09-16 13:13:00
45,tabriz,12345.0,visa,success,2025-09-12 17:07:00
41,tehran,471227.0,visa,fail,2025-09-02 23:17:00
56,isfahan,412308.0,mastercard,success,2025-09-21 02:30:00
89,tabriz,200000.0,visa,success,2025-09-25 01:51:00
16,tabriz,471227.0,visa,success,2025-09-08 12:12:00
12,tehran,1883871.0,amex,fail,2025-09-18 05:23:00
66,karaj,914282.0,discover,success,2025-09-25 14:55:00
62,tehran,443463.0,mastercard,fail,2025-09-16 13:13:00
30,tehran,555555.0,visa,success,2025-09-26 08:08:00
16,karaj,50200.0,mastercard,fail,2025-09-30 22:27:00
89,qom,545116.0,mastercard,fail,2025-09-22 16:40:00
13,karaj,250000.0,amex,fail,2025-09-13 02:37:00
23,tehran,100.5,visa,fail,2025-09-29 14:55:00
62,tehran,100.5,visa,success,2025-09-03 13:13:00
31,tehran,250000.0,mastercard,success,2025-09-26 09:09:00
53,isfahan,914465.0,visa,success,2025-09-08 20:20:00
49,tehran,177050.0,visa,fail,2025-09-26 05:23:00
49,tehran,1305967.0,amex,success,2025-09-26 14:11:00
67,tehran,120000.0,mastercard,fail,2025-09-12 19:29:00
26,tabriz,1782689.0,mastercard,success,2025-09-02 23:59:00
22,tehran,1000.0,visa,success,2025-09-28 21:10:00
29,tehran,1768588.0,visa,success,2025-09-13 19:51:00
46,karaj,914282.0,mastercard,success,2025-09-22 18:00:00
39,karaj,177050.0,discover,success,2025-09-12 13:10:00
69,tehran,200000.0,mastercard,fail,2025-09-02 09:00:00
78,tehran,650000.0,mastercard,fail,2025-09-05 19:51:00
82,karaj,1427657.0,mastercard,fail,2025-09-07 14:00:00
98,qom,450000.0,mastercard,success,2025-09-26 05:23:00
20,isfahan,99999.0,amex,success,2025-09-12 13:13:00
77,tehran,5000.0,mastercard,fail,2025-09-16 02:30:00
68,qom,1463119.0,visa,success,2025-09-23 19:29:00
52,tabriz,343679.0,visa,success,2025-09-28 02:37:00
40,karaj,250000.0,visa,fail,2025-09-09 01:01:00
36,tabriz,177050.0,unknown,fail,2025-09-15 18:12:00
6,tehran,450000.0,discover,success,2025-09-05 21:10:00
16,isfahan,1427657.0,visa,fail,2025-09-10 04:15:00
59,isfahan,1050805.0,visa,fail,2025-09-13 06:06:00
98,shiraz,177050.0,mastercard,success,2025-09-21 00:00:00
18,isfahan,555555.0,discover,success,2025-09-14 03:00:00
54,mashhad,774681.0,mastercard,fail,2025-09-15 07:07:00
92,tehran,50200.0,visa,fail,2025-09-10 06:06:00
47,tehran,177050.0,mastercard,success,2025-09-24 19:40:00
1,tabriz,450000.0,visa,success,2025-09-07 21:21:00
15,karaj,99999.0,discover,success,2025-09-08 13:10:00
92,ahvaz,583952.0,mastercard,success,2025-09-28 21:23:00
21,tehran,1782689.0,amex,fail,2025-09-15 09:09:00
1,qom,1387769.0,visa,fail,2025-09-16 21:23:00
94,tehran,100000.0,mastercard,success,2025-09-04 03:27:00
12,mashhad,650000.0,mastercard,success,2025-09-06 13:13:00
39,karaj,200000.0,amex,success,2025-09-04 02:37:00
37,tabriz,976246.0,mastercard,fail,2025-09-11 23:17:00
60,mashhad,1578078.0,unknown,fail,2025-09-26 02:30:00
31,tabriz,1883871.0,amex,fail,2025-09-29 11:11:00
58,tehran,300000.0,mastercard,fail,2025-09-05 10:05:00
98,isfahan,419089.0,mastercard,success,2025-09-23 02:54:00
98,qom,585954.0,amex,fail,2025-09-29 23:59:00
11,tehran,1782689.0,mastercard,fail,2025-09-21 22:27:00
90,isfahan,976246.0,amex,fail,2025-09-13 02:30:00
13,tehran,585954.0,mastercard,fail,2025-09-13 00:00:00
54,ahvaz,1387769.0,amex,fail,2025-09-27 07:07:00
19,tabriz,471227.0,visa,fail,2025-09-07 05:56:00
36,tehran,1387769.0,mastercard,fail,2025-09-13 03:00:00
28,qom,123456.0,amex,fail,2025-09-23 21:21:00
68,qom,1427657.0,discover,success,2025-09-27 03:27:00
3,shiraz,200000.0,visa,fail,2025-09-16 08:08:00
90,ahvaz,1578078.0,visa,success,2025-09-30 01:51:00
35,ahvaz,120000.0,mastercard,success,2025-09-04 21:23:00
94,tehran,583952.0,visa,success,2025-09-08 11:11:00
76,tehran,545116.0,visa,fail,2025-09-21 07:08:00
100,tehran,471227.0,discover,fail,2025-09-10 14:11:00
81,tehran,333333.0,mastercard,fail,2025-09-12 11:11:00
76,ahvaz,774681.0,discover,success,2025-09-12 00:00:00
50,tehran,123456.0,discover,success,2025-09-26 13:10:00
30,tehran,1427657.0,visa,fail,2025-09-01 16:40:00
72,tehran,99999.0,amex,success,2025-09-28 02:20:00
77,karaj,1883871.0,discover,success,2025-09-09 18:12:00
96,tehran,976246.0,visa,success,2025-09-12 21:23:00
70,tehran,1578078.0,amex,success,2025-09-05 06:30:00
54,tabriz,123456.0,visa,fail,2025-09-22 05:23:00
71,ahvaz,1883871.0,visa,success,2025-09-20 19:51:00
51,qom,250000.0,mastercard,success,2025-09-28 11:11:00
28,isfahan,419089.0,mastercard,success,2025-09-24 18:45:00
85,shiraz,1387769.0,visa,fail,2025-09-05 14:55:00
21,tehran,1472823.0,visa,fail,2025-09-02 13:10:00
89,tehran,452545.0,visa,success,2025-09-14 14:00:00
27,tabriz,419089.0,amex,fail,2025-09-02 17:17:00
77,tehran,1578078.0,unknown,success,2025-09-07 04:04:00
50,tehran,545116.0,amex,success,2025-09-10 02:20:00
29,tehran,177050.0,visa,success,2025-09-13 09:00:00
39,tehran,443463.0,visa,fail,2025-09-16 11:11:00
57,tabriz,583952.0,mastercard,success,2025-09-26 01:01:00
48,tehran,177050.0,visa,success,2025-09-04 16:16:00
30,tehran,583952.0,visa,fail,2025-09-01 00:00:00
28,tabriz,419089.0,mastercard,success,2025-09-07 07:08:00
98,tehran,205000.0,mastercard,success,2025-09-09 02:54:00
61,ahvaz,100.5,mastercard,fail,2025-09-19 10:48:00
97,mashhad,1050805.0,mastercard,fail,2025-09-10 13:10:00
4,mashhad,471227.0,visa,success,2025-09-11 20:20:00
65,shiraz,100.5,visa,fail,2025-09-25 09:45:00
12,tehran,914282.0,amex,success,2025-09-15 04:15:00
13,tehran,12345.0,visa,success,2025-09-06 09:09:00
34,tabriz,585954.0,mastercard,fail,2025-09-15 13:10:00
59,isfahan,343679.0,mastercard,fail,2025-09-05 17:17:00
94,isfahan,63489.0,discover,success,2025-09-29 11:11:00
13,tehran,976246.0,visa,fail,2025-09-10 13:10:00
2,tehran,914282.0,amex,fail,2025-09-22 02:30:00
33,tehran,200000.0,amex,fail,2025-09-04 02:37:00
50,unknown,471227.0,visa,fail,2025-09-18 12:12:00
18,tehran,419089.0,mastercard,success,2025-09-08 07:08:00
51,tabriz,1782689.0,discover,fail,2025-09-04 19:51:00
55,mashhad,100000.0,visa,fail,2025-09-23 09:00:00
76,tehran,450000.0,visa,fail,2025-09-12 10:48:00
59,tehran,1050805.0,visa,success,2025-09-04 02:54:00
30,tabriz,1463119.0,amex,fail,2025-09-05 11:11:00
93,ahvaz,250000.0,amex,fail,2025-09-29 17:07:00
68,tehran,545116.0,visa,fail,2025-09-21 04:04:00
81,qom,12345.0,mastercard,success,2025-09-11 07:32:00
11,karaj,419089.0,visa,fail,2025-09-03 10:48:00
2,tehran,650000.0,mastercard,fail,2025-09-30 11:11:00
23,qom,1387769.0,discover,fail,2025-09-25 02:37:00
63,tabriz,1305967.0,amex,fail,2025-09-23 15:45:00
22,tehran,120000.0,discover,success,2025-09-02 07:08:00
61,shiraz,177050.0,visa,success,2025-09-09 19:40:00
26,tabriz,200000.0,mastercard,success,2025-09-14 08:08:00
32,qom,5000.0,visa,success,2025-09-29 22:27:00
9,tehran,419089.0,unknown,fail,2025-09-09 19:51:00
69,qom,1768588.0,visa,success,2025-09-13 17:17:00
91,ahvaz,650000.0,mastercard,success,2025-09-18 05:56:00
71,tabriz,100000.0,mastercard,fail,2025-09-15 07:08:00
94,mashhad,1463119.0,visa,success,2025-09-28 21:10:00
33,tehran,1463119.0,mastercard,fail,2025-09-10 09:45:00
24,shiraz,471227.0,discover,success,2025-09-16 16:16:00
90,mashhad,1305967.0,discover,success,2025-09-12 07:08:00
94,karaj,443463.0,amex,fail,2025-09-05 01:01:00
38,tehran,1578078.0,visa,success,2025-09-10 08:08:00
32,tehran,471227.0,mastercard,fail,2025-09-07 02:24:00
64,ahvaz,412308.0,unknown,fail,2025-09-26 18:45:00
72,mashhad,343679.0,visa,fail,2025-09-17 06:06:00
20,karaj,471227.0,visa,fail,2025-09-16 00:00:00
34,mashhad,900000.0,mastercard,fail,2025-09-27 06:06:00
42,shiraz,205000.0,amex,fail,2025-09-27 02:20:00
8,isfahan,1427657.0,discover,success,2025-09-24 23:59:00
66,karaj,1427657.0,mastercard,fail,2025-09-03 19:40:00
21,tabriz,200000.0,amex,fail,2025-09-14 05:56:00
79,karaj,343679.0,amex,fail,2025-09-10 23:59:00
70,tehran,914282.0,amex,fail,2025-09-22 22:27:00
67,tabriz,471227.0,visa,success,2025-09-26 12:12:00
43,tabriz,1158713.0,visa,fail,2025-09-17 18:45:00
16,karaj,1578078.0,discover,success,2025-09-30 06:30:00
100,karaj,1387769.0,mastercard,fail,2025-09-06 09:45:00
35,tehran,1427657.0,discover,success,2025-09-22 08:59:00
83,tehran,443463.0,amex,fail,2025-09-04 03:27:00
43,tabriz,774681.0,amex,fail,2025-09-17 14:30:00
99,tabriz,1387769.0,mastercard,fail,2025-09-27 03:00:00
39,tabriz,200000.0,visa,fail,2025-09-09 13:10:00
10,tabriz,585954.0,visa,success,2025-09-04 18:00:00
6,qom,419089.0,visa,fail,2025-09-17 12:12:00
53,tehran,450000.0,visa,fail,2025-09-24 23:17:00
46,isfahan,200000.0,amex,success,2025-09-08 07:32:00
66,tehran,177050.0,discover,success,2025-09-23 19:51:00
38,tehran,1883871.0,visa,fail,2025-09-30 20:33:00
67,tehran,914282.0,visa,fail,2025-09-15 03:27:00
77,mashhad,450000.0,visa,fail,2025-09-08 04:15:00
35,tabriz,1387769.0,visa,fail,2025-09-16 06:30:00
79,tehran,914465.0,amex,success,2025-09-19 02:37:00
45,karaj,585954.0,mastercard,fail,2025-09-11 07:07:00
22,tehran,976246.0,discover,fail,2025-09-02 13:10:00
68,tehran,650000.0,visa,fail,2025-09-23 20:20:00
5,isfahan,555555.0,visa,fail,2025-09-17 11:11:00
85,isfahan,443463.0,mastercard,success,2025-09-28 09:00:00
89,mashhad,200000.0,visa,fail,2025-09-16 14:02:00
96,tehran,100.5,visa,success,2025-09-25 10:48:00
30,isfahan,914465.0,mastercard,fail,2025-09-13 16:16:00
42,shiraz,250000.0,mastercard,fail,2025-09-15 11:11:00
7,shiraz,177050.0,unknown,success,2025-09-27 06:30:00
71,tehran,976246.0,amex,success,2025-09-04 03:27:00
92,tehran,1768588.0,discover,fail,2025-09-16 20:33:00
19,tehran,976246.0,visa,fail,2025-09-12 10:05:00
41,ahvaz,120000.0,mastercard,success,2025-09-30 19:19:00
34,tehran,585954.0,discover,fail,2025-09-04 14:00:00
22,shiraz,443463.0,mastercard,success,2025-09-03 10:48:00
52,shiraz,177050.0,visa,fail,2025-09-22 08:59:00
92,tehran,585954.0,visa,fail,2025-09-17 13:10:00
6,isfahan,50200.0,mastercard,fail,2025-09-22 01:51:00
96,tehran,1463119.0,visa,fail,2025-09-25 02:24:00
66,shiraz,419089.0,discover,fail,2025-09-23 19:51:00
10,tehran,545116.0,mastercard,success,2025-09-28 09:00:00
5,tehran,205000.0,mastercard,fail,2025-09-23 21:23:00
71,tabriz,914282.0,unknown,fail,2025-09-12 11:11:00
50,isfahan,1782689.0,visa,success,2025-09-26 01:51:00
17,mashhad,900000.0,discover,fail,2025-09-23 09:09:00
11,qom,12345.0,mastercard,success,2025-09-22 19:51:00
53,tabriz,774681.0,visa,success,2025-09-21 09:09:00
50,unknown,545116.0,mastercard,fail,2025-09-20 16:16:00
8,karaj,100.5,visa,success,2025-09-15 14:55:00
98,shiraz,1883871.0,unknown,fail,2025-09-28 14:30:00
62,isfahan,976246.0,visa,fail,2025-09-16 12:44:00
90,tehran,976246.0,visa,success,2025-09-05 08:59:00
85,tabriz,650000.0,visa,fail,2025-09-21 14:11:00
76,tehran,900000.0,amex,success,2025-09-15 14:00:00
91,tehran,850000.0,discover,success,2025-09-17 18:12:00
29,tehran,12345.0,visa,fail,2025-09-18 20:33:00
44,tabriz,177050.0,visa,fail,2025-09-13 12:12:00
29,tabriz,1158713.0,amex,fail,2025-09-30 08:59:00
59,shiraz,583952.0,visa,success,2025-09-18 19:19:00
15,tehran,471227.0,discover,success,2025-09-14 07:07:00
70,mashhad,177050.0,mastercard,fail,2025-09-30 13:10:00
97,isfahan,177050.0,mastercard,fail,2025-09-04 09:45:00
44,mashhad,177050.0,mastercard,fail,2025-09-04 20:20:00
36,qom,1387769.0,mastercard,fail,2025-09-20 06:30:00
84,tehran,250000.0,visa,success,2025-09-19 08:59:00
57,isfahan,1463119.0,discover,fail,2025-09-13 01:01:00
76,isfahan,419089.0,mastercard,fail,2025-09-07 21:10:00
17,shiraz,774681.0,visa,success,2025-09-21 02:54:00
27,isfahan,1305967.0,amex,fail,2025-09-04 21:10:00
17,tehran,583952.0,mastercard,success,2025-09-27 18:45:00
64,tehran,583952.0,visa,success,2025-09-05 08:08:00
39,tehran,443463.0,mastercard,success,2025-09-23 20:33:00
2,tabriz,1502601.0,visa,fail,2025-09-10 00:00:00
45,mashhad,1158713.0,mastercard,success,2025-09-07 14:11:00
89,tehran,914465.0,mastercard,success,2025-09-26 05:56:00
31,tehran,1472823.0,visa,fail,2025-09-10 08:08:00
49,tabriz,443463.0,visa,fail,2025-09-06 08:08:00
9,tehran,12345.0,mastercard,fail,2025-09-27 02:24:00
27,ahvaz,343679.0,mastercard,success,2025-09-28 03:00:00
56,tabriz,1050805.0,visa,success,2025-09-19 12:34:00
45,ahvaz,1050805.0,discover,fail,2025-09-08 09:09:00
90,tabriz,1000.0,discover,fail,2025-09-01 11:11:00
43,mashhad,650000.0,unknown,fail,2025-09-28 13:13:00
22,mashhad,1578078.0,visa,fail,2025-09-17 04:15:00
100,tehran,1578078.0,mastercard,fail,2025-09-07 07:32:00
33,tehran,205000.0,visa,success,2025-09-14 08:08:00
40,tehran,1000.0,mastercard,fail,2025-09-30 21:23:00
26,tabriz,1782689.0,discover,success,2025-09-21 03:27:00
45,qom,914465.0,mastercard,success,2025-09-09 09:00:00
45,tabriz,419089.0,discover,fail,2025-09-17 02:20:00
26,mashhad,177050.0,mastercard,fail,2025-09-05 14:30:00
70,karaj,900000.0,visa,fail,2025-09-26 13:13:00
67,mashhad,1427657.0,mastercard,success,2025-09-25 11:11:00
6,mashhad,100.5,amex,success,2025-09-30 14:11:00
28,tabriz,1463119.0,discover,success,2025-09-20 20:33:00
67,ahvaz,419089.0,discover,success,2025-09-29 03:27:00
13,karaj,450000.0,visa,fail,2025-09-08 10:05:00
63,tabriz,1768588.0,amex,fail,2025-09-06 09:09:00
13,tabriz,471227.0,mastercard,fail,2025-09-11 02:20:00
77,ahvaz,250000.0,mastercard,fail,2025-09-19 21:23:00
1,isfahan,1768588.0,visa,fail,2025-09-04 11:11:00
40,isfahan,471227.0,visa,success,2025-09-18 07:32:00
31,tehran,774681.0,mastercard,success,2025-09-13 12:12:00
17,isfahan,177050.0,discover,fail,2025-09-14 09:09:00
64,mashhad,914282.0,visa,fail,2025-09-01 03:27:00
57,mashhad,914282.0,mastercard,fail,2025-09-30 17:17:00
13,tehran,443463.0,discover,fail,2025-09-29 21:21:00
14,tehran,1782689.0,visa,success,2025-09-17 11:11:00
75,tehran,850000.0,visa,success,2025-09-04 01:51:00
25,mashhad,50200.0,visa,success,2025-09-26 04:40:00
96,isfahan,1578078.0,mastercard,success,2025-09-12 03:27:00
78,tabriz,1387769.0,mastercard,fail,2025-09-10 03:27:00
57,unknown,1305967.0,discover,fail,2025-09-06 14:30:00
71,isfahan,419089.0,mastercard,success,2025-09-25 00:00:00
89,ahvaz,1427657.0,unknown,success,2025-09-01 03:27:00
42,tabriz,976246.0,visa,fail,2025-09-26 21:23:00
47,qom,976246.0,visa,success,2025-09-27 08:08:00
44,tehran,585954.0,visa,fail,2025-09-21 07:32:00
3,tehran,1158713.0,discover,fail,2025-09-16 05:23:00
91,tabriz,443463.0,mastercard,fail,2025-09-24 04:40:00
91,mashhad,1463119.0,visa,fail,2025-09-14 14:00:00
1,karaj,1578078.0,amex,fail,2025-09-23 09:45:00
7,karaj,5000.0,mastercard,success,2025-09-06 07:32:00
12,tehran,200000.0,mastercard,success,2025-09-22 13:13:00
54,tehran,1578078.0,visa,fail,2025-09-28 10:48:00
67,tabriz,1000.0,discover,success,2025-09-05 21:23:00
53,tehran,585954.0,mastercard,success,2025-09-24 10:48:00
91,tehran,1463119.0,discover,success,2025-09-21 07:08:00
